clip_id,system,hyp_missing,der,miss,false_alarm,confusion,jer,ref_speech_sec,err_miss_sec,err_fa_sec,err_conf_sec,n_ref_speakers,n_hyp_speakers,spk_count_correct,spk_count_err,duration,overlap_frac_of_speech,language
0AEEA8NyVwY__000011000_000609000,ic_lid_fallback__pyannote31,False,0.1527135767458344,0.12048741580999647,0.02776497695852502,0.004461183977312925,0.14916359226285478,564.2,67.97900000000001,15.664999999999818,2.5169999999999524,3,3,1,0,598.0,0.0047,Devanagari (hi/mr)
0SoItGfM_sY__000007000_000088000,ic_lid_fallback__pyannote31,False,0.4501359278866785,0.1510087280011445,0.11538131349263098,0.183745886392903,0.673809596851789,69.89000000000001,10.553999999999991,8.06399999999998,12.841999999999995,5,5,1,0,81.0,0.0,Kannada
0VEwL9XZ0LY__000261000_000557000,ic_lid_fallback__pyannote31,False,0.2058445373794632,0.10442055784052842,0.05890851277088469,0.04251546676805009,0.21599255474700157,289.32999999999987,30.212000000000074,17.04400000000006,12.300999999999927,2,2,1,0,296.0,0.0355,Devanagari (hi/mr)
0esIFSOAcFs__000000000_000913000,ic_lid_fallback__pyannote31,False,0.06447848916355033,0.04683225653103944,0.0050444045895544475,0.012601828042956448,0.0751622740042864,925.5799999999991,43.34699999999944,4.6689999999998015,11.663999999999618,3,3,1,0,913.0,0.0232,Gujarati
0p6cktLGIfY__000012000_000930000,ic_lid_fallback__pyannote31,False,0.41449657163478776,0.16119932635630918,0.13643810898592518,0.11685913629255341,0.5721003234264109,831.2999999999986,134.0049999999996,113.42099999999941,97.14499999999948,6,5,0,-1,918.0,0.0329,Gujarati
13VBh0Z6QmE__000000000_000904000,ic_lid_fallback__pyannote31,False,0.17224714794606955,0.044551787888352845,0.01192677097894158,0.11576858907877512,0.2682874376334523,887.0799999999984,39.52099999999997,10.579999999999478,102.69599999999966,4,5,0,1,904.0,0.029,Tamil
1LFl5JEipII__000000000_000597000,ic_lid_fallback__pyannote31,False,0.3528881903603066,0.06440546204285845,0.05126580139255141,0.23721692692489674,0.5000668496887876,591.7199999999982,38.110000000000085,30.335000000000427,140.36599999999947,5,5,1,0,597.0,0.1006,Bengali
2HGP34TNvjg__000084000_000194000,ic_lid_fallback__pyannote31,False,0.307128848793881,0.12907432829966653,0.07095508923318297,0.10709943126103154,0.36099978683513734,101.98,13.162999999999993,7.236,10.921999999999997,2,2,1,0,110.0,0.0128,Odia
2LN6vb7EBn0__000098000_000394000,ic_lid_fallback__pyannote31,False,0.29883570955485017,0.09925750339875165,0.08480147802140345,0.11477672813469508,0.352904307759802,286.86999999999983,28.473999999999872,24.32699999999999,32.92599999999996,3,3,1,0,296.0,0.0238,Tamil
2T4pjueLrsk__000677000_001290000,ic_lid_fallback__pyannote31,False,0.44093852323314,0.19884662080129464,0.10980280342886584,0.1322890990029795,0.6026107082443976,543.6199999999991,108.09699999999961,59.690999999999946,71.9149999999996,4,3,0,-1,613.0,0.0342,Gujarati
2gGHQgj9yno__000000000_000099000,ic_lid_fallback__pyannote31,False,0.3553218079566757,0.1412934805248906,0.09632368256613207,0.117704644865653,0.6416550886270711,96.02000000000001,13.566999999999997,9.249000000000002,11.302000000000003,4,2,0,-2,99.0,0.0798,Gujarati
2iMXYxBTwbM__000339000_000401000,ic_lid_fallback__pyannote31,False,0.7919117647058823,0.26570378151260493,0.25535714285714267,0.2708508403361347,0.8047534980897216,57.12,15.176999999999992,14.585999999999988,15.471000000000013,3,2,0,-1,62.0,0.1275,Devanagari (hi/mr)
37dND_0r6S8__000060000_000222000,ic_lid_fallback__pyannote31,False,0.44698145624740776,0.10704425617631344,0.09601279696664478,0.24392440310444952,0.5273561259542319,168.78999999999996,18.06799999999994,16.205999999999968,41.172000000000025,2,2,1,0,162.0,0.0896,Tamil
4Qg2jWP6_T0__000136000_000202000,ic_lid_fallback__pyannote31,False,0.76069043898281,0.20579627788038043,0.1525074584458019,0.4023867026566276,0.773324537368049,70.38999999999999,14.485999999999976,10.734999999999994,28.324000000000012,3,4,0,1,66.0,0.2093,Punjabi
6-726qTlYeg__000102000_000162000,ic_lid_fallback__pyannote31,False,0.47382627422828477,0.1163675520459441,0.1380330222541282,0.21942569992821243,0.4819758554598642,69.64999999999998,8.105000000000004,9.614000000000026,15.28299999999999,2,2,1,0,60.0,0.161,Malayalam
6ZeRgvDHwcI__000006000_000100000,ic_lid_fallback__pyannote31,False,0.6990363349131119,0.3941232227488148,0.1467456556082146,0.1581674565560825,0.6545377227822489,63.29999999999999,24.947999999999972,9.288999999999982,10.01200000000002,2,2,1,0,94.0,0.0125,Gujarati
6f6TLzlP8Wk__000082000_000144000,ic_lid_fallback__pyannote31,False,0.5696383087111566,0.11725250466972338,0.15316692137884202,0.2992188826625911,0.5933485005040513,58.890000000000015,6.905000000000012,9.020000000000008,17.620999999999995,2,2,1,0,62.0,0.051,Punjabi
7L4gi7Ncc0s__000090000_000148000,ic_lid_fallback__pyannote31,False,0.15863121968744393,0.06225974492545366,0.04167415124842824,0.054697323513562025,0.2362327089747383,55.67,3.466000000000005,2.3200000000000003,3.044999999999998,2,2,1,0,58.0,0.0,Malayalam
7WhVNRHbjIY__000091000_001089000,ic_lid_fallback__pyannote31,False,0.14125897981297883,0.025145483003571965,0.028033069791708495,0.08808042701769837,0.2394298024354066,996.6799999999996,25.062000000000097,27.940000000000012,87.78799999999958,5,5,1,0,998.0,0.0133,Tamil
7YfsQPYY-W0__000351000_000411000,ic_lid_fallback__pyannote31,False,0.5875953307392995,0.14908949416342412,0.11064591439688723,0.3278599221789882,0.6297462828352816,64.24999999999999,9.578999999999997,7.109000000000003,21.064999999999987,2,2,1,0,60.0,0.1219,Odia
7c9ePKgqams__000299000_000869000,ic_lid_fallback__pyannote31,False,0.33262126798236086,0.06504012144870919,0.03499421672811374,0.23258692980553797,0.5967420456413165,553.32,35.98799999999977,19.362999999999897,128.69500000000028,4,3,0,-1,570.0,0.0055,Telugu
7k-xDqNjESc__000073000_000981000,ic_lid_fallback__pyannote31,False,0.34781247562918516,0.1309996769126219,0.059905970431935095,0.15690682828462812,0.6662693046489101,897.5899999999988,117.58400000000015,53.77100000000055,140.83799999999917,4,2,0,-2,908.0,0.0421,Malayalam
83gP2vLH7UY__000255000_002005000,ic_lid_fallback__pyannote31,False,0.3277894129045502,0.13334572963662417,0.0950034742271071,0.09944020904081899,0.3206966301667134,2043.61999999999,272.5079999999965,194.15099999999964,203.2179999999975,5,5,1,0,1750.0,0.2022,Devanagari (hi/mr)
86mMTUeDiR8__000181000_001079000,ic_lid_fallback__pyannote31,False,0.5481516127072829,0.1848205065905373,0.13728482050659083,0.22604628561015477,0.6580313087190539,823.1499999999991,152.13500000000062,113.00600000000011,186.06999999999869,5,4,0,-1,898.0,0.0517,Bengali
87Zbup3ohcw__000106000_000445000,ic_lid_fallback__pyannote31,False,0.22286740590348228,0.11496486022177085,0.05557394971107267,0.052328595970638755,0.3493436587820915,320.15000000000003,36.80599999999994,17.791999999999916,16.753,4,5,0,1,339.0,0.0152,Tamil
8Ve4SWhlrrA__000000000_000070000,ic_lid_fallback__pyannote31,False,0.08069268139789999,0.048080238207177516,0.0004074596458235634,0.03220498354489892,0.5392110676653947,63.809999999999995,3.067999999999997,0.026000000000001577,2.0549999999999997,2,1,0,-1,70.0,0.0,Odia
8mvORuRHw2U__000000000_001197000,ic_lid_fallback__pyannote31,False,0.15919159507297181,0.08624279750198328,0.0367551668219292,0.03619363074905933,0.17631834331156115,1159.3199999999972,99.98299999999902,42.61099999999885,41.95999999999937,4,4,1,0,1197.0,0.0417,Gujarati
8o7jKmq6HsM__000030000_001770000,ic_lid_fallback__pyannote31,False,0.16202652694000833,0.06544198363568335,0.06240055226735195,0.034183991036973047,0.15663927198456246,1767.2599999999961,115.65299999999749,110.27800000000016,60.41200000000086,6,6,1,0,1740.0,0.0471,Devanagari (hi/mr)
8pkp-lpMJP0__000326000_000926000,ic_lid_fallback__pyannote31,False,0.41003905352630315,0.14315414656558756,0.04822105444521041,0.2186638525155052,0.6818068125598248,696.4799999999989,99.70400000000026,33.58500000000009,152.29499999999882,8,6,0,-2,600.0,0.2032,Telugu
8r2Nltl0W4o__000259000_000320000,ic_lid_fallback__pyannote31,False,0.18062818615359327,0.06163459957243883,0.033481335306693,0.08551225127446144,0.5748319396622398,60.81,3.7480000000000055,2.0360000000000014,5.2,2,1,0,-1,61.0,0.0227,Punjabi
90uAd6xpTPo__000016000_000408000,ic_lid_fallback__pyannote31,False,0.1120878219500187,0.025471646524853675,0.03593809810247662,0.05067807732268839,0.1401800675936449,365.74000000000007,9.315999999999985,13.143999999999801,18.535000000000057,4,4,1,0,392.0,0.0067,Devanagari (hi/mr)
9Aw8kg8w5Xo__000000000_000083000,ic_lid_fallback__pyannote31,False,0.08274303859306302,0.0459208597948216,0.020139228138739453,0.016682950659501965,0.5330013668276781,81.88000000000001,3.7599999999999927,1.6489999999999867,1.366000000000021,4,2,0,-2,83.0,0.0216,Telugu
9_GMxc_JjyI__000236000_000368000,ic_lid_fallback__pyannote31,False,0.2324598969296651,0.08468461929302455,0.07696886114538691,0.07080641649125362,0.5558389005535407,137.77,11.666999999999993,10.603999999999955,9.755000000000011,2,2,1,0,132.0,0.0602,Kannada
ARCKJrGkITw__000014000_000496000,ic_lid_fallback__pyannote31,False,0.3556713648387226,0.09678431837024762,0.0564550515219709,0.20243199494650405,0.41709459771734353,506.5799999999995,49.02899999999999,28.59899999999999,102.54799999999992,3,3,1,0,482.0,0.0844,Telugu
ARZl7LT0UC0__000073000_000130000,ic_lid_fallback__pyannote31,False,0.2741415785191214,0.10112286411716832,0.048510984540276796,0.1245077298616763,0.41231868252784515,61.44999999999996,6.21399999999999,2.981000000000007,7.651000000000003,3,3,1,0,57.0,0.0905,Telugu
A_dohDOK6Ic__000000000_000600000,ic_lid_fallback__pyannote31,False,0.061941821452042696,0.05463837293763641,0.00473522188786283,0.0025682266265434554,0.06205796933929486,578.22,31.593000000000128,2.7380000000000457,1.4849999999999568,3,3,1,0,600.0,0.0048,Devanagari (hi/mr)
B2ScTgeIIck__000117000_000180000,ic_lid_fallback__pyannote31,False,0.3272290603422395,0.15214650255178624,0.06781747223056152,0.10726508555989174,0.34808946215925857,66.61999999999999,10.135999999999997,4.518000000000008,7.145999999999987,2,2,1,0,63.0,0.0879,Odia
BGAAfht5dYw__000000000_000612000,ic_lid_fallback__pyannote31,False,0.2888214317290962,0.08860628923403299,0.020070142347704975,0.18014500014735824,0.3920522058806192,678.6199999999985,60.12999999999934,13.61999999999952,122.24999999999999,4,5,0,1,612.0,0.135,Gujarati
BYLcUGNB_zM__000020000_001387000,ic_lid_fallback__pyannote31,False,0.11557905965249698,0.038736187378400185,0.022010802202507816,0.05483207007158899,0.14968569744660098,1331.2099999999994,51.56600000000009,29.301000000000414,72.99299999999994,4,4,1,0,1367.0,0.0054,Kannada
Bngfppo1QtA__000028000_000927000,ic_lid_fallback__pyannote31,False,0.5069739846640124,0.15425329304894958,0.1270244398576076,0.22569625175745525,0.5263936988372435,1002.8699999999984,154.69599999999983,127.38899999999875,226.3439999999988,5,6,0,1,899.0,0.1261,Telugu
CO_8ppdzq9U__000000000_000695000,ic_lid_fallback__pyannote31,False,0.13956525738112024,0.07583008860410302,0.008218107122052861,0.05551706165496436,0.17922849655231382,652.3399999999989,49.46700000000048,5.3609999999999545,36.21599999999939,4,4,1,0,695.0,0.0186,Tamil
Cku_X_SL7qU__000060000_000660000,ic_lid_fallback__pyannote31,False,0.6472894296823062,0.22678337597453593,0.3203227301114044,0.10018332359636592,0.5282673696083071,496.3899999999996,112.5729999999998,159.00499999999988,49.73000000000004,3,3,1,0,600.0,0.1022,Gujarati
DPmew0didIM__000191000_000512000,ic_lid_fallback__pyannote31,False,0.38486221677893345,0.14288426209430416,0.08935088793631277,0.1526270667483165,0.5625427578622229,326.5999999999998,46.66599999999971,29.181999999999732,49.84800000000014,5,4,0,-1,321.0,0.062,Telugu
EmsKkNN2Me4__000035000_000095000,ic_lid_fallback__pyannote31,False,0.5011208175374978,0.09182462502060337,0.11457062798747294,0.29472556452942145,0.541357995272862,60.67,5.571000000000007,6.950999999999984,17.881,2,2,1,0,60.0,0.0471,Malayalam
ExGJodnzocM__000212000_000527000,ic_lid_fallback__pyannote31,False,0.3542812863231307,0.08785031641482634,0.03299108872529991,0.2334398811830045,0.46616738187923734,309.72000000000014,27.209000000000024,10.217999999999893,72.30100000000019,4,4,1,0,315.0,0.0133,Devanagari (hi/mr)
F2uXav-wriA__000000000_000907000,ic_lid_fallback__pyannote31,False,0.13777300707573045,0.056414160222568475,0.009142588008499796,0.07221625884466219,0.18993450702991144,912.9799999999992,51.50500000000052,8.347000000000136,65.93199999999963,4,4,1,0,907.0,0.0336,Devanagari (hi/mr)
FDMf9ApmoNU__000016000_000686000,ic_lid_fallback__pyannote31,False,0.37231516459794795,0.18083076727722885,0.11141233611631353,0.08007206120440558,0.39380015078784625,630.0199999999985,113.92699999999945,70.19199999999968,50.446999999999484,4,4,1,0,670.0,0.0882,Bengali
G6qzg93FxwE__000021000_000116000,ic_lid_fallback__pyannote31,False,0.06784908094163172,0.04353434376007735,0.02069224981188864,0.0036224873696657353,0.07913717308237296,93.02999999999999,4.049999999999995,1.9249999999999998,0.3370000000000033,2,2,1,0,95.0,0.0061,Gujarati
GEc_sS2KWo8__000096000_000290000,ic_lid_fallback__pyannote31,False,0.3462389233126788,0.1964754480644945,0.08323672463188764,0.06652675061629672,0.6500028431024604,150.08999999999997,29.488999999999972,12.493000000000013,9.984999999999973,4,2,0,-2,194.0,0.0378,Gujarati
GfFLEIAAumk__000090000_000163000,ic_lid_fallback__pyannote31,False,0.14496534855279236,0.052561489332789764,0.026892240793586097,0.0655116184264165,0.19288726891557062,73.59,3.867999999999999,1.979000000000001,4.820999999999991,2,2,1,0,73.0,0.0285,Bengali
Gq45evw6ytY__000597000_001464000,ic_lid_fallback__pyannote31,False,0.3558713723367055,0.12948036860330078,0.08064719881794219,0.1457438049154625,0.37813743740847783,886.5899999999993,114.79600000000036,71.50099999999931,129.2149999999998,3,3,1,0,867.0,0.0869,Odia
HZv_WvIr6lE__000021000_000105000,ic_lid_fallback__pyannote31,False,0.281304866153679,0.07457461796900398,0.10640511542213038,0.10032513276254465,0.2894154704412131,92.27,6.880999999999998,9.81799999999997,9.256999999999994,3,3,1,0,84.0,0.1276,Tamil
HpYG46tGyYs__000103000_000998000,ic_lid_fallback__pyannote31,False,0.08944997271344572,0.0347410099508849,0.041034334614446846,0.013674628148113975,0.10435880724043585,861.23,29.920000000000602,35.34000000000006,11.7770000000002,4,4,1,0,895.0,0.0022,Devanagari (hi/mr)
IAm1rt-MYcA__000004000_000558000,ic_lid_fallback__pyannote31,False,0.32796004652622657,0.12901611801414217,0.09942026844894078,0.0995236600631436,0.3870556412479284,541.6299999999998,69.87899999999979,53.84899999999977,53.90500000000045,4,4,1,0,554.0,0.0445,Bengali
Iare1Emeueg__000016000_000069000,ic_lid_fallback__pyannote31,False,0.5799121590383729,0.3624133148404995,0.15314378178455876,0.06435506241331466,0.5458118194194803,43.25999999999999,15.678000000000004,6.625000000000011,2.783999999999992,2,2,1,0,53.0,0.0,Devanagari (hi/mr)
IfTL8SSN270__000062000_000671000,ic_lid_fallback__pyannote31,False,0.32405326424246006,0.12547976983098855,0.08255204410568463,0.11602145030578692,0.33475424079741295,663.8599999999988,83.3009999999999,54.8029999999997,77.02199999999957,4,4,1,0,609.0,0.1121,Devanagari (hi/mr)
Ig6szCD8m20__000046000_000106000,ic_lid_fallback__pyannote31,False,0.2316717019133938,0.03185632762672039,0.05006713662302806,0.14974823766364537,0.3140986639188309,59.57999999999999,1.8980000000000006,2.983000000000011,8.92199999999999,2,2,1,0,60.0,0.0204,Devanagari (hi/mr)
Iqhnt8ENm3U__000027000_000088000,ic_lid_fallback__pyannote31,False,0.7374549278846155,0.23969350961538463,0.07258112980769257,0.4251802884615384,0.794392875222361,66.55999999999997,15.953999999999995,4.8310000000000155,28.299999999999983,3,3,1,0,61.0,0.1772,Devanagari (hi/mr)
J4-VpEkBzWw__000000000_000600000,ic_lid_fallback__pyannote31,False,0.09981295484195511,0.04259128275255034,0.017187721035507503,0.04003395105389726,0.11706864298764856,636.2099999999999,27.09700000000005,10.935000000000226,25.46999999999997,7,7,1,0,600.0,0.0685,Kannada
JBYGLQJwFDc__000103000_000407000,ic_lid_fallback__pyannote31,False,0.48213943137781606,0.18551586540306253,0.12577600429728023,0.17084756167747328,0.6736932052575888,260.62999999999994,48.35100000000018,32.781000000000134,44.52799999999985,3,2,0,-1,304.0,0.012,Tamil
JSB1CeS4pP8__000000000_000632000,ic_lid_fallback__pyannote31,False,0.1535200907224074,0.07958745824010749,0.02706500750911794,0.04686762497318199,0.17467984965258015,652.5399999999992,51.93399999999967,17.6609999999998,30.583000000000137,4,4,1,0,632.0,0.088,Punjabi
Jc5AVwg2cZM__000153000_000214000,ic_lid_fallback__pyannote31,False,0.8706173233370558,0.27490827883235,0.2819269420960285,0.31378210240867743,0.7729303446699142,62.689999999999976,17.234000000000012,17.674000000000017,19.67099999999998,3,3,1,0,61.0,0.2816,Devanagari (hi/mr)
KAtdcDieQMw__000057000_000599000,ic_lid_fallback__pyannote31,False,0.2179593379964592,0.1155807998350142,0.02572739615378034,0.07665114200766465,0.25874197640002633,581.8699999999981,67.25299999999949,14.970000000000116,44.60099999999968,3,3,1,0,542.0,0.1073,Odia
KPkRi3GM7fs__000047000_000642000,ic_lid_fallback__pyannote31,False,0.12640669392280576,0.0732450973598509,0.026070611877208924,0.02709098468574596,0.14866967506847004,577.2399999999999,42.28000000000032,15.049000000000076,15.637999999999995,3,3,1,0,595.0,0.0031,Odia
Kdi-ECuOaKg__000002000_000078000,ic_lid_fallback__pyannote31,False,0.9594732804909231,0.3747634875990797,0.4228074661211966,0.16190232677064673,0.7900420539363772,39.11,14.657000000000005,16.535999999999998,6.331999999999994,6,5,0,-1,76.0,0.0,Malayalam
L7xRazDdtgw__000019000_000083000,ic_lid_fallback__pyannote31,False,0.9038668853995783,0.3108975861260836,0.1742676353409893,0.4187016639325054,0.789038260064396,42.669999999999995,13.265999999999986,7.436000000000012,17.866000000000003,3,5,0,2,64.0,0.0012,Gujarati
LBIWBxQ5H1s__000090000_001020000,ic_lid_fallback__pyannote31,False,0.3883736160923127,0.12708456780498,0.08982795363584437,0.17146109465148834,0.4345942835763673,961.9499999999974,122.2490000000002,86.41000000000025,164.93699999999876,4,4,1,0,930.0,0.0724,Malayalam
LK23jX9tgZM__000059000_000221000,ic_lid_fallback__pyannote31,False,0.31758560974247324,0.19671526730350317,0.053706496843751964,0.0671638455952181,0.5464268603884334,179.00999999999985,35.21400000000007,9.614000000000031,12.022999999999982,3,2,0,-1,162.0,0.1712,Gujarati
LctYmmr9-Vg__000000000_000061000,ic_lid_fallback__pyannote31,False,0.15715778474399159,0.15400208986415878,0.0031556948798328066,0.0,0.15657494662777072,47.85,7.368999999999998,0.1509999999999998,0.0,2,2,1,0,61.0,0.0,Devanagari (hi/mr)
LqQHdo7t5Ps__000198000_000498000,ic_lid_fallback__pyannote31,False,0.15787896332118648,0.03036133910022805,0.02414262847801638,0.10337499574294207,0.24428360608885458,293.63000000000005,8.914999999999964,7.088999999999951,30.354000000000084,3,3,1,0,300.0,0.0019,Devanagari (hi/mr)
Md3p6RTanBg__000315000_000426000,ic_lid_fallback__pyannote31,False,0.061676382264617205,0.041485603250308915,0.009998233527645124,0.010192545486663167,0.057321498704742145,113.21999999999997,4.696999999999974,1.1319999999999806,1.1540000000000035,3,3,1,0,111.0,0.0528,Bengali
MmtWBUK2DKE__000000000_000310000,ic_lid_fallback__pyannote31,False,0.11272875550481119,0.044110259337791675,0.021497308758766733,0.0471211874082528,0.3139769258911907,306.54999999999995,13.522000000000036,6.589999999999941,14.444999999999894,5,4,0,-1,310.0,0.0432,Devanagari (hi/mr)
NLgHpYyf5bY__000313000_000383000,ic_lid_fallback__pyannote31,False,0.20287414719117422,0.07414719117433584,0.03215270721439962,0.09657424880243876,0.3423943949261173,68.89,5.107999999999996,2.2149999999999896,6.653000000000006,2,2,1,0,70.0,0.0097,Devanagari (hi/mr)
NuhdqCEuIBo__000197000_000540000,ic_lid_fallback__pyannote31,False,0.2251371809663159,0.07621915186988167,0.053192447308438556,0.09572558178799566,0.35626793974950893,355.36999999999955,27.085999999999814,18.902999999999786,34.01799999999997,3,3,1,0,343.0,0.0562,Punjabi
O4_aeGFzZ8A__000000000_000335000,ic_lid_fallback__pyannote31,False,0.15024699412806367,0.08336595519930437,0.0649827570137005,0.0018982819150587997,0.11470828194761262,321.86999999999995,26.833000000000094,20.915999999999777,0.6109999999999758,8,8,1,0,335.0,0.0004,Kannada
OXUt5KnlUMo__000091000_000181000,ic_lid_fallback__pyannote31,False,0.27438925552854,0.0742040060206091,0.04191270116938749,0.15827254833854337,0.39026860684893927,86.37,6.409000000000009,3.6199999999999974,13.669999999999991,2,2,1,0,90.0,0.0,Odia
OxYCBQKZ3iY__000000000_001822000,ic_lid_fallback__pyannote31,False,0.4077619602993676,0.08377044664677909,0.04762317804333584,0.2763683356092527,0.5035916289239084,1706.2699999999916,142.93499999999904,81.25800000000224,471.55899999999735,7,6,0,-1,1822.0,0.0659,Punjabi
PCUA2q2C-2A__000045000_000107000,ic_lid_fallback__pyannote31,False,0.04567616537637936,0.019123702849612935,0.026190084005929638,0.0003623785208367981,0.06188969085372095,60.71000000000001,1.1610000000000014,1.5899999999999885,0.022000000000002018,3,3,1,0,62.0,0.0063,Devanagari (hi/mr)
PEDfT9-Yf2o__000000000_000469000,ic_lid_fallback__pyannote31,False,0.06338301043218993,0.03390710382513606,0.006458022851465272,0.023017883755588598,0.0817508159151137,402.5999999999999,13.650999999999772,2.599999999999918,9.266999999999967,3,3,1,0,469.0,0.011,Bengali
PQB3-4sZUeY__000000000_001132000,ic_lid_fallback__pyannote31,False,0.37048520144445013,0.08058928697868645,0.04830683990653568,0.241589074559228,0.4909557376796804,1129.8399999999915,91.0529999999984,54.57899999999986,272.9569999999961,4,4,1,0,1132.0,0.1069,Telugu
PRAzUz0GANs__000223000_000283000,ic_lid_fallback__pyannote31,False,0.35035879445064605,0.10033487482060295,0.08145431350661778,0.16856960612342534,0.41710166901190915,62.710000000000015,6.292000000000012,5.108000000000002,10.571000000000005,2,2,1,0,60.0,0.0822,Kannada
PSIzXy5-y2E__000002000_000918000,ic_lid_fallback__pyannote31,False,0.3259732524162735,0.17151944257136417,0.08672173522139845,0.06773207462351089,0.29783454636167833,889.7999999999993,152.6179999999997,77.16500000000028,60.26799999999994,3,4,0,1,916.0,0.0434,Devanagari (hi/mr)
PVDfS7lcJHY__000000000_000360000,ic_lid_fallback__pyannote31,False,0.32304651948930074,0.090202043841174,0.03438905790883363,0.1984554177392931,0.4191337649700861,384.56999999999925,34.68900000000022,13.225000000000122,76.3199999999998,6,6,1,0,360.0,0.1127,Kannada
Pjre5dpnKGA__000000000_000330000,ic_lid_fallback__pyannote31,False,0.2671433252897186,0.07294068579259333,0.04158548574492765,0.15261715375219764,0.4952592288853331,335.6699999999996,24.483999999999774,13.958999999999849,51.22900000000013,4,3,0,-1,330.0,0.0933,Kannada
QhpjuNTZoA8__000000000_000586000,ic_lid_fallback__pyannote31,False,0.32724656167721433,0.06502477554825041,0.016561186609756456,0.2456605995192075,0.5069139009593989,611.4899999999991,39.76199999999959,10.12699999999996,150.21899999999997,3,3,1,0,586.0,0.0512,Kannada
QuA_B6IZ6Ls__000061000_001863000,ic_lid_fallback__pyannote31,False,0.481558597173784,0.35483455807571834,0.04041612887716897,0.0863079102208967,0.39502758399374804,2703.9699999999975,959.4619999999992,109.28399999999849,233.37399999999784,4,5,0,1,1802.0,0.3694,Devanagari (hi/mr)
RL2fhIEEbZg__000000000_000065000,ic_lid_fallback__pyannote31,False,0.14281350236749663,0.05113792576752719,0.013624560867573198,0.07805101573239624,0.44311995781193797,65.47,3.3480000000000047,0.8920000000000172,5.109999999999982,3,3,1,0,65.0,0.0563,Telugu
RL2fhIEEbZg__000066000_001034000,ic_lid_fallback__pyannote31,False,0.30182437435214,0.11377264425687382,0.0798963423663552,0.10815538772891094,0.31994385670472475,1012.9499999999994,115.24600000000027,80.93099999999946,109.55600000000027,3,3,1,0,968.0,0.0719,Telugu
RWTmftezCwI__000000000_000060000,ic_lid_fallback__pyannote31,False,0.164524465885596,0.09908683666436914,0.03905926946933141,0.026378359751895456,0.18432511745974073,58.03999999999999,5.750999999999984,2.2669999999999946,1.5310000000000121,2,2,1,0,60.0,0.0244,Malayalam
RZUZyvRzi80__000000000_000336000,ic_lid_fallback__pyannote31,False,0.04610060561117297,0.011002966258805834,0.00888332715362772,0.026214312198739417,0.06596670228817696,323.63999999999993,3.560999999999919,2.8750000000000746,8.484000000000023,4,4,1,0,336.0,0.0001,Punjabi
SZ7ay4OjfAE__000000000_000897000,ic_lid_fallback__pyannote31,False,0.4135164791711963,0.13119674173075707,0.03375116154925935,0.2485685758911799,0.5611228139008119,1011.5799999999954,132.71599999999864,34.14199999999961,251.4469999999986,5,5,1,0,897.0,0.1794,Telugu
T3I2T-cfhG4__000160000_000210000,ic_lid_fallback__pyannote31,False,0.12554822226953347,0.042154566744730525,0.06429635937832642,0.019097296146476515,0.14215711463142147,46.970000000000006,1.9799999999999929,3.0199999999999925,0.897000000000002,2,2,1,0,50.0,0.0,Devanagari (hi/mr)
TU3M6wSQV_g__000099000_000171000,ic_lid_fallback__pyannote31,False,0.2488531187122739,0.04963112005365528,0.05624413145539913,0.14297786720321948,0.4601250000838423,74.54999999999998,3.7000000000000006,4.193000000000004,10.65900000000001,2,2,1,0,72.0,0.0451,Telugu
Tlha36rSd5o__000240000_000374000,ic_lid_fallback__pyannote31,False,0.16940913088670312,0.09901655073159024,0.06278883825057946,0.007603741904533437,0.13923338034151186,125.07000000000001,12.383999999999991,7.852999999999974,0.950999999999997,2,2,1,0,134.0,0.0,Tamil
TrPnW5kLAyQ__000093000_000513000,ic_lid_fallback__pyannote31,False,0.25143805590046125,0.15497301269543495,0.05480576742771627,0.04165927577731006,0.2856702390390953,394.62999999999937,61.15699999999939,21.627999999999638,16.43999999999984,4,4,1,0,420.0,0.0501,Devanagari (hi/mr)
U_EHjxThUgc__000181000_000289000,ic_lid_fallback__pyannote31,False,0.1513229398663701,0.06615590200445465,0.04181737193763935,0.0433496659242761,0.18421291509271376,112.25,7.426000000000035,4.694000000000017,4.8659999999999926,3,3,1,0,108.0,0.0529,Bengali
VHlIFsHPWbk__000023000_000470000,ic_lid_fallback__pyannote31,False,0.09901287936182483,0.03292259013325015,0.026409376531930696,0.03968091269664398,0.13085691717870362,448.7800000000001,14.775000000000004,11.85199999999986,17.807999999999886,4,4,1,0,447.0,0.0269,Odia
VKY0uuZ6Om8__000575000_000935000,ic_lid_fallback__pyannote31,False,0.418654171733791,0.17939051434294292,0.09309678803920124,0.14616686935164683,0.493476063028741,419.36999999999955,75.2309999999999,39.04199999999978,61.29800000000006,3,3,1,0,360.0,0.1718,Devanagari (hi/mr)
VY_4x1scS-Y__000013000_000121000,ic_lid_fallback__pyannote31,False,0.3022749842014983,0.07551683668863407,0.04198790286178566,0.18477024465107858,0.37195880746043697,110.76999999999998,8.364999999999995,4.650999999999996,20.46699999999997,4,4,1,0,108.0,0.0427,Tamil
0AEEA8NyVwY__000011000_000609000,ic_lid_fallback__pyannote31+rule,False,0.16575327897908504,0.12048741580999647,0.02776497695852502,0.017500886210563546,0.17191987002139322,564.2,67.97900000000001,15.664999999999818,9.873999999999953,3,3,1,0,598.0,0.0047,Devanagari (hi/mr)
0SoItGfM_sY__000007000_000088000,ic_lid_fallback__pyannote31+rule,False,0.42970382028902504,0.1510087280011445,0.11538131349263098,0.16331377879524958,0.6299019883443908,69.89000000000001,10.553999999999991,8.06399999999998,11.413999999999996,5,5,1,0,81.0,0.0,Kannada
0VEwL9XZ0LY__000261000_000557000,ic_lid_fallback__pyannote31+rule,False,0.20310372239311544,0.10442055784052842,0.05890851277088469,0.03977465178170235,0.21099209523786866,289.32999999999987,30.212000000000074,17.04400000000006,11.507999999999935,2,2,1,0,296.0,0.0355,Devanagari (hi/mr)
0esIFSOAcFs__000000000_000913000,ic_lid_fallback__pyannote31+rule,False,0.06535361611097783,0.04683225653103944,0.0050444045895544475,0.013476954990383948,0.07692983262187485,925.5799999999991,43.34699999999944,4.6689999999998015,12.473999999999563,3,3,1,0,913.0,0.0232,Gujarati
0p6cktLGIfY__000012000_000930000,ic_lid_fallback__pyannote31+rule,False,0.439190424636111,0.16119932635630918,0.13643810898592518,0.14155298929387666,0.6014639464508221,831.2999999999986,134.0049999999996,113.42099999999941,117.67299999999948,6,5,0,-1,918.0,0.0329,Gujarati
13VBh0Z6QmE__000000000_000904000,ic_lid_fallback__pyannote31+rule,False,0.21347003652432622,0.044551787888352845,0.01192677097894158,0.1569914776570318,0.34909469343468696,887.0799999999984,39.52099999999997,10.579999999999478,139.26399999999953,4,5,0,1,904.0,0.029,Tamil
1LFl5JEipII__000000000_000597000,ic_lid_fallback__pyannote31+rule,False,0.4046795781788695,0.06440546204285845,0.05126580139255141,0.28900831474345967,0.5495405779948146,591.7199999999982,38.110000000000085,30.335000000000427,171.01199999999943,5,5,1,0,597.0,0.1006,Bengali
2HGP34TNvjg__000084000_000194000,ic_lid_fallback__pyannote31+rule,False,0.307128848793881,0.12907432829966653,0.07095508923318297,0.10709943126103154,0.36099978683513734,101.98,13.162999999999993,7.236,10.921999999999997,2,2,1,0,110.0,0.0128,Odia
2LN6vb7EBn0__000098000_000394000,ic_lid_fallback__pyannote31+rule,False,0.29883570955485017,0.09925750339875165,0.08480147802140345,0.11477672813469508,0.352904307759802,286.86999999999983,28.473999999999872,24.32699999999999,32.92599999999996,3,3,1,0,296.0,0.0238,Tamil
2T4pjueLrsk__000677000_001290000,ic_lid_fallback__pyannote31+rule,False,0.4628380118465097,0.19884662080129464,0.10980280342886584,0.1541885876163492,0.6159173230079256,543.6199999999991,108.09699999999961,59.690999999999946,83.81999999999962,4,3,0,-1,613.0,0.0342,Gujarati
2gGHQgj9yno__000000000_000099000,ic_lid_fallback__pyannote31+rule,False,0.3902936888148302,0.1412934805248906,0.09632368256613207,0.15267652572380752,0.6659116520059449,96.02000000000001,13.566999999999997,9.249000000000002,14.66,4,2,0,-2,99.0,0.0798,Gujarati
2iMXYxBTwbM__000339000_000401000,ic_lid_fallback__pyannote31+rule,False,0.7919117647058823,0.26570378151260493,0.25535714285714267,0.2708508403361347,0.8047534980897216,57.12,15.176999999999992,14.585999999999988,15.471000000000013,3,2,0,-1,62.0,0.1275,Devanagari (hi/mr)
37dND_0r6S8__000060000_000222000,ic_lid_fallback__pyannote31+rule,False,0.44698145624740776,0.10704425617631344,0.09601279696664478,0.24392440310444952,0.5273561259542319,168.78999999999996,18.06799999999994,16.205999999999968,41.172000000000025,2,2,1,0,162.0,0.0896,Tamil
4Qg2jWP6_T0__000136000_000202000,ic_lid_fallback__pyannote31+rule,False,0.7422645262111094,0.20579627788038043,0.1525074584458019,0.3839607898849271,0.7697805117166725,70.38999999999999,14.485999999999976,10.734999999999994,27.027000000000015,3,3,1,0,66.0,0.2093,Punjabi
6-726qTlYeg__000102000_000162000,ic_lid_fallback__pyannote31+rule,False,0.5719454414931806,0.1163675520459441,0.1380330222541282,0.31754486719310837,0.5819723227455009,69.64999999999998,8.105000000000004,9.614000000000026,22.11699999999999,2,2,1,0,60.0,0.161,Malayalam
6ZeRgvDHwcI__000006000_000100000,ic_lid_fallback__pyannote31+rule,False,0.6784044233807266,0.3941232227488148,0.1467456556082146,0.13753554502369716,0.6341604069815079,63.29999999999999,24.947999999999972,9.288999999999982,8.70600000000003,2,2,1,0,94.0,0.0125,Gujarati
6f6TLzlP8Wk__000082000_000144000,ic_lid_fallback__pyannote31+rule,False,0.5696383087111566,0.11725250466972338,0.15316692137884202,0.2992188826625911,0.5933485005040513,58.890000000000015,6.905000000000012,9.020000000000008,17.620999999999995,2,2,1,0,62.0,0.051,Punjabi
7L4gi7Ncc0s__000090000_000148000,ic_lid_fallback__pyannote31+rule,False,0.15863121968744393,0.06225974492545366,0.04167415124842824,0.054697323513562025,0.2362327089747383,55.67,3.466000000000005,2.3200000000000003,3.044999999999998,2,2,1,0,58.0,0.0,Malayalam
7WhVNRHbjIY__000091000_001089000,ic_lid_fallback__pyannote31+rule,False,0.14125897981297883,0.025145483003571965,0.028033069791708495,0.08808042701769837,0.2394298024354066,996.6799999999996,25.062000000000097,27.940000000000012,87.78799999999958,5,5,1,0,998.0,0.0133,Tamil
7YfsQPYY-W0__000351000_000411000,ic_lid_fallback__pyannote31+rule,False,0.5875953307392995,0.14908949416342412,0.11064591439688723,0.3278599221789882,0.6297462828352816,64.24999999999999,9.578999999999997,7.109000000000003,21.064999999999987,2,2,1,0,60.0,0.1219,Odia
7c9ePKgqams__000299000_000869000,ic_lid_fallback__pyannote31+rule,False,0.3281067013662979,0.06504012144870919,0.03499421672811374,0.22807236318947494,0.5935073939117356,553.32,35.98799999999977,19.362999999999897,126.19700000000029,4,3,0,-1,570.0,0.0055,Telugu
7k-xDqNjESc__000073000_000981000,ic_lid_fallback__pyannote31+rule,False,0.3473423277888572,0.1309996769126219,0.059905970431935095,0.15643668044430017,0.6655925517520901,897.5899999999988,117.58400000000015,53.77100000000055,140.4159999999992,4,2,0,-2,908.0,0.0421,Malayalam
83gP2vLH7UY__000255000_002005000,ic_lid_fallback__pyannote31+rule,False,0.3253036278760223,0.13334572963662417,0.0950034742271071,0.09695442401229108,0.31705176503524546,2043.61999999999,272.5079999999965,194.15099999999964,198.13799999999733,5,5,1,0,1750.0,0.2022,Devanagari (hi/mr)
86mMTUeDiR8__000181000_001079000,ic_lid_fallback__pyannote31+rule,False,0.5636736925226264,0.1848205065905373,0.13728482050659083,0.2415683654254983,0.6708718377828224,823.1499999999991,152.13500000000062,113.00600000000011,198.8469999999987,5,4,0,-1,898.0,0.0517,Bengali
87Zbup3ohcw__000106000_000445000,ic_lid_fallback__pyannote31+rule,False,0.2214961736685923,0.11496486022177085,0.05557394971107267,0.050957363735748794,0.348801646000961,320.15000000000003,36.80599999999994,17.791999999999916,16.31399999999998,4,5,0,1,339.0,0.0152,Tamil
8Ve4SWhlrrA__000000000_000070000,ic_lid_fallback__pyannote31+rule,False,0.08069268139789999,0.048080238207177516,0.0004074596458235634,0.03220498354489892,0.5392110676653947,63.809999999999995,3.067999999999997,0.026000000000001577,2.0549999999999997,2,1,0,-1,70.0,0.0,Odia
8mvORuRHw2U__000000000_001197000,ic_lid_fallback__pyannote31+rule,False,0.19675671945623113,0.08624279750198328,0.0367551668219292,0.07375875513231865,0.23836995132119318,1159.3199999999972,99.98299999999902,42.61099999999885,85.50999999999945,4,4,1,0,1197.0,0.0417,Gujarati
8o7jKmq6HsM__000030000_001770000,ic_lid_fallback__pyannote31+rule,False,0.1907410341432495,0.06544198363568335,0.06240055226735195,0.0628984982402142,0.20974641729333807,1767.2599999999961,115.65299999999749,110.27800000000016,111.15800000000073,6,6,1,0,1740.0,0.0471,Devanagari (hi/mr)
8pkp-lpMJP0__000326000_000926000,ic_lid_fallback__pyannote31+rule,False,0.44144842637261605,0.14315414656558756,0.04822105444521041,0.25007322536181803,0.7085679541532376,696.4799999999989,99.70400000000026,33.58500000000009,174.17099999999874,8,6,0,-2,600.0,0.2032,Telugu
8r2Nltl0W4o__000259000_000320000,ic_lid_fallback__pyannote31+rule,False,0.18062818615359327,0.06163459957243883,0.033481335306693,0.08551225127446144,0.5748319396622398,60.81,3.7480000000000055,2.0360000000000014,5.2,2,1,0,-1,61.0,0.0227,Punjabi
90uAd6xpTPo__000016000_000408000,ic_lid_fallback__pyannote31+rule,False,0.11781866899983545,0.025471646524853675,0.03593809810247662,0.05640892437250514,0.151544959087319,365.74000000000007,9.315999999999985,13.143999999999801,20.631000000000032,4,4,1,0,392.0,0.0067,Devanagari (hi/mr)
9Aw8kg8w5Xo__000000000_000083000,ic_lid_fallback__pyannote31+rule,False,0.08274303859306302,0.0459208597948216,0.020139228138739453,0.016682950659501965,0.5330013668276781,81.88000000000001,3.7599999999999927,1.6489999999999867,1.366000000000021,4,2,0,-2,83.0,0.0216,Telugu
9_GMxc_JjyI__000236000_000368000,ic_lid_fallback__pyannote31+rule,False,0.2324598969296651,0.08468461929302455,0.07696886114538691,0.07080641649125362,0.5558389005535407,137.77,11.666999999999993,10.603999999999955,9.755000000000011,2,2,1,0,132.0,0.0602,Kannada
ARCKJrGkITw__000014000_000496000,ic_lid_fallback__pyannote31+rule,False,0.3584547356784716,0.09678431837024762,0.0564550515219709,0.20521536578625305,0.42068980052132193,506.5799999999995,49.02899999999999,28.59899999999999,103.95799999999996,3,3,1,0,482.0,0.0844,Telugu
ARZl7LT0UC0__000073000_000130000,ic_lid_fallback__pyannote31+rule,False,0.2741415785191214,0.10112286411716832,0.048510984540276796,0.1245077298616763,0.41231868252784515,61.44999999999996,6.21399999999999,2.981000000000007,7.651000000000003,3,3,1,0,57.0,0.0905,Telugu
A_dohDOK6Ic__000000000_000600000,ic_lid_fallback__pyannote31+rule,False,0.061941821452042696,0.05463837293763641,0.00473522188786283,0.0025682266265434554,0.06205796933929486,578.22,31.593000000000128,2.7380000000000457,1.4849999999999568,3,3,1,0,600.0,0.0048,Devanagari (hi/mr)
B2ScTgeIIck__000117000_000180000,ic_lid_fallback__pyannote31+rule,False,0.4246172320624435,0.15214650255178624,0.06781747223056152,0.20465325728009573,0.4774783069376707,66.61999999999999,10.135999999999997,4.518000000000008,13.633999999999975,2,2,1,0,63.0,0.0879,Odia
BGAAfht5dYw__000000000_000612000,ic_lid_fallback__pyannote31+rule,False,0.2888214317290962,0.08860628923403299,0.020070142347704975,0.18014500014735824,0.3920522058806192,678.6199999999985,60.12999999999934,13.61999999999952,122.24999999999999,4,5,0,1,612.0,0.135,Gujarati
BYLcUGNB_zM__000020000_001387000,ic_lid_fallback__pyannote31+rule,False,0.11464156669496207,0.038736187378400185,0.022010802202507816,0.05389457711405408,0.14764343510324338,1331.2099999999994,51.56600000000009,29.301000000000414,71.74499999999989,4,4,1,0,1367.0,0.0054,Kannada
Bngfppo1QtA__000028000_000927000,ic_lid_fallback__pyannote31+rule,False,0.523176483492375,0.15425329304894958,0.1270244398576076,0.24189875058581775,0.5423075549476046,1002.8699999999984,154.69599999999983,127.38899999999875,242.59299999999865,5,6,0,1,899.0,0.1261,Telugu
CO_8ppdzq9U__000000000_000695000,ic_lid_fallback__pyannote31+rule,False,0.15328662967164342,0.07583008860410302,0.008218107122052861,0.06923843394548754,0.20418158085272525,652.3399999999989,49.46700000000048,5.3609999999999545,45.16699999999926,4,4,1,0,695.0,0.0186,Tamil
Cku_X_SL7qU__000060000_000660000,ic_lid_fallback__pyannote31+rule,False,0.6411571546566206,0.22678337597453593,0.3203227301114044,0.09405104857068028,0.519760583959044,496.3899999999996,112.5729999999998,159.00499999999988,46.68599999999994,3,3,1,0,600.0,0.1022,Gujarati
DPmew0didIM__000191000_000512000,ic_lid_fallback__pyannote31+rule,False,0.3825750153092457,0.14288426209430416,0.08935088793631277,0.15033986527862878,0.5573293207240522,326.5999999999998,46.66599999999971,29.181999999999732,49.10100000000013,5,4,0,-1,321.0,0.062,Telugu
EmsKkNN2Me4__000035000_000095000,ic_lid_fallback__pyannote31+rule,False,0.5123949233558593,0.09182462502060337,0.11457062798747294,0.305999670347783,0.5636220560369732,60.67,5.571000000000007,6.950999999999984,18.564999999999998,2,2,1,0,60.0,0.0471,Malayalam
ExGJodnzocM__000212000_000527000,ic_lid_fallback__pyannote31+rule,False,0.3542812863231307,0.08785031641482634,0.03299108872529991,0.2334398811830045,0.46616738187923734,309.72000000000014,27.209000000000024,10.217999999999893,72.30100000000019,4,4,1,0,315.0,0.0133,Devanagari (hi/mr)
F2uXav-wriA__000000000_000907000,ic_lid_fallback__pyannote31+rule,False,0.1411213827247043,0.056414160222568475,0.009142588008499796,0.07556463449363603,0.19507440585984656,912.9799999999992,51.50500000000052,8.347000000000136,68.98899999999976,4,4,1,0,907.0,0.0336,Devanagari (hi/mr)
FDMf9ApmoNU__000016000_000686000,ic_lid_fallback__pyannote31+rule,False,0.39568426399161816,0.18083076727722885,0.11141233611631353,0.1034411605980758,0.4160781236606793,630.0199999999985,113.92699999999945,70.19199999999968,65.16999999999956,4,4,1,0,670.0,0.0882,Bengali
G6qzg93FxwE__000021000_000116000,ic_lid_fallback__pyannote31+rule,False,0.06784908094163172,0.04353434376007735,0.02069224981188864,0.0036224873696657353,0.07913717308237296,93.02999999999999,4.049999999999995,1.9249999999999998,0.3370000000000033,2,2,1,0,95.0,0.0061,Gujarati
GEc_sS2KWo8__000096000_000290000,ic_lid_fallback__pyannote31+rule,False,0.3462389233126788,0.1964754480644945,0.08323672463188764,0.06652675061629672,0.6500028431024604,150.08999999999997,29.488999999999972,12.493000000000013,9.984999999999973,4,2,0,-2,194.0,0.0378,Gujarati
GfFLEIAAumk__000090000_000163000,ic_lid_fallback__pyannote31+rule,False,0.14496534855279236,0.052561489332789764,0.026892240793586097,0.0655116184264165,0.19288726891557062,73.59,3.867999999999999,1.979000000000001,4.820999999999991,2,2,1,0,73.0,0.0285,Bengali
Gq45evw6ytY__000597000_001464000,ic_lid_fallback__pyannote31+rule,False,0.3759889012959763,0.12948036860330078,0.08064719881794219,0.16586133387473329,0.4061587899629982,886.5899999999993,114.79600000000036,71.50099999999931,147.05099999999968,3,3,1,0,867.0,0.0869,Odia
HZv_WvIr6lE__000021000_000105000,ic_lid_fallback__pyannote31+rule,False,0.281304866153679,0.07457461796900398,0.10640511542213038,0.10032513276254465,0.2894154704412131,92.27,6.880999999999998,9.81799999999997,9.256999999999994,3,3,1,0,84.0,0.1276,Tamil
HpYG46tGyYs__000103000_000998000,ic_lid_fallback__pyannote31+rule,False,0.08944997271344572,0.0347410099508849,0.041034334614446846,0.013674628148113975,0.10435880724043585,861.23,29.920000000000602,35.34000000000006,11.7770000000002,4,4,1,0,895.0,0.0022,Devanagari (hi/mr)
IAm1rt-MYcA__000004000_000558000,ic_lid_fallback__pyannote31+rule,False,0.36601369938888145,0.12901611801414217,0.09942026844894078,0.13757731292579853,0.42928052994277466,541.6299999999998,69.87899999999979,53.84899999999977,74.51600000000022,4,4,1,0,554.0,0.0445,Bengali
Iare1Emeueg__000016000_000069000,ic_lid_fallback__pyannote31+rule,False,0.5814378178455851,0.3624133148404995,0.15314378178455876,0.06588072122052686,0.5479405324932899,43.25999999999999,15.678000000000004,6.625000000000011,2.8499999999999917,2,2,1,0,53.0,0.0,Devanagari (hi/mr)
IfTL8SSN270__000062000_000671000,ic_lid_fallback__pyannote31+rule,False,0.32405326424246006,0.12547976983098855,0.08255204410568463,0.11602145030578692,0.33475424079741295,663.8599999999988,83.3009999999999,54.8029999999997,77.02199999999957,4,4,1,0,609.0,0.1121,Devanagari (hi/mr)
Ig6szCD8m20__000046000_000106000,ic_lid_fallback__pyannote31+rule,False,0.2316717019133938,0.03185632762672039,0.05006713662302806,0.14974823766364537,0.3140986639188309,59.57999999999999,1.8980000000000006,2.983000000000011,8.92199999999999,2,2,1,0,60.0,0.0204,Devanagari (hi/mr)
Iqhnt8ENm3U__000027000_000088000,ic_lid_fallback__pyannote31+rule,False,0.7374549278846155,0.23969350961538463,0.07258112980769257,0.4251802884615384,0.794392875222361,66.55999999999997,15.953999999999995,4.8310000000000155,28.299999999999983,3,3,1,0,61.0,0.1772,Devanagari (hi/mr)
J4-VpEkBzWw__000000000_000600000,ic_lid_fallback__pyannote31+rule,False,0.10629037581930541,0.04259128275255034,0.017187721035507503,0.04651137203124756,0.1255383182425426,636.2099999999999,27.09700000000005,10.935000000000226,29.591000000000008,7,7,1,0,600.0,0.0685,Kannada
JBYGLQJwFDc__000103000_000407000,ic_lid_fallback__pyannote31+rule,False,0.5161608410390219,0.18551586540306253,0.12577600429728023,0.20486897133867918,0.6999516187722038,260.62999999999994,48.35100000000018,32.781000000000134,53.39499999999994,3,2,0,-1,304.0,0.012,Tamil
JSB1CeS4pP8__000000000_000632000,ic_lid_fallback__pyannote31+rule,False,0.17828792104698543,0.07958745824010749,0.02706500750911794,0.07163545529776,0.21617205634373968,652.5399999999992,51.93399999999967,17.6609999999998,46.745000000000246,4,4,1,0,632.0,0.088,Punjabi
Jc5AVwg2cZM__000153000_000214000,ic_lid_fallback__pyannote31+rule,False,0.8685276758653697,0.27490827883235,0.2819269420960285,0.3116924549369914,0.774362175665639,62.689999999999976,17.234000000000012,17.674000000000017,19.53999999999998,3,3,1,0,61.0,0.2816,Devanagari (hi/mr)
KAtdcDieQMw__000057000_000599000,ic_lid_fallback__pyannote31+rule,False,0.22294326911509388,0.1155807998350142,0.02572739615378034,0.08163507312629932,0.26686246449910334,581.8699999999981,67.25299999999949,14.970000000000116,47.50099999999963,3,3,1,0,542.0,0.1073,Odia
KPkRi3GM7fs__000047000_000642000,ic_lid_fallback__pyannote31+rule,False,0.12418578061118497,0.0732450973598509,0.026070611877208924,0.02487007137412514,0.14450125609155465,577.2399999999999,42.28000000000032,15.049000000000076,14.355999999999995,3,3,1,0,595.0,0.0031,Odia
Kdi-ECuOaKg__000002000_000078000,ic_lid_fallback__pyannote31+rule,False,0.996573766300179,0.3747634875990797,0.4228074661211966,0.19900281257990268,0.8077896117596692,39.11,14.657000000000005,16.535999999999998,7.782999999999994,6,5,0,-1,76.0,0.0,Malayalam
L7xRazDdtgw__000019000_000083000,ic_lid_fallback__pyannote31+rule,False,0.8962034216076868,0.3108975861260836,0.1742676353409893,0.41103820014061404,0.7847262552024027,42.669999999999995,13.265999999999986,7.436000000000012,17.538999999999998,3,5,0,2,64.0,0.0012,Gujarati
LBIWBxQ5H1s__000090000_001020000,ic_lid_fallback__pyannote31+rule,False,0.40049378865845436,0.12708456780498,0.08982795363584437,0.18358126721763,0.4464219830782823,961.9499999999974,122.2490000000002,86.41000000000025,176.5959999999987,4,4,1,0,930.0,0.0724,Malayalam
LK23jX9tgZM__000059000_000221000,ic_lid_fallback__pyannote31+rule,False,0.3305737109658686,0.19671526730350317,0.053706496843751964,0.08015194681861347,0.5612580382655938,179.00999999999985,35.21400000000007,9.614000000000031,14.347999999999985,3,2,0,-1,162.0,0.1712,Gujarati
LctYmmr9-Vg__000000000_000061000,ic_lid_fallback__pyannote31+rule,False,0.19849529780564262,0.15400208986415878,0.0031556948798328066,0.041337513061651024,0.2294991022739472,47.85,7.368999999999998,0.1509999999999998,1.9780000000000015,2,2,1,0,61.0,0.0,Devanagari (hi/mr)
LqQHdo7t5Ps__000198000_000498000,ic_lid_fallback__pyannote31+rule,False,0.15787896332118648,0.03036133910022805,0.02414262847801638,0.10337499574294207,0.24428360608885458,293.63000000000005,8.914999999999964,7.088999999999951,30.354000000000084,3,3,1,0,300.0,0.0019,Devanagari (hi/mr)
Md3p6RTanBg__000315000_000426000,ic_lid_fallback__pyannote31+rule,False,0.061676382264617205,0.041485603250308915,0.009998233527645124,0.010192545486663167,0.057321498704742145,113.21999999999997,4.696999999999974,1.1319999999999806,1.1540000000000035,3,3,1,0,111.0,0.0528,Bengali
MmtWBUK2DKE__000000000_000310000,ic_lid_fallback__pyannote31+rule,False,0.12190507258196003,0.044110259337791675,0.021497308758766733,0.056297504485401634,0.32721861087767723,306.54999999999995,13.522000000000036,6.589999999999941,17.257999999999868,5,4,0,-1,310.0,0.0432,Devanagari (hi/mr)
NLgHpYyf5bY__000313000_000383000,ic_lid_fallback__pyannote31+rule,False,0.20287414719117422,0.07414719117433584,0.03215270721439962,0.09657424880243876,0.3423943949261173,68.89,5.107999999999996,2.2149999999999896,6.653000000000006,2,2,1,0,70.0,0.0097,Devanagari (hi/mr)
NuhdqCEuIBo__000197000_000540000,ic_lid_fallback__pyannote31+rule,False,0.28600050651433634,0.07621915186988167,0.053192447308438556,0.15658890733601613,0.5103095478950768,355.36999999999955,27.085999999999814,18.902999999999786,55.64699999999998,3,3,1,0,343.0,0.0562,Punjabi
O4_aeGFzZ8A__000000000_000335000,ic_lid_fallback__pyannote31+rule,False,0.15024699412806367,0.08336595519930437,0.0649827570137005,0.0018982819150587997,0.11470828194761262,321.86999999999995,26.833000000000094,20.915999999999777,0.6109999999999758,8,8,1,0,335.0,0.0004,Kannada
OXUt5KnlUMo__000091000_000181000,ic_lid_fallback__pyannote31+rule,False,0.27438925552854,0.0742040060206091,0.04191270116938749,0.15827254833854337,0.39026860684893927,86.37,6.409000000000009,3.6199999999999974,13.669999999999991,2,2,1,0,90.0,0.0,Odia
OxYCBQKZ3iY__000000000_001822000,ic_lid_fallback__pyannote31+rule,False,0.40927520263498857,0.08377044664677909,0.04762317804333584,0.27788157794487367,0.5053628721594935,1706.2699999999916,142.93499999999904,81.25800000000224,474.14099999999723,7,6,0,-1,1822.0,0.0659,Punjabi
PCUA2q2C-2A__000045000_000107000,ic_lid_fallback__pyannote31+rule,False,0.04567616537637936,0.019123702849612935,0.026190084005929638,0.0003623785208367981,0.06188969085372095,60.71000000000001,1.1610000000000014,1.5899999999999885,0.022000000000002018,3,3,1,0,62.0,0.0063,Devanagari (hi/mr)
PEDfT9-Yf2o__000000000_000469000,ic_lid_fallback__pyannote31+rule,False,0.06338301043218993,0.03390710382513606,0.006458022851465272,0.023017883755588598,0.0817508159151137,402.5999999999999,13.650999999999772,2.599999999999918,9.266999999999967,3,3,1,0,469.0,0.011,Bengali
PQB3-4sZUeY__000000000_001132000,ic_lid_fallback__pyannote31+rule,False,0.40022658075479545,0.08058928697868645,0.04830683990653568,0.27133045386957333,0.5234739330635633,1129.8399999999915,91.0529999999984,54.57899999999986,306.5599999999964,4,4,1,0,1132.0,0.1069,Telugu
PRAzUz0GANs__000223000_000283000,ic_lid_fallback__pyannote31+rule,False,0.35035879445064605,0.10033487482060295,0.08145431350661778,0.16856960612342534,0.41710166901190915,62.710000000000015,6.292000000000012,5.108000000000002,10.571000000000005,2,2,1,0,60.0,0.0822,Kannada
PSIzXy5-y2E__000002000_000918000,ic_lid_fallback__pyannote31+rule,False,0.34106877950101155,0.17151944257136417,0.08672173522139845,0.0828276017082489,0.3204137214597036,889.7999999999993,152.6179999999997,77.16500000000028,73.69999999999982,3,4,0,1,916.0,0.0434,Devanagari (hi/mr)
PVDfS7lcJHY__000000000_000360000,ic_lid_fallback__pyannote31+rule,False,0.3299763372077914,0.090202043841174,0.03438905790883363,0.20538523545778378,0.4421155417821478,384.56999999999925,34.68900000000022,13.225000000000122,78.98499999999976,6,6,1,0,360.0,0.1127,Kannada
Pjre5dpnKGA__000000000_000330000,ic_lid_fallback__pyannote31+rule,False,0.27393571066821526,0.07294068579259333,0.04158548574492765,0.1594095391306943,0.5010078751033511,335.6699999999996,24.483999999999774,13.958999999999849,53.5090000000001,4,3,0,-1,330.0,0.0933,Kannada
QhpjuNTZoA8__000000000_000586000,ic_lid_fallback__pyannote31+rule,False,0.3284534497702331,0.06502477554825041,0.016561186609756456,0.24686748761222624,0.5090351759574446,611.4899999999991,39.76199999999959,10.12699999999996,150.957,3,3,1,0,586.0,0.0512,Kannada
QuA_B6IZ6Ls__000061000_001863000,ic_lid_fallback__pyannote31+rule,False,0.4810397304703814,0.35483455807571834,0.04041612887716897,0.08578904351749408,0.39398920770612134,2703.9699999999975,959.4619999999992,109.28399999999849,231.97099999999827,4,5,0,1,1802.0,0.3694,Devanagari (hi/mr)
RL2fhIEEbZg__000000000_000065000,ic_lid_fallback__pyannote31+rule,False,0.14281350236749663,0.05113792576752719,0.013624560867573198,0.07805101573239624,0.44311995781193797,65.47,3.3480000000000047,0.8920000000000172,5.109999999999982,3,3,1,0,65.0,0.0563,Telugu
RL2fhIEEbZg__000066000_001034000,ic_lid_fallback__pyannote31+rule,False,0.33882027740757215,0.11377264425687382,0.0798963423663552,0.14515129078434308,0.3736998768102651,1012.9499999999994,115.24600000000027,80.93099999999946,147.03100000000023,3,3,1,0,968.0,0.0719,Telugu
RWTmftezCwI__000000000_000060000,ic_lid_fallback__pyannote31+rule,False,0.164524465885596,0.09908683666436914,0.03905926946933141,0.026378359751895456,0.18432511745974073,58.03999999999999,5.750999999999984,2.2669999999999946,1.5310000000000121,2,2,1,0,60.0,0.0244,Malayalam
RZUZyvRzi80__000000000_000336000,ic_lid_fallback__pyannote31+rule,False,0.04610060561117297,0.011002966258805834,0.00888332715362772,0.026214312198739417,0.06596670228817696,323.63999999999993,3.560999999999919,2.8750000000000746,8.484000000000023,4,4,1,0,336.0,0.0001,Punjabi
SZ7ay4OjfAE__000000000_000897000,ic_lid_fallback__pyannote31+rule,False,0.42513197176693773,0.13119674173075707,0.03375116154925935,0.26018406848692127,0.5757103456367805,1011.5799999999954,132.71599999999864,34.14199999999961,263.19699999999864,5,5,1,0,897.0,0.1794,Telugu
T3I2T-cfhG4__000160000_000210000,ic_lid_fallback__pyannote31+rule,False,0.12554822226953347,0.042154566744730525,0.06429635937832642,0.019097296146476515,0.14215711463142147,46.970000000000006,1.9799999999999929,3.0199999999999925,0.897000000000002,2,2,1,0,50.0,0.0,Devanagari (hi/mr)
TU3M6wSQV_g__000099000_000171000,ic_lid_fallback__pyannote31+rule,False,0.24038900067069105,0.04963112005365528,0.05624413145539913,0.13451374916163664,0.4590170666164489,74.54999999999998,3.7000000000000006,4.193000000000004,10.02800000000001,2,2,1,0,72.0,0.0451,Telugu
Tlha36rSd5o__000240000_000374000,ic_lid_fallback__pyannote31+rule,False,0.16940913088670312,0.09901655073159024,0.06278883825057946,0.007603741904533437,0.13923338034151186,125.07000000000001,12.383999999999991,7.852999999999974,0.950999999999997,2,2,1,0,134.0,0.0,Tamil
TrPnW5kLAyQ__000093000_000513000,ic_lid_fallback__pyannote31+rule,False,0.26844892684286314,0.15497301269543495,0.05480576742771627,0.058670146719711956,0.31919064612811565,394.62999999999937,61.15699999999939,21.627999999999638,23.152999999999892,4,4,1,0,420.0,0.0501,Devanagari (hi/mr)
U_EHjxThUgc__000181000_000289000,ic_lid_fallback__pyannote31+rule,False,0.1513229398663701,0.06615590200445465,0.04181737193763935,0.0433496659242761,0.18421291509271376,112.25,7.426000000000035,4.694000000000017,4.8659999999999926,3,3,1,0,108.0,0.0529,Bengali
VHlIFsHPWbk__000023000_000470000,ic_lid_fallback__pyannote31+rule,False,0.09901287936182483,0.03292259013325015,0.026409376531930696,0.03968091269664398,0.13085691717870362,448.7800000000001,14.775000000000004,11.85199999999986,17.807999999999886,4,4,1,0,447.0,0.0269,Odia
VKY0uuZ6Om8__000575000_000935000,ic_lid_fallback__pyannote31+rule,False,0.41960559887450205,0.17939051434294292,0.09309678803920124,0.14711829649235794,0.48109102526427555,419.36999999999955,75.2309999999999,39.04199999999978,61.69700000000008,3,3,1,0,360.0,0.1718,Devanagari (hi/mr)
VY_4x1scS-Y__000013000_000121000,ic_lid_fallback__pyannote31+rule,False,0.3022749842014983,0.07551683668863407,0.04198790286178566,0.18477024465107858,0.37195880746043697,110.76999999999998,8.364999999999995,4.650999999999996,20.46699999999997,4,4,1,0,108.0,0.0427,Tamil
0AEEA8NyVwY__000011000_000609000,ic_lid_fallback__sortformer,False,0.07082594824530272,0.04369018078695484,0.025753278979085265,0.0013824884792626242,0.0838035436815225,564.2,24.64999999999992,14.529999999999907,0.7799999999999727,3,3,1,0,598.0,0.0047,Devanagari (hi/mr)
0SoItGfM_sY__000007000_000088000,ic_lid_fallback__sortformer,False,0.41064529975676045,0.06710545142366586,0.12419516382887372,0.21934468450422082,0.7493088709248161,69.89000000000001,4.690000000000008,8.679999999999986,15.329999999999997,5,3,0,-2,81.0,0.0,Kannada
0VEwL9XZ0LY__000261000_000557000,ic_lid_fallback__sortformer,False,0.2484360418898834,0.14184495213078485,0.060622818235233064,0.04596827152386552,0.2590455157897543,289.32999999999987,41.039999999999964,17.539999999999974,13.300000000000004,2,2,1,0,296.0,0.0355,Devanagari (hi/mr)
0esIFSOAcFs__000000000_000913000,ic_lid_fallback__sortformer,True,1.0,1.0,0.0,0.0,1.0,925.5799999999994,925.5799999999994,0.0,0.0,3,0,0,-3,913.0,0.0232,Gujarati
0p6cktLGIfY__000012000_000930000,ic_lid_fallback__sortformer,True,1.0,1.0,0.0,0.0,1.0,831.3,831.3,0.0,0.0,6,0,0,-6,918.0,0.0329,Gujarati
13VBh0Z6QmE__000000000_000904000,ic_lid_fallback__sortformer,True,1.0,1.0,0.0,0.0,1.0,887.0799999999995,887.0799999999995,0.0,0.0,4,0,0,-4,904.0,0.029,Tamil
1LFl5JEipII__000000000_000597000,ic_lid_fallback__sortformer,False,0.47672885824376354,0.18177516392888432,0.013114310822686888,0.2818393834921923,0.5943043311424454,591.7199999999984,107.55999999999915,7.7600000000002645,166.76999999999958,5,4,0,-1,597.0,0.1006,Bengali
2HGP34TNvjg__000084000_000194000,ic_lid_fallback__sortformer,False,0.31457148460482415,0.12953520298097648,0.06373798784075299,0.12129829378309473,0.3493976597877109,101.98,13.209999999999983,6.49999999999999,12.370000000000001,2,3,0,1,110.0,0.0128,Odia
2LN6vb7EBn0__000098000_000394000,ic_lid_fallback__sortformer,False,0.34510405410116063,0.1371352877610072,0.11789312232021451,0.09007564401993896,0.3740061301092898,286.8699999999999,39.34000000000012,33.81999999999992,25.839999999999883,3,3,1,0,296.0,0.0238,Tamil
2T4pjueLrsk__000677000_001290000,ic_lid_fallback__sortformer,False,0.48338913211434326,0.181542253780214,0.10696810271881091,0.19487877561531836,0.6718307652449153,543.6199999999991,98.68999999999977,58.14999999999989,105.93999999999919,4,3,0,-1,613.0,0.0342,Gujarati
2gGHQgj9yno__000000000_000099000,ic_lid_fallback__sortformer,False,0.36034159550093714,0.2844199125182253,0.06259112684857306,0.013330556134138772,0.43583956391754,96.01999999999998,27.309999999999988,6.009999999999984,1.2800000000000047,4,4,1,0,99.0,0.0798,Gujarati
2iMXYxBTwbM__000339000_000401000,ic_lid_fallback__sortformer,False,0.8123249299719888,0.2787114845938374,0.2645308123249297,0.26908263305322166,0.8102159922065358,57.120000000000005,15.919999999999991,15.109999999999987,15.370000000000022,3,2,0,-1,62.0,0.1275,Devanagari (hi/mr)
37dND_0r6S8__000060000_000222000,ic_lid_fallback__sortformer,False,0.4816043604478939,0.0995912080099533,0.13608626103442137,0.2459268914035192,0.5385621438386994,168.79,16.810000000000016,22.96999999999998,41.510000000000005,2,2,1,0,162.0,0.0896,Tamil
4Qg2jWP6_T0__000136000_000202000,ic_lid_fallback__sortformer,False,0.8648955817587719,0.16678505469526905,0.24506321920727342,0.4530473078562294,0.7997330478457941,70.39000000000001,11.739999999999991,17.24999999999998,31.889999999999993,3,2,0,-1,66.0,0.2093,Punjabi
6-726qTlYeg__000102000_000162000,ic_lid_fallback__sortformer,False,0.5382627422828428,0.11457286432160783,0.1458722182340274,0.2778176597272075,0.5405838491638914,69.64999999999999,7.979999999999984,10.160000000000007,19.35,2,3,0,1,60.0,0.161,Malayalam
6ZeRgvDHwcI__000006000_000100000,ic_lid_fallback__sortformer,False,0.7014218009478678,0.38120063191153264,0.16097946287519768,0.15924170616113748,0.6470381630665814,63.29999999999999,24.130000000000013,10.190000000000012,10.08,2,2,1,0,94.0,0.0125,Gujarati
6f6TLzlP8Wk__000082000_000144000,ic_lid_fallback__sortformer,False,0.6091017150619802,0.11784683307862116,0.11614875191034132,0.37510613007301763,0.65142136028912,58.89000000000001,6.940000000000001,6.840000000000002,22.09000000000001,2,3,0,1,62.0,0.051,Punjabi
7L4gi7Ncc0s__000090000_000148000,ic_lid_fallback__sortformer,False,0.1841207113346507,0.0905335009879649,0.04167415124842825,0.05191305909825754,0.25435201296866417,55.669999999999995,5.040000000000005,2.3200000000000003,2.889999999999997,2,2,1,0,58.0,0.0,Malayalam
7WhVNRHbjIY__000091000_001089000,ic_lid_fallback__sortformer,True,1.0,1.0,0.0,0.0,1.0,996.6799999999998,996.6799999999998,0.0,0.0,5,0,0,-5,998.0,0.0133,Tamil
7YfsQPYY-W0__000351000_000411000,ic_lid_fallback__sortformer,False,0.5894163424124511,0.1626459143968869,0.1374319066147857,0.2893385214007785,0.6093893784817557,64.24999999999999,10.44999999999998,8.829999999999979,18.590000000000014,2,2,1,0,60.0,0.1219,Odia
7c9ePKgqams__000299000_000869000,ic_lid_fallback__sortformer,False,0.37983445384226194,0.10220125786163586,0.03330803151883153,0.24432516446179453,0.6254652101840489,553.32,56.55000000000036,18.429999999999865,135.19000000000017,4,3,0,-1,570.0,0.0055,Telugu
7k-xDqNjESc__000073000_000981000,ic_lid_fallback__sortformer,True,1.0,1.0,0.0,0.0,1.0,897.5899999999995,897.5899999999995,0.0,0.0,4,0,0,-4,908.0,0.0421,Malayalam
83gP2vLH7UY__000255000_002005000,ic_lid_fallback__sortformer,True,1.0,1.0,0.0,0.0,1.0,2043.6199999999963,2043.6199999999963,0.0,0.0,5,0,0,-5,1750.0,0.2022,Devanagari (hi/mr)
86mMTUeDiR8__000181000_001079000,ic_lid_fallback__sortformer,True,1.0,1.0,0.0,0.0,1.0,823.15,823.15,0.0,0.0,5,0,0,-5,898.0,0.0517,Bengali
87Zbup3ohcw__000106000_000445000,ic_lid_fallback__sortformer,False,0.15764485397469916,0.07218491332188033,0.04547868186787426,0.039981258784944594,0.3073561931336718,320.15000000000003,23.10999999999999,14.559999999999945,12.800000000000013,4,4,1,0,339.0,0.0152,Tamil
8Ve4SWhlrrA__000000000_000070000,ic_lid_fallback__sortformer,False,0.02099984328475153,0.005328318445384713,0.015671524839366815,0.0,0.07539604020368369,63.809999999999995,0.3399999999999985,0.9999999999999964,0.0,2,2,1,0,70.0,0.0,Odia
8mvORuRHw2U__000000000_001197000,ic_lid_fallback__sortformer,True,1.0,1.0,0.0,0.0,1.0,1159.319999999999,1159.319999999999,0.0,0.0,4,0,0,-4,1197.0,0.0417,Gujarati
8o7jKmq6HsM__000030000_001770000,ic_lid_fallback__sortformer,True,1.0,1.0,0.0,0.0,1.0,1767.2599999999993,1767.2599999999993,0.0,0.0,6,0,0,-6,1740.0,0.0471,Devanagari (hi/mr)
8pkp-lpMJP0__000326000_000926000,ic_lid_fallback__sortformer,False,0.5010050539857572,0.24633873190902827,0.019584194808178412,0.23508212726855043,0.8145748947682774,696.4799999999996,171.5699999999999,13.640000000000093,163.7299999999999,8,4,0,-4,600.0,0.2032,Telugu
8r2Nltl0W4o__000259000_000320000,ic_lid_fallback__sortformer,False,0.17776681466864022,0.05377405032067114,0.038480513073507666,0.08551225127446144,0.5709836065573771,60.81,3.270000000000012,2.340000000000001,5.2,2,1,0,-1,61.0,0.0227,Punjabi
90uAd6xpTPo__000016000_000408000,ic_lid_fallback__sortformer,False,0.4410783616776939,0.06277683600371771,0.025865368841252973,0.35243615683272317,0.5384682486181044,365.74000000000007,22.95999999999972,9.459999999999864,128.9000000000002,4,4,1,0,392.0,0.0067,Devanagari (hi/mr)
9Aw8kg8w5Xo__000000000_000083000,ic_lid_fallback__sortformer,False,0.1846604787493894,0.02979970688812903,0.0346849047386419,0.12017586712261848,0.5479003540492574,81.88000000000002,2.4400000000000057,2.84,9.840000000000003,4,3,0,-1,83.0,0.0216,Telugu
9_GMxc_JjyI__000236000_000368000,ic_lid_fallback__sortformer,False,0.21252812658779113,0.06401974305001076,0.06039050591565633,0.08811787762212403,0.44380350981118133,137.77,8.819999999999984,8.319999999999974,12.140000000000029,2,2,1,0,132.0,0.0602,Kannada
ARCKJrGkITw__000014000_000496000,ic_lid_fallback__sortformer,False,0.4686327924513404,0.10097121876110385,0.048185873899483075,0.31947569979075346,0.5898642001528472,506.5799999999997,51.149999999999956,24.41000000000012,161.8399999999998,3,3,1,0,482.0,0.0844,Telugu
ARZl7LT0UC0__000073000_000130000,ic_lid_fallback__sortformer,False,0.28218063466232723,0.07339300244100881,0.06346623270952001,0.14532139951179843,0.48620633101866456,61.44999999999999,4.509999999999991,3.900000000000004,8.930000000000012,3,3,1,0,57.0,0.0905,Telugu
A_dohDOK6Ic__000000000_000600000,ic_lid_fallback__sortformer,False,0.4324305627615787,0.031095430804883646,0.01810729480128658,0.3832278371554085,0.5948346277907172,578.22,17.979999999999823,10.469999999999928,221.59000000000032,3,3,1,0,600.0,0.0048,Devanagari (hi/mr)
B2ScTgeIIck__000117000_000180000,ic_lid_fallback__sortformer,False,0.33728610027018907,0.13059141398979274,0.0762533773641551,0.13044130891624123,0.3690655273771912,66.61999999999998,8.699999999999989,5.080000000000012,8.689999999999987,2,2,1,0,63.0,0.0879,Odia
BGAAfht5dYw__000000000_000612000,ic_lid_fallback__sortformer,True,1.0,1.0,0.0,0.0,1.0,678.6199999999995,678.6199999999995,0.0,0.0,4,0,0,-4,612.0,0.135,Gujarati
BYLcUGNB_zM__000020000_001387000,ic_lid_fallback__sortformer,True,1.0,1.0,0.0,0.0,1.0,1331.2099999999998,1331.2099999999998,0.0,0.0,4,0,0,-4,1367.0,0.0054,Kannada
Bngfppo1QtA__000028000_000927000,ic_lid_fallback__sortformer,True,1.0,1.0,0.0,0.0,1.0,1002.8700000000006,1002.8700000000006,0.0,0.0,5,0,0,-5,899.0,0.1261,Telugu
CO_8ppdzq9U__000000000_000695000,ic_lid_fallback__sortformer,True,1.0,1.0,0.0,0.0,1.0,652.34,652.34,0.0,0.0,4,0,0,-4,695.0,0.0186,Tamil
Cku_X_SL7qU__000060000_000660000,ic_lid_fallback__sortformer,False,0.7071053002679341,0.21783275247285336,0.36175184834505175,0.12752069945002903,0.5510384601604638,496.3899999999995,108.12999999999957,179.57000000000005,63.29999999999984,3,3,1,0,600.0,0.1022,Gujarati
DPmew0didIM__000191000_000512000,ic_lid_fallback__sortformer,False,0.45799142682179955,0.12033067973055678,0.0832210655235759,0.2544396815676669,0.6459654969760779,326.59999999999985,39.29999999999983,27.17999999999988,83.09999999999997,5,4,0,-1,321.0,0.062,Telugu
EmsKkNN2Me4__000035000_000095000,ic_lid_fallback__sortformer,False,0.4564034943134989,0.05554639854953018,0.0984011867479806,0.3024559090159882,0.5383807159381273,60.669999999999995,3.3699999999999957,5.969999999999982,18.35,2,2,1,0,60.0,0.0471,Malayalam
ExGJodnzocM__000212000_000527000,ic_lid_fallback__sortformer,False,0.47833527056696323,0.0540811055146585,0.03367557794136603,0.39057858711093874,0.6457396710023943,309.7200000000001,16.750000000000036,10.42999999999989,120.96999999999997,4,4,1,0,315.0,0.0133,Devanagari (hi/mr)
F2uXav-wriA__000000000_000907000,ic_lid_fallback__sortformer,True,1.0,1.0,0.0,0.0,1.0,912.9799999999997,912.9799999999997,0.0,0.0,4,0,0,-4,907.0,0.0336,Devanagari (hi/mr)
FDMf9ApmoNU__000016000_000686000,ic_lid_fallback__sortformer,True,1.0,1.0,0.0,0.0,1.0,630.0199999999991,630.0199999999991,0.0,0.0,4,0,0,-4,670.0,0.0882,Bengali
G6qzg93FxwE__000021000_000116000,ic_lid_fallback__sortformer,False,0.06664516822530361,0.041706976244222246,0.021175964742556144,0.003762227238525222,0.0785749915532816,93.03,3.8799999999999955,1.969999999999998,0.3500000000000014,2,2,1,0,95.0,0.0061,Gujarati
GEc_sS2KWo8__000096000_000290000,ic_lid_fallback__sortformer,False,0.23032846958491596,0.13365314144846444,0.06742621094010268,0.02924911719634884,0.4757216052828983,150.08999999999997,20.060000000000024,10.12000000000001,4.389999999999997,4,3,0,-1,194.0,0.0378,Gujarati
GfFLEIAAumk__000090000_000163000,ic_lid_fallback__sortformer,False,0.19377632830547614,0.04402772115776597,0.045794265525207045,0.10395434162250312,0.2622698274612151,73.59,3.239999999999998,3.369999999999987,7.650000000000006,2,2,1,0,73.0,0.0285,Bengali
Gq45evw6ytY__000597000_001464000,ic_lid_fallback__sortformer,True,1.0,1.0,0.0,0.0,1.0,886.5900000000001,886.5900000000001,0.0,0.0,3,0,0,-3,867.0,0.0869,Odia
HZv_WvIr6lE__000021000_000105000,ic_lid_fallback__sortformer,False,0.2722444998374332,0.12116614284166018,0.08084968028611653,0.0702286767096565,0.2723285292678878,92.27000000000001,11.179999999999986,7.459999999999973,6.480000000000007,3,3,1,0,84.0,0.1276,Tamil
HpYG46tGyYs__000103000_000998000,ic_lid_fallback__sortformer,True,1.0,1.0,0.0,0.0,1.0,861.23,861.23,0.0,0.0,4,0,0,-4,895.0,0.0022,Devanagari (hi/mr)
IAm1rt-MYcA__000004000_000558000,ic_lid_fallback__sortformer,False,0.38227203072207977,0.16330336207374063,0.06768458172553225,0.15128408692280687,0.5240265324972907,541.6299999999997,88.45000000000009,36.66000000000001,81.93999999999983,4,3,0,-1,554.0,0.0445,Bengali
Iare1Emeueg__000016000_000069000,ic_lid_fallback__sortformer,False,0.5469255663430421,0.31576514100785946,0.16273693943596873,0.06842348589921392,0.5070886063113492,43.25999999999999,13.659999999999997,7.040000000000006,2.9599999999999937,2,3,0,1,53.0,0.0,Devanagari (hi/mr)
IfTL8SSN270__000062000_000671000,ic_lid_fallback__sortformer,False,0.3045069743620643,0.13242249871960862,0.04080679661374479,0.13127767902871088,0.368575844771619,663.8599999999996,87.90999999999931,27.090000000000597,87.14999999999995,4,4,1,0,609.0,0.1121,Devanagari (hi/mr)
Ig6szCD8m20__000046000_000106000,ic_lid_fallback__sortformer,False,0.252098019469621,0.028197381671702156,0.052534407519302107,0.17136623027861675,0.33996270414088353,59.579999999999984,1.680000000000014,3.1300000000000185,10.209999999999983,2,2,1,0,60.0,0.0204,Devanagari (hi/mr)
Iqhnt8ENm3U__000027000_000088000,ic_lid_fallback__sortformer,False,0.6887019230769231,0.21874999999999978,0.058293269230769426,0.41165865384615397,0.7956847076063238,66.55999999999996,14.559999999999976,3.8800000000000106,27.39999999999999,3,2,0,-1,61.0,0.1772,Devanagari (hi/mr)
J4-VpEkBzWw__000000000_000600000,ic_lid_fallback__sortformer,False,0.44994577262224666,0.07601263733672795,0.012040049669134441,0.3618930856163843,0.6543175967290132,636.2099999999996,48.35999999999966,7.660000000000018,230.2399999999997,7,4,0,-3,600.0,0.0685,Kannada
JBYGLQJwFDc__000103000_000407000,ic_lid_fallback__sortformer,False,0.43467751218202,0.15305221962168547,0.1097724743889805,0.1718528181713541,0.6404348793863622,260.62999999999994,39.88999999999987,28.609999999999978,44.790000000000006,3,3,1,0,304.0,0.012,Tamil
JSB1CeS4pP8__000000000_000632000,ic_lid_fallback__sortformer,True,1.0,1.0,0.0,0.0,1.0,652.5399999999998,652.5399999999998,0.0,0.0,4,0,0,-4,632.0,0.088,Punjabi
Jc5AVwg2cZM__000153000_000214000,ic_lid_fallback__sortformer,False,0.8529271016111027,0.3265273568352212,0.248524485563886,0.27787525921199546,0.7218957529328259,62.689999999999976,20.47000000000001,15.580000000000009,17.419999999999987,3,3,1,0,61.0,0.2816,Devanagari (hi/mr)
KAtdcDieQMw__000057000_000599000,ic_lid_fallback__sortformer,False,0.2432502105281241,0.0799147575919011,0.03846219946036052,0.12487325347586246,0.3168302169796213,581.8699999999993,46.49999999999944,22.379999999999953,72.66000000000001,3,3,1,0,542.0,0.1073,Odia
KPkRi3GM7fs__000047000_000642000,ic_lid_fallback__sortformer,False,0.09207608620331223,0.0587797103457832,0.023092647772157214,0.01020372808537182,0.0985351674625617,577.24,33.92999999999989,13.33000000000003,5.890000000000029,3,3,1,0,595.0,0.0031,Odia
Kdi-ECuOaKg__000002000_000078000,ic_lid_fallback__sortformer,False,0.8317565839938639,0.4518026080286376,0.18997698798261323,0.18997698798261295,0.8741888224324734,39.11,17.670000000000016,7.430000000000003,7.429999999999993,6,2,0,-4,76.0,0.0,Malayalam
L7xRazDdtgw__000019000_000083000,ic_lid_fallback__sortformer,False,0.8654792594328569,0.3006796344035621,0.17225216779939054,0.3925474572299042,0.847673345956706,42.66999999999999,12.829999999999991,7.3499999999999925,16.750000000000007,3,3,1,0,64.0,0.0012,Gujarati
LBIWBxQ5H1s__000090000_001020000,ic_lid_fallback__sortformer,True,1.0,1.0,0.0,0.0,1.0,961.9499999999989,961.9499999999989,0.0,0.0,4,0,0,-4,930.0,0.0724,Malayalam
LK23jX9tgZM__000059000_000221000,ic_lid_fallback__sortformer,False,0.5224847773867383,0.23847829730182704,0.04737165521479229,0.23663482487011894,0.5011926260683982,179.00999999999996,42.69000000000005,8.479999999999965,42.359999999999985,3,4,0,1,162.0,0.1712,Gujarati
LctYmmr9-Vg__000000000_000061000,ic_lid_fallback__sortformer,False,0.1690700104493206,0.08087774294670833,0.08819226750261228,0.0,0.15654660678207521,47.85000000000001,3.8699999999999943,4.219999999999998,0.0,2,2,1,0,61.0,0.0,Devanagari (hi/mr)
LqQHdo7t5Ps__000198000_000498000,ic_lid_fallback__sortformer,False,0.3285086673705001,0.03354561863569783,0.023601130674658372,0.2713619180601439,0.5622933959023154,293.63000000000005,9.849999999999955,6.929999999999939,79.68000000000008,3,2,0,-1,300.0,0.0019,Devanagari (hi/mr)
Md3p6RTanBg__000315000_000426000,ic_lid_fallback__sortformer,False,0.0438085143967501,0.016516516516516654,0.01457339692633839,0.012718600953895053,0.041024100120838396,113.21999999999998,1.8700000000000152,1.6500000000000323,1.4399999999999977,3,3,1,0,111.0,0.0528,Bengali
MmtWBUK2DKE__000000000_000310000,ic_lid_fallback__sortformer,False,0.5264394062958733,0.04641983363236002,0.020877507747512437,0.45914206491600074,0.758923331215233,306.54999999999995,14.229999999999961,6.399999999999936,140.75,5,3,0,-2,310.0,0.0432,Devanagari (hi/mr)
NLgHpYyf5bY__000313000_000383000,ic_lid_fallback__sortformer,False,0.16431993032370423,0.03861228044708938,0.03149949194367828,0.09420815793293655,0.2982385087264556,68.89,2.6599999999999873,2.169999999999997,6.489999999999999,2,2,1,0,70.0,0.0097,Devanagari (hi/mr)
NuhdqCEuIBo__000197000_000540000,ic_lid_fallback__sortformer,False,0.23870895123392485,0.06978641978782614,0.05343726257140487,0.11548526887469385,0.36634746242552624,355.3699999999996,24.79999999999975,18.990000000000126,41.03999999999991,3,4,0,1,343.0,0.0562,Punjabi
O4_aeGFzZ8A__000000000_000335000,ic_lid_fallback__sortformer,False,0.5367695032155838,0.08804796967719854,0.010159381116599812,0.4385621524217854,0.6469150476936604,321.86999999999995,28.33999999999989,3.269999999999981,141.16000000000005,8,4,0,-4,335.0,0.0004,Kannada
OXUt5KnlUMo__000091000_000181000,ic_lid_fallback__sortformer,False,0.30867199259001965,0.12701169387518815,0.042028482111844366,0.13963181660298718,0.40292670147270704,86.36999999999999,10.969999999999999,3.6299999999999972,12.060000000000002,2,2,1,0,90.0,0.0,Odia
OxYCBQKZ3iY__000000000_001822000,ic_lid_fallback__sortformer,True,1.0,1.0,0.0,0.0,1.0,1706.2699999999975,1706.2699999999975,0.0,0.0,7,0,0,-7,1822.0,0.0659,Punjabi
PCUA2q2C-2A__000045000_000107000,ic_lid_fallback__sortformer,False,0.02866084664799866,0.0136715532861144,0.014989293361884261,0.0,0.04515465706958702,60.71000000000001,0.8300000000000054,0.9099999999999936,0.0,3,3,1,0,62.0,0.0063,Devanagari (hi/mr)
PEDfT9-Yf2o__000000000_000469000,ic_lid_fallback__sortformer,False,0.3601838052657725,0.030625931445603535,0.007973174366616983,0.32158469945355195,0.5152427371298302,402.6,12.329999999999984,3.2099999999999973,129.47000000000003,3,2,0,-1,469.0,0.011,Bengali
PQB3-4sZUeY__000000000_001132000,ic_lid_fallback__sortformer,True,1.0,1.0,0.0,0.0,1.0,1129.8399999999963,1129.8399999999963,0.0,0.0,4,0,0,-4,1132.0,0.1069,Telugu
PRAzUz0GANs__000223000_000283000,ic_lid_fallback__sortformer,False,0.3512996332323393,0.08627013235528634,0.10030298198054524,0.16472651889650772,0.41400821718327435,62.71000000000001,5.410000000000007,6.289999999999993,10.33,2,3,0,1,60.0,0.0822,Kannada
PSIzXy5-y2E__000002000_000918000,ic_lid_fallback__sortformer,True,1.0,1.0,0.0,0.0,1.0,889.7999999999994,889.7999999999994,0.0,0.0,3,0,0,-3,916.0,0.0434,Devanagari (hi/mr)
PVDfS7lcJHY__000000000_000360000,ic_lid_fallback__sortformer,False,0.523623787606937,0.09639337441818092,0.039576670047065284,0.38765374314169077,0.7073618379506658,384.5699999999996,37.0699999999998,15.21999999999988,149.07999999999987,6,4,0,-2,360.0,0.1127,Kannada
Pjre5dpnKGA__000000000_000330000,ic_lid_fallback__sortformer,False,0.3325289719069328,0.07745702624601503,0.0631572675544437,0.19191467810647406,0.5405077065207804,335.6699999999997,25.999999999999837,21.2000000000001,64.42000000000009,4,3,0,-1,330.0,0.0933,Kannada
QhpjuNTZoA8__000000000_000586000,ic_lid_fallback__sortformer,False,0.46676151695039975,0.06340250862646951,0.011365680550786086,0.39199332777314416,0.6288088822995868,611.4899999999996,38.76999999999981,6.950000000000179,239.69999999999976,3,3,1,0,586.0,0.0512,Kannada
QuA_B6IZ6Ls__000061000_001863000,ic_lid_fallback__sortformer,True,1.0,1.0,0.0,0.0,1.0,2703.9699999999975,2703.9699999999975,0.0,0.0,4,0,0,-4,1802.0,0.3694,Devanagari (hi/mr)
RL2fhIEEbZg__000000000_000065000,ic_lid_fallback__sortformer,False,0.11623644417290348,0.014204979379868638,0.07667634030853818,0.025355124484496665,0.399203847795397,65.47,0.9299999999999997,5.019999999999994,1.6599999999999966,3,2,0,-1,65.0,0.0563,Telugu
RL2fhIEEbZg__000066000_001034000,ic_lid_fallback__sortformer,True,1.0,1.0,0.0,0.0,1.0,1012.9500000000005,1012.9500000000005,0.0,0.0,3,0,0,-3,968.0,0.0719,Telugu
RWTmftezCwI__000000000_000060000,ic_lid_fallback__sortformer,False,0.0937284631288766,0.022226050999310746,0.03652653342522399,0.03497587870434186,0.10948928380283308,58.03999999999999,1.2899999999999956,2.12,2.030000000000001,2,2,1,0,60.0,0.0244,Malayalam
RZUZyvRzi80__000000000_000336000,ic_lid_fallback__sortformer,False,0.31513409961685784,0.1404029168211589,0.007013966135211876,0.16771721666048708,0.37612019251941387,323.63999999999993,45.439999999999856,2.269999999999971,54.28000000000003,4,3,0,-1,336.0,0.0001,Punjabi
SZ7ay4OjfAE__000000000_000897000,ic_lid_fallback__sortformer,True,1.0,1.0,0.0,0.0,1.0,1011.579999999999,1011.579999999999,0.0,0.0,5,0,0,-5,897.0,0.1794,Telugu
T3I2T-cfhG4__000160000_000210000,ic_lid_fallback__sortformer,False,0.10964445390674894,0.027464338939748856,0.06450926123057253,0.017670853736427544,0.12761006639981531,46.970000000000006,1.290000000000004,3.0299999999999923,0.8300000000000018,2,2,1,0,50.0,0.0,Devanagari (hi/mr)
TU3M6wSQV_g__000099000_000171000,ic_lid_fallback__sortformer,False,0.19315895372233366,0.048692152917504915,0.02830315224681402,0.11616364855801471,0.3697426016668105,74.54999999999997,3.62999999999999,2.1099999999999843,8.659999999999993,2,2,1,0,72.0,0.0451,Telugu
Tlha36rSd5o__000240000_000374000,ic_lid_fallback__sortformer,False,0.1601503158231389,0.08531222515391372,0.06644279203645957,0.008395298632765627,0.13361950745013285,125.07000000000002,10.669999999999991,8.31,1.0499999999999972,2,2,1,0,134.0,0.0,Tamil
TrPnW5kLAyQ__000093000_000513000,ic_lid_fallback__sortformer,False,0.23921141322251263,0.16506601120036532,0.035729670830905245,0.03841573119124206,0.283237981409461,394.62999999999965,65.14000000000011,14.100000000000126,15.15999999999984,4,4,1,0,420.0,0.0501,Devanagari (hi/mr)
U_EHjxThUgc__000181000_000289000,ic_lid_fallback__sortformer,False,0.14405345211581339,0.053986636971047074,0.04953229398663707,0.040534521158129215,0.1662264866323994,112.25,6.060000000000034,5.560000000000011,4.550000000000004,3,3,1,0,108.0,0.0529,Bengali
VHlIFsHPWbk__000023000_000470000,ic_lid_fallback__sortformer,False,0.1239805695440971,0.037902758589955336,0.016466865724853792,0.06961094522928797,0.18636671993481127,448.78,17.010000000000154,7.389999999999885,31.239999999999853,4,4,1,0,447.0,0.0269,Odia
VKY0uuZ6Om8__000575000_000935000,ic_lid_fallback__sortformer,False,0.3964041300045303,0.1639602260533652,0.08474616686935155,0.14769773708181352,0.473808504857657,419.3699999999995,68.75999999999968,35.539999999999914,61.94000000000006,3,3,1,0,360.0,0.1718,Devanagari (hi/mr)
VY_4x1scS-Y__000013000_000121000,ic_lid_fallback__sortformer,False,0.4824410941590681,0.08702717342240666,0.022208179109867172,0.37320574162679426,0.6333727764710607,110.76999999999992,9.63999999999998,2.459999999999985,41.339999999999975,4,3,0,-1,108.0,0.0427,Tamil
0AEEA8NyVwY__000011000_000609000,ic_lid_fallback__sortformer_stream,False,0.05907479617157041,0.02915632754342448,0.02850053172633804,0.0014179369018078895,0.06669792692146885,564.2,16.45000000000009,16.079999999999924,0.8000000000000114,3,3,1,0,598.0,0.0047,Devanagari (hi/mr)
0SoItGfM_sY__000007000_000088000,ic_lid_fallback__sortformer_stream,False,0.41064529975676056,0.06825010731148969,0.12533981971669747,0.21705537272857336,0.7479741436437688,69.89000000000001,4.770000000000016,8.759999999999987,15.169999999999996,5,3,0,-2,81.0,0.0,Kannada
0VEwL9XZ0LY__000261000_000557000,ic_lid_fallback__sortformer_stream,False,0.5514118826253758,0.12152213735181283,0.06435558013341197,0.365534165140151,0.715040887108191,289.32999999999987,35.15999999999999,18.620000000000076,105.75999999999985,2,3,0,1,296.0,0.0355,Devanagari (hi/mr)
0esIFSOAcFs__000000000_000913000,ic_lid_fallback__sortformer_stream,False,0.3853475658506017,0.03214200825428319,0.006320361286976596,0.34688519630934195,0.5507209077787394,925.5799999999988,29.7499999999994,5.84999999999979,321.0700000000003,3,3,1,0,913.0,0.0232,Gujarati
0p6cktLGIfY__000012000_000930000,ic_lid_fallback__sortformer_stream,False,0.4346084446048354,0.14770840851678055,0.13362203777216405,0.15327799831589073,0.6822605959816587,831.2999999999992,122.78999999999954,111.07999999999987,127.41999999999985,6,4,0,-2,918.0,0.0329,Gujarati
13VBh0Z6QmE__000000000_000904000,ic_lid_fallback__sortformer_stream,False,0.43100960454525017,0.03040312034991232,0.025206294809939012,0.3754001893853988,0.5493444493900298,887.079999999999,26.97000000000019,22.360000000000674,333.0099999999992,4,4,1,0,904.0,0.029,Tamil
1LFl5JEipII__000000000_000597000,ic_lid_fallback__sortformer_stream,False,0.6562394375718245,0.1377002636382072,0.04346650442777047,0.4750726695058468,0.783056108452947,591.7199999999983,81.47999999999973,25.72000000000027,281.1099999999989,5,4,0,-1,597.0,0.1006,Bengali
2HGP34TNvjg__000084000_000194000,ic_lid_fallback__sortformer_stream,False,0.5684447930966855,0.06305157874092955,0.07727005295155903,0.428123161404197,0.631952278013793,101.98,6.429999999999995,7.87999999999999,43.66000000000001,2,3,0,1,110.0,0.0128,Odia
2LN6vb7EBn0__000098000_000394000,ic_lid_fallback__sortformer_stream,False,0.5646808658974445,0.03586990622930219,0.09777948199532907,0.4310314776728133,0.6953881317249735,286.8699999999999,10.289999999999914,28.05000000000004,123.6499999999999,3,4,0,1,296.0,0.0238,Tamil
2T4pjueLrsk__000677000_001290000,ic_lid_fallback__sortformer_stream,False,0.677145800375263,0.17256539494499826,0.12183142636400474,0.38274897906625993,0.7218390359471983,543.619999999999,93.80999999999977,66.23000000000013,208.06999999999982,4,4,1,0,613.0,0.0342,Gujarati
2gGHQgj9yno__000000000_000099000,ic_lid_fallback__sortformer_stream,False,0.33128514892730654,0.1522599458446157,0.08873151426786051,0.09029368881483033,0.5219736249944438,96.02000000000001,14.620000000000001,8.519999999999968,8.670000000000009,4,3,0,-1,99.0,0.0798,Gujarati
2iMXYxBTwbM__000339000_000401000,ic_lid_fallback__sortformer_stream,False,0.8040966386554622,0.25227591036414554,0.27871148459383727,0.27310924369747935,0.8020606887425551,57.120000000000005,14.409999999999993,15.919999999999987,15.600000000000023,3,2,0,-1,62.0,0.1275,Devanagari (hi/mr)
37dND_0r6S8__000060000_000222000,ic_lid_fallback__sortformer_stream,False,0.48444813081343696,0.10480478701344866,0.13419041412405971,0.2454529296759286,0.5373771006798024,168.78999999999996,17.689999999999994,22.650000000000034,41.42999999999998,2,3,0,1,162.0,0.0896,Tamil
4Qg2jWP6_T0__000136000_000202000,ic_lid_fallback__sortformer_stream,False,0.8212814320215936,0.1643699389117772,0.22346924279016894,0.4334422503196475,0.7920425636387542,70.38999999999999,11.569999999999995,15.72999999999999,30.509999999999984,3,2,0,-1,66.0,0.2093,Punjabi
6-726qTlYeg__000102000_000162000,ic_lid_fallback__sortformer_stream,False,0.5389806173725771,0.11414213926776734,0.14773869346733665,0.27709978463747315,0.5388096543121208,69.64999999999999,7.949999999999994,10.289999999999996,19.3,2,3,0,1,60.0,0.161,Malayalam
6ZeRgvDHwcI__000006000_000100000,ic_lid_fallback__sortformer_stream,False,0.697630331753555,0.3837282780410745,0.16603475513428165,0.147867298578199,0.6369071581936736,63.29999999999998,24.29000000000001,10.510000000000025,9.359999999999994,2,2,1,0,94.0,0.0125,Gujarati
6f6TLzlP8Wk__000082000_000144000,ic_lid_fallback__sortformer_stream,False,0.5459330956019699,0.10918661912039408,0.12922397690609608,0.3075224995754797,0.5914351447403314,58.89000000000001,6.430000000000009,7.609999999999999,18.110000000000003,2,2,1,0,62.0,0.051,Punjabi
7L4gi7Ncc0s__000090000_000148000,ic_lid_fallback__sortformer_stream,False,0.16687623495599058,0.07328902460930481,0.04167415124842824,0.05191305909825753,0.24190388018858106,55.67,4.079999999999999,2.3200000000000003,2.889999999999997,2,2,1,0,58.0,0.0,Malayalam
7WhVNRHbjIY__000091000_001089000,ic_lid_fallback__sortformer_stream,False,0.34885820925472577,0.014748966569009089,0.025855841393426313,0.30825340129229034,0.48007593560722306,996.6799999999997,14.699999999999974,25.77000000000013,307.22999999999985,5,4,0,-1,998.0,0.0133,Tamil
7YfsQPYY-W0__000351000_000411000,ic_lid_fallback__sortformer_stream,False,0.5836575875486384,0.13525291828793773,0.13867704280155638,0.3097276264591443,0.6109829977643397,64.24999999999997,8.689999999999996,8.909999999999993,19.900000000000013,2,2,1,0,60.0,0.1219,Odia
7c9ePKgqams__000299000_000869000,ic_lid_fallback__sortformer_stream,False,0.542217884768308,0.033109231547748356,0.04227210294223959,0.4668365502783201,0.7607205234911869,553.3199999999999,18.320000000000118,23.390000000000008,258.31000000000006,4,4,1,0,570.0,0.0055,Telugu
7k-xDqNjESc__000073000_000981000,ic_lid_fallback__sortformer_stream,False,0.4551855524237139,0.09916554328813912,0.097561247340101,0.2584587617954737,0.7127606186087518,897.5899999999988,89.01000000000067,87.57000000000114,231.98999999999896,4,3,0,-1,908.0,0.0421,Malayalam
83gP2vLH7UY__000255000_002005000,ic_lid_fallback__sortformer_stream,False,0.7288537007858612,0.13365498478190616,0.09680371106174422,0.4983950049422109,0.7911726098820852,2043.6199999999933,273.13999999999817,197.83000000000106,1018.5299999999977,5,4,0,-1,1750.0,0.2022,Devanagari (hi/mr)
86mMTUeDiR8__000181000_001079000,ic_lid_fallback__sortformer_stream,False,0.5716212112008737,0.12518981959545578,0.11892121727510113,0.3275101743303168,0.7207604084163427,823.1499999999985,103.04999999999924,97.88999999999932,269.5899999999998,5,4,0,-1,898.0,0.0517,Bengali
87Zbup3ohcw__000106000_000445000,ic_lid_fallback__sortformer_stream,False,0.3931282211463373,0.05731688271122932,0.05697329376854576,0.2788380446665622,0.6258996403833739,320.15,18.350000000000065,18.239999999999924,89.26999999999988,4,3,0,-1,339.0,0.0152,Tamil
8Ve4SWhlrrA__000000000_000070000,ic_lid_fallback__sortformer_stream,False,0.04889515749882451,0.001253721987149323,0.024134148252624877,0.023507287259050307,0.38098091483356533,63.809999999999995,0.0799999999999983,1.5399999999999934,1.5,2,2,1,0,70.0,0.0,Odia
8mvORuRHw2U__000000000_001197000,ic_lid_fallback__sortformer_stream,False,0.5723355070213562,0.05955215126108392,0.06089776765690152,0.4518855881033707,0.6680428709136406,1159.3199999999968,69.03999999999962,70.59999999999887,523.8799999999983,4,4,1,0,1197.0,0.0417,Gujarati
8o7jKmq6HsM__000030000_001770000,ic_lid_fallback__sortformer_stream,False,0.6207009721263418,0.0615359369872001,0.024563448502201095,0.5346015866369406,0.7554391779879154,1767.2599999999984,108.74999999999915,43.40999999999987,944.7799999999988,6,4,0,-2,1740.0,0.0471,Devanagari (hi/mr)
8pkp-lpMJP0__000326000_000926000,ic_lid_fallback__sortformer_stream,False,0.4783051918217326,0.16090914311968796,0.050970594991960036,0.2664254537100845,0.7646205841782485,696.4799999999987,112.07000000000005,35.500000000000256,185.55999999999932,8,4,0,-4,600.0,0.2032,Telugu
8r2Nltl0W4o__000259000_000320000,ic_lid_fallback__sortformer_stream,False,0.17118894918598931,0.04982733103108058,0.03584936688044731,0.08551225127446144,0.569016393442623,60.81,3.03000000000001,2.180000000000001,5.2,2,1,0,-1,61.0,0.0227,Punjabi
90uAd6xpTPo__000016000_000408000,ic_lid_fallback__sortformer_stream,False,0.5539454257122544,0.03119702520916492,0.02753322032044603,0.49521518018264343,0.764247591676548,365.7400000000001,11.409999999999982,10.069999999999935,181.12000000000006,4,2,0,-2,392.0,0.0067,Devanagari (hi/mr)
9Aw8kg8w5Xo__000000000_000083000,ic_lid_fallback__sortformer_stream,False,0.26343429408891056,0.02650219833903282,0.022594040058622235,0.2143380556912555,0.6577125829002908,81.88000000000002,2.170000000000008,1.8499999999999892,17.550000000000004,4,3,0,-1,83.0,0.0216,Telugu
9_GMxc_JjyI__000236000_000368000,ic_lid_fallback__sortformer_stream,False,0.19837410176380912,0.06786673441242642,0.041010379618204036,0.08949698773317867,0.4477757797766622,137.77,9.349999999999989,5.64999999999997,12.330000000000027,2,2,1,0,132.0,0.0602,Kannada
ARCKJrGkITw__000014000_000496000,ic_lid_fallback__sortformer_stream,False,0.47759485175095745,0.09518733467566845,0.050455999052469724,0.3319515180228193,0.5750682550339914,506.5799999999995,48.22000000000007,25.560000000000088,168.15999999999963,3,3,1,0,482.0,0.0844,Telugu
ARZl7LT0UC0__000073000_000130000,ic_lid_fallback__sortformer_stream,False,0.25890968266883696,0.06981285598047196,0.05988608624898318,0.12921074043938183,0.3835588117909081,61.44999999999999,4.290000000000001,3.6800000000000157,7.940000000000012,3,3,1,0,57.0,0.0905,Telugu
A_dohDOK6Ic__000000000_000600000,ic_lid_fallback__sortformer_stream,False,0.36678081007228985,0.019681090242467846,0.01942167341150369,0.3276780464183183,0.5074922310812003,578.2200000000001,11.379999999999761,11.229999999999666,189.47000000000006,3,3,1,0,600.0,0.0048,Devanagari (hi/mr)
B2ScTgeIIck__000117000_000180000,ic_lid_fallback__sortformer_stream,False,0.3110177123986791,0.08210747523266286,0.08661062743920762,0.1422996097268086,0.3492350242010891,66.62,5.47,5.770000000000012,9.47999999999999,2,2,1,0,63.0,0.0879,Odia
BGAAfht5dYw__000000000_000612000,ic_lid_fallback__sortformer_stream,False,0.4154313164952399,0.07942589372550167,0.044664171406678534,0.29134125136305966,0.6175233344282961,678.6199999999995,53.899999999999906,30.310000000000166,197.7099999999994,4,4,1,0,612.0,0.135,Gujarati
BYLcUGNB_zM__000020000_001387000,ic_lid_fallback__sortformer_stream,False,0.14947303580952725,0.027719142734805614,0.01473095905229113,0.10702293402243049,0.22157592873378634,1331.2099999999991,36.90000000000056,19.61000000000046,142.4699999999996,4,4,1,0,1367.0,0.0054,Kannada
Bngfppo1QtA__000028000_000927000,ic_lid_fallback__sortformer_stream,False,0.6322853410711249,0.13208092773739413,0.14968041720262787,0.35052399613110286,0.6792318758652959,1002.8699999999983,132.46000000000024,150.10999999999916,351.52999999999855,5,4,0,-1,899.0,0.1261,Telugu
CO_8ppdzq9U__000000000_000695000,ic_lid_fallback__sortformer_stream,False,0.6250114970720791,0.02103197718980921,0.03743446668915031,0.5665450531931195,0.7986722244645711,652.3399999999991,13.720000000000121,24.420000000000282,369.57999999999913,4,4,1,0,695.0,0.0186,Tamil
Cku_X_SL7qU__000060000_000660000,ic_lid_fallback__sortformer_stream,False,0.6619794919317474,0.15904832893490972,0.3696891557041843,0.1332420072926534,0.5175949812609552,496.38999999999953,78.94999999999976,183.50999999999988,66.14000000000016,3,4,0,1,600.0,0.1022,Gujarati
DPmew0didIM__000191000_000512000,ic_lid_fallback__sortformer_stream,False,0.4722290263319045,0.0997244335578687,0.08894672382118822,0.2835578689528475,0.6403724704329234,326.5999999999999,32.56999999999991,29.050000000000065,92.60999999999997,5,4,0,-1,321.0,0.062,Telugu
EmsKkNN2Me4__000035000_000095000,ic_lid_fallback__sortformer_stream,False,0.4705785396406786,0.04961265864512951,0.09906049118180278,0.32190538981374633,0.5667085733536638,60.669999999999995,3.010000000000007,6.009999999999974,19.529999999999987,2,2,1,0,60.0,0.0471,Malayalam
ExGJodnzocM__000212000_000527000,ic_lid_fallback__sortformer_stream,False,0.4226075164664852,0.03106031254035894,0.0346764819837268,0.3568707219423995,0.5824671141163688,309.72,9.619999999999973,10.739999999999867,110.52999999999997,4,4,1,0,315.0,0.0133,Devanagari (hi/mr)
F2uXav-wriA__000000000_000907000,ic_lid_fallback__sortformer_stream,False,0.4010493110473392,0.05730684133277752,0.013954303489671012,0.32978816622489066,0.5150133826376416,912.9799999999991,52.31999999999917,12.739999999999828,301.0900000000004,4,4,1,0,907.0,0.0336,Devanagari (hi/mr)
FDMf9ApmoNU__000016000_000686000,ic_lid_fallback__sortformer_stream,False,0.40393955747436494,0.13750357131519653,0.11294879527634047,0.15348719088282792,0.5377611727978352,630.0199999999985,86.62999999999991,71.15999999999985,96.69999999999902,4,4,1,0,670.0,0.0882,Bengali
G6qzg93FxwE__000021000_000116000,ic_lid_fallback__sortformer_stream,False,0.06664516822530357,0.03912716328066212,0.021175964742556144,0.006342040202085309,0.07804854703454309,93.03,3.639999999999997,1.969999999999998,0.5899999999999963,2,3,0,1,95.0,0.0061,Gujarati
GEc_sS2KWo8__000096000_000290000,ic_lid_fallback__sortformer_stream,False,0.4326071024052235,0.12159371044040244,0.10227197015124267,0.2087414218135783,0.6505817364941344,150.08999999999997,18.25,15.35000000000001,31.329999999999963,4,3,0,-1,194.0,0.0378,Gujarati
GfFLEIAAumk__000090000_000163000,ic_lid_fallback__sortformer_stream,False,0.19160211985324085,0.04402772115776607,0.04035874439461877,0.107215654300856,0.264371017015485,73.59,3.240000000000005,2.9699999999999953,7.8899999999999935,2,2,1,0,73.0,0.0285,Bengali
Gq45evw6ytY__000597000_001464000,ic_lid_fallback__sortformer_stream,False,0.5931828691954558,0.10804317666565191,0.08666914808423208,0.39847054444557184,0.708189221105127,886.5899999999982,95.79000000000013,76.83999999999916,353.27999999999884,3,4,0,1,867.0,0.0869,Odia
HZv_WvIr6lE__000021000_000105000,ic_lid_fallback__sortformer_stream,False,0.2412485098081714,0.11054513926519997,0.05202124200715269,0.07868212853581873,0.27128418923387093,92.27000000000001,10.200000000000003,4.799999999999979,7.259999999999995,3,3,1,0,84.0,0.1276,Tamil
HpYG46tGyYs__000103000_000998000,ic_lid_fallback__sortformer_stream,False,0.21804860490229092,0.024999129152491233,0.04080210861210118,0.1522473671376985,0.2892150015760006,861.2299999999998,21.53000000000002,35.13999999999989,131.12000000000006,4,4,1,0,895.0,0.0022,Devanagari (hi/mr)
IAm1rt-MYcA__000004000_000558000,ic_lid_fallback__sortformer_stream,False,0.45798792533648447,0.0836548935620256,0.10691800675738058,0.26741502501707826,0.6290525978261198,541.6299999999995,45.30999999999989,57.91,144.83999999999997,4,4,1,0,554.0,0.0445,Bengali
Iare1Emeueg__000016000_000069000,ic_lid_fallback__sortformer_stream,False,0.48520573277854856,0.2454923717059641,0.16458622283865024,0.07512713823393419,0.47826339723839795,43.25999999999999,10.620000000000005,7.120000000000008,3.249999999999992,2,2,1,0,53.0,0.0,Devanagari (hi/mr)
IfTL8SSN270__000062000_000671000,ic_lid_fallback__sortformer_stream,False,0.44613322085982005,0.10979724640737433,0.05126080800168727,0.2850751664507584,0.5413884161176081,663.8599999999994,72.88999999999946,34.030000000000086,189.25000000000034,4,4,1,0,609.0,0.1121,Devanagari (hi/mr)
Ig6szCD8m20__000046000_000106000,ic_lid_fallback__sortformer_stream,False,0.26015441423296426,0.02148371936891574,0.06461899966431724,0.1740516951997313,0.3397760347640376,59.57999999999998,1.2799999999999994,3.850000000000019,10.369999999999987,2,2,1,0,60.0,0.0204,Devanagari (hi/mr)
Iqhnt8ENm3U__000027000_000088000,ic_lid_fallback__sortformer_stream,False,0.5652043269230768,0.17893629807692296,0.09179687499999997,0.29447115384615385,0.6362920501309681,66.55999999999997,11.909999999999988,6.109999999999996,19.599999999999994,3,3,1,0,61.0,0.1772,Devanagari (hi/mr)
J4-VpEkBzWw__000000000_000600000,ic_lid_fallback__sortformer_stream,False,0.5601766712249102,0.03685889879127949,0.023435658037440937,0.4998821143961898,0.7345271857839017,636.2099999999987,23.449999999999875,14.910000000000267,318.02999999999923,7,4,0,-3,600.0,0.0685,Kannada
JBYGLQJwFDc__000103000_000407000,ic_lid_fallback__sortformer_stream,False,0.4405095345892642,0.1393546406783563,0.11909603652687736,0.1820588573840305,0.6587860477968376,260.62999999999994,36.31999999999999,31.04000000000004,47.449999999999854,3,2,0,-1,304.0,0.012,Tamil
JSB1CeS4pP8__000000000_000632000,ic_lid_fallback__sortformer_stream,False,0.2719220277684111,0.049790051184600816,0.04833420173475904,0.17379777484905123,0.36245584561492006,652.5399999999986,32.48999999999935,31.539999999999594,113.40999999999964,4,4,1,0,632.0,0.088,Punjabi
Jc5AVwg2cZM__000153000_000214000,ic_lid_fallback__sortformer_stream,False,0.8599457648747805,0.3035571861540914,0.25745732971765806,0.2989312490030309,0.7224607343102969,62.69,19.029999999999987,16.139999999999983,18.74000000000001,3,4,0,1,61.0,0.2816,Devanagari (hi/mr)
KAtdcDieQMw__000057000_000599000,ic_lid_fallback__sortformer_stream,False,0.6188323852406881,0.06016807878048252,0.055699726743086465,0.502964579717119,0.7408734007838301,581.8699999999991,35.00999999999931,32.40999999999967,292.6599999999996,3,4,0,1,542.0,0.1073,Odia
KPkRi3GM7fs__000047000_000642000,ic_lid_fallback__sortformer_stream,False,0.4057411128819902,0.017323816783313784,0.027302335250502362,0.36111496084817407,0.5875129210836301,577.24,10.00000000000005,15.759999999999984,208.45,3,2,0,-1,595.0,0.0031,Odia
Kdi-ECuOaKg__000002000_000078000,ic_lid_fallback__sortformer_stream,False,0.9355663513167992,0.3807210432114551,0.24776272053183354,0.3070825875735106,0.9001590809302461,39.11,14.89000000000001,9.69000000000001,12.009999999999998,6,3,0,-3,76.0,0.0,Malayalam
L7xRazDdtgw__000019000_000083000,ic_lid_fallback__sortformer_stream,False,0.8474337942348251,0.24630888211858448,0.18912584954300427,0.4119990625732364,0.8338517685402135,42.66999999999999,10.509999999999996,8.06999999999999,17.57999999999999,3,3,1,0,64.0,0.0012,Gujarati
LBIWBxQ5H1s__000090000_001020000,ic_lid_fallback__sortformer_stream,False,0.4884453453921715,0.10069130412183545,0.07254015281459522,0.31521388845574083,0.5876324632050239,961.9499999999986,96.85999999999947,69.77999999999977,303.21999999999946,4,4,1,0,930.0,0.0724,Malayalam
LK23jX9tgZM__000059000_000221000,ic_lid_fallback__sortformer_stream,False,0.48170493268532466,0.19848053181386519,0.06094631584827652,0.22227808502318297,0.6375322088346168,179.01000000000005,35.530000000000015,10.909999999999982,39.78999999999999,3,4,0,1,162.0,0.1712,Gujarati
LctYmmr9-Vg__000000000_000061000,ic_lid_fallback__sortformer_stream,False,0.14817136886102367,0.09467084639498426,0.05350052246603942,0.0,0.1423354659975359,47.85000000000001,4.529999999999998,2.5599999999999867,0.0,2,2,1,0,61.0,0.0,Devanagari (hi/mr)
LqQHdo7t5Ps__000198000_000498000,ic_lid_fallback__sortformer_stream,False,0.15141504614651083,0.014201546163539193,0.023601130674658372,0.11361236930831325,0.2516316338915181,293.63000000000005,4.170000000000014,6.929999999999939,33.36000000000003,3,3,1,0,300.0,0.0019,Devanagari (hi/mr)
Md3p6RTanBg__000315000_000426000,ic_lid_fallback__sortformer_stream,False,0.0984808337749518,0.020049461225931955,0.01598657481010445,0.0624447977389154,0.15308839726771095,113.21999999999998,2.2700000000000156,1.8100000000000254,7.07,3,3,1,0,111.0,0.0528,Bengali
MmtWBUK2DKE__000000000_000310000,ic_lid_fallback__sortformer_stream,False,0.59067036372533,0.03510030990050585,0.019474800195726425,0.5360952536290976,0.8322187506623593,306.55000000000007,10.760000000000069,5.969999999999937,164.33999999999992,5,2,0,-3,310.0,0.0432,Devanagari (hi/mr)
NLgHpYyf5bY__000313000_000383000,ic_lid_fallback__sortformer_stream,False,0.1503846712149802,0.023515749745971697,0.031499491943678175,0.09536942952533031,0.2771133213381312,68.89,1.6199999999999901,2.1699999999999897,6.570000000000006,2,2,1,0,70.0,0.0097,Devanagari (hi/mr)
NuhdqCEuIBo__000197000_000540000,ic_lid_fallback__sortformer_stream,False,0.29290598531108414,0.05974055210062719,0.07108084531614964,0.16208458789430732,0.4551793511866737,355.36999999999915,21.229999999999833,25.260000000000037,57.59999999999985,3,4,0,1,343.0,0.0562,Punjabi
O4_aeGFzZ8A__000000000_000335000,ic_lid_fallback__sortformer_stream,False,0.4270978966663559,0.04110355112312407,0.017895423618230863,0.368098921925001,0.6973045776484739,321.87,13.229999999999944,5.759999999999968,118.48000000000006,8,4,0,-4,335.0,0.0004,Kannada
OXUt5KnlUMo__000091000_000181000,ic_lid_fallback__sortformer_stream,False,0.2642121106865809,0.06865809887692471,0.04202848211184436,0.15352552969781186,0.3797409161994947,86.37,5.929999999999987,3.6299999999999972,13.26000000000001,2,2,1,0,90.0,0.0,Odia
OxYCBQKZ3iY__000000000_001822000,ic_lid_fallback__sortformer_stream,False,0.6964255364039698,0.0917557010320744,0.04662802487296935,0.5580418104989261,0.8310316056997022,1706.2699999999893,156.5599999999966,79.56000000000091,952.1699999999967,7,4,0,-3,1822.0,0.0659,Punjabi
PCUA2q2C-2A__000045000_000107000,ic_lid_fallback__sortformer_stream,False,0.03261406687530874,0.01762477351342448,0.014989293361884261,0.0,0.05247011843747366,60.71000000000001,1.0700000000000003,0.9099999999999936,0.0,3,3,1,0,62.0,0.0063,Devanagari (hi/mr)
PEDfT9-Yf2o__000000000_000469000,ic_lid_fallback__sortformer_stream,False,0.19833581718827586,0.026626924987580708,0.008941877794336549,0.1627670144063586,0.30540914715102746,402.6,10.719999999999994,3.599999999999895,65.52999999999997,3,3,1,0,469.0,0.011,Bengali
PQB3-4sZUeY__000000000_001132000,ic_lid_fallback__sortformer_stream,False,0.647587268993839,0.06754938752389576,0.09813778942151076,0.4819000920484325,0.7385758718387972,1129.8399999999933,76.31999999999793,110.87999999999906,544.4699999999978,4,4,1,0,1132.0,0.1069,Telugu
PRAzUz0GANs__000223000_000283000,ic_lid_fallback__sortformer_stream,False,0.6220698453197258,0.08260245574868441,0.10556530059001742,0.43390208898102395,0.5816041550980069,62.71,5.18,6.619999999999993,27.21000000000001,2,3,0,1,60.0,0.0822,Kannada
PSIzXy5-y2E__000002000_000918000,ic_lid_fallback__sortformer_stream,False,0.5566644189705552,0.12328613171499207,0.08287255563047911,0.350505731625084,0.6547704423215408,889.7999999999989,109.69999999999982,73.74000000000022,311.87999999999937,3,4,0,1,916.0,0.0434,Devanagari (hi/mr)
PVDfS7lcJHY__000000000_000360000,ic_lid_fallback__sortformer_stream,False,0.6032191798632234,0.072054502431287,0.0657617598876666,0.4654029175442697,0.7728394230504178,384.5699999999994,27.709999999999997,25.289999999999907,178.97999999999954,6,4,0,-2,360.0,0.1127,Kannada
Pjre5dpnKGA__000000000_000330000,ic_lid_fallback__sortformer_stream,False,0.5024577710251134,0.05454762117555923,0.07075401435934112,0.377156135490213,0.6718682683728051,335.66999999999973,18.309999999999953,23.750000000000014,126.5999999999997,4,4,1,0,330.0,0.0933,Kannada
QhpjuNTZoA8__000000000_000586000,ic_lid_fallback__sortformer_stream,False,0.3043385828059325,0.04268262767992922,0.027146805344322986,0.23450914978168033,0.4180278842320259,611.4899999999993,26.099999999999888,16.600000000000044,143.39999999999955,3,4,0,1,586.0,0.0512,Kannada
QuA_B6IZ6Ls__000061000_001863000,ic_lid_fallback__sortformer_stream,False,0.601304748203568,0.358524687773904,0.03471192357903366,0.20806813685063033,0.6095525375043428,2703.969999999993,969.4400000000007,93.8599999999994,562.6099999999974,4,4,1,0,1802.0,0.3694,Devanagari (hi/mr)
RL2fhIEEbZg__000000000_000065000,ic_lid_fallback__sortformer_stream,False,0.11348709332518701,0.008859019398197518,0.07744004887734841,0.027188025049641087,0.40001441753171857,65.46999999999997,0.5799999999999912,5.0699999999999985,1.7800000000000011,3,2,0,-1,65.0,0.0563,Telugu
RL2fhIEEbZg__000066000_001034000,ic_lid_fallback__sortformer_stream,False,0.31619527123747415,0.08160323806703165,0.08010267041808536,0.15448936275235714,0.34398344175161827,1012.9499999999989,82.65999999999963,81.13999999999947,156.49,3,4,0,1,968.0,0.0719,Telugu
RWTmftezCwI__000000000_000060000,ic_lid_fallback__sortformer_stream,False,0.16144038594073093,0.02997932460372167,0.02911784975878736,0.10234321157822189,0.2581487953510396,58.03999999999999,1.7400000000000055,1.6900000000000182,5.939999999999998,2,2,1,0,60.0,0.0244,Malayalam
RZUZyvRzi80__000000000_000336000,ic_lid_fallback__sortformer_stream,False,0.17865529600791008,0.041929304165121035,0.010876282288963158,0.12584970955382588,0.34332754320066866,323.6399999999999,13.569999999999766,3.520000000000035,40.73000000000019,4,3,0,-1,336.0,0.0001,Punjabi
SZ7ay4OjfAE__000000000_000897000,ic_lid_fallback__sortformer_stream,False,0.6127444196207913,0.14627612250143318,0.04483085865675517,0.421637438462603,0.7517694936821815,1011.5799999999967,147.9699999999993,45.35000000000025,426.51999999999856,5,4,0,-1,897.0,0.1794,Telugu
T3I2T-cfhG4__000160000_000210000,ic_lid_fallback__sortformer_stream,False,0.10623802427081092,0.022354694485841955,0.06450926123057253,0.019374068554396422,0.1247265640245089,46.970000000000006,1.0499999999999967,3.0299999999999923,0.9100000000000001,2,2,1,0,50.0,0.0,Devanagari (hi/mr)
TU3M6wSQV_g__000099000_000171000,ic_lid_fallback__sortformer_stream,False,0.1899396378269615,0.0519114688128771,0.028303152246814064,0.10972501676727034,0.36133817313953503,74.54999999999998,3.869999999999987,2.109999999999988,8.180000000000001,2,2,1,0,72.0,0.0451,Telugu
Tlha36rSd5o__000240000_000374000,ic_lid_fallback__sortformer_stream,False,0.1320060765971053,0.051731030622851046,0.07251938914208031,0.007755656832173973,0.10859212088140104,125.07000000000001,6.469999999999981,9.069999999999984,0.9699999999999989,2,2,1,0,134.0,0.0,Tamil
TrPnW5kLAyQ__000093000_000513000,ic_lid_fallback__sortformer_stream,False,0.33864632693915747,0.11978308795580682,0.050046879355345686,0.16881635962800495,0.45279059611408934,394.6299999999995,47.26999999999998,19.750000000000043,66.61999999999951,4,4,1,0,420.0,0.0501,Devanagari (hi/mr)
U_EHjxThUgc__000181000_000289000,ic_lid_fallback__sortformer_stream,False,0.288552338530067,0.05612472160356373,0.04668151447661479,0.1857461024498885,0.4678627164644184,112.25000000000001,6.300000000000029,5.240000000000011,20.849999999999987,3,3,1,0,108.0,0.0529,Bengali
VHlIFsHPWbk__000023000_000470000,ic_lid_fallback__sortformer_stream,False,0.633874058558759,0.028499487499443192,0.04235928517313582,0.56301528588618,0.7694596882358384,448.7800000000001,12.790000000000118,19.0099999999999,252.6699999999999,4,4,1,0,447.0,0.0269,Odia
VKY0uuZ6Om8__000575000_000935000,ic_lid_fallback__sortformer_stream,False,0.5400481674893289,0.15683048382096912,0.08143167131649863,0.30178601235186114,0.6058424367154676,419.3699999999996,65.76999999999975,34.15,126.55999999999989,3,4,0,1,360.0,0.1718,Devanagari (hi/mr)
VY_4x1scS-Y__000013000_000121000,ic_lid_fallback__sortformer_stream,False,0.6626342872618939,0.15103367337726853,0.026270650898257704,0.48532996298636777,0.8418451656607052,110.76999999999998,16.730000000000032,2.9100000000000055,53.75999999999995,4,3,0,-1,108.0,0.0427,Tamil
0AEEA8NyVwY__000011000_000609000,ic_lid_fallback__sortformer_stream+rule,False,0.07651542006380724,0.02915632754342448,0.02850053172633804,0.018858560794044715,0.09827321975151913,564.2,16.45000000000009,16.079999999999924,10.640000000000029,3,3,1,0,598.0,0.0047,Devanagari (hi/mr)
0SoItGfM_sY__000007000_000088000,ic_lid_fallback__sortformer_stream+rule,False,0.4057805122335098,0.06825010731148969,0.12533981971669747,0.2121905852053226,0.7362192095834003,69.89000000000001,4.770000000000016,8.759999999999987,14.83,5,3,0,-2,81.0,0.0,Kannada
0VEwL9XZ0LY__000261000_000557000,ic_lid_fallback__sortformer_stream+rule,False,0.5503058790999896,0.12152213735181283,0.06435558013341197,0.36442816161476493,0.716207248796412,289.32999999999987,35.15999999999999,18.620000000000076,105.43999999999988,2,3,0,1,296.0,0.0355,Devanagari (hi/mr)
0esIFSOAcFs__000000000_000913000,ic_lid_fallback__sortformer_stream+rule,False,0.37727695066876976,0.03214200825428319,0.006320361286976596,0.33881458112751,0.538302051657431,925.5799999999988,29.7499999999994,5.84999999999979,313.6000000000003,3,3,1,0,913.0,0.0232,Gujarati
0p6cktLGIfY__000012000_000930000,ic_lid_fallback__sortformer_stream+rule,False,0.4829664381089856,0.14770840851678055,0.13362203777216405,0.20163599182004097,0.7376432110791883,831.2999999999992,122.78999999999954,111.07999999999987,167.6199999999999,6,4,0,-2,918.0,0.0329,Gujarati
13VBh0Z6QmE__000000000_000904000,ic_lid_fallback__sortformer_stream+rule,False,0.5042949903052719,0.03040312034991232,0.025206294809939012,0.4486855751454205,0.6302646908835641,887.079999999999,26.97000000000019,22.360000000000674,398.0199999999992,4,4,1,0,904.0,0.029,Tamil
1LFl5JEipII__000000000_000597000,ic_lid_fallback__sortformer_stream+rule,False,0.6817413641587238,0.1377002636382072,0.04346650442777047,0.5005745960927461,0.8049963861053497,591.7199999999983,81.47999999999973,25.72000000000027,296.1999999999989,5,4,0,-1,597.0,0.1006,Bengali
2HGP34TNvjg__000084000_000194000,ic_lid_fallback__sortformer_stream+rule,False,0.5621690527554422,0.06305157874092955,0.07727005295155903,0.4218474210629536,0.6235088627486818,101.98,6.429999999999995,7.87999999999999,43.02000000000001,2,3,0,1,110.0,0.0128,Odia
2LN6vb7EBn0__000098000_000394000,ic_lid_fallback__sortformer_stream+rule,False,0.5805068497925888,0.03586990622930219,0.09777948199532907,0.4468574615679576,0.7054420098989272,286.8699999999999,10.289999999999914,28.05000000000004,128.18999999999994,3,4,0,1,296.0,0.0238,Tamil
2T4pjueLrsk__000677000_001290000,ic_lid_fallback__sortformer_stream+rule,False,0.7134763253743418,0.17256539494499826,0.12183142636400474,0.4190795040653388,0.7737071496090604,543.619999999999,93.80999999999977,66.23000000000013,227.81999999999903,4,4,1,0,613.0,0.0342,Gujarati
2gGHQgj9yno__000000000_000099000,ic_lid_fallback__sortformer_stream+rule,False,0.35867527598416976,0.1522599458446157,0.08873151426786051,0.1176838158716935,0.5855630282926126,96.02000000000001,14.620000000000001,8.519999999999968,11.300000000000011,4,3,0,-1,99.0,0.0798,Gujarati
2iMXYxBTwbM__000339000_000401000,ic_lid_fallback__sortformer_stream+rule,False,0.8040966386554622,0.25227591036414554,0.27871148459383727,0.27310924369747935,0.8020606887425551,57.120000000000005,14.409999999999993,15.919999999999987,15.600000000000023,3,2,0,-1,62.0,0.1275,Devanagari (hi/mr)
37dND_0r6S8__000060000_000222000,ic_lid_fallback__sortformer_stream+rule,False,0.48444813081343696,0.10480478701344866,0.13419041412405971,0.2454529296759286,0.5373771006798024,168.78999999999996,17.689999999999994,22.650000000000034,41.42999999999998,2,3,0,1,162.0,0.0896,Tamil
4Qg2jWP6_T0__000136000_000202000,ic_lid_fallback__sortformer_stream+rule,False,0.8281005824691006,0.1643699389117772,0.22346924279016894,0.44026140076715436,0.7898318720925855,70.38999999999999,11.569999999999995,15.72999999999999,30.98999999999999,3,2,0,-1,66.0,0.2093,Punjabi
6-726qTlYeg__000102000_000162000,ic_lid_fallback__sortformer_stream+rule,False,0.6028715003589377,0.11414213926776734,0.14773869346733665,0.3409906676238336,0.6082919124644599,69.64999999999999,7.949999999999994,10.289999999999996,23.750000000000007,2,3,0,1,60.0,0.161,Malayalam
6ZeRgvDHwcI__000006000_000100000,ic_lid_fallback__sortformer_stream+rule,False,0.6791469194312801,0.3837282780410745,0.16603475513428165,0.12938388625592398,0.6190962625304552,63.29999999999998,24.29000000000001,10.510000000000025,8.189999999999985,2,2,1,0,94.0,0.0125,Gujarati
6f6TLzlP8Wk__000082000_000144000,ic_lid_fallback__sortformer_stream+rule,False,0.5459330956019699,0.10918661912039408,0.12922397690609608,0.3075224995754797,0.5914351447403314,58.89000000000001,6.430000000000009,7.609999999999999,18.110000000000003,2,2,1,0,62.0,0.051,Punjabi
7L4gi7Ncc0s__000090000_000148000,ic_lid_fallback__sortformer_stream+rule,False,0.16687623495599058,0.07328902460930481,0.04167415124842824,0.05191305909825753,0.24190388018858106,55.67,4.079999999999999,2.3200000000000003,2.889999999999997,2,2,1,0,58.0,0.0,Malayalam
7WhVNRHbjIY__000091000_001089000,ic_lid_fallback__sortformer_stream+rule,False,0.34885820925472577,0.014748966569009089,0.025855841393426313,0.30825340129229034,0.48007593560722306,996.6799999999997,14.699999999999974,25.77000000000013,307.22999999999985,5,4,0,-1,998.0,0.0133,Tamil
7YfsQPYY-W0__000351000_000411000,ic_lid_fallback__sortformer_stream+rule,False,0.5684046692607005,0.13525291828793773,0.13867704280155638,0.29447470817120647,0.5949723912026206,64.24999999999997,8.689999999999996,8.909999999999993,18.92000000000001,2,2,1,0,60.0,0.1219,Odia
7c9ePKgqams__000299000_000869000,ic_lid_fallback__sortformer_stream+rule,False,0.5373021036651489,0.033109231547748356,0.04227210294223959,0.46192076917516095,0.7571871939682744,553.3199999999999,18.320000000000118,23.390000000000008,255.59000000000003,4,4,1,0,570.0,0.0055,Telugu
7k-xDqNjESc__000073000_000981000,ic_lid_fallback__sortformer_stream+rule,False,0.4541160217916884,0.09916554328813912,0.097561247340101,0.25738923116344825,0.7120514125831534,897.5899999999988,89.01000000000067,87.57000000000114,231.0299999999992,4,3,0,-1,908.0,0.0421,Malayalam
83gP2vLH7UY__000255000_002005000,ic_lid_fallback__sortformer_stream+rule,False,0.7291277243323131,0.13365498478190616,0.09680371106174422,0.4986690284886628,0.790780039064397,2043.6199999999933,273.13999999999817,197.83000000000106,1019.0899999999978,5,4,0,-1,1750.0,0.2022,Devanagari (hi/mr)
86mMTUeDiR8__000181000_001079000,ic_lid_fallback__sortformer_stream+rule,False,0.577233796999331,0.12518981959545578,0.11892121727510113,0.333122760128774,0.7247018652056123,823.1499999999985,103.04999999999924,97.88999999999932,274.2099999999998,5,4,0,-1,898.0,0.0517,Bengali
87Zbup3ohcw__000106000_000445000,ic_lid_fallback__sortformer_stream+rule,False,0.3870060908948927,0.05731688271122932,0.05697329376854576,0.2727159144151176,0.6238839493025078,320.15,18.350000000000065,18.239999999999924,87.3099999999999,4,3,0,-1,339.0,0.0152,Tamil
8Ve4SWhlrrA__000000000_000070000,ic_lid_fallback__sortformer_stream+rule,False,0.04889515749882451,0.001253721987149323,0.024134148252624877,0.023507287259050307,0.38098091483356533,63.809999999999995,0.0799999999999983,1.5399999999999934,1.5,2,2,1,0,70.0,0.0,Odia
8mvORuRHw2U__000000000_001197000,ic_lid_fallback__sortformer_stream+rule,False,0.5947796984439142,0.05955215126108392,0.06089776765690152,0.47432977952592875,0.6941669557951459,1159.3199999999968,69.03999999999962,70.59999999999887,549.8999999999982,4,4,1,0,1197.0,0.0417,Gujarati
8o7jKmq6HsM__000030000_001770000,ic_lid_fallback__sortformer_stream+rule,False,0.6202200015843727,0.0615359369872001,0.024563448502201095,0.5341206160949716,0.7612414993884652,1767.2599999999984,108.74999999999915,43.40999999999987,943.9299999999987,6,4,0,-2,1740.0,0.0471,Devanagari (hi/mr)
8pkp-lpMJP0__000326000_000926000,ic_lid_fallback__sortformer_stream+rule,False,0.5273087525844249,0.16090914311968796,0.050970594991960036,0.3154290144727769,0.792418795242406,696.4799999999987,112.07000000000005,35.500000000000256,219.68999999999923,8,4,0,-4,600.0,0.2032,Telugu
8r2Nltl0W4o__000259000_000320000,ic_lid_fallback__sortformer_stream+rule,False,0.17118894918598931,0.04982733103108058,0.03584936688044731,0.08551225127446144,0.569016393442623,60.81,3.03000000000001,2.180000000000001,5.2,2,1,0,-1,61.0,0.0227,Punjabi
90uAd6xpTPo__000016000_000408000,ic_lid_fallback__sortformer_stream+rule,False,0.5539454257122544,0.03119702520916492,0.02753322032044603,0.49521518018264343,0.764247591676548,365.7400000000001,11.409999999999982,10.069999999999935,181.12000000000006,4,2,0,-2,392.0,0.0067,Devanagari (hi/mr)
9Aw8kg8w5Xo__000000000_000083000,ic_lid_fallback__sortformer_stream+rule,False,0.25415241817293593,0.02650219833903282,0.022594040058622235,0.20505617977528082,0.6512253037008615,81.88000000000002,2.170000000000008,1.8499999999999892,16.79,4,3,0,-1,83.0,0.0216,Telugu
9_GMxc_JjyI__000236000_000368000,ic_lid_fallback__sortformer_stream+rule,False,0.19496261885751598,0.06786673441242642,0.041010379618204036,0.08608550482688553,0.4550422838163431,137.77,9.349999999999989,5.64999999999997,11.860000000000019,2,2,1,0,132.0,0.0602,Kannada
ARCKJrGkITw__000014000_000496000,ic_lid_fallback__sortformer_stream+rule,False,0.48337873583639324,0.09518733467566845,0.050455999052469724,0.33773540210825503,0.5783841507181274,506.5799999999995,48.22000000000007,25.560000000000088,171.08999999999966,3,3,1,0,482.0,0.0844,Telugu
ARZl7LT0UC0__000073000_000130000,ic_lid_fallback__sortformer_stream+rule,False,0.25890968266883696,0.06981285598047196,0.05988608624898318,0.12921074043938183,0.3835588117909081,61.44999999999999,4.290000000000001,3.6800000000000157,7.940000000000012,3,3,1,0,57.0,0.0905,Telugu
A_dohDOK6Ic__000000000_000600000,ic_lid_fallback__sortformer_stream+rule,False,0.36678081007228985,0.019681090242467846,0.01942167341150369,0.3276780464183183,0.5074922310812003,578.2200000000001,11.379999999999761,11.229999999999666,189.47000000000006,3,3,1,0,600.0,0.0048,Devanagari (hi/mr)
B2ScTgeIIck__000117000_000180000,ic_lid_fallback__sortformer_stream+rule,False,0.43710597418192737,0.08210747523266286,0.08661062743920762,0.2683878715100569,0.5133612366063601,66.62,5.47,5.770000000000012,17.879999999999992,2,2,1,0,63.0,0.0879,Odia
BGAAfht5dYw__000000000_000612000,ic_lid_fallback__sortformer_stream+rule,False,0.41628599216056067,0.07942589372550167,0.044664171406678534,0.29219592702838043,0.6181435158172819,678.6199999999995,53.899999999999906,30.310000000000166,198.2899999999994,4,4,1,0,612.0,0.135,Gujarati
BYLcUGNB_zM__000020000_001387000,ic_lid_fallback__sortformer_stream+rule,False,0.14815093035659332,0.027719142734805614,0.01473095905229113,0.1057008285694966,0.21943796468989785,1331.2099999999991,36.90000000000056,19.61000000000046,140.70999999999947,4,4,1,0,1367.0,0.0054,Kannada
Bngfppo1QtA__000028000_000927000,ic_lid_fallback__sortformer_stream+rule,False,0.6362938366887025,0.13208092773739413,0.14968041720262787,0.35453249174868057,0.6818752667939683,1002.8699999999983,132.46000000000024,150.10999999999916,355.5499999999987,5,4,0,-1,899.0,0.1261,Telugu
CO_8ppdzq9U__000000000_000695000,ic_lid_fallback__sortformer_stream+rule,False,0.6250114970720791,0.02103197718980921,0.03743446668915031,0.5665450531931195,0.7984619053431203,652.3399999999991,13.720000000000121,24.420000000000282,369.57999999999913,4,4,1,0,695.0,0.0186,Tamil
Cku_X_SL7qU__000060000_000660000,ic_lid_fallback__sortformer_stream+rule,False,0.6594814561131368,0.15904832893490972,0.3696891557041843,0.13074397147404276,0.5141505625313102,496.38999999999953,78.94999999999976,183.50999999999988,64.90000000000002,3,4,0,1,600.0,0.1022,Gujarati
DPmew0didIM__000191000_000512000,ic_lid_fallback__sortformer_stream+rule,False,0.4820575627679118,0.0997244335578687,0.08894672382118822,0.2933864053888549,0.648766220290207,326.5999999999999,32.56999999999991,29.050000000000065,95.81999999999998,5,4,0,-1,321.0,0.062,Telugu
EmsKkNN2Me4__000035000_000095000,ic_lid_fallback__sortformer_stream+rule,False,0.4588758859403326,0.04961265864512951,0.09906049118180278,0.31020273611340027,0.5524511683674089,60.669999999999995,3.010000000000007,6.009999999999974,18.819999999999993,2,2,1,0,60.0,0.0471,Malayalam
ExGJodnzocM__000212000_000527000,ic_lid_fallback__sortformer_stream+rule,False,0.42438331396099627,0.03106031254035894,0.0346764819837268,0.3586465194369105,0.5843487480827666,309.72,9.619999999999973,10.739999999999867,111.07999999999993,4,4,1,0,315.0,0.0133,Devanagari (hi/mr)
F2uXav-wriA__000000000_000907000,ic_lid_fallback__sortformer_stream+rule,False,0.4035028149576111,0.05730684133277752,0.013954303489671012,0.33224167013516254,0.5163592977735949,912.9799999999991,52.31999999999917,12.739999999999828,303.3300000000004,4,4,1,0,907.0,0.0336,Devanagari (hi/mr)
FDMf9ApmoNU__000016000_000686000,ic_lid_fallback__sortformer_stream+rule,False,0.4267642297069923,0.13750357131519653,0.11294879527634047,0.17631186311545521,0.5575346551489699,630.0199999999985,86.62999999999991,71.15999999999985,111.07999999999883,4,4,1,0,670.0,0.0882,Bengali
G6qzg93FxwE__000021000_000116000,ic_lid_fallback__sortformer_stream+rule,False,0.06664516822530357,0.03912716328066212,0.021175964742556144,0.006342040202085309,0.07804854703454309,93.03,3.639999999999997,1.969999999999998,0.5899999999999963,2,3,0,1,95.0,0.0061,Gujarati
GEc_sS2KWo8__000096000_000290000,ic_lid_fallback__sortformer_stream+rule,False,0.40222533146778583,0.12159371044040244,0.10227197015124267,0.17835965087614075,0.6315802600839326,150.08999999999997,18.25,15.35000000000001,26.76999999999996,4,3,0,-1,194.0,0.0378,Gujarati
GfFLEIAAumk__000090000_000163000,ic_lid_fallback__sortformer_stream+rule,False,0.16986003533088725,0.04402772115776607,0.04035874439461877,0.0854735697785024,0.227741685828662,73.59,3.240000000000005,2.9699999999999953,6.289999999999992,2,2,1,0,73.0,0.0285,Bengali
Gq45evw6ytY__000597000_001464000,ic_lid_fallback__sortformer_stream+rule,False,0.6105866296709856,0.10804317666565191,0.08666914808423208,0.41587430492110167,0.7212615368758067,886.5899999999982,95.79000000000013,76.83999999999916,368.7099999999988,3,4,0,1,867.0,0.0869,Odia
HZv_WvIr6lE__000021000_000105000,ic_lid_fallback__sortformer_stream+rule,False,0.2332285683320687,0.11054513926519997,0.05202124200715269,0.07066218705971605,0.2587673681157155,92.27000000000001,10.200000000000003,4.799999999999979,6.5200000000000005,3,3,1,0,84.0,0.1276,Tamil
HpYG46tGyYs__000103000_000998000,ic_lid_fallback__sortformer_stream+rule,False,0.21721259129384715,0.024999129152491233,0.04080210861210118,0.15141135352925475,0.28736223131177946,861.2299999999998,21.53000000000002,35.13999999999989,130.40000000000003,4,4,1,0,895.0,0.0022,Devanagari (hi/mr)
IAm1rt-MYcA__000004000_000558000,ic_lid_fallback__sortformer_stream+rule,False,0.47973708989531605,0.0836548935620256,0.10691800675738058,0.2891641895759098,0.6448787865263157,541.6299999999995,45.30999999999989,57.91,156.6199999999999,4,4,1,0,554.0,0.0445,Bengali
Iare1Emeueg__000016000_000069000,ic_lid_fallback__sortformer_stream+rule,False,0.48520573277854856,0.2454923717059641,0.16458622283865024,0.07512713823393419,0.47826339723839795,43.25999999999999,10.620000000000005,7.120000000000008,3.249999999999992,2,2,1,0,53.0,0.0,Devanagari (hi/mr)
IfTL8SSN270__000062000_000671000,ic_lid_fallback__sortformer_stream+rule,False,0.44143343476034125,0.10979724640737433,0.05126080800168727,0.2803753803512796,0.5353702948923209,663.8599999999994,72.88999999999946,34.030000000000086,186.13000000000034,4,4,1,0,609.0,0.1121,Devanagari (hi/mr)
Ig6szCD8m20__000046000_000106000,ic_lid_fallback__sortformer_stream+rule,False,0.22121517287680453,0.02148371936891574,0.06461899966431724,0.13511245384357157,0.2826725738646773,59.57999999999998,1.2799999999999994,3.850000000000019,8.04999999999999,2,2,1,0,60.0,0.0204,Devanagari (hi/mr)
Iqhnt8ENm3U__000027000_000088000,ic_lid_fallback__sortformer_stream+rule,False,0.5652043269230768,0.17893629807692296,0.09179687499999997,0.29447115384615385,0.6376182438224925,66.55999999999997,11.909999999999988,6.109999999999996,19.599999999999994,3,3,1,0,61.0,0.1772,Devanagari (hi/mr)
J4-VpEkBzWw__000000000_000600000,ic_lid_fallback__sortformer_stream+rule,False,0.5582905015639492,0.03685889879127949,0.023435658037440937,0.4979959447352288,0.7324507339859174,636.2099999999987,23.449999999999875,14.910000000000267,316.82999999999925,7,4,0,-3,600.0,0.0685,Kannada
JBYGLQJwFDc__000103000_000407000,ic_lid_fallback__sortformer_stream+rule,False,0.48248474849403356,0.1393546406783563,0.11909603652687736,0.22403407128879987,0.6906920370949216,260.62999999999994,36.31999999999999,31.04000000000004,58.389999999999894,3,2,0,-1,304.0,0.012,Tamil
JSB1CeS4pP8__000000000_000632000,ic_lid_fallback__sortformer_stream+rule,False,0.308364238207618,0.049790051184600816,0.04833420173475904,0.21023998528825813,0.4057554089940157,652.5399999999986,32.48999999999935,31.539999999999594,137.18999999999966,4,4,1,0,632.0,0.088,Punjabi
Jc5AVwg2cZM__000153000_000214000,ic_lid_fallback__sortformer_stream+rule,False,0.8696761843994253,0.3035571861540914,0.25745732971765806,0.3086616685276759,0.7254294469411113,62.69,19.029999999999987,16.139999999999983,19.35,3,4,0,1,61.0,0.2816,Devanagari (hi/mr)
KAtdcDieQMw__000057000_000599000,ic_lid_fallback__sortformer_stream+rule,False,0.6145015209582881,0.06016807878048252,0.055699726743086465,0.4986337154347192,0.7370500888770256,581.8699999999991,35.00999999999931,32.40999999999967,290.1399999999996,3,4,0,1,542.0,0.1073,Odia
KPkRi3GM7fs__000047000_000642000,ic_lid_fallback__sortformer_stream+rule,False,0.4057411128819902,0.017323816783313784,0.027302335250502362,0.36111496084817407,0.5875129210836301,577.24,10.00000000000005,15.759999999999984,208.45,3,2,0,-1,595.0,0.0031,Odia
Kdi-ECuOaKg__000002000_000078000,ic_lid_fallback__sortformer_stream+rule,False,0.9703400664791618,0.3807210432114551,0.24776272053183354,0.34185630273587314,0.9137377550984341,39.11,14.89000000000001,9.69000000000001,13.369999999999997,6,3,0,-3,76.0,0.0,Malayalam
L7xRazDdtgw__000019000_000083000,ic_lid_fallback__sortformer_stream+rule,False,0.8603234122334192,0.24630888211858448,0.18912584954300427,0.4248886805718305,0.8938086587950348,42.66999999999999,10.509999999999996,8.06999999999999,18.130000000000003,3,3,1,0,64.0,0.0012,Gujarati
LBIWBxQ5H1s__000090000_001020000,ic_lid_fallback__sortformer_stream+rule,False,0.4968553459119492,0.10069130412183545,0.07254015281459522,0.3236238889755185,0.5959336554570663,961.9499999999986,96.85999999999947,69.77999999999977,311.3099999999996,4,4,1,0,930.0,0.0724,Malayalam
LK23jX9tgZM__000059000_000221000,ic_lid_fallback__sortformer_stream+rule,False,0.47952628344785186,0.19848053181386519,0.06094631584827652,0.2200994357857102,0.6368583552745058,179.01000000000005,35.530000000000015,10.909999999999982,39.39999999999999,3,4,0,1,162.0,0.1712,Gujarati
LctYmmr9-Vg__000000000_000061000,ic_lid_fallback__sortformer_stream+rule,False,0.19707419017763816,0.09467084639498426,0.05350052246603942,0.048902821316614484,0.22494848645380247,47.85000000000001,4.529999999999998,2.5599999999999867,2.3400000000000034,2,2,1,0,61.0,0.0,Devanagari (hi/mr)
LqQHdo7t5Ps__000198000_000498000,ic_lid_fallback__sortformer_stream+rule,False,0.15141504614651083,0.014201546163539193,0.023601130674658372,0.11361236930831325,0.2516316338915181,293.63000000000005,4.170000000000014,6.929999999999939,33.36000000000003,3,3,1,0,300.0,0.0019,Devanagari (hi/mr)
Md3p6RTanBg__000315000_000426000,ic_lid_fallback__sortformer_stream+rule,False,0.0984808337749518,0.020049461225931955,0.01598657481010445,0.0624447977389154,0.15308839726771095,113.21999999999998,2.2700000000000156,1.8100000000000254,7.07,3,3,1,0,111.0,0.0528,Bengali
MmtWBUK2DKE__000000000_000310000,ic_lid_fallback__sortformer_stream+rule,False,0.5982384602838032,0.03510030990050585,0.019474800195726425,0.543663350187571,0.836917285195122,306.55000000000007,10.760000000000069,5.969999999999937,166.6599999999999,5,2,0,-3,310.0,0.0432,Devanagari (hi/mr)
NLgHpYyf5bY__000313000_000383000,ic_lid_fallback__sortformer_stream+rule,False,0.1503846712149802,0.023515749745971697,0.031499491943678175,0.09536942952533031,0.2771133213381312,68.89,1.6199999999999901,2.1699999999999897,6.570000000000006,2,2,1,0,70.0,0.0097,Devanagari (hi/mr)
NuhdqCEuIBo__000197000_000540000,ic_lid_fallback__sortformer_stream+rule,False,0.31012747277485425,0.05974055210062719,0.07108084531614964,0.17930607535807744,0.5194754118805102,355.36999999999915,21.229999999999833,25.260000000000037,63.71999999999983,3,4,0,1,343.0,0.0562,Punjabi
O4_aeGFzZ8A__000000000_000335000,ic_lid_fallback__sortformer_stream+rule,False,0.4270978966663559,0.04110355112312407,0.017895423618230863,0.368098921925001,0.6973045776484739,321.87,13.229999999999944,5.759999999999968,118.48000000000006,8,4,0,-4,335.0,0.0004,Kannada
OXUt5KnlUMo__000091000_000181000,ic_lid_fallback__sortformer_stream+rule,False,0.2642121106865809,0.06865809887692471,0.04202848211184436,0.15352552969781186,0.3797409161994947,86.37,5.929999999999987,3.6299999999999972,13.26000000000001,2,2,1,0,90.0,0.0,Odia
OxYCBQKZ3iY__000000000_001822000,ic_lid_fallback__sortformer_stream+rule,False,0.7007917855907926,0.0917557010320744,0.04662802487296935,0.5624080596857489,0.8341619894778132,1706.2699999999893,156.5599999999966,79.56000000000091,959.6199999999967,7,4,0,-3,1822.0,0.0659,Punjabi
PCUA2q2C-2A__000045000_000107000,ic_lid_fallback__sortformer_stream+rule,False,0.03261406687530874,0.01762477351342448,0.014989293361884261,0.0,0.05247011843747366,60.71000000000001,1.0700000000000003,0.9099999999999936,0.0,3,3,1,0,62.0,0.0063,Devanagari (hi/mr)
PEDfT9-Yf2o__000000000_000469000,ic_lid_fallback__sortformer_stream+rule,False,0.2009190263288621,0.026626924987580708,0.008941877794336549,0.16535022354694484,0.30987092152602386,402.6,10.719999999999994,3.599999999999895,66.57,3,3,1,0,469.0,0.011,Bengali
PQB3-4sZUeY__000000000_001132000,ic_lid_fallback__sortformer_stream+rule,False,0.6660412093747782,0.06754938752389576,0.09813778942151076,0.5003540324293716,0.75163016570233,1129.8399999999933,76.31999999999793,110.87999999999906,565.3199999999979,4,4,1,0,1132.0,0.1069,Telugu
PRAzUz0GANs__000223000_000283000,ic_lid_fallback__sortformer_stream+rule,False,0.6220698453197258,0.08260245574868441,0.10556530059001742,0.43390208898102395,0.5816041550980069,62.71,5.18,6.619999999999993,27.21000000000001,2,3,0,1,60.0,0.0822,Kannada
PSIzXy5-y2E__000002000_000918000,ic_lid_fallback__sortformer_stream+rule,False,0.5637334232411779,0.12328613171499207,0.08287255563047911,0.35757473589570676,0.6608632878932047,889.7999999999989,109.69999999999982,73.74000000000022,318.1699999999995,3,4,0,1,916.0,0.0434,Devanagari (hi/mr)
PVDfS7lcJHY__000000000_000360000,ic_lid_fallback__sortformer_stream+rule,False,0.6109420911667571,0.072054502431287,0.0657617598876666,0.47312582884780346,0.7927968852279795,384.5699999999994,27.709999999999997,25.289999999999907,181.9499999999995,6,4,0,-2,360.0,0.1127,Kannada
Pjre5dpnKGA__000000000_000330000,ic_lid_fallback__sortformer_stream+rule,False,0.4751690648553639,0.05454762117555923,0.07075401435934112,0.34986742932046355,0.657759305947635,335.66999999999973,18.309999999999953,23.750000000000014,117.43999999999991,4,4,1,0,330.0,0.0933,Kannada
QhpjuNTZoA8__000000000_000586000,ic_lid_fallback__sortformer_stream+rule,False,0.30456753176666823,0.04268262767992922,0.027146805344322986,0.23473809874241602,0.42094236385141803,611.4899999999993,26.099999999999888,16.600000000000044,143.53999999999982,3,3,1,0,586.0,0.0512,Kannada
QuA_B6IZ6Ls__000061000_001863000,ic_lid_fallback__sortformer_stream+rule,False,0.601338032596516,0.358524687773904,0.03471192357903366,0.20810142124357828,0.6092726774904235,2703.969999999993,969.4400000000007,93.8599999999994,562.6999999999969,4,4,1,0,1802.0,0.3694,Devanagari (hi/mr)
RL2fhIEEbZg__000000000_000065000,ic_lid_fallback__sortformer_stream+rule,False,0.11348709332518701,0.008859019398197518,0.07744004887734841,0.027188025049641087,0.40001441753171857,65.46999999999997,0.5799999999999912,5.0699999999999985,1.7800000000000011,3,2,0,-1,65.0,0.0563,Telugu
RL2fhIEEbZg__000066000_001034000,ic_lid_fallback__sortformer_stream+rule,False,0.3241127400167823,0.08160323806703165,0.08010267041808536,0.16240683153166527,0.35467612479090854,1012.9499999999989,82.65999999999963,81.13999999999947,164.51000000000016,3,4,0,1,968.0,0.0719,Telugu
RWTmftezCwI__000000000_000060000,ic_lid_fallback__sortformer_stream+rule,False,0.16144038594073093,0.02997932460372167,0.02911784975878736,0.10234321157822189,0.2581487953510396,58.03999999999999,1.7400000000000055,1.6900000000000182,5.939999999999998,2,2,1,0,60.0,0.0244,Malayalam
RZUZyvRzi80__000000000_000336000,ic_lid_fallback__sortformer_stream+rule,False,0.17865529600791008,0.041929304165121035,0.010876282288963158,0.12584970955382588,0.34332754320066866,323.6399999999999,13.569999999999766,3.520000000000035,40.73000000000019,4,3,0,-1,336.0,0.0001,Punjabi
SZ7ay4OjfAE__000000000_000897000,ic_lid_fallback__sortformer_stream+rule,False,0.6315565748630858,0.14627612250143318,0.04483085865675517,0.44044959370489745,0.7668448986242294,1011.5799999999967,147.9699999999993,45.35000000000025,445.5499999999987,5,4,0,-1,897.0,0.1794,Telugu
T3I2T-cfhG4__000160000_000210000,ic_lid_fallback__sortformer_stream+rule,False,0.10623802427081092,0.022354694485841955,0.06450926123057253,0.019374068554396422,0.1247265640245089,46.970000000000006,1.0499999999999967,3.0299999999999923,0.9100000000000001,2,2,1,0,50.0,0.0,Devanagari (hi/mr)
TU3M6wSQV_g__000099000_000171000,ic_lid_fallback__sortformer_stream+rule,False,0.17665995975855103,0.0519114688128771,0.028303152246814064,0.09644533869885989,0.34832957635205997,74.54999999999998,3.869999999999987,2.109999999999988,7.190000000000003,2,2,1,0,72.0,0.0451,Telugu
Tlha36rSd5o__000240000_000374000,ic_lid_fallback__sortformer_stream+rule,False,0.1320060765971053,0.051731030622851046,0.07251938914208031,0.007755656832173973,0.10859212088140104,125.07000000000001,6.469999999999981,9.069999999999984,0.9699999999999989,2,2,1,0,134.0,0.0,Tamil
TrPnW5kLAyQ__000093000_000513000,ic_lid_fallback__sortformer_stream+rule,False,0.3496693104933726,0.11978308795580682,0.050046879355345686,0.17983934318222008,0.47075543736077896,394.6299999999995,47.26999999999998,19.750000000000043,70.96999999999942,4,4,1,0,420.0,0.0501,Devanagari (hi/mr)
U_EHjxThUgc__000181000_000289000,ic_lid_fallback__sortformer_stream+rule,False,0.288552338530067,0.05612472160356373,0.04668151447661479,0.1857461024498885,0.4678627164644184,112.25000000000001,6.300000000000029,5.240000000000011,20.849999999999987,3,3,1,0,108.0,0.0529,Bengali
VHlIFsHPWbk__000023000_000470000,ic_lid_fallback__sortformer_stream+rule,False,0.6326262311154685,0.028499487499443192,0.04235928517313582,0.5617674584428893,0.768077753401605,448.7800000000001,12.790000000000118,19.0099999999999,252.10999999999993,4,4,1,0,447.0,0.0269,Odia
VKY0uuZ6Om8__000575000_000935000,ic_lid_fallback__sortformer_stream+rule,False,0.5229272480148792,0.15683048382096912,0.08143167131649863,0.28466509287741143,0.5800201089889195,419.3699999999996,65.76999999999975,34.15,119.37999999999991,3,4,0,1,360.0,0.1718,Devanagari (hi/mr)
VY_4x1scS-Y__000013000_000121000,ic_lid_fallback__sortformer_stream+rule,False,0.6619120700550691,0.15103367337726853,0.026270650898257704,0.48460774577954285,0.8406722497151292,110.76999999999998,16.730000000000032,2.9100000000000055,53.67999999999995,4,3,0,-1,108.0,0.0427,Tamil
0AEEA8NyVwY__000011000_000609000,ic_lid_fallback__sortformer+rule,False,0.07309464728819531,0.04369018078695484,0.025753278979085265,0.0036511875221552173,0.08834860497767826,564.2,24.64999999999992,14.529999999999907,2.059999999999974,3,3,1,0,598.0,0.0047,Devanagari (hi/mr)
0SoItGfM_sY__000007000_000088000,ic_lid_fallback__sortformer+rule,False,0.40578051223350964,0.06710545142366586,0.12419516382887372,0.2144798969809701,0.7402104472934881,69.89000000000001,4.690000000000008,8.679999999999986,14.990000000000002,5,3,0,-2,81.0,0.0,Kannada
0VEwL9XZ0LY__000261000_000557000,ic_lid_fallback__sortformer+rule,False,0.24484153043237808,0.14184495213078485,0.060622818235233064,0.042373760066360164,0.25151836381187787,289.32999999999987,41.039999999999964,17.539999999999974,12.25999999999998,2,2,1,0,296.0,0.0355,Devanagari (hi/mr)
0esIFSOAcFs__000000000_000913000,ic_lid_fallback__sortformer+rule,True,1.0,1.0,0.0,0.0,1.0,925.5799999999994,925.5799999999994,0.0,0.0,3,0,0,-3,913.0,0.0232,Gujarati
0p6cktLGIfY__000012000_000930000,ic_lid_fallback__sortformer+rule,True,1.0,1.0,0.0,0.0,1.0,831.3,831.3,0.0,0.0,6,0,0,-6,918.0,0.0329,Gujarati
13VBh0Z6QmE__000000000_000904000,ic_lid_fallback__sortformer+rule,True,1.0,1.0,0.0,0.0,1.0,887.0799999999995,887.0799999999995,0.0,0.0,4,0,0,-4,904.0,0.029,Tamil
1LFl5JEipII__000000000_000597000,ic_lid_fallback__sortformer+rule,False,0.5302338944095176,0.18177516392888432,0.013114310822686888,0.33534441965794637,0.6602942185744737,591.7199999999984,107.55999999999915,7.7600000000002645,198.4299999999995,5,4,0,-1,597.0,0.1006,Bengali
2HGP34TNvjg__000084000_000194000,ic_lid_fallback__sortformer+rule,False,0.31457148460482415,0.12953520298097648,0.06373798784075299,0.12129829378309473,0.3493976597877109,101.98,13.209999999999983,6.49999999999999,12.370000000000001,2,3,0,1,110.0,0.0128,Odia
2LN6vb7EBn0__000098000_000394000,ic_lid_fallback__sortformer+rule,False,0.34510405410116063,0.1371352877610072,0.11789312232021451,0.09007564401993896,0.3740061301092898,286.8699999999999,39.34000000000012,33.81999999999992,25.839999999999883,3,3,1,0,296.0,0.0238,Tamil
2T4pjueLrsk__000677000_001290000,ic_lid_fallback__sortformer+rule,False,0.5034215076707984,0.181542253780214,0.10696810271881091,0.21491115117177353,0.6846149721247209,543.6199999999991,98.68999999999977,58.14999999999989,116.82999999999933,4,3,0,-1,613.0,0.0342,Gujarati
2gGHQgj9yno__000000000_000099000,ic_lid_fallback__sortformer+rule,False,0.4011664236617369,0.2844199125182253,0.06259112684857306,0.05415538429493856,0.5161253679633243,96.01999999999998,27.309999999999988,6.009999999999984,5.199999999999999,4,4,1,0,99.0,0.0798,Gujarati
2iMXYxBTwbM__000339000_000401000,ic_lid_fallback__sortformer+rule,False,0.8123249299719888,0.2787114845938374,0.2645308123249297,0.26908263305322166,0.8102159922065358,57.120000000000005,15.919999999999991,15.109999999999987,15.370000000000022,3,2,0,-1,62.0,0.1275,Devanagari (hi/mr)
37dND_0r6S8__000060000_000222000,ic_lid_fallback__sortformer+rule,False,0.4816043604478939,0.0995912080099533,0.13608626103442137,0.2459268914035192,0.5385621438386994,168.79,16.810000000000016,22.96999999999998,41.510000000000005,2,2,1,0,162.0,0.0896,Tamil
4Qg2jWP6_T0__000136000_000202000,ic_lid_fallback__sortformer+rule,False,0.8558033811620962,0.16678505469526905,0.24506321920727342,0.44395510725955384,0.7871509953889816,70.39000000000001,11.739999999999991,17.24999999999998,31.25,3,2,0,-1,66.0,0.2093,Punjabi
6-726qTlYeg__000102000_000162000,ic_lid_fallback__sortformer+rule,False,0.6010050251256283,0.11457286432160783,0.1458722182340274,0.340559942569993,0.6081880883328658,69.64999999999999,7.979999999999984,10.160000000000007,23.72000000000001,2,3,0,1,60.0,0.161,Malayalam
6ZeRgvDHwcI__000006000_000100000,ic_lid_fallback__sortformer+rule,False,0.6816745655608217,0.38120063191153264,0.16097946287519768,0.13949447077409144,0.6275102817861067,63.29999999999999,24.130000000000013,10.190000000000012,8.829999999999986,2,2,1,0,94.0,0.0125,Gujarati
6f6TLzlP8Wk__000082000_000144000,ic_lid_fallback__sortformer+rule,False,0.5916114790286978,0.11784683307862116,0.11614875191034132,0.3576158940397352,0.6331612265383728,58.89000000000001,6.940000000000001,6.840000000000002,21.06000000000001,2,3,0,1,62.0,0.051,Punjabi
7L4gi7Ncc0s__000090000_000148000,ic_lid_fallback__sortformer+rule,False,0.1841207113346507,0.0905335009879649,0.04167415124842825,0.05191305909825754,0.25435201296866417,55.669999999999995,5.040000000000005,2.3200000000000003,2.889999999999997,2,2,1,0,58.0,0.0,Malayalam
7WhVNRHbjIY__000091000_001089000,ic_lid_fallback__sortformer+rule,True,1.0,1.0,0.0,0.0,1.0,996.6799999999998,996.6799999999998,0.0,0.0,5,0,0,-5,998.0,0.0133,Tamil
7YfsQPYY-W0__000351000_000411000,ic_lid_fallback__sortformer+rule,False,0.5766536964980543,0.1626459143968869,0.1374319066147857,0.2765758754863817,0.5943665377742939,64.24999999999999,10.44999999999998,8.829999999999979,17.77000000000002,2,2,1,0,60.0,0.1219,Odia
7c9ePKgqams__000299000_000869000,ic_lid_fallback__sortformer+rule,False,0.3740511819561924,0.10220125786163586,0.03330803151883153,0.23854189257572503,0.6210794259280297,553.32,56.55000000000036,18.429999999999865,131.99000000000018,4,3,0,-1,570.0,0.0055,Telugu
7k-xDqNjESc__000073000_000981000,ic_lid_fallback__sortformer+rule,True,1.0,1.0,0.0,0.0,1.0,897.5899999999995,897.5899999999995,0.0,0.0,4,0,0,-4,908.0,0.0421,Malayalam
83gP2vLH7UY__000255000_002005000,ic_lid_fallback__sortformer+rule,True,1.0,1.0,0.0,0.0,1.0,2043.6199999999963,2043.6199999999963,0.0,0.0,5,0,0,-5,1750.0,0.2022,Devanagari (hi/mr)
86mMTUeDiR8__000181000_001079000,ic_lid_fallback__sortformer+rule,True,1.0,1.0,0.0,0.0,1.0,823.15,823.15,0.0,0.0,5,0,0,-5,898.0,0.0517,Bengali
87Zbup3ohcw__000106000_000445000,ic_lid_fallback__sortformer+rule,False,0.15764485397469916,0.07218491332188033,0.04547868186787426,0.039981258784944594,0.3073561931336718,320.15000000000003,23.10999999999999,14.559999999999945,12.800000000000013,4,4,1,0,339.0,0.0152,Tamil
8Ve4SWhlrrA__000000000_000070000,ic_lid_fallback__sortformer+rule,False,0.04341012380504615,0.005328318445384713,0.015671524839366815,0.02241028052029462,0.37792522311727517,63.809999999999995,0.3399999999999985,0.9999999999999964,1.4299999999999997,2,2,1,0,70.0,0.0,Odia
8mvORuRHw2U__000000000_001197000,ic_lid_fallback__sortformer+rule,True,1.0,1.0,0.0,0.0,1.0,1159.319999999999,1159.319999999999,0.0,0.0,4,0,0,-4,1197.0,0.0417,Gujarati
8o7jKmq6HsM__000030000_001770000,ic_lid_fallback__sortformer+rule,True,1.0,1.0,0.0,0.0,1.0,1767.2599999999993,1767.2599999999993,0.0,0.0,6,0,0,-6,1740.0,0.0471,Devanagari (hi/mr)
8pkp-lpMJP0__000326000_000926000,ic_lid_fallback__sortformer+rule,False,0.5073656099241903,0.24633873190902827,0.019584194808178412,0.2414426832069836,0.8162140316007364,696.4799999999996,171.5699999999999,13.640000000000093,168.15999999999983,8,4,0,-4,600.0,0.2032,Telugu
8r2Nltl0W4o__000259000_000320000,ic_lid_fallback__sortformer+rule,False,0.17776681466864022,0.05377405032067114,0.038480513073507666,0.08551225127446144,0.5709836065573771,60.81,3.270000000000012,2.340000000000001,5.2,2,1,0,-1,61.0,0.0227,Punjabi
90uAd6xpTPo__000016000_000408000,ic_lid_fallback__sortformer+rule,False,0.441515830918138,0.06277683600371771,0.025865368841252973,0.3528736260731673,0.5389926636226603,365.74000000000007,22.95999999999972,9.459999999999864,129.06000000000023,4,4,1,0,392.0,0.0067,Devanagari (hi/mr)
9Aw8kg8w5Xo__000000000_000083000,ic_lid_fallback__sortformer+rule,False,0.1846604787493894,0.02979970688812903,0.0346849047386419,0.12017586712261848,0.5479003540492574,81.88000000000002,2.4400000000000057,2.84,9.840000000000003,4,3,0,-1,83.0,0.0216,Telugu
9_GMxc_JjyI__000236000_000368000,ic_lid_fallback__sortformer+rule,False,0.20969732162299468,0.06401974305001076,0.06039050591565633,0.08528707265732757,0.45150236603263094,137.77,8.819999999999984,8.319999999999974,11.750000000000021,2,2,1,0,132.0,0.0602,Kannada
ARCKJrGkITw__000014000_000496000,ic_lid_fallback__sortformer+rule,False,0.4749891428797031,0.10097121876110385,0.048185873899483075,0.3258320502191162,0.5986432985525,506.5799999999997,51.149999999999956,24.41000000000012,165.0599999999998,3,3,1,0,482.0,0.0844,Telugu
ARZl7LT0UC0__000073000_000130000,ic_lid_fallback__sortformer+rule,False,0.28218063466232723,0.07339300244100881,0.06346623270952001,0.14532139951179843,0.48620633101866456,61.44999999999999,4.509999999999991,3.900000000000004,8.930000000000012,3,3,1,0,57.0,0.0905,Telugu
A_dohDOK6Ic__000000000_000600000,ic_lid_fallback__sortformer+rule,False,0.4321538514752172,0.031095430804883646,0.01810729480128658,0.3829511258690469,0.5944949509195794,578.22,17.979999999999823,10.469999999999928,221.43000000000032,3,3,1,0,600.0,0.0048,Devanagari (hi/mr)
B2ScTgeIIck__000117000_000180000,ic_lid_fallback__sortformer+rule,False,0.4861903332332634,0.13059141398979274,0.0762533773641551,0.2793455418793155,0.5550392052415591,66.61999999999998,8.699999999999989,5.080000000000012,18.609999999999992,2,2,1,0,63.0,0.0879,Odia
BGAAfht5dYw__000000000_000612000,ic_lid_fallback__sortformer+rule,True,1.0,1.0,0.0,0.0,1.0,678.6199999999995,678.6199999999995,0.0,0.0,4,0,0,-4,612.0,0.135,Gujarati
BYLcUGNB_zM__000020000_001387000,ic_lid_fallback__sortformer+rule,True,1.0,1.0,0.0,0.0,1.0,1331.2099999999998,1331.2099999999998,0.0,0.0,4,0,0,-4,1367.0,0.0054,Kannada
Bngfppo1QtA__000028000_000927000,ic_lid_fallback__sortformer+rule,True,1.0,1.0,0.0,0.0,1.0,1002.8700000000006,1002.8700000000006,0.0,0.0,5,0,0,-5,899.0,0.1261,Telugu
CO_8ppdzq9U__000000000_000695000,ic_lid_fallback__sortformer+rule,True,1.0,1.0,0.0,0.0,1.0,652.34,652.34,0.0,0.0,4,0,0,-4,695.0,0.0186,Tamil
Cku_X_SL7qU__000060000_000660000,ic_lid_fallback__sortformer+rule,False,0.6989463929571507,0.21783275247285336,0.36175184834505175,0.11936179213924554,0.5416459986778236,496.3899999999995,108.12999999999957,179.57000000000005,59.25000000000003,3,3,1,0,600.0,0.1022,Gujarati
DPmew0didIM__000191000_000512000,ic_lid_fallback__sortformer+rule,False,0.45529699938762935,0.12033067973055678,0.0832210655235759,0.25174525413349663,0.6423641846117953,326.59999999999985,39.29999999999983,27.17999999999988,82.21999999999997,5,4,0,-1,321.0,0.062,Telugu
EmsKkNN2Me4__000035000_000095000,ic_lid_fallback__sortformer+rule,False,0.4423932750947748,0.05554639854953018,0.0984011867479806,0.28844568979726404,0.521735631177041,60.669999999999995,3.3699999999999957,5.969999999999982,17.500000000000007,2,2,1,0,60.0,0.0471,Malayalam
ExGJodnzocM__000212000_000527000,ic_lid_fallback__sortformer+rule,False,0.47652718584527914,0.0540811055146585,0.03367557794136603,0.3887705023892546,0.6439667811953835,309.7200000000001,16.750000000000036,10.42999999999989,120.40999999999997,4,4,1,0,315.0,0.0133,Devanagari (hi/mr)
F2uXav-wriA__000000000_000907000,ic_lid_fallback__sortformer+rule,True,1.0,1.0,0.0,0.0,1.0,912.9799999999997,912.9799999999997,0.0,0.0,4,0,0,-4,907.0,0.0336,Devanagari (hi/mr)
FDMf9ApmoNU__000016000_000686000,ic_lid_fallback__sortformer+rule,True,1.0,1.0,0.0,0.0,1.0,630.0199999999991,630.0199999999991,0.0,0.0,4,0,0,-4,670.0,0.0882,Bengali
G6qzg93FxwE__000021000_000116000,ic_lid_fallback__sortformer+rule,False,0.06664516822530361,0.041706976244222246,0.021175964742556144,0.003762227238525222,0.0785749915532816,93.03,3.8799999999999955,1.969999999999998,0.3500000000000014,2,2,1,0,95.0,0.0061,Gujarati
GEc_sS2KWo8__000096000_000290000,ic_lid_fallback__sortformer+rule,False,0.22926244253447955,0.13365314144846444,0.06742621094010268,0.02818309014591246,0.4739044317065022,150.08999999999997,20.060000000000024,10.12000000000001,4.23,4,3,0,-1,194.0,0.0378,Gujarati
GfFLEIAAumk__000090000_000163000,ic_lid_fallback__sortformer+rule,False,0.17203424378312254,0.04402772115776597,0.045794265525207045,0.08221225710014952,0.22510062060018432,73.59,3.239999999999998,3.369999999999987,6.050000000000004,2,2,1,0,73.0,0.0285,Bengali
Gq45evw6ytY__000597000_001464000,ic_lid_fallback__sortformer+rule,True,1.0,1.0,0.0,0.0,1.0,886.5900000000001,886.5900000000001,0.0,0.0,3,0,0,-3,867.0,0.0869,Odia
HZv_WvIr6lE__000021000_000105000,ic_lid_fallback__sortformer+rule,False,0.2722444998374332,0.12116614284166018,0.08084968028611653,0.0702286767096565,0.276513559186552,92.27000000000001,11.179999999999986,7.459999999999973,6.480000000000007,3,3,1,0,84.0,0.1276,Tamil
HpYG46tGyYs__000103000_000998000,ic_lid_fallback__sortformer+rule,True,1.0,1.0,0.0,0.0,1.0,861.23,861.23,0.0,0.0,4,0,0,-4,895.0,0.0022,Devanagari (hi/mr)
IAm1rt-MYcA__000004000_000558000,ic_lid_fallback__sortformer+rule,False,0.3911526318704654,0.16330336207374063,0.06768458172553225,0.1601646880711925,0.5321687595263367,541.6299999999997,88.45000000000009,36.66000000000001,86.74999999999994,4,3,0,-1,554.0,0.0445,Bengali
Iare1Emeueg__000016000_000069000,ic_lid_fallback__sortformer+rule,False,0.5469255663430421,0.31576514100785946,0.16273693943596873,0.06842348589921392,0.5070886063113492,43.25999999999999,13.659999999999997,7.040000000000006,2.9599999999999937,2,3,0,1,53.0,0.0,Devanagari (hi/mr)
IfTL8SSN270__000062000_000671000,ic_lid_fallback__sortformer+rule,False,0.300259090772151,0.13242249871960862,0.04080679661374479,0.12702979543879758,0.36145646214890104,663.8599999999996,87.90999999999931,27.090000000000597,84.33000000000011,4,4,1,0,609.0,0.1121,Devanagari (hi/mr)
Ig6szCD8m20__000046000_000106000,ic_lid_fallback__sortformer+rule,False,0.21852970795569024,0.028197381671702156,0.052534407519302107,0.13779791876468597,0.29097572551610834,59.579999999999984,1.680000000000014,3.1300000000000185,8.209999999999988,2,2,1,0,60.0,0.0204,Devanagari (hi/mr)
Iqhnt8ENm3U__000027000_000088000,ic_lid_fallback__sortformer+rule,False,0.6887019230769231,0.21874999999999978,0.058293269230769426,0.41165865384615397,0.7956847076063238,66.55999999999996,14.559999999999976,3.8800000000000106,27.39999999999999,3,2,0,-1,61.0,0.1772,Devanagari (hi/mr)
J4-VpEkBzWw__000000000_000600000,ic_lid_fallback__sortformer+rule,False,0.4499300545417387,0.07601263733672795,0.012040049669134441,0.3618773675358763,0.6545863420300753,636.2099999999996,48.35999999999966,7.660000000000018,230.2299999999997,7,4,0,-3,600.0,0.0685,Kannada
JBYGLQJwFDc__000103000_000407000,ic_lid_fallback__sortformer+rule,False,0.4751179833480411,0.15305221962168547,0.1097724743889805,0.21229328933737515,0.6724860010540811,260.62999999999994,39.88999999999987,28.609999999999978,55.33000000000007,3,3,1,0,304.0,0.012,Tamil
JSB1CeS4pP8__000000000_000632000,ic_lid_fallback__sortformer+rule,True,1.0,1.0,0.0,0.0,1.0,652.5399999999998,652.5399999999998,0.0,0.0,4,0,0,-4,632.0,0.088,Punjabi
Jc5AVwg2cZM__000153000_000214000,ic_lid_fallback__sortformer+rule,False,0.8676024884351576,0.3265273568352212,0.248524485563886,0.29255064603605035,0.7269701556231988,62.689999999999976,20.47000000000001,15.580000000000009,18.33999999999999,3,3,1,0,61.0,0.2816,Devanagari (hi/mr)
KAtdcDieQMw__000057000_000599000,ic_lid_fallback__sortformer+rule,False,0.2664856411225867,0.0799147575919011,0.03846219946036052,0.1481086840703251,0.34992548434911325,581.8699999999993,46.49999999999944,22.379999999999953,86.17999999999996,3,3,1,0,542.0,0.1073,Odia
KPkRi3GM7fs__000047000_000642000,ic_lid_fallback__sortformer+rule,False,0.09095003811239667,0.0587797103457832,0.023092647772157214,0.00907767999445627,0.09639764737447747,577.24,33.92999999999989,13.33000000000003,5.239999999999938,3,3,1,0,595.0,0.0031,Odia
Kdi-ECuOaKg__000002000_000078000,ic_lid_fallback__sortformer+rule,False,0.8317565839938639,0.4518026080286376,0.18997698798261323,0.18997698798261295,0.8741888224324734,39.11,17.670000000000016,7.430000000000003,7.429999999999993,6,2,0,-4,76.0,0.0,Malayalam
L7xRazDdtgw__000019000_000083000,ic_lid_fallback__sortformer+rule,False,0.8504804312163113,0.3006796344035621,0.17225216779939054,0.3775486290133586,0.8388107353087899,42.66999999999999,12.829999999999991,7.3499999999999925,16.110000000000007,3,3,1,0,64.0,0.0012,Gujarati
LBIWBxQ5H1s__000090000_001020000,ic_lid_fallback__sortformer+rule,True,1.0,1.0,0.0,0.0,1.0,961.9499999999989,961.9499999999989,0.0,0.0,4,0,0,-4,930.0,0.0724,Malayalam
LK23jX9tgZM__000059000_000221000,ic_lid_fallback__sortformer+rule,False,0.545611976984526,0.23847829730182704,0.04737165521479229,0.2597620244679068,0.5256221497300971,179.00999999999996,42.69000000000005,8.479999999999965,46.499999999999986,3,4,0,1,162.0,0.1712,Gujarati
LctYmmr9-Vg__000000000_000061000,ic_lid_fallback__sortformer+rule,False,0.218599791013584,0.08087774294670833,0.08819226750261228,0.04952978056426341,0.2375186966289457,47.85000000000001,3.8699999999999943,4.219999999999998,2.3700000000000045,2,2,1,0,61.0,0.0,Devanagari (hi/mr)
LqQHdo7t5Ps__000198000_000498000,ic_lid_fallback__sortformer+rule,False,0.3282362156455402,0.03354561863569783,0.023601130674658372,0.271089466335184,0.5620383088031083,293.63000000000005,9.849999999999955,6.929999999999939,79.6000000000001,3,2,0,-1,300.0,0.0019,Devanagari (hi/mr)
Md3p6RTanBg__000315000_000426000,ic_lid_fallback__sortformer+rule,False,0.0438085143967501,0.016516516516516654,0.01457339692633839,0.012718600953895053,0.041024100120838396,113.21999999999998,1.8700000000000152,1.6500000000000323,1.4399999999999977,3,3,1,0,111.0,0.0528,Bengali
MmtWBUK2DKE__000000000_000310000,ic_lid_fallback__sortformer+rule,False,0.5256564997553415,0.04641983363236002,0.020877507747512437,0.458359158375469,0.7594377016856048,306.54999999999995,14.229999999999961,6.399999999999936,140.51,5,3,0,-2,310.0,0.0432,Devanagari (hi/mr)
NLgHpYyf5bY__000313000_000383000,ic_lid_fallback__sortformer+rule,False,0.16431993032370423,0.03861228044708938,0.03149949194367828,0.09420815793293655,0.2982385087264556,68.89,2.6599999999999873,2.169999999999997,6.489999999999999,2,2,1,0,70.0,0.0097,Devanagari (hi/mr)
NuhdqCEuIBo__000197000_000540000,ic_lid_fallback__sortformer+rule,False,0.25590229901229694,0.06978641978782614,0.05343726257140487,0.1326786166530659,0.4780065371959048,355.3699999999996,24.79999999999975,18.990000000000126,47.14999999999998,3,4,0,1,343.0,0.0562,Punjabi
O4_aeGFzZ8A__000000000_000335000,ic_lid_fallback__sortformer+rule,False,0.5357753130145709,0.08804796967719854,0.010159381116599812,0.4375679622207726,0.6422737095210508,321.86999999999995,28.33999999999989,3.269999999999981,140.84000000000006,8,4,0,-4,335.0,0.0004,Kannada
OXUt5KnlUMo__000091000_000181000,ic_lid_fallback__sortformer+rule,False,0.2919995368762302,0.12701169387518815,0.042028482111844366,0.12295936088919768,0.3744591641018778,86.36999999999999,10.969999999999999,3.6299999999999972,10.620000000000003,2,2,1,0,90.0,0.0,Odia
OxYCBQKZ3iY__000000000_001822000,ic_lid_fallback__sortformer+rule,True,1.0,1.0,0.0,0.0,1.0,1706.2699999999975,1706.2699999999975,0.0,0.0,7,0,0,-7,1822.0,0.0659,Punjabi
PCUA2q2C-2A__000045000_000107000,ic_lid_fallback__sortformer+rule,False,0.02866084664799866,0.0136715532861144,0.014989293361884261,0.0,0.04515465706958702,60.71000000000001,0.8300000000000054,0.9099999999999936,0.0,3,3,1,0,62.0,0.0063,Devanagari (hi/mr)
PEDfT9-Yf2o__000000000_000469000,ic_lid_fallback__sortformer+rule,False,0.3601838052657725,0.030625931445603535,0.007973174366616983,0.32158469945355195,0.5152427371298302,402.6,12.329999999999984,3.2099999999999973,129.47000000000003,3,2,0,-1,469.0,0.011,Bengali
PQB3-4sZUeY__000000000_001132000,ic_lid_fallback__sortformer+rule,True,1.0,1.0,0.0,0.0,1.0,1129.8399999999963,1129.8399999999963,0.0,0.0,4,0,0,-4,1132.0,0.1069,Telugu
PRAzUz0GANs__000223000_000283000,ic_lid_fallback__sortformer+rule,False,0.3512996332323393,0.08627013235528634,0.10030298198054524,0.16472651889650772,0.41400821718327435,62.71000000000001,5.410000000000007,6.289999999999993,10.33,2,3,0,1,60.0,0.0822,Kannada
PSIzXy5-y2E__000002000_000918000,ic_lid_fallback__sortformer+rule,True,1.0,1.0,0.0,0.0,1.0,889.7999999999994,889.7999999999994,0.0,0.0,3,0,0,-3,916.0,0.0434,Devanagari (hi/mr)
PVDfS7lcJHY__000000000_000360000,ic_lid_fallback__sortformer+rule,False,0.5242998673843505,0.09639337441818092,0.039576670047065284,0.38832982291910434,0.7158348836373106,384.5699999999996,37.0699999999998,15.21999999999988,149.3399999999998,6,4,0,-2,360.0,0.1127,Kannada
Pjre5dpnKGA__000000000_000330000,ic_lid_fallback__sortformer+rule,False,0.34387940536836825,0.07745702624601503,0.0631572675544437,0.2032651115679095,0.5508163231048042,335.6699999999997,25.999999999999837,21.2000000000001,68.23000000000012,4,3,0,-1,330.0,0.0933,Kannada
QhpjuNTZoA8__000000000_000586000,ic_lid_fallback__sortformer+rule,False,0.46808615022322514,0.06340250862646951,0.011365680550786086,0.39331796104596956,0.629540029256462,611.4899999999996,38.76999999999981,6.950000000000179,240.50999999999974,3,3,1,0,586.0,0.0512,Kannada
QuA_B6IZ6Ls__000061000_001863000,ic_lid_fallback__sortformer+rule,True,1.0,1.0,0.0,0.0,1.0,2703.9699999999975,2703.9699999999975,0.0,0.0,4,0,0,-4,1802.0,0.3694,Devanagari (hi/mr)
RL2fhIEEbZg__000000000_000065000,ic_lid_fallback__sortformer+rule,False,0.11623644417290348,0.014204979379868638,0.07667634030853818,0.025355124484496665,0.399203847795397,65.47,0.9299999999999997,5.019999999999994,1.6599999999999966,3,2,0,-1,65.0,0.0563,Telugu
RL2fhIEEbZg__000066000_001034000,ic_lid_fallback__sortformer+rule,True,1.0,1.0,0.0,0.0,1.0,1012.9500000000005,1012.9500000000005,0.0,0.0,3,0,0,-3,968.0,0.0719,Telugu
RWTmftezCwI__000000000_000060000,ic_lid_fallback__sortformer+rule,False,0.0937284631288766,0.022226050999310746,0.03652653342522399,0.03497587870434186,0.10948928380283308,58.03999999999999,1.2899999999999956,2.12,2.030000000000001,2,2,1,0,60.0,0.0244,Malayalam
RZUZyvRzi80__000000000_000336000,ic_lid_fallback__sortformer+rule,False,0.31513409961685784,0.1404029168211589,0.007013966135211876,0.16771721666048708,0.37586565338708655,323.63999999999993,45.439999999999856,2.269999999999971,54.28000000000003,4,3,0,-1,336.0,0.0001,Punjabi
SZ7ay4OjfAE__000000000_000897000,ic_lid_fallback__sortformer+rule,True,1.0,1.0,0.0,0.0,1.0,1011.579999999999,1011.579999999999,0.0,0.0,5,0,0,-5,897.0,0.1794,Telugu
T3I2T-cfhG4__000160000_000210000,ic_lid_fallback__sortformer+rule,False,0.10964445390674894,0.027464338939748856,0.06450926123057253,0.017670853736427544,0.12761006639981531,46.970000000000006,1.290000000000004,3.0299999999999923,0.8300000000000018,2,2,1,0,50.0,0.0,Devanagari (hi/mr)
TU3M6wSQV_g__000099000_000171000,ic_lid_fallback__sortformer+rule,False,0.17344064386317873,0.048692152917504915,0.02830315224681402,0.09644533869885978,0.34758424104461894,74.54999999999997,3.62999999999999,2.1099999999999843,7.189999999999994,2,2,1,0,72.0,0.0451,Telugu
Tlha36rSd5o__000240000_000374000,ic_lid_fallback__sortformer+rule,False,0.16782601743023895,0.08531222515391372,0.06644279203645957,0.016071000239865657,0.15806509376144576,125.07000000000002,10.669999999999991,8.31,2.009999999999998,2,2,1,0,134.0,0.0,Tamil
TrPnW5kLAyQ__000093000_000513000,ic_lid_fallback__sortformer+rule,False,0.26156146263588703,0.16506601120036532,0.035729670830905245,0.06076578060461647,0.33260443575069165,394.62999999999965,65.14000000000011,14.100000000000126,23.979999999999777,4,4,1,0,420.0,0.0501,Devanagari (hi/mr)
U_EHjxThUgc__000181000_000289000,ic_lid_fallback__sortformer+rule,False,0.14405345211581339,0.053986636971047074,0.04953229398663707,0.040534521158129215,0.1662264866323994,112.25,6.060000000000034,5.560000000000011,4.550000000000004,3,3,1,0,108.0,0.0529,Bengali
VHlIFsHPWbk__000023000_000470000,ic_lid_fallback__sortformer+rule,False,0.12520611435447193,0.037902758589955336,0.016466865724853792,0.0708364900396628,0.18819759562429234,448.78,17.010000000000154,7.389999999999885,31.78999999999987,4,4,1,0,447.0,0.0269,Odia
VKY0uuZ6Om8__000575000_000935000,ic_lid_fallback__sortformer+rule,False,0.38367074421155495,0.1639602260533652,0.08474616686935155,0.13496435128883824,0.45069220218385003,419.3699999999995,68.75999999999968,35.539999999999914,56.60000000000002,3,3,1,0,360.0,0.1718,Devanagari (hi/mr)
VY_4x1scS-Y__000013000_000121000,ic_lid_fallback__sortformer+rule,False,0.4824410941590681,0.08702717342240666,0.022208179109867172,0.37320574162679426,0.6333727764710607,110.76999999999992,9.63999999999998,2.459999999999985,41.339999999999975,4,3,0,-1,108.0,0.0427,Tamil
0AEEA8NyVwY__000011000_000609000,indicconformer__pyannote31,False,0.1527135767458344,0.12048741580999647,0.02776497695852502,0.004461183977312925,0.14916359226285478,564.2,67.97900000000001,15.664999999999818,2.5169999999999524,3,3,1,0,598.0,0.0047,Devanagari (hi/mr)
0SoItGfM_sY__000007000_000088000,indicconformer__pyannote31,False,0.4501359278866785,0.1510087280011445,0.11538131349263098,0.183745886392903,0.673809596851789,69.89000000000001,10.553999999999991,8.06399999999998,12.841999999999995,5,5,1,0,81.0,0.0,Kannada
0VEwL9XZ0LY__000261000_000557000,indicconformer__pyannote31,False,0.2058445373794632,0.10442055784052842,0.05890851277088469,0.04251546676805009,0.21599255474700157,289.32999999999987,30.212000000000074,17.04400000000006,12.300999999999927,2,2,1,0,296.0,0.0355,Devanagari (hi/mr)
0esIFSOAcFs__000000000_000913000,indicconformer__pyannote31,False,0.06447848916355033,0.04683225653103944,0.0050444045895544475,0.012601828042956448,0.0751622740042864,925.5799999999991,43.34699999999944,4.6689999999998015,11.663999999999618,3,3,1,0,913.0,0.0232,Gujarati
0p6cktLGIfY__000012000_000930000,indicconformer__pyannote31,False,0.41449657163478776,0.16119932635630918,0.13643810898592518,0.11685913629255341,0.5721003234264109,831.2999999999986,134.0049999999996,113.42099999999941,97.14499999999948,6,5,0,-1,918.0,0.0329,Gujarati
13VBh0Z6QmE__000000000_000904000,indicconformer__pyannote31,False,0.17224714794606955,0.044551787888352845,0.01192677097894158,0.11576858907877512,0.2682874376334523,887.0799999999984,39.52099999999997,10.579999999999478,102.69599999999966,4,5,0,1,904.0,0.029,Tamil
1LFl5JEipII__000000000_000597000,indicconformer__pyannote31,False,0.3528881903603066,0.06440546204285845,0.05126580139255141,0.23721692692489674,0.5000668496887876,591.7199999999982,38.110000000000085,30.335000000000427,140.36599999999947,5,5,1,0,597.0,0.1006,Bengali
2HGP34TNvjg__000084000_000194000,indicconformer__pyannote31,False,0.307128848793881,0.12907432829966653,0.07095508923318297,0.10709943126103154,0.36099978683513734,101.98,13.162999999999993,7.236,10.921999999999997,2,2,1,0,110.0,0.0128,Odia
2LN6vb7EBn0__000098000_000394000,indicconformer__pyannote31,False,0.29883570955485017,0.09925750339875165,0.08480147802140345,0.11477672813469508,0.352904307759802,286.86999999999983,28.473999999999872,24.32699999999999,32.92599999999996,3,3,1,0,296.0,0.0238,Tamil
2T4pjueLrsk__000677000_001290000,indicconformer__pyannote31,False,0.44093852323314,0.19884662080129464,0.10980280342886584,0.1322890990029795,0.6026107082443976,543.6199999999991,108.09699999999961,59.690999999999946,71.9149999999996,4,3,0,-1,613.0,0.0342,Gujarati
2gGHQgj9yno__000000000_000099000,indicconformer__pyannote31,False,0.3553218079566757,0.1412934805248906,0.09632368256613207,0.117704644865653,0.6416550886270711,96.02000000000001,13.566999999999997,9.249000000000002,11.302000000000003,4,2,0,-2,99.0,0.0798,Gujarati
2iMXYxBTwbM__000339000_000401000,indicconformer__pyannote31,False,0.7919117647058823,0.26570378151260493,0.25535714285714267,0.2708508403361347,0.8047534980897216,57.12,15.176999999999992,14.585999999999988,15.471000000000013,3,2,0,-1,62.0,0.1275,Devanagari (hi/mr)
37dND_0r6S8__000060000_000222000,indicconformer__pyannote31,False,0.44698145624740776,0.10704425617631344,0.09601279696664478,0.24392440310444952,0.5273561259542319,168.78999999999996,18.06799999999994,16.205999999999968,41.172000000000025,2,2,1,0,162.0,0.0896,Tamil
4Qg2jWP6_T0__000136000_000202000,indicconformer__pyannote31,False,0.76069043898281,0.20579627788038043,0.1525074584458019,0.4023867026566276,0.773324537368049,70.38999999999999,14.485999999999976,10.734999999999994,28.324000000000012,3,4,0,1,66.0,0.2093,Punjabi
6-726qTlYeg__000102000_000162000,indicconformer__pyannote31,False,0.47382627422828477,0.1163675520459441,0.1380330222541282,0.21942569992821243,0.4819758554598642,69.64999999999998,8.105000000000004,9.614000000000026,15.28299999999999,2,2,1,0,60.0,0.161,Malayalam
6ZeRgvDHwcI__000006000_000100000,indicconformer__pyannote31,False,0.6990363349131119,0.3941232227488148,0.1467456556082146,0.1581674565560825,0.6545377227822489,63.29999999999999,24.947999999999972,9.288999999999982,10.01200000000002,2,2,1,0,94.0,0.0125,Gujarati
6f6TLzlP8Wk__000082000_000144000,indicconformer__pyannote31,False,0.6191034131431484,0.11725250466972338,0.15316692137884202,0.3486839870945831,0.6480170788065613,58.890000000000015,6.905000000000012,9.020000000000008,20.534000000000002,2,2,1,0,62.0,0.051,Punjabi
7L4gi7Ncc0s__000090000_000148000,indicconformer__pyannote31,False,0.15863121968744393,0.06225974492545366,0.04167415124842824,0.054697323513562025,0.2362327089747383,55.67,3.466000000000005,2.3200000000000003,3.044999999999998,2,2,1,0,58.0,0.0,Malayalam
7WhVNRHbjIY__000091000_001089000,indicconformer__pyannote31,False,0.14125897981297883,0.025145483003571965,0.028033069791708495,0.08808042701769837,0.2394298024354066,996.6799999999996,25.062000000000097,27.940000000000012,87.78799999999958,5,5,1,0,998.0,0.0133,Tamil
7YfsQPYY-W0__000351000_000411000,indicconformer__pyannote31,False,0.5875953307392995,0.14908949416342412,0.11064591439688723,0.3278599221789882,0.6297462828352816,64.24999999999999,9.578999999999997,7.109000000000003,21.064999999999987,2,2,1,0,60.0,0.1219,Odia
7c9ePKgqams__000299000_000869000,indicconformer__pyannote31,False,0.33262126798236086,0.06504012144870919,0.03499421672811374,0.23258692980553797,0.5967420456413165,553.32,35.98799999999977,19.362999999999897,128.69500000000028,4,3,0,-1,570.0,0.0055,Telugu
7k-xDqNjESc__000073000_000981000,indicconformer__pyannote31,False,0.34781247562918516,0.1309996769126219,0.059905970431935095,0.15690682828462812,0.6662693046489101,897.5899999999988,117.58400000000015,53.77100000000055,140.83799999999917,4,2,0,-2,908.0,0.0421,Malayalam
83gP2vLH7UY__000255000_002005000,indicconformer__pyannote31,False,0.3277894129045502,0.13334572963662417,0.0950034742271071,0.09944020904081899,0.3206966301667134,2043.61999999999,272.5079999999965,194.15099999999964,203.2179999999975,5,5,1,0,1750.0,0.2022,Devanagari (hi/mr)
86mMTUeDiR8__000181000_001079000,indicconformer__pyannote31,False,0.5481516127072829,0.1848205065905373,0.13728482050659083,0.22604628561015477,0.6580313087190539,823.1499999999991,152.13500000000062,113.00600000000011,186.06999999999869,5,4,0,-1,898.0,0.0517,Bengali
87Zbup3ohcw__000106000_000445000,indicconformer__pyannote31,False,0.22286740590348228,0.11496486022177085,0.05557394971107267,0.052328595970638755,0.3493436587820915,320.15000000000003,36.80599999999994,17.791999999999916,16.753,4,5,0,1,339.0,0.0152,Tamil
8Ve4SWhlrrA__000000000_000070000,indicconformer__pyannote31,False,0.08069268139789999,0.048080238207177516,0.0004074596458235634,0.03220498354489892,0.5392110676653947,63.809999999999995,3.067999999999997,0.026000000000001577,2.0549999999999997,2,1,0,-1,70.0,0.0,Odia
8mvORuRHw2U__000000000_001197000,indicconformer__pyannote31,False,0.15919159507297181,0.08624279750198328,0.0367551668219292,0.03619363074905933,0.17631834331156115,1159.3199999999972,99.98299999999902,42.61099999999885,41.95999999999937,4,4,1,0,1197.0,0.0417,Gujarati
8o7jKmq6HsM__000030000_001770000,indicconformer__pyannote31,False,0.16202652694000833,0.06544198363568335,0.06240055226735195,0.034183991036973047,0.15663927198456246,1767.2599999999961,115.65299999999749,110.27800000000016,60.41200000000086,6,6,1,0,1740.0,0.0471,Devanagari (hi/mr)
8pkp-lpMJP0__000326000_000926000,indicconformer__pyannote31,False,0.41003905352630315,0.14315414656558756,0.04822105444521041,0.2186638525155052,0.6818068125598248,696.4799999999989,99.70400000000026,33.58500000000009,152.29499999999882,8,6,0,-2,600.0,0.2032,Telugu
8r2Nltl0W4o__000259000_000320000,indicconformer__pyannote31,False,0.18062818615359327,0.06163459957243883,0.033481335306693,0.08551225127446144,0.5748319396622398,60.81,3.7480000000000055,2.0360000000000014,5.2,2,1,0,-1,61.0,0.0227,Punjabi
90uAd6xpTPo__000016000_000408000,indicconformer__pyannote31,False,0.0791655274238526,0.025471646524853675,0.03593809810247662,0.01775578279652231,0.08181740459511992,365.74000000000007,9.315999999999985,13.143999999999801,6.494000000000071,4,4,1,0,392.0,0.0067,Devanagari (hi/mr)
9Aw8kg8w5Xo__000000000_000083000,indicconformer__pyannote31,False,0.08274303859306302,0.0459208597948216,0.020139228138739453,0.016682950659501965,0.5330013668276781,81.88000000000001,3.7599999999999927,1.6489999999999867,1.366000000000021,4,2,0,-2,83.0,0.0216,Telugu
9_GMxc_JjyI__000236000_000368000,indicconformer__pyannote31,False,0.2324598969296651,0.08468461929302455,0.07696886114538691,0.07080641649125362,0.5558389005535407,137.77,11.666999999999993,10.603999999999955,9.755000000000011,2,2,1,0,132.0,0.0602,Kannada
ARCKJrGkITw__000014000_000496000,indicconformer__pyannote31,False,0.3556713648387226,0.09678431837024762,0.0564550515219709,0.20243199494650405,0.41709459771734353,506.5799999999995,49.02899999999999,28.59899999999999,102.54799999999992,3,3,1,0,482.0,0.0844,Telugu
ARZl7LT0UC0__000073000_000130000,indicconformer__pyannote31,False,0.2741415785191214,0.10112286411716832,0.048510984540276796,0.1245077298616763,0.41231868252784515,61.44999999999996,6.21399999999999,2.981000000000007,7.651000000000003,3,3,1,0,57.0,0.0905,Telugu
A_dohDOK6Ic__000000000_000600000,indicconformer__pyannote31,False,0.0612725260281556,0.05463837293763641,0.00473522188786283,0.0018989312026563528,0.061594204284013264,578.22,31.593000000000128,2.7380000000000457,1.0979999999999563,3,3,1,0,600.0,0.0048,Devanagari (hi/mr)
B2ScTgeIIck__000117000_000180000,indicconformer__pyannote31,False,0.3272290603422395,0.15214650255178624,0.06781747223056152,0.10726508555989174,0.34808946215925857,66.61999999999999,10.135999999999997,4.518000000000008,7.145999999999987,2,2,1,0,63.0,0.0879,Odia
BGAAfht5dYw__000000000_000612000,indicconformer__pyannote31,False,0.27802304677138756,0.08860628923403299,0.020070142347704975,0.1693466151896496,0.3818783845426147,678.6199999999985,60.12999999999934,13.61999999999952,114.92199999999977,4,5,0,1,612.0,0.135,Gujarati
BYLcUGNB_zM__000020000_001387000,indicconformer__pyannote31,False,0.11557905965249698,0.038736187378400185,0.022010802202507816,0.05483207007158899,0.14968569744660098,1331.2099999999994,51.56600000000009,29.301000000000414,72.99299999999994,4,4,1,0,1367.0,0.0054,Kannada
Bngfppo1QtA__000028000_000927000,indicconformer__pyannote31,False,0.5069739846640124,0.15425329304894958,0.1270244398576076,0.22569625175745525,0.5263936988372435,1002.8699999999984,154.69599999999983,127.38899999999875,226.3439999999988,5,6,0,1,899.0,0.1261,Telugu
CO_8ppdzq9U__000000000_000695000,indicconformer__pyannote31,False,0.13956525738112024,0.07583008860410302,0.008218107122052861,0.05551706165496436,0.17922849655231382,652.3399999999989,49.46700000000048,5.3609999999999545,36.21599999999939,4,4,1,0,695.0,0.0186,Tamil
Cku_X_SL7qU__000060000_000660000,indicconformer__pyannote31,False,0.6588126271681543,0.22678337597453593,0.3203227301114044,0.11170652108221389,0.554717956353497,496.3899999999996,112.5729999999998,159.00499999999988,55.45000000000011,3,3,1,0,600.0,0.1022,Gujarati
DPmew0didIM__000191000_000512000,indicconformer__pyannote31,False,0.38486221677893345,0.14288426209430416,0.08935088793631277,0.1526270667483165,0.5625427578622229,326.5999999999998,46.66599999999971,29.181999999999732,49.84800000000014,5,4,0,-1,321.0,0.062,Telugu
EmsKkNN2Me4__000035000_000095000,indicconformer__pyannote31,False,0.5011208175374978,0.09182462502060337,0.11457062798747294,0.29472556452942145,0.541357995272862,60.67,5.571000000000007,6.950999999999984,17.881,2,2,1,0,60.0,0.0471,Malayalam
ExGJodnzocM__000212000_000527000,indicconformer__pyannote31,False,0.3785871109389127,0.08785031641482634,0.03299108872529991,0.2577457057987865,0.49032049775250885,309.72000000000014,27.209000000000024,10.217999999999893,79.82900000000018,4,4,1,0,315.0,0.0133,Devanagari (hi/mr)
F2uXav-wriA__000000000_000907000,indicconformer__pyannote31,False,0.14739315209533638,0.056414160222568475,0.009142588008499796,0.0818364038642681,0.2053267500170849,912.9799999999992,51.50500000000052,8.347000000000136,74.71499999999943,4,4,1,0,907.0,0.0336,Devanagari (hi/mr)
FDMf9ApmoNU__000016000_000686000,indicconformer__pyannote31,False,0.37231516459794795,0.18083076727722885,0.11141233611631353,0.08007206120440558,0.39380015078784625,630.0199999999985,113.92699999999945,70.19199999999968,50.446999999999484,4,4,1,0,670.0,0.0882,Bengali
G6qzg93FxwE__000021000_000116000,indicconformer__pyannote31,False,0.06784908094163172,0.04353434376007735,0.02069224981188864,0.0036224873696657353,0.07913717308237296,93.02999999999999,4.049999999999995,1.9249999999999998,0.3370000000000033,2,2,1,0,95.0,0.0061,Gujarati
GEc_sS2KWo8__000096000_000290000,indicconformer__pyannote31,False,0.3462389233126788,0.1964754480644945,0.08323672463188764,0.06652675061629672,0.6500028431024604,150.08999999999997,29.488999999999972,12.493000000000013,9.984999999999973,4,2,0,-2,194.0,0.0378,Gujarati
GfFLEIAAumk__000090000_000163000,indicconformer__pyannote31,False,0.14496534855279236,0.052561489332789764,0.026892240793586097,0.0655116184264165,0.19288726891557062,73.59,3.867999999999999,1.979000000000001,4.820999999999991,2,2,1,0,73.0,0.0285,Bengali
Gq45evw6ytY__000597000_001464000,indicconformer__pyannote31,False,0.3558713723367055,0.12948036860330078,0.08064719881794219,0.1457438049154625,0.37813743740847783,886.5899999999993,114.79600000000036,71.50099999999931,129.2149999999998,3,3,1,0,867.0,0.0869,Odia
HZv_WvIr6lE__000021000_000105000,indicconformer__pyannote31,False,0.281304866153679,0.07457461796900398,0.10640511542213038,0.10032513276254465,0.2894154704412131,92.27,6.880999999999998,9.81799999999997,9.256999999999994,3,3,1,0,84.0,0.1276,Tamil
HpYG46tGyYs__000103000_000998000,indicconformer__pyannote31,False,0.08944997271344572,0.0347410099508849,0.041034334614446846,0.013674628148113975,0.10435880724043585,861.23,29.920000000000602,35.34000000000006,11.7770000000002,4,4,1,0,895.0,0.0022,Devanagari (hi/mr)
IAm1rt-MYcA__000004000_000558000,indicconformer__pyannote31,False,0.32796004652622657,0.12901611801414217,0.09942026844894078,0.0995236600631436,0.3870556412479284,541.6299999999998,69.87899999999979,53.84899999999977,53.90500000000045,4,4,1,0,554.0,0.0445,Bengali
Iare1Emeueg__000016000_000069000,indicconformer__pyannote31,False,0.6393897364771154,0.3624133148404995,0.15314378178455876,0.12383263985205704,0.5999225335213617,43.25999999999999,15.678000000000004,6.625000000000011,5.356999999999987,2,2,1,0,53.0,0.0,Devanagari (hi/mr)
IfTL8SSN270__000062000_000671000,indicconformer__pyannote31,False,0.3006642966890602,0.12547976983098855,0.08255204410568463,0.09263248275238704,0.3195591064886037,663.8599999999988,83.3009999999999,54.8029999999997,61.49499999999955,4,4,1,0,609.0,0.1121,Devanagari (hi/mr)
Ig6szCD8m20__000046000_000106000,indicconformer__pyannote31,False,0.2316717019133938,0.03185632762672039,0.05006713662302806,0.14974823766364537,0.3140986639188309,59.57999999999999,1.8980000000000006,2.983000000000011,8.92199999999999,2,2,1,0,60.0,0.0204,Devanagari (hi/mr)
Iqhnt8ENm3U__000027000_000088000,indicconformer__pyannote31,False,0.7374549278846155,0.23969350961538463,0.07258112980769257,0.4251802884615384,0.794392875222361,66.55999999999997,15.953999999999995,4.8310000000000155,28.299999999999983,3,3,1,0,61.0,0.1772,Devanagari (hi/mr)
J4-VpEkBzWw__000000000_000600000,indicconformer__pyannote31,False,0.09981295484195511,0.04259128275255034,0.017187721035507503,0.04003395105389726,0.11706864298764856,636.2099999999999,27.09700000000005,10.935000000000226,25.46999999999997,7,7,1,0,600.0,0.0685,Kannada
JBYGLQJwFDc__000103000_000407000,indicconformer__pyannote31,False,0.48213943137781606,0.18551586540306253,0.12577600429728023,0.17084756167747328,0.6736932052575888,260.62999999999994,48.35100000000018,32.781000000000134,44.52799999999985,3,2,0,-1,304.0,0.012,Tamil
JSB1CeS4pP8__000000000_000632000,indicconformer__pyannote31,False,0.1535200907224074,0.07958745824010749,0.02706500750911794,0.04686762497318199,0.17467984965258015,652.5399999999992,51.93399999999967,17.6609999999998,30.583000000000137,4,4,1,0,632.0,0.088,Punjabi
Jc5AVwg2cZM__000153000_000214000,indicconformer__pyannote31,False,0.8706173233370558,0.27490827883235,0.2819269420960285,0.31378210240867743,0.7729303446699142,62.689999999999976,17.234000000000012,17.674000000000017,19.67099999999998,3,3,1,0,61.0,0.2816,Devanagari (hi/mr)
KAtdcDieQMw__000057000_000599000,indicconformer__pyannote31,False,0.2179593379964592,0.1155807998350142,0.02572739615378034,0.07665114200766465,0.25874197640002633,581.8699999999981,67.25299999999949,14.970000000000116,44.60099999999968,3,3,1,0,542.0,0.1073,Odia
KPkRi3GM7fs__000047000_000642000,indicconformer__pyannote31,False,0.12640669392280576,0.0732450973598509,0.026070611877208924,0.02709098468574596,0.14866967506847004,577.2399999999999,42.28000000000032,15.049000000000076,15.637999999999995,3,3,1,0,595.0,0.0031,Odia
Kdi-ECuOaKg__000002000_000078000,indicconformer__pyannote31,False,0.9594732804909231,0.3747634875990797,0.4228074661211966,0.16190232677064673,0.7900420539363772,39.11,14.657000000000005,16.535999999999998,6.331999999999994,6,5,0,-1,76.0,0.0,Malayalam
L7xRazDdtgw__000019000_000083000,indicconformer__pyannote31,False,0.9038668853995783,0.3108975861260836,0.1742676353409893,0.4187016639325054,0.789038260064396,42.669999999999995,13.265999999999986,7.436000000000012,17.866000000000003,3,5,0,2,64.0,0.0012,Gujarati
LBIWBxQ5H1s__000090000_001020000,indicconformer__pyannote31,False,0.3883736160923127,0.12708456780498,0.08982795363584437,0.17146109465148834,0.4345942835763673,961.9499999999974,122.2490000000002,86.41000000000025,164.93699999999876,4,4,1,0,930.0,0.0724,Malayalam
LK23jX9tgZM__000059000_000221000,indicconformer__pyannote31,False,0.31758560974247324,0.19671526730350317,0.053706496843751964,0.0671638455952181,0.5464268603884334,179.00999999999985,35.21400000000007,9.614000000000031,12.022999999999982,3,2,0,-1,162.0,0.1712,Gujarati
LctYmmr9-Vg__000000000_000061000,indicconformer__pyannote31,False,0.15715778474399159,0.15400208986415878,0.0031556948798328066,0.0,0.15657494662777072,47.85,7.368999999999998,0.1509999999999998,0.0,2,2,1,0,61.0,0.0,Devanagari (hi/mr)
LqQHdo7t5Ps__000198000_000498000,indicconformer__pyannote31,False,0.15787896332118648,0.03036133910022805,0.02414262847801638,0.10337499574294207,0.24428360608885458,293.63000000000005,8.914999999999964,7.088999999999951,30.354000000000084,3,3,1,0,300.0,0.0019,Devanagari (hi/mr)
Md3p6RTanBg__000315000_000426000,indicconformer__pyannote31,False,0.061676382264617205,0.041485603250308915,0.009998233527645124,0.010192545486663167,0.057321498704742145,113.21999999999997,4.696999999999974,1.1319999999999806,1.1540000000000035,3,3,1,0,111.0,0.0528,Bengali
MmtWBUK2DKE__000000000_000310000,indicconformer__pyannote31,False,0.11634969825477041,0.044110259337791675,0.021497308758766733,0.05074213015821202,0.321059594432906,306.54999999999995,13.522000000000036,6.589999999999941,15.554999999999893,5,4,0,-1,310.0,0.0432,Devanagari (hi/mr)
NLgHpYyf5bY__000313000_000383000,indicconformer__pyannote31,False,0.21193206561184477,0.07414719117433584,0.03215270721439962,0.10563216722310932,0.3624646534868918,68.89,5.107999999999996,2.2149999999999896,7.277000000000001,2,2,1,0,70.0,0.0097,Devanagari (hi/mr)
NuhdqCEuIBo__000197000_000540000,indicconformer__pyannote31,False,0.2251371809663159,0.07621915186988167,0.053192447308438556,0.09572558178799566,0.35626793974950893,355.36999999999955,27.085999999999814,18.902999999999786,34.01799999999997,3,3,1,0,343.0,0.0562,Punjabi
O4_aeGFzZ8A__000000000_000335000,indicconformer__pyannote31,False,0.15024699412806367,0.08336595519930437,0.0649827570137005,0.0018982819150587997,0.11470828194761262,321.86999999999995,26.833000000000094,20.915999999999777,0.6109999999999758,8,8,1,0,335.0,0.0004,Kannada
OXUt5KnlUMo__000091000_000181000,indicconformer__pyannote31,False,0.27438925552854,0.0742040060206091,0.04191270116938749,0.15827254833854337,0.39026860684893927,86.37,6.409000000000009,3.6199999999999974,13.669999999999991,2,2,1,0,90.0,0.0,Odia
OxYCBQKZ3iY__000000000_001822000,indicconformer__pyannote31,False,0.36934365604505826,0.08377044664677909,0.04762317804333584,0.23795003135494336,0.45245557140927317,1706.2699999999916,142.93499999999904,81.25800000000224,406.0069999999972,7,6,0,-1,1822.0,0.0659,Punjabi
PCUA2q2C-2A__000045000_000107000,indicconformer__pyannote31,False,0.04567616537637936,0.019123702849612935,0.026190084005929638,0.0003623785208367981,0.06188969085372095,60.71000000000001,1.1610000000000014,1.5899999999999885,0.022000000000002018,3,3,1,0,62.0,0.0063,Devanagari (hi/mr)
PEDfT9-Yf2o__000000000_000469000,indicconformer__pyannote31,False,0.06338301043218993,0.03390710382513606,0.006458022851465272,0.023017883755588598,0.0817508159151137,402.5999999999999,13.650999999999772,2.599999999999918,9.266999999999967,3,3,1,0,469.0,0.011,Bengali
PQB3-4sZUeY__000000000_001132000,indicconformer__pyannote31,False,0.37048520144445013,0.08058928697868645,0.04830683990653568,0.241589074559228,0.4909557376796804,1129.8399999999915,91.0529999999984,54.57899999999986,272.9569999999961,4,4,1,0,1132.0,0.1069,Telugu
PRAzUz0GANs__000223000_000283000,indicconformer__pyannote31,False,0.35035879445064605,0.10033487482060295,0.08145431350661778,0.16856960612342534,0.41710166901190915,62.710000000000015,6.292000000000012,5.108000000000002,10.571000000000005,2,2,1,0,60.0,0.0822,Kannada
PSIzXy5-y2E__000002000_000918000,indicconformer__pyannote31,False,0.3259732524162735,0.17151944257136417,0.08672173522139845,0.06773207462351089,0.29783454636167833,889.7999999999993,152.6179999999997,77.16500000000028,60.26799999999994,3,4,0,1,916.0,0.0434,Devanagari (hi/mr)
PVDfS7lcJHY__000000000_000360000,indicconformer__pyannote31,False,0.32304651948930074,0.090202043841174,0.03438905790883363,0.1984554177392931,0.4191337649700861,384.56999999999925,34.68900000000022,13.225000000000122,76.3199999999998,6,6,1,0,360.0,0.1127,Kannada
Pjre5dpnKGA__000000000_000330000,indicconformer__pyannote31,False,0.2671433252897186,0.07294068579259333,0.04158548574492765,0.15261715375219764,0.4952592288853331,335.6699999999996,24.483999999999774,13.958999999999849,51.22900000000013,4,3,0,-1,330.0,0.0933,Kannada
QhpjuNTZoA8__000000000_000586000,indicconformer__pyannote31,False,0.32724656167721433,0.06502477554825041,0.016561186609756456,0.2456605995192075,0.5069139009593989,611.4899999999991,39.76199999999959,10.12699999999996,150.21899999999997,3,3,1,0,586.0,0.0512,Kannada
QuA_B6IZ6Ls__000061000_001863000,indicconformer__pyannote31,False,0.48539443854776354,0.35483455807571834,0.04041612887716897,0.09014375159487625,0.4092947779276449,2703.9699999999975,959.4619999999992,109.28399999999849,243.74599999999734,4,5,0,1,1802.0,0.3694,Devanagari (hi/mr)
RL2fhIEEbZg__000000000_000065000,indicconformer__pyannote31,False,0.14281350236749663,0.05113792576752719,0.013624560867573198,0.07805101573239624,0.44311995781193797,65.47,3.3480000000000047,0.8920000000000172,5.109999999999982,3,3,1,0,65.0,0.0563,Telugu
RL2fhIEEbZg__000066000_001034000,indicconformer__pyannote31,False,0.30182437435214,0.11377264425687382,0.0798963423663552,0.10815538772891094,0.31994385670472475,1012.9499999999994,115.24600000000027,80.93099999999946,109.55600000000027,3,3,1,0,968.0,0.0719,Telugu
RWTmftezCwI__000000000_000060000,indicconformer__pyannote31,False,0.164524465885596,0.09908683666436914,0.03905926946933141,0.026378359751895456,0.18432511745974073,58.03999999999999,5.750999999999984,2.2669999999999946,1.5310000000000121,2,2,1,0,60.0,0.0244,Malayalam
RZUZyvRzi80__000000000_000336000,indicconformer__pyannote31,False,0.04610060561117297,0.011002966258805834,0.00888332715362772,0.026214312198739417,0.06596670228817696,323.63999999999993,3.560999999999919,2.8750000000000746,8.484000000000023,4,4,1,0,336.0,0.0001,Punjabi
SZ7ay4OjfAE__000000000_000897000,indicconformer__pyannote31,False,0.4135164791711963,0.13119674173075707,0.03375116154925935,0.2485685758911799,0.5611228139008119,1011.5799999999954,132.71599999999864,34.14199999999961,251.4469999999986,5,5,1,0,897.0,0.1794,Telugu
T3I2T-cfhG4__000160000_000210000,indicconformer__pyannote31,False,0.12554822226953347,0.042154566744730525,0.06429635937832642,0.019097296146476515,0.14215711463142147,46.970000000000006,1.9799999999999929,3.0199999999999925,0.897000000000002,2,2,1,0,50.0,0.0,Devanagari (hi/mr)
TU3M6wSQV_g__000099000_000171000,indicconformer__pyannote31,False,0.2488531187122739,0.04963112005365528,0.05624413145539913,0.14297786720321948,0.4601250000838423,74.54999999999998,3.7000000000000006,4.193000000000004,10.65900000000001,2,2,1,0,72.0,0.0451,Telugu
Tlha36rSd5o__000240000_000374000,indicconformer__pyannote31,False,0.16940913088670312,0.09901655073159024,0.06278883825057946,0.007603741904533437,0.13923338034151186,125.07000000000001,12.383999999999991,7.852999999999974,0.950999999999997,2,2,1,0,134.0,0.0,Tamil
TrPnW5kLAyQ__000093000_000513000,indicconformer__pyannote31,False,0.25143805590046125,0.15497301269543495,0.05480576742771627,0.04165927577731006,0.2856702390390953,394.62999999999937,61.15699999999939,21.627999999999638,16.43999999999984,4,4,1,0,420.0,0.0501,Devanagari (hi/mr)
U_EHjxThUgc__000181000_000289000,indicconformer__pyannote31,False,0.1513229398663701,0.06615590200445465,0.04181737193763935,0.0433496659242761,0.18421291509271376,112.25,7.426000000000035,4.694000000000017,4.8659999999999926,3,3,1,0,108.0,0.0529,Bengali
VHlIFsHPWbk__000023000_000470000,indicconformer__pyannote31,False,0.09901287936182483,0.03292259013325015,0.026409376531930696,0.03968091269664398,0.13085691717870362,448.7800000000001,14.775000000000004,11.85199999999986,17.807999999999886,4,4,1,0,447.0,0.0269,Odia
VKY0uuZ6Om8__000575000_000935000,indicconformer__pyannote31,False,0.418654171733791,0.17939051434294292,0.09309678803920124,0.14616686935164683,0.493476063028741,419.36999999999955,75.2309999999999,39.04199999999978,61.29800000000006,3,3,1,0,360.0,0.1718,Devanagari (hi/mr)
VY_4x1scS-Y__000013000_000121000,indicconformer__pyannote31,False,0.3022749842014983,0.07551683668863407,0.04198790286178566,0.18477024465107858,0.37195880746043697,110.76999999999998,8.364999999999995,4.650999999999996,20.46699999999997,4,4,1,0,108.0,0.0427,Tamil
0AEEA8NyVwY__000011000_000609000,indicconformer__pyannote31+llm,False,0.1527135767458344,0.12048741580999647,0.02776497695852502,0.004461183977312925,0.14916359226285478,564.2,67.97900000000001,15.664999999999818,2.5169999999999524,3,3,1,0,598.0,0.0047,Devanagari (hi/mr)
0SoItGfM_sY__000007000_000088000,indicconformer__pyannote31+llm,False,0.4501359278866785,0.1510087280011445,0.11538131349263098,0.183745886392903,0.673809596851789,69.89000000000001,10.553999999999991,8.06399999999998,12.841999999999995,5,5,1,0,81.0,0.0,Kannada
0VEwL9XZ0LY__000261000_000557000,indicconformer__pyannote31+llm,False,0.20443438288459598,0.10442055784052842,0.05890851277088469,0.04110531227318288,0.21269356374644022,289.32999999999987,30.212000000000074,17.04400000000006,11.892999999999997,2,2,1,0,296.0,0.0355,Devanagari (hi/mr)
0esIFSOAcFs__000000000_000913000,indicconformer__pyannote31+llm,False,0.06447848916355033,0.04683225653103944,0.0050444045895544475,0.012601828042956448,0.0751622740042864,925.5799999999991,43.34699999999944,4.6689999999998015,11.663999999999618,3,3,1,0,913.0,0.0232,Gujarati
0p6cktLGIfY__000012000_000930000,indicconformer__pyannote31+llm,False,0.41449657163478776,0.16119932635630918,0.13643810898592518,0.11685913629255341,0.5721003234264109,831.2999999999986,134.0049999999996,113.42099999999941,97.14499999999948,6,5,0,-1,918.0,0.0329,Gujarati
13VBh0Z6QmE__000000000_000904000,indicconformer__pyannote31+llm,False,0.17224714794606955,0.044551787888352845,0.01192677097894158,0.11576858907877512,0.2682874376334523,887.0799999999984,39.52099999999997,10.579999999999478,102.69599999999966,4,5,0,1,904.0,0.029,Tamil
1LFl5JEipII__000000000_000597000,indicconformer__pyannote31+llm,False,0.3528881903603066,0.06440546204285845,0.05126580139255141,0.23721692692489674,0.5000668496887876,591.7199999999982,38.110000000000085,30.335000000000427,140.36599999999947,5,5,1,0,597.0,0.1006,Bengali
2HGP34TNvjg__000084000_000194000,indicconformer__pyannote31+llm,False,0.4844969601882721,0.12907432829966653,0.07095508923318297,0.2844675426554227,0.5642385892151458,101.98,13.162999999999993,7.236,29.010000000000005,2,2,1,0,110.0,0.0128,Odia
2LN6vb7EBn0__000098000_000394000,indicconformer__pyannote31+llm,False,0.3753581761773618,0.09925750339875165,0.08480147802140345,0.19129919475720666,0.4459771276613404,286.86999999999983,28.473999999999872,24.32699999999999,54.877999999999844,3,3,1,0,296.0,0.0238,Tamil
2T4pjueLrsk__000677000_001290000,indicconformer__pyannote31+llm,False,0.44093852323314,0.19884662080129464,0.10980280342886584,0.1322890990029795,0.6026107082443976,543.6199999999991,108.09699999999961,59.690999999999946,71.9149999999996,4,3,0,-1,613.0,0.0342,Gujarati
2gGHQgj9yno__000000000_000099000,indicconformer__pyannote31+llm,False,0.3553218079566757,0.1412934805248906,0.09632368256613207,0.117704644865653,0.6416550886270711,96.02000000000001,13.566999999999997,9.249000000000002,11.302000000000003,4,2,0,-2,99.0,0.0798,Gujarati
2iMXYxBTwbM__000339000_000401000,indicconformer__pyannote31+llm,False,0.7919117647058823,0.26570378151260493,0.25535714285714267,0.2708508403361347,0.8047534980897216,57.12,15.176999999999992,14.585999999999988,15.471000000000013,3,2,0,-1,62.0,0.1275,Devanagari (hi/mr)
37dND_0r6S8__000060000_000222000,indicconformer__pyannote31+llm,False,0.44698145624740776,0.10704425617631344,0.09601279696664478,0.24392440310444952,0.5273561259542319,168.78999999999996,18.06799999999994,16.205999999999968,41.172000000000025,2,2,1,0,162.0,0.0896,Tamil
4Qg2jWP6_T0__000136000_000202000,indicconformer__pyannote31+llm,False,0.76069043898281,0.20579627788038043,0.1525074584458019,0.4023867026566276,0.773324537368049,70.38999999999999,14.485999999999976,10.734999999999994,28.324000000000012,3,4,0,1,66.0,0.2093,Punjabi
6-726qTlYeg__000102000_000162000,indicconformer__pyannote31+llm,False,0.47382627422828477,0.1163675520459441,0.1380330222541282,0.21942569992821243,0.4819758554598642,69.64999999999998,8.105000000000004,9.614000000000026,15.28299999999999,2,2,1,0,60.0,0.161,Malayalam
6ZeRgvDHwcI__000006000_000100000,indicconformer__pyannote31+llm,False,0.6990363349131119,0.3941232227488148,0.1467456556082146,0.1581674565560825,0.6545377227822489,63.29999999999999,24.947999999999972,9.288999999999982,10.01200000000002,2,2,1,0,94.0,0.0125,Gujarati
6f6TLzlP8Wk__000082000_000144000,indicconformer__pyannote31+llm,False,0.6563762947868909,0.11725250466972338,0.15316692137884202,0.3859568687383255,0.6732373124956866,58.890000000000015,6.905000000000012,9.020000000000008,22.728999999999996,2,2,1,0,62.0,0.051,Punjabi
7L4gi7Ncc0s__000090000_000148000,indicconformer__pyannote31+llm,False,0.15863121968744393,0.06225974492545366,0.04167415124842824,0.054697323513562025,0.2362327089747383,55.67,3.466000000000005,2.3200000000000003,3.044999999999998,2,2,1,0,58.0,0.0,Malayalam
7WhVNRHbjIY__000091000_001089000,indicconformer__pyannote31+llm,False,0.14125897981297883,0.025145483003571965,0.028033069791708495,0.08808042701769837,0.2394298024354066,996.6799999999996,25.062000000000097,27.940000000000012,87.78799999999958,5,5,1,0,998.0,0.0133,Tamil
7YfsQPYY-W0__000351000_000411000,indicconformer__pyannote31+llm,False,0.5875953307392995,0.14908949416342412,0.11064591439688723,0.3278599221789882,0.6297462828352816,64.24999999999999,9.578999999999997,7.109000000000003,21.064999999999987,2,2,1,0,60.0,0.1219,Odia
7c9ePKgqams__000299000_000869000,indicconformer__pyannote31+llm,False,0.33262126798236086,0.06504012144870919,0.03499421672811374,0.23258692980553797,0.5967420456413165,553.32,35.98799999999977,19.362999999999897,128.69500000000028,4,3,0,-1,570.0,0.0055,Telugu
7k-xDqNjESc__000073000_000981000,indicconformer__pyannote31+llm,False,0.34781247562918516,0.1309996769126219,0.059905970431935095,0.15690682828462812,0.6662693046489101,897.5899999999988,117.58400000000015,53.77100000000055,140.83799999999917,4,2,0,-2,908.0,0.0421,Malayalam
83gP2vLH7UY__000255000_002005000,indicconformer__pyannote31+llm,False,0.3277894129045502,0.13334572963662417,0.0950034742271071,0.09944020904081899,0.3206966301667134,2043.61999999999,272.5079999999965,194.15099999999964,203.2179999999975,5,5,1,0,1750.0,0.2022,Devanagari (hi/mr)
86mMTUeDiR8__000181000_001079000,indicconformer__pyannote31+llm,False,0.5481516127072829,0.1848205065905373,0.13728482050659083,0.22604628561015477,0.6580313087190539,823.1499999999991,152.13500000000062,113.00600000000011,186.06999999999869,5,4,0,-1,898.0,0.0517,Bengali
87Zbup3ohcw__000106000_000445000,indicconformer__pyannote31+llm,False,0.22286740590348228,0.11496486022177085,0.05557394971107267,0.052328595970638755,0.3493436587820915,320.15000000000003,36.80599999999994,17.791999999999916,16.753,4,5,0,1,339.0,0.0152,Tamil
8Ve4SWhlrrA__000000000_000070000,indicconformer__pyannote31+llm,False,0.08069268139789999,0.048080238207177516,0.0004074596458235634,0.03220498354489892,0.5392110676653947,63.809999999999995,3.067999999999997,0.026000000000001577,2.0549999999999997,2,1,0,-1,70.0,0.0,Odia
8mvORuRHw2U__000000000_001197000,indicconformer__pyannote31+llm,False,0.15919159507297181,0.08624279750198328,0.0367551668219292,0.03619363074905933,0.17631834331156115,1159.3199999999972,99.98299999999902,42.61099999999885,41.95999999999937,4,4,1,0,1197.0,0.0417,Gujarati
8o7jKmq6HsM__000030000_001770000,indicconformer__pyannote31+llm,False,0.16202652694000833,0.06544198363568335,0.06240055226735195,0.034183991036973047,0.15663927198456246,1767.2599999999961,115.65299999999749,110.27800000000016,60.41200000000086,6,6,1,0,1740.0,0.0471,Devanagari (hi/mr)
8pkp-lpMJP0__000326000_000926000,indicconformer__pyannote31+llm,False,0.41003905352630315,0.14315414656558756,0.04822105444521041,0.2186638525155052,0.6818068125598248,696.4799999999989,99.70400000000026,33.58500000000009,152.29499999999882,8,6,0,-2,600.0,0.2032,Telugu
8r2Nltl0W4o__000259000_000320000,indicconformer__pyannote31+llm,False,0.18062818615359327,0.06163459957243883,0.033481335306693,0.08551225127446144,0.5748319396622398,60.81,3.7480000000000055,2.0360000000000014,5.2,2,1,0,-1,61.0,0.0227,Punjabi
90uAd6xpTPo__000016000_000408000,indicconformer__pyannote31+llm,False,0.0791655274238526,0.025471646524853675,0.03593809810247662,0.01775578279652231,0.08181740459511992,365.74000000000007,9.315999999999985,13.143999999999801,6.494000000000071,4,4,1,0,392.0,0.0067,Devanagari (hi/mr)
9Aw8kg8w5Xo__000000000_000083000,indicconformer__pyannote31+llm,False,0.08274303859306302,0.0459208597948216,0.020139228138739453,0.016682950659501965,0.5330013668276781,81.88000000000001,3.7599999999999927,1.6489999999999867,1.366000000000021,4,2,0,-2,83.0,0.0216,Telugu
9_GMxc_JjyI__000236000_000368000,indicconformer__pyannote31+llm,False,0.2324598969296651,0.08468461929302455,0.07696886114538691,0.07080641649125362,0.5558389005535407,137.77,11.666999999999993,10.603999999999955,9.755000000000011,2,2,1,0,132.0,0.0602,Kannada
ARCKJrGkITw__000014000_000496000,indicconformer__pyannote31+llm,False,0.3556713648387226,0.09678431837024762,0.0564550515219709,0.20243199494650405,0.41709459771734353,506.5799999999995,49.02899999999999,28.59899999999999,102.54799999999992,3,3,1,0,482.0,0.0844,Telugu
ARZl7LT0UC0__000073000_000130000,indicconformer__pyannote31+llm,False,0.2741415785191214,0.10112286411716832,0.048510984540276796,0.1245077298616763,0.41231868252784515,61.44999999999996,6.21399999999999,2.981000000000007,7.651000000000003,3,3,1,0,57.0,0.0905,Telugu
A_dohDOK6Ic__000000000_000600000,indicconformer__pyannote31+llm,False,0.0612725260281556,0.05463837293763641,0.00473522188786283,0.0018989312026563528,0.061594204284013264,578.22,31.593000000000128,2.7380000000000457,1.0979999999999563,3,3,1,0,600.0,0.0048,Devanagari (hi/mr)
B2ScTgeIIck__000117000_000180000,indicconformer__pyannote31+llm,False,0.5372410687481239,0.15214650255178624,0.06781747223056152,0.31727709396577614,0.6096702371221708,66.61999999999999,10.135999999999997,4.518000000000008,21.137000000000004,2,2,1,0,63.0,0.0879,Odia
BGAAfht5dYw__000000000_000612000,indicconformer__pyannote31+llm,False,0.27802304677138756,0.08860628923403299,0.020070142347704975,0.1693466151896496,0.3818783845426147,678.6199999999985,60.12999999999934,13.61999999999952,114.92199999999977,4,5,0,1,612.0,0.135,Gujarati
BYLcUGNB_zM__000020000_001387000,indicconformer__pyannote31+llm,False,0.11557905965249698,0.038736187378400185,0.022010802202507816,0.05483207007158899,0.14968569744660098,1331.2099999999994,51.56600000000009,29.301000000000414,72.99299999999994,4,4,1,0,1367.0,0.0054,Kannada
Bngfppo1QtA__000028000_000927000,indicconformer__pyannote31+llm,False,0.5069739846640124,0.15425329304894958,0.1270244398576076,0.22569625175745525,0.5263936988372435,1002.8699999999984,154.69599999999983,127.38899999999875,226.3439999999988,5,6,0,1,899.0,0.1261,Telugu
CO_8ppdzq9U__000000000_000695000,indicconformer__pyannote31+llm,False,0.25789618910384154,0.07583008860410302,0.008218107122052861,0.1738479933776857,0.3689480056423756,652.3399999999989,49.46700000000048,5.3609999999999545,113.40799999999929,4,4,1,0,695.0,0.0186,Tamil
Cku_X_SL7qU__000060000_000660000,indicconformer__pyannote31+llm,False,0.6588126271681543,0.22678337597453593,0.3203227301114044,0.11170652108221389,0.554717956353497,496.3899999999996,112.5729999999998,159.00499999999988,55.45000000000011,3,3,1,0,600.0,0.1022,Gujarati
DPmew0didIM__000191000_000512000,indicconformer__pyannote31+llm,False,0.38486221677893345,0.14288426209430416,0.08935088793631277,0.1526270667483165,0.5625427578622229,326.5999999999998,46.66599999999971,29.181999999999732,49.84800000000014,5,4,0,-1,321.0,0.062,Telugu
EmsKkNN2Me4__000035000_000095000,indicconformer__pyannote31+llm,False,0.4922202076808965,0.09182462502060337,0.11457062798747294,0.2858249546728202,0.5320966676399375,60.67,5.571000000000007,6.950999999999984,17.341,2,2,1,0,60.0,0.0471,Malayalam
ExGJodnzocM__000212000_000527000,indicconformer__pyannote31+llm,False,0.3828199664212838,0.08785031641482634,0.03299108872529991,0.26197856128115754,0.49603258186415633,309.72000000000014,27.209000000000024,10.217999999999893,81.14000000000016,4,4,1,0,315.0,0.0133,Devanagari (hi/mr)
F2uXav-wriA__000000000_000907000,indicconformer__pyannote31+llm,False,0.1551194987842014,0.056414160222568475,0.009142588008499796,0.08956275055313312,0.22154010995785772,912.9799999999992,51.50500000000052,8.347000000000136,81.76899999999941,4,4,1,0,907.0,0.0336,Devanagari (hi/mr)
FDMf9ApmoNU__000016000_000686000,indicconformer__pyannote31+llm,False,0.37231516459794795,0.18083076727722885,0.11141233611631353,0.08007206120440558,0.39380015078784625,630.0199999999985,113.92699999999945,70.19199999999968,50.446999999999484,4,4,1,0,670.0,0.0882,Bengali
G6qzg93FxwE__000021000_000116000,indicconformer__pyannote31+llm,False,0.06784908094163172,0.04353434376007735,0.02069224981188864,0.0036224873696657353,0.07913717308237296,93.02999999999999,4.049999999999995,1.9249999999999998,0.3370000000000033,2,2,1,0,95.0,0.0061,Gujarati
GEc_sS2KWo8__000096000_000290000,indicconformer__pyannote31+llm,False,0.3462389233126788,0.1964754480644945,0.08323672463188764,0.06652675061629672,0.6500028431024604,150.08999999999997,29.488999999999972,12.493000000000013,9.984999999999973,4,2,0,-2,194.0,0.0378,Gujarati
GfFLEIAAumk__000090000_000163000,indicconformer__pyannote31+llm,False,0.14496534855279236,0.052561489332789764,0.026892240793586097,0.0655116184264165,0.19288726891557062,73.59,3.867999999999999,1.979000000000001,4.820999999999991,2,2,1,0,73.0,0.0285,Bengali
Gq45evw6ytY__000597000_001464000,indicconformer__pyannote31+llm,False,0.3558713723367055,0.12948036860330078,0.08064719881794219,0.1457438049154625,0.37813743740847783,886.5899999999993,114.79600000000036,71.50099999999931,129.2149999999998,3,3,1,0,867.0,0.0869,Odia
HZv_WvIr6lE__000021000_000105000,indicconformer__pyannote31+llm,False,0.4055489324807626,0.07457461796900398,0.10640511542213038,0.22456919908962827,0.453352356529066,92.27,6.880999999999998,9.81799999999997,20.721,3,3,1,0,84.0,0.1276,Tamil
HpYG46tGyYs__000103000_000998000,indicconformer__pyannote31+llm,False,0.08944997271344572,0.0347410099508849,0.041034334614446846,0.013674628148113975,0.10435880724043585,861.23,29.920000000000602,35.34000000000006,11.7770000000002,4,4,1,0,895.0,0.0022,Devanagari (hi/mr)
IAm1rt-MYcA__000004000_000558000,indicconformer__pyannote31+llm,False,0.32796004652622657,0.12901611801414217,0.09942026844894078,0.0995236600631436,0.3870556412479284,541.6299999999998,69.87899999999979,53.84899999999977,53.90500000000045,4,4,1,0,554.0,0.0445,Bengali
Iare1Emeueg__000016000_000069000,indicconformer__pyannote31+llm,False,0.6720758206195102,0.3624133148404995,0.15314378178455876,0.15651872399445196,0.667601393623612,43.25999999999999,15.678000000000004,6.625000000000011,6.77099999999999,2,2,1,0,53.0,0.0,Devanagari (hi/mr)
IfTL8SSN270__000062000_000671000,indicconformer__pyannote31+llm,False,0.31424547344319514,0.12547976983098855,0.08255204410568463,0.10621365950652197,0.3402430185021728,663.8599999999988,83.3009999999999,54.8029999999997,70.51099999999954,4,4,1,0,609.0,0.1121,Devanagari (hi/mr)
Ig6szCD8m20__000046000_000106000,indicconformer__pyannote31+llm,False,0.5114132259147368,0.03185632762672039,0.05006713662302806,0.42948976166498837,0.6319837491358637,59.57999999999999,1.8980000000000006,2.983000000000011,25.589000000000002,2,2,1,0,60.0,0.0204,Devanagari (hi/mr)
Iqhnt8ENm3U__000027000_000088000,indicconformer__pyannote31+llm,False,0.7374549278846155,0.23969350961538463,0.07258112980769257,0.4251802884615384,0.794392875222361,66.55999999999997,15.953999999999995,4.8310000000000155,28.299999999999983,3,3,1,0,61.0,0.1772,Devanagari (hi/mr)
J4-VpEkBzWw__000000000_000600000,indicconformer__pyannote31+llm,False,0.09981295484195511,0.04259128275255034,0.017187721035507503,0.04003395105389726,0.11706864298764856,636.2099999999999,27.09700000000005,10.935000000000226,25.46999999999997,7,7,1,0,600.0,0.0685,Kannada
JBYGLQJwFDc__000103000_000407000,indicconformer__pyannote31+llm,False,0.48213943137781606,0.18551586540306253,0.12577600429728023,0.17084756167747328,0.6736932052575888,260.62999999999994,48.35100000000018,32.781000000000134,44.52799999999985,3,2,0,-1,304.0,0.012,Tamil
JSB1CeS4pP8__000000000_000632000,indicconformer__pyannote31+llm,False,0.24156373555644137,0.07958745824010749,0.02706500750911794,0.13491126980721596,0.32121686951598816,652.5399999999992,51.93399999999967,17.6609999999998,88.0350000000006,4,4,1,0,632.0,0.088,Punjabi
Jc5AVwg2cZM__000153000_000214000,indicconformer__pyannote31+llm,False,0.8733290795980225,0.27490827883235,0.2819269420960285,0.316493858669644,0.795004719189543,62.689999999999976,17.234000000000012,17.674000000000017,19.840999999999976,3,3,1,0,61.0,0.2816,Devanagari (hi/mr)
KAtdcDieQMw__000057000_000599000,indicconformer__pyannote31+llm,False,0.2179593379964592,0.1155807998350142,0.02572739615378034,0.07665114200766465,0.25874197640002633,581.8699999999981,67.25299999999949,14.970000000000116,44.60099999999968,3,3,1,0,542.0,0.1073,Odia
KPkRi3GM7fs__000047000_000642000,indicconformer__pyannote31+llm,False,0.12640669392280576,0.0732450973598509,0.026070611877208924,0.02709098468574596,0.14866967506847004,577.2399999999999,42.28000000000032,15.049000000000076,15.637999999999995,3,3,1,0,595.0,0.0031,Odia
Kdi-ECuOaKg__000002000_000078000,indicconformer__pyannote31+llm,False,0.9594732804909231,0.3747634875990797,0.4228074661211966,0.16190232677064673,0.7900420539363772,39.11,14.657000000000005,16.535999999999998,6.331999999999994,6,5,0,-1,76.0,0.0,Malayalam
L7xRazDdtgw__000019000_000083000,indicconformer__pyannote31+llm,False,0.9038668853995783,0.3108975861260836,0.1742676353409893,0.4187016639325054,0.789038260064396,42.669999999999995,13.265999999999986,7.436000000000012,17.866000000000003,3,5,0,2,64.0,0.0012,Gujarati
LBIWBxQ5H1s__000090000_001020000,indicconformer__pyannote31+llm,False,0.40568116845989943,0.12708456780498,0.08982795363584437,0.18876864701907506,0.45839260408762655,961.9499999999974,122.2490000000002,86.41000000000025,181.58599999999876,4,4,1,0,930.0,0.0724,Malayalam
LK23jX9tgZM__000059000_000221000,indicconformer__pyannote31+llm,False,0.31758560974247324,0.19671526730350317,0.053706496843751964,0.0671638455952181,0.5464268603884334,179.00999999999985,35.21400000000007,9.614000000000031,12.022999999999982,3,2,0,-1,162.0,0.1712,Gujarati
LctYmmr9-Vg__000000000_000061000,indicconformer__pyannote31+llm,False,0.15715778474399159,0.15400208986415878,0.0031556948798328066,0.0,0.15657494662777072,47.85,7.368999999999998,0.1509999999999998,0.0,2,2,1,0,61.0,0.0,Devanagari (hi/mr)
LqQHdo7t5Ps__000198000_000498000,indicconformer__pyannote31+llm,False,0.15787896332118648,0.03036133910022805,0.02414262847801638,0.10337499574294207,0.24428360608885458,293.63000000000005,8.914999999999964,7.088999999999951,30.354000000000084,3,3,1,0,300.0,0.0019,Devanagari (hi/mr)
Md3p6RTanBg__000315000_000426000,indicconformer__pyannote31+llm,False,0.28645115703939206,0.041485603250308915,0.009998233527645124,0.234967320261438,0.3457320127281131,113.21999999999997,4.696999999999974,1.1319999999999806,26.603,3,3,1,0,111.0,0.0528,Bengali
MmtWBUK2DKE__000000000_000310000,indicconformer__pyannote31+llm,False,0.11634969825477041,0.044110259337791675,0.021497308758766733,0.05074213015821202,0.321059594432906,306.54999999999995,13.522000000000036,6.589999999999941,15.554999999999893,5,4,0,-1,310.0,0.0432,Devanagari (hi/mr)
NLgHpYyf5bY__000313000_000383000,indicconformer__pyannote31+llm,False,0.21193206561184477,0.07414719117433584,0.03215270721439962,0.10563216722310932,0.3624646534868918,68.89,5.107999999999996,2.2149999999999896,7.277000000000001,2,2,1,0,70.0,0.0097,Devanagari (hi/mr)
NuhdqCEuIBo__000197000_000540000,indicconformer__pyannote31+llm,False,0.2251371809663159,0.07621915186988167,0.053192447308438556,0.09572558178799566,0.35626793974950893,355.36999999999955,27.085999999999814,18.902999999999786,34.01799999999997,3,3,1,0,343.0,0.0562,Punjabi
O4_aeGFzZ8A__000000000_000335000,indicconformer__pyannote31+llm,False,0.15024699412806367,0.08336595519930437,0.0649827570137005,0.0018982819150587997,0.11470828194761262,321.86999999999995,26.833000000000094,20.915999999999777,0.6109999999999758,8,8,1,0,335.0,0.0004,Kannada
OXUt5KnlUMo__000091000_000181000,indicconformer__pyannote31+llm,False,0.4552159314576818,0.0742040060206091,0.04191270116938749,0.33909922426768524,0.6393484822604758,86.37,6.409000000000009,3.6199999999999974,29.287999999999975,2,2,1,0,90.0,0.0,Odia
OxYCBQKZ3iY__000000000_001822000,indicconformer__pyannote31+llm,False,0.36934365604505826,0.08377044664677909,0.04762317804333584,0.23795003135494336,0.45245557140927317,1706.2699999999916,142.93499999999904,81.25800000000224,406.0069999999972,7,6,0,-1,1822.0,0.0659,Punjabi
PCUA2q2C-2A__000045000_000107000,indicconformer__pyannote31+llm,False,0.16287267336517855,0.019123702849612935,0.026190084005929638,0.11755888650963596,0.4040921972829498,60.71000000000001,1.1610000000000014,1.5899999999999885,7.1370000000000005,3,2,0,-1,62.0,0.0063,Devanagari (hi/mr)
PEDfT9-Yf2o__000000000_000469000,indicconformer__pyannote31+llm,False,0.06338301043218993,0.03390710382513606,0.006458022851465272,0.023017883755588598,0.0817508159151137,402.5999999999999,13.650999999999772,2.599999999999918,9.266999999999967,3,3,1,0,469.0,0.011,Bengali
PQB3-4sZUeY__000000000_001132000,indicconformer__pyannote31+llm,False,0.3767188274445918,0.08058928697868645,0.04830683990653568,0.24782270055936967,0.49990819852941815,1129.8399999999915,91.0529999999984,54.57899999999986,279.99999999999613,4,4,1,0,1132.0,0.1069,Telugu
PRAzUz0GANs__000223000_000283000,indicconformer__pyannote31+llm,False,0.35035879445064605,0.10033487482060295,0.08145431350661778,0.16856960612342534,0.41710166901190915,62.710000000000015,6.292000000000012,5.108000000000002,10.571000000000005,2,2,1,0,60.0,0.0822,Kannada
PSIzXy5-y2E__000002000_000918000,indicconformer__pyannote31+llm,False,0.3259732524162735,0.17151944257136417,0.08672173522139845,0.06773207462351089,0.29783454636167833,889.7999999999993,152.6179999999997,77.16500000000028,60.26799999999994,3,4,0,1,916.0,0.0434,Devanagari (hi/mr)
PVDfS7lcJHY__000000000_000360000,indicconformer__pyannote31+llm,False,0.32304651948930074,0.090202043841174,0.03438905790883363,0.1984554177392931,0.4191337649700861,384.56999999999925,34.68900000000022,13.225000000000122,76.3199999999998,6,6,1,0,360.0,0.1127,Kannada
Pjre5dpnKGA__000000000_000330000,indicconformer__pyannote31+llm,False,0.2671433252897186,0.07294068579259333,0.04158548574492765,0.15261715375219764,0.4952592288853331,335.6699999999996,24.483999999999774,13.958999999999849,51.22900000000013,4,3,0,-1,330.0,0.0933,Kannada
QhpjuNTZoA8__000000000_000586000,indicconformer__pyannote31+llm,False,0.32724656167721433,0.06502477554825041,0.016561186609756456,0.2456605995192075,0.5069139009593989,611.4899999999991,39.76199999999959,10.12699999999996,150.21899999999997,3,3,1,0,586.0,0.0512,Kannada
QuA_B6IZ6Ls__000061000_001863000,indicconformer__pyannote31+llm,False,0.49487531296574905,0.35483455807571834,0.04041612887716897,0.09962462601286168,0.4158809678231636,2703.9699999999975,959.4619999999992,109.28399999999849,269.38199999999733,4,5,0,1,1802.0,0.3694,Devanagari (hi/mr)
RL2fhIEEbZg__000000000_000065000,indicconformer__pyannote31+llm,False,0.14281350236749663,0.05113792576752719,0.013624560867573198,0.07805101573239624,0.44311995781193797,65.47,3.3480000000000047,0.8920000000000172,5.109999999999982,3,3,1,0,65.0,0.0563,Telugu
RL2fhIEEbZg__000066000_001034000,indicconformer__pyannote31+llm,False,0.30182437435214,0.11377264425687382,0.0798963423663552,0.10815538772891094,0.31994385670472475,1012.9499999999994,115.24600000000027,80.93099999999946,109.55600000000027,3,3,1,0,968.0,0.0719,Telugu
RWTmftezCwI__000000000_000060000,indicconformer__pyannote31+llm,False,0.164524465885596,0.09908683666436914,0.03905926946933141,0.026378359751895456,0.18432511745974073,58.03999999999999,5.750999999999984,2.2669999999999946,1.5310000000000121,2,2,1,0,60.0,0.0244,Malayalam
RZUZyvRzi80__000000000_000336000,indicconformer__pyannote31+llm,False,0.04610060561117297,0.011002966258805834,0.00888332715362772,0.026214312198739417,0.06596670228817696,323.63999999999993,3.560999999999919,2.8750000000000746,8.484000000000023,4,4,1,0,336.0,0.0001,Punjabi
SZ7ay4OjfAE__000000000_000897000,indicconformer__pyannote31+llm,False,0.4135164791711963,0.13119674173075707,0.03375116154925935,0.2485685758911799,0.5611228139008119,1011.5799999999954,132.71599999999864,34.14199999999961,251.4469999999986,5,5,1,0,897.0,0.1794,Telugu
T3I2T-cfhG4__000160000_000210000,indicconformer__pyannote31+llm,False,0.12554822226953347,0.042154566744730525,0.06429635937832642,0.019097296146476515,0.14215711463142147,46.970000000000006,1.9799999999999929,3.0199999999999925,0.897000000000002,2,2,1,0,50.0,0.0,Devanagari (hi/mr)
TU3M6wSQV_g__000099000_000171000,indicconformer__pyannote31+llm,False,0.3334808853118715,0.04963112005365528,0.05624413145539913,0.22760563380281704,0.5362492025904879,74.54999999999998,3.7000000000000006,4.193000000000004,16.968000000000007,2,2,1,0,72.0,0.0451,Telugu
Tlha36rSd5o__000240000_000374000,indicconformer__pyannote31+llm,False,0.16940913088670312,0.09901655073159024,0.06278883825057946,0.007603741904533437,0.13923338034151186,125.07000000000001,12.383999999999991,7.852999999999974,0.950999999999997,2,2,1,0,134.0,0.0,Tamil
TrPnW5kLAyQ__000093000_000513000,indicconformer__pyannote31+llm,False,0.25143805590046125,0.15497301269543495,0.05480576742771627,0.04165927577731006,0.2856702390390953,394.62999999999937,61.15699999999939,21.627999999999638,16.43999999999984,4,4,1,0,420.0,0.0501,Devanagari (hi/mr)
U_EHjxThUgc__000181000_000289000,indicconformer__pyannote31+llm,False,0.4747706013363032,0.06615590200445465,0.04181737193763935,0.36679732739420917,0.5828191072564431,112.25,7.426000000000035,4.694000000000017,41.17299999999998,3,3,1,0,108.0,0.0529,Bengali
VHlIFsHPWbk__000023000_000470000,indicconformer__pyannote31+llm,False,0.09901287936182483,0.03292259013325015,0.026409376531930696,0.03968091269664398,0.13085691717870362,448.7800000000001,14.775000000000004,11.85199999999986,17.807999999999886,4,4,1,0,447.0,0.0269,Odia
VKY0uuZ6Om8__000575000_000935000,indicconformer__pyannote31+llm,False,0.418654171733791,0.17939051434294292,0.09309678803920124,0.14616686935164683,0.493476063028741,419.36999999999955,75.2309999999999,39.04199999999978,61.29800000000006,3,3,1,0,360.0,0.1718,Devanagari (hi/mr)
VY_4x1scS-Y__000013000_000121000,indicconformer__pyannote31+llm,False,0.4305949264241219,0.07551683668863407,0.04198790286178566,0.31309018687370216,0.6387197824564255,110.76999999999998,8.364999999999995,4.650999999999996,34.68099999999998,4,4,1,0,108.0,0.0427,Tamil
0AEEA8NyVwY__000011000_000609000,indicconformer__pyannote31+rule,False,0.16575327897908504,0.12048741580999647,0.02776497695852502,0.017500886210563546,0.17191987002139322,564.2,67.97900000000001,15.664999999999818,9.873999999999953,3,3,1,0,598.0,0.0047,Devanagari (hi/mr)
0SoItGfM_sY__000007000_000088000,indicconformer__pyannote31+rule,False,0.42970382028902504,0.1510087280011445,0.11538131349263098,0.16331377879524958,0.6299019883443908,69.89000000000001,10.553999999999991,8.06399999999998,11.413999999999996,5,5,1,0,81.0,0.0,Kannada
0VEwL9XZ0LY__000261000_000557000,indicconformer__pyannote31+rule,False,0.20310372239311544,0.10442055784052842,0.05890851277088469,0.03977465178170235,0.21099209523786866,289.32999999999987,30.212000000000074,17.04400000000006,11.507999999999935,2,2,1,0,296.0,0.0355,Devanagari (hi/mr)
0esIFSOAcFs__000000000_000913000,indicconformer__pyannote31+rule,False,0.06535361611097783,0.04683225653103944,0.0050444045895544475,0.013476954990383948,0.07692983262187485,925.5799999999991,43.34699999999944,4.6689999999998015,12.473999999999563,3,3,1,0,913.0,0.0232,Gujarati
0p6cktLGIfY__000012000_000930000,indicconformer__pyannote31+rule,False,0.439190424636111,0.16119932635630918,0.13643810898592518,0.14155298929387666,0.6014639464508221,831.2999999999986,134.0049999999996,113.42099999999941,117.67299999999948,6,5,0,-1,918.0,0.0329,Gujarati
13VBh0Z6QmE__000000000_000904000,indicconformer__pyannote31+rule,False,0.21347003652432622,0.044551787888352845,0.01192677097894158,0.1569914776570318,0.34909469343468696,887.0799999999984,39.52099999999997,10.579999999999478,139.26399999999953,4,5,0,1,904.0,0.029,Tamil
1LFl5JEipII__000000000_000597000,indicconformer__pyannote31+rule,False,0.4046795781788695,0.06440546204285845,0.05126580139255141,0.28900831474345967,0.5495405779948146,591.7199999999982,38.110000000000085,30.335000000000427,171.01199999999943,5,5,1,0,597.0,0.1006,Bengali
2HGP34TNvjg__000084000_000194000,indicconformer__pyannote31+rule,False,0.307128848793881,0.12907432829966653,0.07095508923318297,0.10709943126103154,0.36099978683513734,101.98,13.162999999999993,7.236,10.921999999999997,2,2,1,0,110.0,0.0128,Odia
2LN6vb7EBn0__000098000_000394000,indicconformer__pyannote31+rule,False,0.29883570955485017,0.09925750339875165,0.08480147802140345,0.11477672813469508,0.352904307759802,286.86999999999983,28.473999999999872,24.32699999999999,32.92599999999996,3,3,1,0,296.0,0.0238,Tamil
2T4pjueLrsk__000677000_001290000,indicconformer__pyannote31+rule,False,0.4628380118465097,0.19884662080129464,0.10980280342886584,0.1541885876163492,0.6159173230079256,543.6199999999991,108.09699999999961,59.690999999999946,83.81999999999962,4,3,0,-1,613.0,0.0342,Gujarati
2gGHQgj9yno__000000000_000099000,indicconformer__pyannote31+rule,False,0.3902936888148302,0.1412934805248906,0.09632368256613207,0.15267652572380752,0.6659116520059449,96.02000000000001,13.566999999999997,9.249000000000002,14.66,4,2,0,-2,99.0,0.0798,Gujarati
2iMXYxBTwbM__000339000_000401000,indicconformer__pyannote31+rule,False,0.7919117647058823,0.26570378151260493,0.25535714285714267,0.2708508403361347,0.8047534980897216,57.12,15.176999999999992,14.585999999999988,15.471000000000013,3,2,0,-1,62.0,0.1275,Devanagari (hi/mr)
37dND_0r6S8__000060000_000222000,indicconformer__pyannote31+rule,False,0.44698145624740776,0.10704425617631344,0.09601279696664478,0.24392440310444952,0.5273561259542319,168.78999999999996,18.06799999999994,16.205999999999968,41.172000000000025,2,2,1,0,162.0,0.0896,Tamil
4Qg2jWP6_T0__000136000_000202000,indicconformer__pyannote31+rule,False,0.7422645262111094,0.20579627788038043,0.1525074584458019,0.3839607898849271,0.7697805117166725,70.38999999999999,14.485999999999976,10.734999999999994,27.027000000000015,3,3,1,0,66.0,0.2093,Punjabi
6-726qTlYeg__000102000_000162000,indicconformer__pyannote31+rule,False,0.5719454414931806,0.1163675520459441,0.1380330222541282,0.31754486719310837,0.5819723227455009,69.64999999999998,8.105000000000004,9.614000000000026,22.11699999999999,2,2,1,0,60.0,0.161,Malayalam
6ZeRgvDHwcI__000006000_000100000,indicconformer__pyannote31+rule,False,0.6784044233807266,0.3941232227488148,0.1467456556082146,0.13753554502369716,0.6341604069815079,63.29999999999999,24.947999999999972,9.288999999999982,8.70600000000003,2,2,1,0,94.0,0.0125,Gujarati
6f6TLzlP8Wk__000082000_000144000,indicconformer__pyannote31+rule,False,0.580489047376465,0.11725250466972338,0.15316692137884202,0.3100696213278995,0.6046953777064381,58.890000000000015,6.905000000000012,9.020000000000008,18.260000000000005,2,2,1,0,62.0,0.051,Punjabi
7L4gi7Ncc0s__000090000_000148000,indicconformer__pyannote31+rule,False,0.15863121968744393,0.06225974492545366,0.04167415124842824,0.054697323513562025,0.2362327089747383,55.67,3.466000000000005,2.3200000000000003,3.044999999999998,2,2,1,0,58.0,0.0,Malayalam
7WhVNRHbjIY__000091000_001089000,indicconformer__pyannote31+rule,False,0.14125897981297883,0.025145483003571965,0.028033069791708495,0.08808042701769837,0.2394298024354066,996.6799999999996,25.062000000000097,27.940000000000012,87.78799999999958,5,5,1,0,998.0,0.0133,Tamil
7YfsQPYY-W0__000351000_000411000,indicconformer__pyannote31+rule,False,0.5875953307392995,0.14908949416342412,0.11064591439688723,0.3278599221789882,0.6297462828352816,64.24999999999999,9.578999999999997,7.109000000000003,21.064999999999987,2,2,1,0,60.0,0.1219,Odia
7c9ePKgqams__000299000_000869000,indicconformer__pyannote31+rule,False,0.3281067013662979,0.06504012144870919,0.03499421672811374,0.22807236318947494,0.5935073939117356,553.32,35.98799999999977,19.362999999999897,126.19700000000029,4,3,0,-1,570.0,0.0055,Telugu
7k-xDqNjESc__000073000_000981000,indicconformer__pyannote31+rule,False,0.3473423277888572,0.1309996769126219,0.059905970431935095,0.15643668044430017,0.6655925517520901,897.5899999999988,117.58400000000015,53.77100000000055,140.4159999999992,4,2,0,-2,908.0,0.0421,Malayalam
83gP2vLH7UY__000255000_002005000,indicconformer__pyannote31+rule,False,0.3253036278760223,0.13334572963662417,0.0950034742271071,0.09695442401229108,0.31705176503524546,2043.61999999999,272.5079999999965,194.15099999999964,198.13799999999733,5,5,1,0,1750.0,0.2022,Devanagari (hi/mr)
86mMTUeDiR8__000181000_001079000,indicconformer__pyannote31+rule,False,0.5636736925226264,0.1848205065905373,0.13728482050659083,0.2415683654254983,0.6708718377828224,823.1499999999991,152.13500000000062,113.00600000000011,198.8469999999987,5,4,0,-1,898.0,0.0517,Bengali
87Zbup3ohcw__000106000_000445000,indicconformer__pyannote31+rule,False,0.2214961736685923,0.11496486022177085,0.05557394971107267,0.050957363735748794,0.348801646000961,320.15000000000003,36.80599999999994,17.791999999999916,16.31399999999998,4,5,0,1,339.0,0.0152,Tamil
8Ve4SWhlrrA__000000000_000070000,indicconformer__pyannote31+rule,False,0.08069268139789999,0.048080238207177516,0.0004074596458235634,0.03220498354489892,0.5392110676653947,63.809999999999995,3.067999999999997,0.026000000000001577,2.0549999999999997,2,1,0,-1,70.0,0.0,Odia
8mvORuRHw2U__000000000_001197000,indicconformer__pyannote31+rule,False,0.19675671945623113,0.08624279750198328,0.0367551668219292,0.07375875513231865,0.23836995132119318,1159.3199999999972,99.98299999999902,42.61099999999885,85.50999999999945,4,4,1,0,1197.0,0.0417,Gujarati
8o7jKmq6HsM__000030000_001770000,indicconformer__pyannote31+rule,False,0.1907410341432495,0.06544198363568335,0.06240055226735195,0.0628984982402142,0.20974641729333807,1767.2599999999961,115.65299999999749,110.27800000000016,111.15800000000073,6,6,1,0,1740.0,0.0471,Devanagari (hi/mr)
8pkp-lpMJP0__000326000_000926000,indicconformer__pyannote31+rule,False,0.44144842637261605,0.14315414656558756,0.04822105444521041,0.25007322536181803,0.7085679541532376,696.4799999999989,99.70400000000026,33.58500000000009,174.17099999999874,8,6,0,-2,600.0,0.2032,Telugu
8r2Nltl0W4o__000259000_000320000,indicconformer__pyannote31+rule,False,0.18062818615359327,0.06163459957243883,0.033481335306693,0.08551225127446144,0.5748319396622398,60.81,3.7480000000000055,2.0360000000000014,5.2,2,1,0,-1,61.0,0.0227,Punjabi
90uAd6xpTPo__000016000_000408000,indicconformer__pyannote31+rule,False,0.07785311970252051,0.025471646524853675,0.03593809810247662,0.016443375075190215,0.0802970326456636,365.74000000000007,9.315999999999985,13.143999999999801,6.01400000000007,4,4,1,0,392.0,0.0067,Devanagari (hi/mr)
9Aw8kg8w5Xo__000000000_000083000,indicconformer__pyannote31+rule,False,0.08274303859306302,0.0459208597948216,0.020139228138739453,0.016682950659501965,0.5330013668276781,81.88000000000001,3.7599999999999927,1.6489999999999867,1.366000000000021,4,2,0,-2,83.0,0.0216,Telugu
9_GMxc_JjyI__000236000_000368000,indicconformer__pyannote31+rule,False,0.2324598969296651,0.08468461929302455,0.07696886114538691,0.07080641649125362,0.5558389005535407,137.77,11.666999999999993,10.603999999999955,9.755000000000011,2,2,1,0,132.0,0.0602,Kannada
ARCKJrGkITw__000014000_000496000,indicconformer__pyannote31+rule,False,0.3584547356784716,0.09678431837024762,0.0564550515219709,0.20521536578625305,0.42068980052132193,506.5799999999995,49.02899999999999,28.59899999999999,103.95799999999996,3,3,1,0,482.0,0.0844,Telugu
ARZl7LT0UC0__000073000_000130000,indicconformer__pyannote31+rule,False,0.2741415785191214,0.10112286411716832,0.048510984540276796,0.1245077298616763,0.41231868252784515,61.44999999999996,6.21399999999999,2.981000000000007,7.651000000000003,3,3,1,0,57.0,0.0905,Telugu
A_dohDOK6Ic__000000000_000600000,indicconformer__pyannote31+rule,False,0.07494379301995803,0.05463837293763641,0.00473522188786283,0.015570198194458783,0.08621253129556737,578.22,31.593000000000128,2.7380000000000457,9.002999999999957,3,3,1,0,600.0,0.0048,Devanagari (hi/mr)
B2ScTgeIIck__000117000_000180000,indicconformer__pyannote31+rule,False,0.4246172320624435,0.15214650255178624,0.06781747223056152,0.20465325728009573,0.4774783069376707,66.61999999999999,10.135999999999997,4.518000000000008,13.633999999999975,2,2,1,0,63.0,0.0879,Odia
BGAAfht5dYw__000000000_000612000,indicconformer__pyannote31+rule,False,0.346654976275381,0.08860628923403299,0.020070142347704975,0.23797854469364302,0.46560469437203916,678.6199999999985,60.12999999999934,13.61999999999952,161.49699999999967,4,5,0,1,612.0,0.135,Gujarati
BYLcUGNB_zM__000020000_001387000,indicconformer__pyannote31+rule,False,0.11464156669496207,0.038736187378400185,0.022010802202507816,0.05389457711405408,0.14764343510324338,1331.2099999999994,51.56600000000009,29.301000000000414,71.74499999999989,4,4,1,0,1367.0,0.0054,Kannada
Bngfppo1QtA__000028000_000927000,indicconformer__pyannote31+rule,False,0.523176483492375,0.15425329304894958,0.1270244398576076,0.24189875058581775,0.5423075549476046,1002.8699999999984,154.69599999999983,127.38899999999875,242.59299999999865,5,6,0,1,899.0,0.1261,Telugu
CO_8ppdzq9U__000000000_000695000,indicconformer__pyannote31+rule,False,0.15328662967164342,0.07583008860410302,0.008218107122052861,0.06923843394548754,0.20418158085272525,652.3399999999989,49.46700000000048,5.3609999999999545,45.16699999999926,4,4,1,0,695.0,0.0186,Tamil
Cku_X_SL7qU__000060000_000660000,indicconformer__pyannote31+rule,False,0.7114526884103227,0.22678337597453593,0.3203227301114044,0.1643465823243824,0.6068051006348517,496.3899999999996,112.5729999999998,159.00499999999988,81.58000000000011,3,3,1,0,600.0,0.1022,Gujarati
DPmew0didIM__000191000_000512000,indicconformer__pyannote31+rule,False,0.3825750153092457,0.14288426209430416,0.08935088793631277,0.15033986527862878,0.5573293207240522,326.5999999999998,46.66599999999971,29.181999999999732,49.10100000000013,5,4,0,-1,321.0,0.062,Telugu
EmsKkNN2Me4__000035000_000095000,indicconformer__pyannote31+rule,False,0.5123949233558593,0.09182462502060337,0.11457062798747294,0.305999670347783,0.5636220560369732,60.67,5.571000000000007,6.950999999999984,18.564999999999998,2,2,1,0,60.0,0.0471,Malayalam
ExGJodnzocM__000212000_000527000,indicconformer__pyannote31+rule,False,0.37192625597313705,0.08785031641482634,0.03299108872529991,0.25108485083301085,0.48170007590265146,309.72000000000014,27.209000000000024,10.217999999999893,77.76600000000016,4,4,1,0,315.0,0.0133,Devanagari (hi/mr)
F2uXav-wriA__000000000_000907000,indicconformer__pyannote31+rule,False,0.16276150627615085,0.056414160222568475,0.009142588008499796,0.09720475804508258,0.22980583021290962,912.9799999999992,51.50500000000052,8.347000000000136,88.74599999999941,4,4,1,0,907.0,0.0336,Devanagari (hi/mr)
FDMf9ApmoNU__000016000_000686000,indicconformer__pyannote31+rule,False,0.39568426399161816,0.18083076727722885,0.11141233611631353,0.1034411605980758,0.4160781236606793,630.0199999999985,113.92699999999945,70.19199999999968,65.16999999999956,4,4,1,0,670.0,0.0882,Bengali
G6qzg93FxwE__000021000_000116000,indicconformer__pyannote31+rule,False,0.06784908094163172,0.04353434376007735,0.02069224981188864,0.0036224873696657353,0.07913717308237296,93.02999999999999,4.049999999999995,1.9249999999999998,0.3370000000000033,2,2,1,0,95.0,0.0061,Gujarati
GEc_sS2KWo8__000096000_000290000,indicconformer__pyannote31+rule,False,0.3462389233126788,0.1964754480644945,0.08323672463188764,0.06652675061629672,0.6500028431024604,150.08999999999997,29.488999999999972,12.493000000000013,9.984999999999973,4,2,0,-2,194.0,0.0378,Gujarati
GfFLEIAAumk__000090000_000163000,indicconformer__pyannote31+rule,False,0.14496534855279236,0.052561489332789764,0.026892240793586097,0.0655116184264165,0.19288726891557062,73.59,3.867999999999999,1.979000000000001,4.820999999999991,2,2,1,0,73.0,0.0285,Bengali
Gq45evw6ytY__000597000_001464000,indicconformer__pyannote31+rule,False,0.3759889012959763,0.12948036860330078,0.08064719881794219,0.16586133387473329,0.4061587899629982,886.5899999999993,114.79600000000036,71.50099999999931,147.05099999999968,3,3,1,0,867.0,0.0869,Odia
HZv_WvIr6lE__000021000_000105000,indicconformer__pyannote31+rule,False,0.281304866153679,0.07457461796900398,0.10640511542213038,0.10032513276254465,0.2894154704412131,92.27,6.880999999999998,9.81799999999997,9.256999999999994,3,3,1,0,84.0,0.1276,Tamil
HpYG46tGyYs__000103000_000998000,indicconformer__pyannote31+rule,False,0.08944997271344572,0.0347410099508849,0.041034334614446846,0.013674628148113975,0.10435880724043585,861.23,29.920000000000602,35.34000000000006,11.7770000000002,4,4,1,0,895.0,0.0022,Devanagari (hi/mr)
IAm1rt-MYcA__000004000_000558000,indicconformer__pyannote31+rule,False,0.36601369938888145,0.12901611801414217,0.09942026844894078,0.13757731292579853,0.42928052994277466,541.6299999999998,69.87899999999979,53.84899999999977,74.51600000000022,4,4,1,0,554.0,0.0445,Bengali
Iare1Emeueg__000016000_000069000,indicconformer__pyannote31+rule,False,0.6932269995376794,0.3624133148404995,0.15314378178455876,0.1776699029126211,0.6536016221178513,43.25999999999999,15.678000000000004,6.625000000000011,7.6859999999999875,2,2,1,0,53.0,0.0,Devanagari (hi/mr)
IfTL8SSN270__000062000_000671000,indicconformer__pyannote31+rule,False,0.3026752628566258,0.12547976983098855,0.08255204410568463,0.09464344891995265,0.31992033453085233,663.8599999999988,83.3009999999999,54.8029999999997,62.82999999999964,4,4,1,0,609.0,0.1121,Devanagari (hi/mr)
Ig6szCD8m20__000046000_000106000,indicconformer__pyannote31+rule,False,0.2316717019133938,0.03185632762672039,0.05006713662302806,0.14974823766364537,0.3140986639188309,59.57999999999999,1.8980000000000006,2.983000000000011,8.92199999999999,2,2,1,0,60.0,0.0204,Devanagari (hi/mr)
Iqhnt8ENm3U__000027000_000088000,indicconformer__pyannote31+rule,False,0.7374549278846155,0.23969350961538463,0.07258112980769257,0.4251802884615384,0.794392875222361,66.55999999999997,15.953999999999995,4.8310000000000155,28.299999999999983,3,3,1,0,61.0,0.1772,Devanagari (hi/mr)
J4-VpEkBzWw__000000000_000600000,indicconformer__pyannote31+rule,False,0.10629037581930541,0.04259128275255034,0.017187721035507503,0.04651137203124756,0.1255383182425426,636.2099999999999,27.09700000000005,10.935000000000226,29.591000000000008,7,7,1,0,600.0,0.0685,Kannada
JBYGLQJwFDc__000103000_000407000,indicconformer__pyannote31+rule,False,0.5161608410390219,0.18551586540306253,0.12577600429728023,0.20486897133867918,0.6999516187722038,260.62999999999994,48.35100000000018,32.781000000000134,53.39499999999994,3,2,0,-1,304.0,0.012,Tamil
JSB1CeS4pP8__000000000_000632000,indicconformer__pyannote31+rule,False,0.17828792104698543,0.07958745824010749,0.02706500750911794,0.07163545529776,0.21617205634373968,652.5399999999992,51.93399999999967,17.6609999999998,46.745000000000246,4,4,1,0,632.0,0.088,Punjabi
Jc5AVwg2cZM__000153000_000214000,indicconformer__pyannote31+rule,False,0.8685276758653697,0.27490827883235,0.2819269420960285,0.3116924549369914,0.774362175665639,62.689999999999976,17.234000000000012,17.674000000000017,19.53999999999998,3,3,1,0,61.0,0.2816,Devanagari (hi/mr)
KAtdcDieQMw__000057000_000599000,indicconformer__pyannote31+rule,False,0.22294326911509388,0.1155807998350142,0.02572739615378034,0.08163507312629932,0.26686246449910334,581.8699999999981,67.25299999999949,14.970000000000116,47.50099999999963,3,3,1,0,542.0,0.1073,Odia
KPkRi3GM7fs__000047000_000642000,indicconformer__pyannote31+rule,False,0.12418578061118497,0.0732450973598509,0.026070611877208924,0.02487007137412514,0.14450125609155465,577.2399999999999,42.28000000000032,15.049000000000076,14.355999999999995,3,3,1,0,595.0,0.0031,Odia
Kdi-ECuOaKg__000002000_000078000,indicconformer__pyannote31+rule,False,0.996573766300179,0.3747634875990797,0.4228074661211966,0.19900281257990268,0.8077896117596692,39.11,14.657000000000005,16.535999999999998,7.782999999999994,6,5,0,-1,76.0,0.0,Malayalam
L7xRazDdtgw__000019000_000083000,indicconformer__pyannote31+rule,False,0.8962034216076868,0.3108975861260836,0.1742676353409893,0.41103820014061404,0.7847262552024027,42.669999999999995,13.265999999999986,7.436000000000012,17.538999999999998,3,5,0,2,64.0,0.0012,Gujarati
LBIWBxQ5H1s__000090000_001020000,indicconformer__pyannote31+rule,False,0.40049378865845436,0.12708456780498,0.08982795363584437,0.18358126721763,0.4464219830782823,961.9499999999974,122.2490000000002,86.41000000000025,176.5959999999987,4,4,1,0,930.0,0.0724,Malayalam
LK23jX9tgZM__000059000_000221000,indicconformer__pyannote31+rule,False,0.3305737109658686,0.19671526730350317,0.053706496843751964,0.08015194681861347,0.5612580382655938,179.00999999999985,35.21400000000007,9.614000000000031,14.347999999999985,3,2,0,-1,162.0,0.1712,Gujarati
LctYmmr9-Vg__000000000_000061000,indicconformer__pyannote31+rule,False,0.19849529780564262,0.15400208986415878,0.0031556948798328066,0.041337513061651024,0.2294991022739472,47.85,7.368999999999998,0.1509999999999998,1.9780000000000015,2,2,1,0,61.0,0.0,Devanagari (hi/mr)
LqQHdo7t5Ps__000198000_000498000,indicconformer__pyannote31+rule,False,0.15787896332118648,0.03036133910022805,0.02414262847801638,0.10337499574294207,0.24428360608885458,293.63000000000005,8.914999999999964,7.088999999999951,30.354000000000084,3,3,1,0,300.0,0.0019,Devanagari (hi/mr)
Md3p6RTanBg__000315000_000426000,indicconformer__pyannote31+rule,False,0.061676382264617205,0.041485603250308915,0.009998233527645124,0.010192545486663167,0.057321498704742145,113.21999999999997,4.696999999999974,1.1319999999999806,1.1540000000000035,3,3,1,0,111.0,0.0528,Bengali
MmtWBUK2DKE__000000000_000310000,indicconformer__pyannote31+rule,False,0.15876366008807655,0.044110259337791675,0.021497308758766733,0.09315609199151816,0.3797137126376961,306.54999999999995,13.522000000000036,6.589999999999941,28.55699999999989,5,4,0,-1,310.0,0.0432,Devanagari (hi/mr)
NLgHpYyf5bY__000313000_000383000,indicconformer__pyannote31+rule,False,0.20287414719117422,0.07414719117433584,0.03215270721439962,0.09657424880243876,0.3423943949261173,68.89,5.107999999999996,2.2149999999999896,6.653000000000006,2,2,1,0,70.0,0.0097,Devanagari (hi/mr)
NuhdqCEuIBo__000197000_000540000,indicconformer__pyannote31+rule,False,0.28600050651433634,0.07621915186988167,0.053192447308438556,0.15658890733601613,0.5103095478950768,355.36999999999955,27.085999999999814,18.902999999999786,55.64699999999998,3,3,1,0,343.0,0.0562,Punjabi
O4_aeGFzZ8A__000000000_000335000,indicconformer__pyannote31+rule,False,0.15024699412806367,0.08336595519930437,0.0649827570137005,0.0018982819150587997,0.11470828194761262,321.86999999999995,26.833000000000094,20.915999999999777,0.6109999999999758,8,8,1,0,335.0,0.0004,Kannada
OXUt5KnlUMo__000091000_000181000,indicconformer__pyannote31+rule,False,0.27438925552854,0.0742040060206091,0.04191270116938749,0.15827254833854337,0.39026860684893927,86.37,6.409000000000009,3.6199999999999974,13.669999999999991,2,2,1,0,90.0,0.0,Odia
OxYCBQKZ3iY__000000000_001822000,indicconformer__pyannote31+rule,False,0.40342384265092973,0.08377044664677909,0.04762317804333584,0.27203021796081484,0.4994774653199154,1706.2699999999916,142.93499999999904,81.25800000000224,464.1569999999972,7,6,0,-1,1822.0,0.0659,Punjabi
PCUA2q2C-2A__000045000_000107000,indicconformer__pyannote31+rule,False,0.04567616537637936,0.019123702849612935,0.026190084005929638,0.0003623785208367981,0.06188969085372095,60.71000000000001,1.1610000000000014,1.5899999999999885,0.022000000000002018,3,3,1,0,62.0,0.0063,Devanagari (hi/mr)
PEDfT9-Yf2o__000000000_000469000,indicconformer__pyannote31+rule,False,0.06338301043218993,0.03390710382513606,0.006458022851465272,0.023017883755588598,0.0817508159151137,402.5999999999999,13.650999999999772,2.599999999999918,9.266999999999967,3,3,1,0,469.0,0.011,Bengali
PQB3-4sZUeY__000000000_001132000,indicconformer__pyannote31+rule,False,0.40022658075479545,0.08058928697868645,0.04830683990653568,0.27133045386957333,0.5234739330635633,1129.8399999999915,91.0529999999984,54.57899999999986,306.5599999999964,4,4,1,0,1132.0,0.1069,Telugu
PRAzUz0GANs__000223000_000283000,indicconformer__pyannote31+rule,False,0.35035879445064605,0.10033487482060295,0.08145431350661778,0.16856960612342534,0.41710166901190915,62.710000000000015,6.292000000000012,5.108000000000002,10.571000000000005,2,2,1,0,60.0,0.0822,Kannada
PSIzXy5-y2E__000002000_000918000,indicconformer__pyannote31+rule,False,0.34106877950101155,0.17151944257136417,0.08672173522139845,0.0828276017082489,0.3204137214597036,889.7999999999993,152.6179999999997,77.16500000000028,73.69999999999982,3,4,0,1,916.0,0.0434,Devanagari (hi/mr)
PVDfS7lcJHY__000000000_000360000,indicconformer__pyannote31+rule,False,0.3299763372077914,0.090202043841174,0.03438905790883363,0.20538523545778378,0.4421155417821478,384.56999999999925,34.68900000000022,13.225000000000122,78.98499999999976,6,6,1,0,360.0,0.1127,Kannada
Pjre5dpnKGA__000000000_000330000,indicconformer__pyannote31+rule,False,0.27393571066821526,0.07294068579259333,0.04158548574492765,0.1594095391306943,0.5010078751033511,335.6699999999996,24.483999999999774,13.958999999999849,53.5090000000001,4,3,0,-1,330.0,0.0933,Kannada
QhpjuNTZoA8__000000000_000586000,indicconformer__pyannote31+rule,False,0.3284534497702331,0.06502477554825041,0.016561186609756456,0.24686748761222624,0.5090351759574446,611.4899999999991,39.76199999999959,10.12699999999996,150.957,3,3,1,0,586.0,0.0512,Kannada
QuA_B6IZ6Ls__000061000_001863000,indicconformer__pyannote31+rule,False,0.4939599921596747,0.35483455807571834,0.04041612887716897,0.09870930520678742,0.42213938382754085,2703.9699999999975,959.4619999999992,109.28399999999849,266.90699999999674,4,5,0,1,1802.0,0.3694,Devanagari (hi/mr)
RL2fhIEEbZg__000000000_000065000,indicconformer__pyannote31+rule,False,0.14281350236749663,0.05113792576752719,0.013624560867573198,0.07805101573239624,0.44311995781193797,65.47,3.3480000000000047,0.8920000000000172,5.109999999999982,3,3,1,0,65.0,0.0563,Telugu
RL2fhIEEbZg__000066000_001034000,indicconformer__pyannote31+rule,False,0.33882027740757215,0.11377264425687382,0.0798963423663552,0.14515129078434308,0.3736998768102651,1012.9499999999994,115.24600000000027,80.93099999999946,147.03100000000023,3,3,1,0,968.0,0.0719,Telugu
RWTmftezCwI__000000000_000060000,indicconformer__pyannote31+rule,False,0.164524465885596,0.09908683666436914,0.03905926946933141,0.026378359751895456,0.18432511745974073,58.03999999999999,5.750999999999984,2.2669999999999946,1.5310000000000121,2,2,1,0,60.0,0.0244,Malayalam
RZUZyvRzi80__000000000_000336000,indicconformer__pyannote31+rule,False,0.04610060561117297,0.011002966258805834,0.00888332715362772,0.026214312198739417,0.06596670228817696,323.63999999999993,3.560999999999919,2.8750000000000746,8.484000000000023,4,4,1,0,336.0,0.0001,Punjabi
SZ7ay4OjfAE__000000000_000897000,indicconformer__pyannote31+rule,False,0.42513197176693773,0.13119674173075707,0.03375116154925935,0.26018406848692127,0.5757103456367805,1011.5799999999954,132.71599999999864,34.14199999999961,263.19699999999864,5,5,1,0,897.0,0.1794,Telugu
T3I2T-cfhG4__000160000_000210000,indicconformer__pyannote31+rule,False,0.12554822226953347,0.042154566744730525,0.06429635937832642,0.019097296146476515,0.14215711463142147,46.970000000000006,1.9799999999999929,3.0199999999999925,0.897000000000002,2,2,1,0,50.0,0.0,Devanagari (hi/mr)
TU3M6wSQV_g__000099000_000171000,indicconformer__pyannote31+rule,False,0.24038900067069105,0.04963112005365528,0.05624413145539913,0.13451374916163664,0.4590170666164489,74.54999999999998,3.7000000000000006,4.193000000000004,10.02800000000001,2,2,1,0,72.0,0.0451,Telugu
Tlha36rSd5o__000240000_000374000,indicconformer__pyannote31+rule,False,0.16940913088670312,0.09901655073159024,0.06278883825057946,0.007603741904533437,0.13923338034151186,125.07000000000001,12.383999999999991,7.852999999999974,0.950999999999997,2,2,1,0,134.0,0.0,Tamil
TrPnW5kLAyQ__000093000_000513000,indicconformer__pyannote31+rule,False,0.26844892684286314,0.15497301269543495,0.05480576742771627,0.058670146719711956,0.31919064612811565,394.62999999999937,61.15699999999939,21.627999999999638,23.152999999999892,4,4,1,0,420.0,0.0501,Devanagari (hi/mr)
U_EHjxThUgc__000181000_000289000,indicconformer__pyannote31+rule,False,0.1513229398663701,0.06615590200445465,0.04181737193763935,0.0433496659242761,0.18421291509271376,112.25,7.426000000000035,4.694000000000017,4.8659999999999926,3,3,1,0,108.0,0.0529,Bengali
VHlIFsHPWbk__000023000_000470000,indicconformer__pyannote31+rule,False,0.09901287936182483,0.03292259013325015,0.026409376531930696,0.03968091269664398,0.13085691717870362,448.7800000000001,14.775000000000004,11.85199999999986,17.807999999999886,4,4,1,0,447.0,0.0269,Odia
VKY0uuZ6Om8__000575000_000935000,indicconformer__pyannote31+rule,False,0.41960559887450205,0.17939051434294292,0.09309678803920124,0.14711829649235794,0.48109102526427555,419.36999999999955,75.2309999999999,39.04199999999978,61.69700000000008,3,3,1,0,360.0,0.1718,Devanagari (hi/mr)
VY_4x1scS-Y__000013000_000121000,indicconformer__pyannote31+rule,False,0.3022749842014983,0.07551683668863407,0.04198790286178566,0.18477024465107858,0.37195880746043697,110.76999999999998,8.364999999999995,4.650999999999996,20.46699999999997,4,4,1,0,108.0,0.0427,Tamil
0AEEA8NyVwY__000011000_000609000,indicconformer__sortformer,False,0.07082594824530272,0.04369018078695484,0.025753278979085265,0.0013824884792626242,0.0838035436815225,564.2,24.64999999999992,14.529999999999907,0.7799999999999727,3,3,1,0,598.0,0.0047,Devanagari (hi/mr)
0SoItGfM_sY__000007000_000088000,indicconformer__sortformer,False,0.41064529975676045,0.06710545142366586,0.12419516382887372,0.21934468450422082,0.7493088709248161,69.89000000000001,4.690000000000008,8.679999999999986,15.329999999999997,5,3,0,-2,81.0,0.0,Kannada
0VEwL9XZ0LY__000261000_000557000,indicconformer__sortformer,False,0.2484360418898834,0.14184495213078485,0.060622818235233064,0.04596827152386552,0.2590455157897543,289.32999999999987,41.039999999999964,17.539999999999974,13.300000000000004,2,2,1,0,296.0,0.0355,Devanagari (hi/mr)
0esIFSOAcFs__000000000_000913000,indicconformer__sortformer,True,1.0,1.0,0.0,0.0,1.0,925.5799999999994,925.5799999999994,0.0,0.0,3,0,0,-3,913.0,0.0232,Gujarati
0p6cktLGIfY__000012000_000930000,indicconformer__sortformer,True,1.0,1.0,0.0,0.0,1.0,831.3,831.3,0.0,0.0,6,0,0,-6,918.0,0.0329,Gujarati
13VBh0Z6QmE__000000000_000904000,indicconformer__sortformer,True,1.0,1.0,0.0,0.0,1.0,887.0799999999995,887.0799999999995,0.0,0.0,4,0,0,-4,904.0,0.029,Tamil
1LFl5JEipII__000000000_000597000,indicconformer__sortformer,False,0.47672885824376354,0.18177516392888432,0.013114310822686888,0.2818393834921923,0.5943043311424454,591.7199999999984,107.55999999999915,7.7600000000002645,166.76999999999958,5,4,0,-1,597.0,0.1006,Bengali
2HGP34TNvjg__000084000_000194000,indicconformer__sortformer,False,0.31457148460482415,0.12953520298097648,0.06373798784075299,0.12129829378309473,0.3493976597877109,101.98,13.209999999999983,6.49999999999999,12.370000000000001,2,3,0,1,110.0,0.0128,Odia
2LN6vb7EBn0__000098000_000394000,indicconformer__sortformer,False,0.34510405410116063,0.1371352877610072,0.11789312232021451,0.09007564401993896,0.3740061301092898,286.8699999999999,39.34000000000012,33.81999999999992,25.839999999999883,3,3,1,0,296.0,0.0238,Tamil
2T4pjueLrsk__000677000_001290000,indicconformer__sortformer,False,0.48338913211434326,0.181542253780214,0.10696810271881091,0.19487877561531836,0.6718307652449153,543.6199999999991,98.68999999999977,58.14999999999989,105.93999999999919,4,3,0,-1,613.0,0.0342,Gujarati
2gGHQgj9yno__000000000_000099000,indicconformer__sortformer,False,0.36034159550093714,0.2844199125182253,0.06259112684857306,0.013330556134138772,0.43583956391754,96.01999999999998,27.309999999999988,6.009999999999984,1.2800000000000047,4,4,1,0,99.0,0.0798,Gujarati
2iMXYxBTwbM__000339000_000401000,indicconformer__sortformer,False,0.8123249299719888,0.2787114845938374,0.2645308123249297,0.26908263305322166,0.8102159922065358,57.120000000000005,15.919999999999991,15.109999999999987,15.370000000000022,3,2,0,-1,62.0,0.1275,Devanagari (hi/mr)
37dND_0r6S8__000060000_000222000,indicconformer__sortformer,False,0.4816043604478939,0.0995912080099533,0.13608626103442137,0.2459268914035192,0.5385621438386994,168.79,16.810000000000016,22.96999999999998,41.510000000000005,2,2,1,0,162.0,0.0896,Tamil
4Qg2jWP6_T0__000136000_000202000,indicconformer__sortformer,False,0.8648955817587719,0.16678505469526905,0.24506321920727342,0.4530473078562294,0.7997330478457941,70.39000000000001,11.739999999999991,17.24999999999998,31.889999999999993,3,2,0,-1,66.0,0.2093,Punjabi
6-726qTlYeg__000102000_000162000,indicconformer__sortformer,False,0.5382627422828428,0.11457286432160783,0.1458722182340274,0.2778176597272075,0.5405838491638914,69.64999999999999,7.979999999999984,10.160000000000007,19.35,2,3,0,1,60.0,0.161,Malayalam
6ZeRgvDHwcI__000006000_000100000,indicconformer__sortformer,False,0.7014218009478678,0.38120063191153264,0.16097946287519768,0.15924170616113748,0.6470381630665814,63.29999999999999,24.130000000000013,10.190000000000012,10.08,2,2,1,0,94.0,0.0125,Gujarati
6f6TLzlP8Wk__000082000_000144000,indicconformer__sortformer,False,0.6361012056376295,0.11784683307862116,0.11614875191034132,0.40210562064866706,0.6816891662195756,58.89000000000001,6.940000000000001,6.840000000000002,23.680000000000007,2,3,0,1,62.0,0.051,Punjabi
7L4gi7Ncc0s__000090000_000148000,indicconformer__sortformer,False,0.1841207113346507,0.0905335009879649,0.04167415124842825,0.05191305909825754,0.25435201296866417,55.669999999999995,5.040000000000005,2.3200000000000003,2.889999999999997,2,2,1,0,58.0,0.0,Malayalam
7WhVNRHbjIY__000091000_001089000,indicconformer__sortformer,True,1.0,1.0,0.0,0.0,1.0,996.6799999999998,996.6799999999998,0.0,0.0,5,0,0,-5,998.0,0.0133,Tamil
7YfsQPYY-W0__000351000_000411000,indicconformer__sortformer,False,0.5894163424124511,0.1626459143968869,0.1374319066147857,0.2893385214007785,0.6093893784817557,64.24999999999999,10.44999999999998,8.829999999999979,18.590000000000014,2,2,1,0,60.0,0.1219,Odia
7c9ePKgqams__000299000_000869000,indicconformer__sortformer,False,0.37983445384226194,0.10220125786163586,0.03330803151883153,0.24432516446179453,0.6254652101840489,553.32,56.55000000000036,18.429999999999865,135.19000000000017,4,3,0,-1,570.0,0.0055,Telugu
7k-xDqNjESc__000073000_000981000,indicconformer__sortformer,True,1.0,1.0,0.0,0.0,1.0,897.5899999999995,897.5899999999995,0.0,0.0,4,0,0,-4,908.0,0.0421,Malayalam
83gP2vLH7UY__000255000_002005000,indicconformer__sortformer,True,1.0,1.0,0.0,0.0,1.0,2043.6199999999963,2043.6199999999963,0.0,0.0,5,0,0,-5,1750.0,0.2022,Devanagari (hi/mr)
86mMTUeDiR8__000181000_001079000,indicconformer__sortformer,True,1.0,1.0,0.0,0.0,1.0,823.15,823.15,0.0,0.0,5,0,0,-5,898.0,0.0517,Bengali
87Zbup3ohcw__000106000_000445000,indicconformer__sortformer,False,0.15764485397469916,0.07218491332188033,0.04547868186787426,0.039981258784944594,0.3073561931336718,320.15000000000003,23.10999999999999,14.559999999999945,12.800000000000013,4,4,1,0,339.0,0.0152,Tamil
8Ve4SWhlrrA__000000000_000070000,indicconformer__sortformer,False,0.02099984328475153,0.005328318445384713,0.015671524839366815,0.0,0.07539604020368369,63.809999999999995,0.3399999999999985,0.9999999999999964,0.0,2,2,1,0,70.0,0.0,Odia
8mvORuRHw2U__000000000_001197000,indicconformer__sortformer,True,1.0,1.0,0.0,0.0,1.0,1159.319999999999,1159.319999999999,0.0,0.0,4,0,0,-4,1197.0,0.0417,Gujarati
8o7jKmq6HsM__000030000_001770000,indicconformer__sortformer,True,1.0,1.0,0.0,0.0,1.0,1767.2599999999993,1767.2599999999993,0.0,0.0,6,0,0,-6,1740.0,0.0471,Devanagari (hi/mr)
8pkp-lpMJP0__000326000_000926000,indicconformer__sortformer,False,0.5010050539857572,0.24633873190902827,0.019584194808178412,0.23508212726855043,0.8145748947682774,696.4799999999996,171.5699999999999,13.640000000000093,163.7299999999999,8,4,0,-4,600.0,0.2032,Telugu
8r2Nltl0W4o__000259000_000320000,indicconformer__sortformer,False,0.17776681466864022,0.05377405032067114,0.038480513073507666,0.08551225127446144,0.5709836065573771,60.81,3.270000000000012,2.340000000000001,5.2,2,1,0,-1,61.0,0.0227,Punjabi
90uAd6xpTPo__000016000_000408000,indicconformer__sortformer,False,0.4326023951440907,0.06277683600371771,0.025865368841252973,0.34396019029912006,0.5418666514526027,365.74000000000007,22.95999999999972,9.459999999999864,125.8000000000002,4,4,1,0,392.0,0.0067,Devanagari (hi/mr)
9Aw8kg8w5Xo__000000000_000083000,indicconformer__sortformer,False,0.1846604787493894,0.02979970688812903,0.0346849047386419,0.12017586712261848,0.5479003540492574,81.88000000000002,2.4400000000000057,2.84,9.840000000000003,4,3,0,-1,83.0,0.0216,Telugu
9_GMxc_JjyI__000236000_000368000,indicconformer__sortformer,False,0.21252812658779113,0.06401974305001076,0.06039050591565633,0.08811787762212403,0.44380350981118133,137.77,8.819999999999984,8.319999999999974,12.140000000000029,2,2,1,0,132.0,0.0602,Kannada
ARCKJrGkITw__000014000_000496000,indicconformer__sortformer,False,0.4686327924513404,0.10097121876110385,0.048185873899483075,0.31947569979075346,0.5898642001528472,506.5799999999997,51.149999999999956,24.41000000000012,161.8399999999998,3,3,1,0,482.0,0.0844,Telugu
ARZl7LT0UC0__000073000_000130000,indicconformer__sortformer,False,0.28218063466232723,0.07339300244100881,0.06346623270952001,0.14532139951179843,0.48620633101866456,61.44999999999999,4.509999999999991,3.900000000000004,8.930000000000012,3,3,1,0,57.0,0.0905,Telugu
A_dohDOK6Ic__000000000_000600000,indicconformer__sortformer,False,0.43303586870049465,0.031095430804883646,0.01810729480128658,0.3838331430943244,0.5979156586741693,578.22,17.979999999999823,10.469999999999928,221.94000000000028,3,3,1,0,600.0,0.0048,Devanagari (hi/mr)
B2ScTgeIIck__000117000_000180000,indicconformer__sortformer,False,0.33728610027018907,0.13059141398979274,0.0762533773641551,0.13044130891624123,0.3690655273771912,66.61999999999998,8.699999999999989,5.080000000000012,8.689999999999987,2,2,1,0,63.0,0.0879,Odia
BGAAfht5dYw__000000000_000612000,indicconformer__sortformer,True,1.0,1.0,0.0,0.0,1.0,678.6199999999995,678.6199999999995,0.0,0.0,4,0,0,-4,612.0,0.135,Gujarati
BYLcUGNB_zM__000020000_001387000,indicconformer__sortformer,True,1.0,1.0,0.0,0.0,1.0,1331.2099999999998,1331.2099999999998,0.0,0.0,4,0,0,-4,1367.0,0.0054,Kannada
Bngfppo1QtA__000028000_000927000,indicconformer__sortformer,True,1.0,1.0,0.0,0.0,1.0,1002.8700000000006,1002.8700000000006,0.0,0.0,5,0,0,-5,899.0,0.1261,Telugu
CO_8ppdzq9U__000000000_000695000,indicconformer__sortformer,True,1.0,1.0,0.0,0.0,1.0,652.34,652.34,0.0,0.0,4,0,0,-4,695.0,0.0186,Tamil
Cku_X_SL7qU__000060000_000660000,indicconformer__sortformer,False,0.7112552629988512,0.21783275247285336,0.36175184834505175,0.13167066218094614,0.5699950427092457,496.3899999999995,108.12999999999957,179.57000000000005,65.35999999999979,3,3,1,0,600.0,0.1022,Gujarati
DPmew0didIM__000191000_000512000,indicconformer__sortformer,False,0.45799142682179955,0.12033067973055678,0.0832210655235759,0.2544396815676669,0.6459654969760779,326.59999999999985,39.29999999999983,27.17999999999988,83.09999999999997,5,4,0,-1,321.0,0.062,Telugu
EmsKkNN2Me4__000035000_000095000,indicconformer__sortformer,False,0.4564034943134989,0.05554639854953018,0.0984011867479806,0.3024559090159882,0.5383807159381273,60.669999999999995,3.3699999999999957,5.969999999999982,18.35,2,2,1,0,60.0,0.0471,Malayalam
ExGJodnzocM__000212000_000527000,indicconformer__sortformer,False,0.4746222394420762,0.0540811055146585,0.03367557794136603,0.3868655559860517,0.6456042423919963,309.7200000000001,16.750000000000036,10.42999999999989,119.81999999999996,4,4,1,0,315.0,0.0133,Devanagari (hi/mr)
F2uXav-wriA__000000000_000907000,indicconformer__sortformer,True,1.0,1.0,0.0,0.0,1.0,912.9799999999997,912.9799999999997,0.0,0.0,4,0,0,-4,907.0,0.0336,Devanagari (hi/mr)
FDMf9ApmoNU__000016000_000686000,indicconformer__sortformer,True,1.0,1.0,0.0,0.0,1.0,630.0199999999991,630.0199999999991,0.0,0.0,4,0,0,-4,670.0,0.0882,Bengali
G6qzg93FxwE__000021000_000116000,indicconformer__sortformer,False,0.06664516822530361,0.041706976244222246,0.021175964742556144,0.003762227238525222,0.0785749915532816,93.03,3.8799999999999955,1.969999999999998,0.3500000000000014,2,2,1,0,95.0,0.0061,Gujarati
GEc_sS2KWo8__000096000_000290000,indicconformer__sortformer,False,0.23032846958491596,0.13365314144846444,0.06742621094010268,0.02924911719634884,0.4757216052828983,150.08999999999997,20.060000000000024,10.12000000000001,4.389999999999997,4,3,0,-1,194.0,0.0378,Gujarati
GfFLEIAAumk__000090000_000163000,indicconformer__sortformer,False,0.19377632830547614,0.04402772115776597,0.045794265525207045,0.10395434162250312,0.2622698274612151,73.59,3.239999999999998,3.369999999999987,7.650000000000006,2,2,1,0,73.0,0.0285,Bengali
Gq45evw6ytY__000597000_001464000,indicconformer__sortformer,True,1.0,1.0,0.0,0.0,1.0,886.5900000000001,886.5900000000001,0.0,0.0,3,0,0,-3,867.0,0.0869,Odia
HZv_WvIr6lE__000021000_000105000,indicconformer__sortformer,False,0.2722444998374332,0.12116614284166018,0.08084968028611653,0.0702286767096565,0.2723285292678878,92.27000000000001,11.179999999999986,7.459999999999973,6.480000000000007,3,3,1,0,84.0,0.1276,Tamil
HpYG46tGyYs__000103000_000998000,indicconformer__sortformer,True,1.0,1.0,0.0,0.0,1.0,861.23,861.23,0.0,0.0,4,0,0,-4,895.0,0.0022,Devanagari (hi/mr)
IAm1rt-MYcA__000004000_000558000,indicconformer__sortformer,False,0.38227203072207977,0.16330336207374063,0.06768458172553225,0.15128408692280687,0.5240265324972907,541.6299999999997,88.45000000000009,36.66000000000001,81.93999999999983,4,3,0,-1,554.0,0.0445,Bengali
Iare1Emeueg__000016000_000069000,indicconformer__sortformer,False,0.6923254738788722,0.31576514100785946,0.16273693943596873,0.21382339343504406,0.652493980125112,43.25999999999999,13.659999999999997,7.040000000000006,9.250000000000004,2,3,0,1,53.0,0.0,Devanagari (hi/mr)
IfTL8SSN270__000062000_000671000,indicconformer__sortformer,False,0.2796372729189885,0.13242249871960862,0.04080679661374479,0.10640797758563512,0.3354065535358305,663.8599999999996,87.90999999999931,27.090000000000597,70.63999999999969,4,4,1,0,609.0,0.1121,Devanagari (hi/mr)
Ig6szCD8m20__000046000_000106000,indicconformer__sortformer,False,0.252098019469621,0.028197381671702156,0.052534407519302107,0.17136623027861675,0.33996270414088353,59.579999999999984,1.680000000000014,3.1300000000000185,10.209999999999983,2,2,1,0,60.0,0.0204,Devanagari (hi/mr)
Iqhnt8ENm3U__000027000_000088000,indicconformer__sortformer,False,0.6887019230769231,0.21874999999999978,0.058293269230769426,0.41165865384615397,0.7956847076063238,66.55999999999996,14.559999999999976,3.8800000000000106,27.39999999999999,3,2,0,-1,61.0,0.1772,Devanagari (hi/mr)
J4-VpEkBzWw__000000000_000600000,indicconformer__sortformer,False,0.44994577262224666,0.07601263733672795,0.012040049669134441,0.3618930856163843,0.6543175967290132,636.2099999999996,48.35999999999966,7.660000000000018,230.2399999999997,7,4,0,-3,600.0,0.0685,Kannada
JBYGLQJwFDc__000103000_000407000,indicconformer__sortformer,False,0.43467751218202,0.15305221962168547,0.1097724743889805,0.1718528181713541,0.6404348793863622,260.62999999999994,39.88999999999987,28.609999999999978,44.790000000000006,3,3,1,0,304.0,0.012,Tamil
JSB1CeS4pP8__000000000_000632000,indicconformer__sortformer,True,1.0,1.0,0.0,0.0,1.0,652.5399999999998,652.5399999999998,0.0,0.0,4,0,0,-4,632.0,0.088,Punjabi
Jc5AVwg2cZM__000153000_000214000,indicconformer__sortformer,False,0.8529271016111027,0.3265273568352212,0.248524485563886,0.27787525921199546,0.7218957529328259,62.689999999999976,20.47000000000001,15.580000000000009,17.419999999999987,3,3,1,0,61.0,0.2816,Devanagari (hi/mr)
KAtdcDieQMw__000057000_000599000,indicconformer__sortformer,False,0.2432502105281241,0.0799147575919011,0.03846219946036052,0.12487325347586246,0.3168302169796213,581.8699999999993,46.49999999999944,22.379999999999953,72.66000000000001,3,3,1,0,542.0,0.1073,Odia
KPkRi3GM7fs__000047000_000642000,indicconformer__sortformer,False,0.09207608620331223,0.0587797103457832,0.023092647772157214,0.01020372808537182,0.0985351674625617,577.24,33.92999999999989,13.33000000000003,5.890000000000029,3,3,1,0,595.0,0.0031,Odia
Kdi-ECuOaKg__000002000_000078000,indicconformer__sortformer,False,0.8317565839938639,0.4518026080286376,0.18997698798261323,0.18997698798261295,0.8741888224324734,39.11,17.670000000000016,7.430000000000003,7.429999999999993,6,2,0,-4,76.0,0.0,Malayalam
L7xRazDdtgw__000019000_000083000,indicconformer__sortformer,False,0.8654792594328569,0.3006796344035621,0.17225216779939054,0.3925474572299042,0.847673345956706,42.66999999999999,12.829999999999991,7.3499999999999925,16.750000000000007,3,3,1,0,64.0,0.0012,Gujarati
LBIWBxQ5H1s__000090000_001020000,indicconformer__sortformer,True,1.0,1.0,0.0,0.0,1.0,961.9499999999989,961.9499999999989,0.0,0.0,4,0,0,-4,930.0,0.0724,Malayalam
LK23jX9tgZM__000059000_000221000,indicconformer__sortformer,False,0.5224847773867383,0.23847829730182704,0.04737165521479229,0.23663482487011894,0.5011926260683982,179.00999999999996,42.69000000000005,8.479999999999965,42.359999999999985,3,4,0,1,162.0,0.1712,Gujarati
LctYmmr9-Vg__000000000_000061000,indicconformer__sortformer,False,0.1690700104493206,0.08087774294670833,0.08819226750261228,0.0,0.15654660678207521,47.85000000000001,3.8699999999999943,4.219999999999998,0.0,2,2,1,0,61.0,0.0,Devanagari (hi/mr)
LqQHdo7t5Ps__000198000_000498000,indicconformer__sortformer,False,0.3285086673705001,0.03354561863569783,0.023601130674658372,0.2713619180601439,0.5622933959023154,293.63000000000005,9.849999999999955,6.929999999999939,79.68000000000008,3,2,0,-1,300.0,0.0019,Devanagari (hi/mr)
Md3p6RTanBg__000315000_000426000,indicconformer__sortformer,False,0.0438085143967501,0.016516516516516654,0.01457339692633839,0.012718600953895053,0.041024100120838396,113.21999999999998,1.8700000000000152,1.6500000000000323,1.4399999999999977,3,3,1,0,111.0,0.0528,Bengali
MmtWBUK2DKE__000000000_000310000,indicconformer__sortformer,False,0.5296688957755665,0.04641983363236002,0.020877507747512437,0.462371554395694,0.7663806080193286,306.54999999999995,14.229999999999961,6.399999999999936,141.73999999999998,5,2,0,-3,310.0,0.0432,Devanagari (hi/mr)
NLgHpYyf5bY__000313000_000383000,indicconformer__sortformer,False,0.17375526201190275,0.03861228044708938,0.03149949194367828,0.10364348962113508,0.3194868695857398,68.89,2.6599999999999873,2.169999999999997,7.139999999999996,2,2,1,0,70.0,0.0097,Devanagari (hi/mr)
NuhdqCEuIBo__000197000_000540000,indicconformer__sortformer,False,0.23870895123392485,0.06978641978782614,0.05343726257140487,0.11548526887469385,0.36634746242552624,355.3699999999996,24.79999999999975,18.990000000000126,41.03999999999991,3,4,0,1,343.0,0.0562,Punjabi
O4_aeGFzZ8A__000000000_000335000,indicconformer__sortformer,False,0.5367695032155838,0.08804796967719854,0.010159381116599812,0.4385621524217854,0.6469150476936604,321.86999999999995,28.33999999999989,3.269999999999981,141.16000000000005,8,4,0,-4,335.0,0.0004,Kannada
OXUt5KnlUMo__000091000_000181000,indicconformer__sortformer,False,0.30867199259001965,0.12701169387518815,0.042028482111844366,0.13963181660298718,0.40292670147270704,86.36999999999999,10.969999999999999,3.6299999999999972,12.060000000000002,2,2,1,0,90.0,0.0,Odia
OxYCBQKZ3iY__000000000_001822000,indicconformer__sortformer,True,1.0,1.0,0.0,0.0,1.0,1706.2699999999975,1706.2699999999975,0.0,0.0,7,0,0,-7,1822.0,0.0659,Punjabi
PCUA2q2C-2A__000045000_000107000,indicconformer__sortformer,False,0.02866084664799866,0.0136715532861144,0.014989293361884261,0.0,0.04515465706958702,60.71000000000001,0.8300000000000054,0.9099999999999936,0.0,3,3,1,0,62.0,0.0063,Devanagari (hi/mr)
PEDfT9-Yf2o__000000000_000469000,indicconformer__sortformer,False,0.3601838052657725,0.030625931445603535,0.007973174366616983,0.32158469945355195,0.5152427371298302,402.6,12.329999999999984,3.2099999999999973,129.47000000000003,3,2,0,-1,469.0,0.011,Bengali
PQB3-4sZUeY__000000000_001132000,indicconformer__sortformer,True,1.0,1.0,0.0,0.0,1.0,1129.8399999999963,1129.8399999999963,0.0,0.0,4,0,0,-4,1132.0,0.1069,Telugu
PRAzUz0GANs__000223000_000283000,indicconformer__sortformer,False,0.3512996332323393,0.08627013235528634,0.10030298198054524,0.16472651889650772,0.41400821718327435,62.71000000000001,5.410000000000007,6.289999999999993,10.33,2,3,0,1,60.0,0.0822,Kannada
PSIzXy5-y2E__000002000_000918000,indicconformer__sortformer,True,1.0,1.0,0.0,0.0,1.0,889.7999999999994,889.7999999999994,0.0,0.0,3,0,0,-3,916.0,0.0434,Devanagari (hi/mr)
PVDfS7lcJHY__000000000_000360000,indicconformer__sortformer,False,0.523623787606937,0.09639337441818092,0.039576670047065284,0.38765374314169077,0.7073618379506658,384.5699999999996,37.0699999999998,15.21999999999988,149.07999999999987,6,4,0,-2,360.0,0.1127,Kannada
Pjre5dpnKGA__000000000_000330000,indicconformer__sortformer,False,0.3325289719069328,0.07745702624601503,0.0631572675544437,0.19191467810647406,0.5405077065207804,335.6699999999997,25.999999999999837,21.2000000000001,64.42000000000009,4,3,0,-1,330.0,0.0933,Kannada
QhpjuNTZoA8__000000000_000586000,indicconformer__sortformer,False,0.46676151695039975,0.06340250862646951,0.011365680550786086,0.39199332777314416,0.6288088822995868,611.4899999999996,38.76999999999981,6.950000000000179,239.69999999999976,3,3,1,0,586.0,0.0512,Kannada
QuA_B6IZ6Ls__000061000_001863000,indicconformer__sortformer,True,1.0,1.0,0.0,0.0,1.0,2703.9699999999975,2703.9699999999975,0.0,0.0,4,0,0,-4,1802.0,0.3694,Devanagari (hi/mr)
RL2fhIEEbZg__000000000_000065000,indicconformer__sortformer,False,0.11623644417290348,0.014204979379868638,0.07667634030853818,0.025355124484496665,0.399203847795397,65.47,0.9299999999999997,5.019999999999994,1.6599999999999966,3,2,0,-1,65.0,0.0563,Telugu
RL2fhIEEbZg__000066000_001034000,indicconformer__sortformer,True,1.0,1.0,0.0,0.0,1.0,1012.9500000000005,1012.9500000000005,0.0,0.0,3,0,0,-3,968.0,0.0719,Telugu
RWTmftezCwI__000000000_000060000,indicconformer__sortformer,False,0.0937284631288766,0.022226050999310746,0.03652653342522399,0.03497587870434186,0.10948928380283308,58.03999999999999,1.2899999999999956,2.12,2.030000000000001,2,2,1,0,60.0,0.0244,Malayalam
RZUZyvRzi80__000000000_000336000,indicconformer__sortformer,False,0.31513409961685784,0.1404029168211589,0.007013966135211876,0.16771721666048708,0.37612019251941387,323.63999999999993,45.439999999999856,2.269999999999971,54.28000000000003,4,3,0,-1,336.0,0.0001,Punjabi
SZ7ay4OjfAE__000000000_000897000,indicconformer__sortformer,True,1.0,1.0,0.0,0.0,1.0,1011.579999999999,1011.579999999999,0.0,0.0,5,0,0,-5,897.0,0.1794,Telugu
T3I2T-cfhG4__000160000_000210000,indicconformer__sortformer,False,0.10964445390674894,0.027464338939748856,0.06450926123057253,0.017670853736427544,0.12761006639981531,46.970000000000006,1.290000000000004,3.0299999999999923,0.8300000000000018,2,2,1,0,50.0,0.0,Devanagari (hi/mr)
TU3M6wSQV_g__000099000_000171000,indicconformer__sortformer,False,0.19315895372233366,0.048692152917504915,0.02830315224681402,0.11616364855801471,0.3697426016668105,74.54999999999997,3.62999999999999,2.1099999999999843,8.659999999999993,2,2,1,0,72.0,0.0451,Telugu
Tlha36rSd5o__000240000_000374000,indicconformer__sortformer,False,0.1601503158231389,0.08531222515391372,0.06644279203645957,0.008395298632765627,0.13361950745013285,125.07000000000002,10.669999999999991,8.31,1.0499999999999972,2,2,1,0,134.0,0.0,Tamil
TrPnW5kLAyQ__000093000_000513000,indicconformer__sortformer,False,0.23921141322251263,0.16506601120036532,0.035729670830905245,0.03841573119124206,0.283237981409461,394.62999999999965,65.14000000000011,14.100000000000126,15.15999999999984,4,4,1,0,420.0,0.0501,Devanagari (hi/mr)
U_EHjxThUgc__000181000_000289000,indicconformer__sortformer,False,0.14405345211581339,0.053986636971047074,0.04953229398663707,0.040534521158129215,0.1662264866323994,112.25,6.060000000000034,5.560000000000011,4.550000000000004,3,3,1,0,108.0,0.0529,Bengali
VHlIFsHPWbk__000023000_000470000,indicconformer__sortformer,False,0.1239805695440971,0.037902758589955336,0.016466865724853792,0.06961094522928797,0.18636671993481127,448.78,17.010000000000154,7.389999999999885,31.239999999999853,4,4,1,0,447.0,0.0269,Odia
VKY0uuZ6Om8__000575000_000935000,indicconformer__sortformer,False,0.3964041300045303,0.1639602260533652,0.08474616686935155,0.14769773708181352,0.473808504857657,419.3699999999995,68.75999999999968,35.539999999999914,61.94000000000006,3,3,1,0,360.0,0.1718,Devanagari (hi/mr)
VY_4x1scS-Y__000013000_000121000,indicconformer__sortformer,False,0.4824410941590681,0.08702717342240666,0.022208179109867172,0.37320574162679426,0.6333727764710607,110.76999999999992,9.63999999999998,2.459999999999985,41.339999999999975,4,3,0,-1,108.0,0.0427,Tamil
0AEEA8NyVwY__000011000_000609000,indicconformer__sortformer_stream,False,0.05907479617157041,0.02915632754342448,0.02850053172633804,0.0014179369018078895,0.06669792692146885,564.2,16.45000000000009,16.079999999999924,0.8000000000000114,3,3,1,0,598.0,0.0047,Devanagari (hi/mr)
0SoItGfM_sY__000007000_000088000,indicconformer__sortformer_stream,False,0.41064529975676056,0.06825010731148969,0.12533981971669747,0.21705537272857336,0.7479741436437688,69.89000000000001,4.770000000000016,8.759999999999987,15.169999999999996,5,3,0,-2,81.0,0.0,Kannada
0VEwL9XZ0LY__000261000_000557000,indicconformer__sortformer_stream,False,0.5514118826253758,0.12152213735181283,0.06435558013341197,0.365534165140151,0.715040887108191,289.32999999999987,35.15999999999999,18.620000000000076,105.75999999999985,2,3,0,1,296.0,0.0355,Devanagari (hi/mr)
0esIFSOAcFs__000000000_000913000,indicconformer__sortformer_stream,False,0.3853475658506017,0.03214200825428319,0.006320361286976596,0.34688519630934195,0.5507209077787394,925.5799999999988,29.7499999999994,5.84999999999979,321.0700000000003,3,3,1,0,913.0,0.0232,Gujarati
0p6cktLGIfY__000012000_000930000,indicconformer__sortformer_stream,False,0.4346084446048354,0.14770840851678055,0.13362203777216405,0.15327799831589073,0.6822605959816587,831.2999999999992,122.78999999999954,111.07999999999987,127.41999999999985,6,4,0,-2,918.0,0.0329,Gujarati
13VBh0Z6QmE__000000000_000904000,indicconformer__sortformer_stream,False,0.43100960454525017,0.03040312034991232,0.025206294809939012,0.3754001893853988,0.5493444493900298,887.079999999999,26.97000000000019,22.360000000000674,333.0099999999992,4,4,1,0,904.0,0.029,Tamil
1LFl5JEipII__000000000_000597000,indicconformer__sortformer_stream,False,0.6562394375718245,0.1377002636382072,0.04346650442777047,0.4750726695058468,0.783056108452947,591.7199999999983,81.47999999999973,25.72000000000027,281.1099999999989,5,4,0,-1,597.0,0.1006,Bengali
2HGP34TNvjg__000084000_000194000,indicconformer__sortformer_stream,False,0.5684447930966855,0.06305157874092955,0.07727005295155903,0.428123161404197,0.631952278013793,101.98,6.429999999999995,7.87999999999999,43.66000000000001,2,3,0,1,110.0,0.0128,Odia
2LN6vb7EBn0__000098000_000394000,indicconformer__sortformer_stream,False,0.5646808658974445,0.03586990622930219,0.09777948199532907,0.4310314776728133,0.6953881317249735,286.8699999999999,10.289999999999914,28.05000000000004,123.6499999999999,3,4,0,1,296.0,0.0238,Tamil
2T4pjueLrsk__000677000_001290000,indicconformer__sortformer_stream,False,0.677145800375263,0.17256539494499826,0.12183142636400474,0.38274897906625993,0.7218390359471983,543.619999999999,93.80999999999977,66.23000000000013,208.06999999999982,4,4,1,0,613.0,0.0342,Gujarati
2gGHQgj9yno__000000000_000099000,indicconformer__sortformer_stream,False,0.33128514892730654,0.1522599458446157,0.08873151426786051,0.09029368881483033,0.5219736249944438,96.02000000000001,14.620000000000001,8.519999999999968,8.670000000000009,4,3,0,-1,99.0,0.0798,Gujarati
2iMXYxBTwbM__000339000_000401000,indicconformer__sortformer_stream,False,0.8040966386554622,0.25227591036414554,0.27871148459383727,0.27310924369747935,0.8020606887425551,57.120000000000005,14.409999999999993,15.919999999999987,15.600000000000023,3,2,0,-1,62.0,0.1275,Devanagari (hi/mr)
37dND_0r6S8__000060000_000222000,indicconformer__sortformer_stream,False,0.48444813081343696,0.10480478701344866,0.13419041412405971,0.2454529296759286,0.5373771006798024,168.78999999999996,17.689999999999994,22.650000000000034,41.42999999999998,2,3,0,1,162.0,0.0896,Tamil
4Qg2jWP6_T0__000136000_000202000,indicconformer__sortformer_stream,False,0.8212814320215936,0.1643699389117772,0.22346924279016894,0.4334422503196475,0.7920425636387542,70.38999999999999,11.569999999999995,15.72999999999999,30.509999999999984,3,2,0,-1,66.0,0.2093,Punjabi
6-726qTlYeg__000102000_000162000,indicconformer__sortformer_stream,False,0.5389806173725771,0.11414213926776734,0.14773869346733665,0.27709978463747315,0.5388096543121208,69.64999999999999,7.949999999999994,10.289999999999996,19.3,2,3,0,1,60.0,0.161,Malayalam
6ZeRgvDHwcI__000006000_000100000,indicconformer__sortformer_stream,False,0.697630331753555,0.3837282780410745,0.16603475513428165,0.147867298578199,0.6369071581936736,63.29999999999998,24.29000000000001,10.510000000000025,9.359999999999994,2,2,1,0,94.0,0.0125,Gujarati
6f6TLzlP8Wk__000082000_000144000,indicconformer__sortformer_stream,False,0.6041772796739685,0.10918661912039408,0.12922397690609608,0.3657666836474784,0.6510098461665053,58.89000000000001,6.430000000000009,7.609999999999999,21.540000000000006,2,2,1,0,62.0,0.051,Punjabi
7L4gi7Ncc0s__000090000_000148000,indicconformer__sortformer_stream,False,0.16687623495599058,0.07328902460930481,0.04167415124842824,0.05191305909825753,0.24190388018858106,55.67,4.079999999999999,2.3200000000000003,2.889999999999997,2,2,1,0,58.0,0.0,Malayalam
7WhVNRHbjIY__000091000_001089000,indicconformer__sortformer_stream,False,0.34885820925472577,0.014748966569009089,0.025855841393426313,0.30825340129229034,0.48007593560722306,996.6799999999997,14.699999999999974,25.77000000000013,307.22999999999985,5,4,0,-1,998.0,0.0133,Tamil
7YfsQPYY-W0__000351000_000411000,indicconformer__sortformer_stream,False,0.5836575875486384,0.13525291828793773,0.13867704280155638,0.3097276264591443,0.6109829977643397,64.24999999999997,8.689999999999996,8.909999999999993,19.900000000000013,2,2,1,0,60.0,0.1219,Odia
7c9ePKgqams__000299000_000869000,indicconformer__sortformer_stream,False,0.542217884768308,0.033109231547748356,0.04227210294223959,0.4668365502783201,0.7607205234911869,553.3199999999999,18.320000000000118,23.390000000000008,258.31000000000006,4,4,1,0,570.0,0.0055,Telugu
7k-xDqNjESc__000073000_000981000,indicconformer__sortformer_stream,False,0.4551855524237139,0.09916554328813912,0.097561247340101,0.2584587617954737,0.7127606186087518,897.5899999999988,89.01000000000067,87.57000000000114,231.98999999999896,4,3,0,-1,908.0,0.0421,Malayalam
83gP2vLH7UY__000255000_002005000,indicconformer__sortformer_stream,False,0.7288537007858612,0.13365498478190616,0.09680371106174422,0.4983950049422109,0.7911726098820852,2043.6199999999933,273.13999999999817,197.83000000000106,1018.5299999999977,5,4,0,-1,1750.0,0.2022,Devanagari (hi/mr)
86mMTUeDiR8__000181000_001079000,indicconformer__sortformer_stream,False,0.5716212112008737,0.12518981959545578,0.11892121727510113,0.3275101743303168,0.7207604084163427,823.1499999999985,103.04999999999924,97.88999999999932,269.5899999999998,5,4,0,-1,898.0,0.0517,Bengali
87Zbup3ohcw__000106000_000445000,indicconformer__sortformer_stream,False,0.3931282211463373,0.05731688271122932,0.05697329376854576,0.2788380446665622,0.6258996403833739,320.15,18.350000000000065,18.239999999999924,89.26999999999988,4,3,0,-1,339.0,0.0152,Tamil
8Ve4SWhlrrA__000000000_000070000,indicconformer__sortformer_stream,False,0.04889515749882451,0.001253721987149323,0.024134148252624877,0.023507287259050307,0.38098091483356533,63.809999999999995,0.0799999999999983,1.5399999999999934,1.5,2,2,1,0,70.0,0.0,Odia
8mvORuRHw2U__000000000_001197000,indicconformer__sortformer_stream,False,0.5723355070213562,0.05955215126108392,0.06089776765690152,0.4518855881033707,0.6680428709136406,1159.3199999999968,69.03999999999962,70.59999999999887,523.8799999999983,4,4,1,0,1197.0,0.0417,Gujarati
8o7jKmq6HsM__000030000_001770000,indicconformer__sortformer_stream,False,0.6207009721263418,0.0615359369872001,0.024563448502201095,0.5346015866369406,0.7554391779879154,1767.2599999999984,108.74999999999915,43.40999999999987,944.7799999999988,6,4,0,-2,1740.0,0.0471,Devanagari (hi/mr)
8pkp-lpMJP0__000326000_000926000,indicconformer__sortformer_stream,False,0.4783051918217326,0.16090914311968796,0.050970594991960036,0.2664254537100845,0.7646205841782485,696.4799999999987,112.07000000000005,35.500000000000256,185.55999999999932,8,4,0,-4,600.0,0.2032,Telugu
8r2Nltl0W4o__000259000_000320000,indicconformer__sortformer_stream,False,0.17118894918598931,0.04982733103108058,0.03584936688044731,0.08551225127446144,0.569016393442623,60.81,3.03000000000001,2.180000000000001,5.2,2,1,0,-1,61.0,0.0227,Punjabi
90uAd6xpTPo__000016000_000408000,indicconformer__sortformer_stream,False,0.526412205391808,0.03119702520916492,0.02753322032044603,0.46768195986219707,0.7542048796639496,365.7400000000001,11.409999999999982,10.069999999999935,171.05,4,2,0,-2,392.0,0.0067,Devanagari (hi/mr)
9Aw8kg8w5Xo__000000000_000083000,indicconformer__sortformer_stream,False,0.26343429408891056,0.02650219833903282,0.022594040058622235,0.2143380556912555,0.6577125829002908,81.88000000000002,2.170000000000008,1.8499999999999892,17.550000000000004,4,3,0,-1,83.0,0.0216,Telugu
9_GMxc_JjyI__000236000_000368000,indicconformer__sortformer_stream,False,0.19837410176380912,0.06786673441242642,0.041010379618204036,0.08949698773317867,0.4477757797766622,137.77,9.349999999999989,5.64999999999997,12.330000000000027,2,2,1,0,132.0,0.0602,Kannada
ARCKJrGkITw__000014000_000496000,indicconformer__sortformer_stream,False,0.47759485175095745,0.09518733467566845,0.050455999052469724,0.3319515180228193,0.5750682550339914,506.5799999999995,48.22000000000007,25.560000000000088,168.15999999999963,3,3,1,0,482.0,0.0844,Telugu
ARZl7LT0UC0__000073000_000130000,indicconformer__sortformer_stream,False,0.25890968266883696,0.06981285598047196,0.05988608624898318,0.12921074043938183,0.3835588117909081,61.44999999999999,4.290000000000001,3.6800000000000157,7.940000000000012,3,3,1,0,57.0,0.0905,Telugu
A_dohDOK6Ic__000000000_000600000,indicconformer__sortformer_stream,False,0.3667635156168923,0.019681090242467846,0.01942167341150369,0.3276607519629207,0.510489803808566,578.2200000000001,11.379999999999761,11.229999999999666,189.46000000000006,3,3,1,0,600.0,0.0048,Devanagari (hi/mr)
B2ScTgeIIck__000117000_000180000,indicconformer__sortformer_stream,False,0.3110177123986791,0.08210747523266286,0.08661062743920762,0.1422996097268086,0.3492350242010891,66.62,5.47,5.770000000000012,9.47999999999999,2,2,1,0,63.0,0.0879,Odia
BGAAfht5dYw__000000000_000612000,indicconformer__sortformer_stream,False,0.395405381509534,0.07942589372550167,0.044664171406678534,0.27131531637735384,0.6006009760204372,678.6199999999995,53.899999999999906,30.310000000000166,184.11999999999975,4,4,1,0,612.0,0.135,Gujarati
BYLcUGNB_zM__000020000_001387000,indicconformer__sortformer_stream,False,0.14947303580952725,0.027719142734805614,0.01473095905229113,0.10702293402243049,0.22157592873378634,1331.2099999999991,36.90000000000056,19.61000000000046,142.4699999999996,4,4,1,0,1367.0,0.0054,Kannada
Bngfppo1QtA__000028000_000927000,indicconformer__sortformer_stream,False,0.6322853410711249,0.13208092773739413,0.14968041720262787,0.35052399613110286,0.6792318758652959,1002.8699999999983,132.46000000000024,150.10999999999916,351.52999999999855,5,4,0,-1,899.0,0.1261,Telugu
CO_8ppdzq9U__000000000_000695000,indicconformer__sortformer_stream,False,0.6250114970720791,0.02103197718980921,0.03743446668915031,0.5665450531931195,0.7986722244645711,652.3399999999991,13.720000000000121,24.420000000000282,369.57999999999913,4,4,1,0,695.0,0.0186,Tamil
Cku_X_SL7qU__000060000_000660000,indicconformer__sortformer_stream,False,0.6743286528737483,0.15904832893490972,0.3696891557041843,0.14559116823465432,0.5409560093801571,496.38999999999953,78.94999999999976,183.50999999999988,72.26999999999998,3,4,0,1,600.0,0.1022,Gujarati
DPmew0didIM__000191000_000512000,indicconformer__sortformer_stream,False,0.4722290263319045,0.0997244335578687,0.08894672382118822,0.2835578689528475,0.6403724704329234,326.5999999999999,32.56999999999991,29.050000000000065,92.60999999999997,5,4,0,-1,321.0,0.062,Telugu
EmsKkNN2Me4__000035000_000095000,indicconformer__sortformer_stream,False,0.4705785396406786,0.04961265864512951,0.09906049118180278,0.32190538981374633,0.5667085733536638,60.669999999999995,3.010000000000007,6.009999999999974,19.529999999999987,2,2,1,0,60.0,0.0471,Malayalam
ExGJodnzocM__000212000_000527000,indicconformer__sortformer_stream,False,0.4376856515562435,0.03106031254035894,0.0346764819837268,0.3719488570321578,0.5867668958129829,309.72,9.619999999999973,10.739999999999867,115.19999999999992,4,4,1,0,315.0,0.0133,Devanagari (hi/mr)
F2uXav-wriA__000000000_000907000,indicconformer__sortformer_stream,False,0.4047186137702902,0.05730684133277752,0.013954303489671012,0.3334574689478417,0.5163766215458452,912.9799999999991,52.31999999999917,12.739999999999828,304.44000000000017,4,4,1,0,907.0,0.0336,Devanagari (hi/mr)
FDMf9ApmoNU__000016000_000686000,indicconformer__sortformer_stream,False,0.40393955747436494,0.13750357131519653,0.11294879527634047,0.15348719088282792,0.5377611727978352,630.0199999999985,86.62999999999991,71.15999999999985,96.69999999999902,4,4,1,0,670.0,0.0882,Bengali
G6qzg93FxwE__000021000_000116000,indicconformer__sortformer_stream,False,0.06664516822530357,0.03912716328066212,0.021175964742556144,0.006342040202085309,0.07804854703454309,93.03,3.639999999999997,1.969999999999998,0.5899999999999963,2,3,0,1,95.0,0.0061,Gujarati
GEc_sS2KWo8__000096000_000290000,indicconformer__sortformer_stream,False,0.4326071024052235,0.12159371044040244,0.10227197015124267,0.2087414218135783,0.6505817364941344,150.08999999999997,18.25,15.35000000000001,31.329999999999963,4,3,0,-1,194.0,0.0378,Gujarati
GfFLEIAAumk__000090000_000163000,indicconformer__sortformer_stream,False,0.19160211985324085,0.04402772115776607,0.04035874439461877,0.107215654300856,0.264371017015485,73.59,3.240000000000005,2.9699999999999953,7.8899999999999935,2,2,1,0,73.0,0.0285,Bengali
Gq45evw6ytY__000597000_001464000,indicconformer__sortformer_stream,False,0.5931828691954558,0.10804317666565191,0.08666914808423208,0.39847054444557184,0.708189221105127,886.5899999999982,95.79000000000013,76.83999999999916,353.27999999999884,3,4,0,1,867.0,0.0869,Odia
HZv_WvIr6lE__000021000_000105000,indicconformer__sortformer_stream,False,0.2412485098081714,0.11054513926519997,0.05202124200715269,0.07868212853581873,0.27128418923387093,92.27000000000001,10.200000000000003,4.799999999999979,7.259999999999995,3,3,1,0,84.0,0.1276,Tamil
HpYG46tGyYs__000103000_000998000,indicconformer__sortformer_stream,False,0.21804860490229092,0.024999129152491233,0.04080210861210118,0.1522473671376985,0.2892150015760006,861.2299999999998,21.53000000000002,35.13999999999989,131.12000000000006,4,4,1,0,895.0,0.0022,Devanagari (hi/mr)
IAm1rt-MYcA__000004000_000558000,indicconformer__sortformer_stream,False,0.45798792533648447,0.0836548935620256,0.10691800675738058,0.26741502501707826,0.6290525978261198,541.6299999999995,45.30999999999989,57.91,144.83999999999997,4,4,1,0,554.0,0.0445,Bengali
Iare1Emeueg__000016000_000069000,indicconformer__sortformer_stream,False,0.7612112806287566,0.2454923717059641,0.16458622283865024,0.35113268608414233,0.733382989555905,43.25999999999999,10.620000000000005,7.120000000000008,15.189999999999994,2,2,1,0,53.0,0.0,Devanagari (hi/mr)
IfTL8SSN270__000062000_000671000,indicconformer__sortformer_stream,False,0.45402645136022657,0.10979724640737433,0.05126080800168727,0.29296839695116494,0.5657268838131605,663.8599999999994,72.88999999999946,34.030000000000086,194.4900000000002,4,4,1,0,609.0,0.1121,Devanagari (hi/mr)
Ig6szCD8m20__000046000_000106000,indicconformer__sortformer_stream,False,0.26015441423296426,0.02148371936891574,0.06461899966431724,0.1740516951997313,0.3397760347640376,59.57999999999998,1.2799999999999994,3.850000000000019,10.369999999999987,2,2,1,0,60.0,0.0204,Devanagari (hi/mr)
Iqhnt8ENm3U__000027000_000088000,indicconformer__sortformer_stream,False,0.5652043269230768,0.17893629807692296,0.09179687499999997,0.29447115384615385,0.6362920501309681,66.55999999999997,11.909999999999988,6.109999999999996,19.599999999999994,3,3,1,0,61.0,0.1772,Devanagari (hi/mr)
J4-VpEkBzWw__000000000_000600000,indicconformer__sortformer_stream,False,0.5601766712249102,0.03685889879127949,0.023435658037440937,0.4998821143961898,0.7345271857839017,636.2099999999987,23.449999999999875,14.910000000000267,318.02999999999923,7,4,0,-3,600.0,0.0685,Kannada
JBYGLQJwFDc__000103000_000407000,indicconformer__sortformer_stream,False,0.4405095345892642,0.1393546406783563,0.11909603652687736,0.1820588573840305,0.6587860477968376,260.62999999999994,36.31999999999999,31.04000000000004,47.449999999999854,3,2,0,-1,304.0,0.012,Tamil
JSB1CeS4pP8__000000000_000632000,indicconformer__sortformer_stream,False,0.2719220277684111,0.049790051184600816,0.04833420173475904,0.17379777484905123,0.36245584561492006,652.5399999999986,32.48999999999935,31.539999999999594,113.40999999999964,4,4,1,0,632.0,0.088,Punjabi
Jc5AVwg2cZM__000153000_000214000,indicconformer__sortformer_stream,False,0.8599457648747805,0.3035571861540914,0.25745732971765806,0.2989312490030309,0.7224607343102969,62.69,19.029999999999987,16.139999999999983,18.74000000000001,3,4,0,1,61.0,0.2816,Devanagari (hi/mr)
KAtdcDieQMw__000057000_000599000,indicconformer__sortformer_stream,False,0.6188323852406881,0.06016807878048252,0.055699726743086465,0.502964579717119,0.7408734007838301,581.8699999999991,35.00999999999931,32.40999999999967,292.6599999999996,3,4,0,1,542.0,0.1073,Odia
KPkRi3GM7fs__000047000_000642000,indicconformer__sortformer_stream,False,0.4057411128819902,0.017323816783313784,0.027302335250502362,0.36111496084817407,0.5875129210836301,577.24,10.00000000000005,15.759999999999984,208.45,3,2,0,-1,595.0,0.0031,Odia
Kdi-ECuOaKg__000002000_000078000,indicconformer__sortformer_stream,False,0.9355663513167992,0.3807210432114551,0.24776272053183354,0.3070825875735106,0.9001590809302461,39.11,14.89000000000001,9.69000000000001,12.009999999999998,6,3,0,-3,76.0,0.0,Malayalam
L7xRazDdtgw__000019000_000083000,indicconformer__sortformer_stream,False,0.8474337942348251,0.24630888211858448,0.18912584954300427,0.4119990625732364,0.8338517685402135,42.66999999999999,10.509999999999996,8.06999999999999,17.57999999999999,3,3,1,0,64.0,0.0012,Gujarati
LBIWBxQ5H1s__000090000_001020000,indicconformer__sortformer_stream,False,0.4884453453921715,0.10069130412183545,0.07254015281459522,0.31521388845574083,0.5876324632050239,961.9499999999986,96.85999999999947,69.77999999999977,303.21999999999946,4,4,1,0,930.0,0.0724,Malayalam
LK23jX9tgZM__000059000_000221000,indicconformer__sortformer_stream,False,0.48170493268532466,0.19848053181386519,0.06094631584827652,0.22227808502318297,0.6375322088346168,179.01000000000005,35.530000000000015,10.909999999999982,39.78999999999999,3,4,0,1,162.0,0.1712,Gujarati
LctYmmr9-Vg__000000000_000061000,indicconformer__sortformer_stream,False,0.14817136886102367,0.09467084639498426,0.05350052246603942,0.0,0.1423354659975359,47.85000000000001,4.529999999999998,2.5599999999999867,0.0,2,2,1,0,61.0,0.0,Devanagari (hi/mr)
LqQHdo7t5Ps__000198000_000498000,indicconformer__sortformer_stream,False,0.15141504614651083,0.014201546163539193,0.023601130674658372,0.11361236930831325,0.2516316338915181,293.63000000000005,4.170000000000014,6.929999999999939,33.36000000000003,3,3,1,0,300.0,0.0019,Devanagari (hi/mr)
Md3p6RTanBg__000315000_000426000,indicconformer__sortformer_stream,False,0.0984808337749518,0.020049461225931955,0.01598657481010445,0.0624447977389154,0.15308839726771095,113.21999999999998,2.2700000000000156,1.8100000000000254,7.07,3,3,1,0,111.0,0.0528,Bengali
MmtWBUK2DKE__000000000_000310000,indicconformer__sortformer_stream,False,0.5895612461262436,0.03510030990050585,0.019474800195726425,0.5349861360300113,0.8343451004122213,306.55000000000007,10.760000000000069,5.969999999999937,164.0,5,2,0,-3,310.0,0.0432,Devanagari (hi/mr)
NLgHpYyf5bY__000313000_000383000,indicconformer__sortformer_stream,False,0.16896501669327893,0.023515749745971697,0.031499491943678175,0.11394977500362907,0.31873846991677734,68.89,1.6199999999999901,2.1699999999999897,7.850000000000007,2,2,1,0,70.0,0.0097,Devanagari (hi/mr)
NuhdqCEuIBo__000197000_000540000,indicconformer__sortformer_stream,False,0.29290598531108414,0.05974055210062719,0.07108084531614964,0.16208458789430732,0.4551793511866737,355.36999999999915,21.229999999999833,25.260000000000037,57.59999999999985,3,4,0,1,343.0,0.0562,Punjabi
O4_aeGFzZ8A__000000000_000335000,indicconformer__sortformer_stream,False,0.4270978966663559,0.04110355112312407,0.017895423618230863,0.368098921925001,0.6973045776484739,321.87,13.229999999999944,5.759999999999968,118.48000000000006,8,4,0,-4,335.0,0.0004,Kannada
OXUt5KnlUMo__000091000_000181000,indicconformer__sortformer_stream,False,0.2642121106865809,0.06865809887692471,0.04202848211184436,0.15352552969781186,0.3797409161994947,86.37,5.929999999999987,3.6299999999999972,13.26000000000001,2,2,1,0,90.0,0.0,Odia
OxYCBQKZ3iY__000000000_001822000,indicconformer__sortformer_stream,False,0.6821487806736332,0.0917557010320744,0.04662802487296935,0.5437650547685895,0.8211038659198205,1706.2699999999893,156.5599999999966,79.56000000000091,927.8099999999953,7,4,0,-3,1822.0,0.0659,Punjabi
PCUA2q2C-2A__000045000_000107000,indicconformer__sortformer_stream,False,0.03261406687530874,0.01762477351342448,0.014989293361884261,0.0,0.05247011843747366,60.71000000000001,1.0700000000000003,0.9099999999999936,0.0,3,3,1,0,62.0,0.0063,Devanagari (hi/mr)
PEDfT9-Yf2o__000000000_000469000,indicconformer__sortformer_stream,False,0.19833581718827586,0.026626924987580708,0.008941877794336549,0.1627670144063586,0.30540914715102746,402.6,10.719999999999994,3.599999999999895,65.52999999999997,3,3,1,0,469.0,0.011,Bengali
PQB3-4sZUeY__000000000_001132000,indicconformer__sortformer_stream,False,0.647587268993839,0.06754938752389576,0.09813778942151076,0.4819000920484325,0.7385758718387972,1129.8399999999933,76.31999999999793,110.87999999999906,544.4699999999978,4,4,1,0,1132.0,0.1069,Telugu
PRAzUz0GANs__000223000_000283000,indicconformer__sortformer_stream,False,0.6220698453197258,0.08260245574868441,0.10556530059001742,0.43390208898102395,0.5816041550980069,62.71,5.18,6.619999999999993,27.21000000000001,2,3,0,1,60.0,0.0822,Kannada
PSIzXy5-y2E__000002000_000918000,indicconformer__sortformer_stream,False,0.5566644189705552,0.12328613171499207,0.08287255563047911,0.350505731625084,0.6547704423215408,889.7999999999989,109.69999999999982,73.74000000000022,311.87999999999937,3,4,0,1,916.0,0.0434,Devanagari (hi/mr)
PVDfS7lcJHY__000000000_000360000,indicconformer__sortformer_stream,False,0.6032191798632234,0.072054502431287,0.0657617598876666,0.4654029175442697,0.7728394230504178,384.5699999999994,27.709999999999997,25.289999999999907,178.97999999999954,6,4,0,-2,360.0,0.1127,Kannada
Pjre5dpnKGA__000000000_000330000,indicconformer__sortformer_stream,False,0.5024577710251134,0.05454762117555923,0.07075401435934112,0.377156135490213,0.6718682683728051,335.66999999999973,18.309999999999953,23.750000000000014,126.5999999999997,4,4,1,0,330.0,0.0933,Kannada
QhpjuNTZoA8__000000000_000586000,indicconformer__sortformer_stream,False,0.3043385828059325,0.04268262767992922,0.027146805344322986,0.23450914978168033,0.4180278842320259,611.4899999999993,26.099999999999888,16.600000000000044,143.39999999999955,3,4,0,1,586.0,0.0512,Kannada
QuA_B6IZ6Ls__000061000_001863000,indicconformer__sortformer_stream,False,0.6032685273875085,0.358524687773904,0.03471192357903366,0.21003191603457078,0.6164692358940804,2703.969999999993,969.4400000000007,93.8599999999994,567.9199999999969,4,4,1,0,1802.0,0.3694,Devanagari (hi/mr)
RL2fhIEEbZg__000000000_000065000,indicconformer__sortformer_stream,False,0.11348709332518701,0.008859019398197518,0.07744004887734841,0.027188025049641087,0.40001441753171857,65.46999999999997,0.5799999999999912,5.0699999999999985,1.7800000000000011,3,2,0,-1,65.0,0.0563,Telugu
RL2fhIEEbZg__000066000_001034000,indicconformer__sortformer_stream,False,0.31619527123747415,0.08160323806703165,0.08010267041808536,0.15448936275235714,0.34398344175161827,1012.9499999999989,82.65999999999963,81.13999999999947,156.49,3,4,0,1,968.0,0.0719,Telugu
RWTmftezCwI__000000000_000060000,indicconformer__sortformer_stream,False,0.16144038594073093,0.02997932460372167,0.02911784975878736,0.10234321157822189,0.2581487953510396,58.03999999999999,1.7400000000000055,1.6900000000000182,5.939999999999998,2,2,1,0,60.0,0.0244,Malayalam
RZUZyvRzi80__000000000_000336000,indicconformer__sortformer_stream,False,0.17865529600791008,0.041929304165121035,0.010876282288963158,0.12584970955382588,0.34332754320066866,323.6399999999999,13.569999999999766,3.520000000000035,40.73000000000019,4,3,0,-1,336.0,0.0001,Punjabi
SZ7ay4OjfAE__000000000_000897000,indicconformer__sortformer_stream,False,0.6127444196207913,0.14627612250143318,0.04483085865675517,0.421637438462603,0.7517694936821815,1011.5799999999967,147.9699999999993,45.35000000000025,426.51999999999856,5,4,0,-1,897.0,0.1794,Telugu
T3I2T-cfhG4__000160000_000210000,indicconformer__sortformer_stream,False,0.10623802427081092,0.022354694485841955,0.06450926123057253,0.019374068554396422,0.1247265640245089,46.970000000000006,1.0499999999999967,3.0299999999999923,0.9100000000000001,2,2,1,0,50.0,0.0,Devanagari (hi/mr)
TU3M6wSQV_g__000099000_000171000,indicconformer__sortformer_stream,False,0.1899396378269615,0.0519114688128771,0.028303152246814064,0.10972501676727034,0.36133817313953503,74.54999999999998,3.869999999999987,2.109999999999988,8.180000000000001,2,2,1,0,72.0,0.0451,Telugu
Tlha36rSd5o__000240000_000374000,indicconformer__sortformer_stream,False,0.1320060765971053,0.051731030622851046,0.07251938914208031,0.007755656832173973,0.10859212088140104,125.07000000000001,6.469999999999981,9.069999999999984,0.9699999999999989,2,2,1,0,134.0,0.0,Tamil
TrPnW5kLAyQ__000093000_000513000,indicconformer__sortformer_stream,False,0.33864632693915747,0.11978308795580682,0.050046879355345686,0.16881635962800495,0.45279059611408934,394.6299999999995,47.26999999999998,19.750000000000043,66.61999999999951,4,4,1,0,420.0,0.0501,Devanagari (hi/mr)
U_EHjxThUgc__000181000_000289000,indicconformer__sortformer_stream,False,0.288552338530067,0.05612472160356373,0.04668151447661479,0.1857461024498885,0.4678627164644184,112.25000000000001,6.300000000000029,5.240000000000011,20.849999999999987,3,3,1,0,108.0,0.0529,Bengali
VHlIFsHPWbk__000023000_000470000,indicconformer__sortformer_stream,False,0.633874058558759,0.028499487499443192,0.04235928517313582,0.56301528588618,0.7694596882358384,448.7800000000001,12.790000000000118,19.0099999999999,252.6699999999999,4,4,1,0,447.0,0.0269,Odia
VKY0uuZ6Om8__000575000_000935000,indicconformer__sortformer_stream,False,0.5400481674893289,0.15683048382096912,0.08143167131649863,0.30178601235186114,0.6058424367154676,419.3699999999996,65.76999999999975,34.15,126.55999999999989,3,4,0,1,360.0,0.1718,Devanagari (hi/mr)
VY_4x1scS-Y__000013000_000121000,indicconformer__sortformer_stream,False,0.6626342872618939,0.15103367337726853,0.026270650898257704,0.48532996298636777,0.8418451656607052,110.76999999999998,16.730000000000032,2.9100000000000055,53.75999999999995,4,3,0,-1,108.0,0.0427,Tamil
0AEEA8NyVwY__000011000_000609000,indicconformer__sortformer_stream+rule,False,0.07651542006380724,0.02915632754342448,0.02850053172633804,0.018858560794044715,0.09827321975151913,564.2,16.45000000000009,16.079999999999924,10.640000000000029,3,3,1,0,598.0,0.0047,Devanagari (hi/mr)
0SoItGfM_sY__000007000_000088000,indicconformer__sortformer_stream+rule,False,0.4057805122335098,0.06825010731148969,0.12533981971669747,0.2121905852053226,0.7362192095834003,69.89000000000001,4.770000000000016,8.759999999999987,14.83,5,3,0,-2,81.0,0.0,Kannada
0VEwL9XZ0LY__000261000_000557000,indicconformer__sortformer_stream+rule,False,0.5503058790999896,0.12152213735181283,0.06435558013341197,0.36442816161476493,0.716207248796412,289.32999999999987,35.15999999999999,18.620000000000076,105.43999999999988,2,3,0,1,296.0,0.0355,Devanagari (hi/mr)
0esIFSOAcFs__000000000_000913000,indicconformer__sortformer_stream+rule,False,0.37727695066876976,0.03214200825428319,0.006320361286976596,0.33881458112751,0.538302051657431,925.5799999999988,29.7499999999994,5.84999999999979,313.6000000000003,3,3,1,0,913.0,0.0232,Gujarati
0p6cktLGIfY__000012000_000930000,indicconformer__sortformer_stream+rule,False,0.4829664381089856,0.14770840851678055,0.13362203777216405,0.20163599182004097,0.7376432110791883,831.2999999999992,122.78999999999954,111.07999999999987,167.6199999999999,6,4,0,-2,918.0,0.0329,Gujarati
13VBh0Z6QmE__000000000_000904000,indicconformer__sortformer_stream+rule,False,0.5042949903052719,0.03040312034991232,0.025206294809939012,0.4486855751454205,0.6302646908835641,887.079999999999,26.97000000000019,22.360000000000674,398.0199999999992,4,4,1,0,904.0,0.029,Tamil
1LFl5JEipII__000000000_000597000,indicconformer__sortformer_stream+rule,False,0.6817413641587238,0.1377002636382072,0.04346650442777047,0.5005745960927461,0.8049963861053497,591.7199999999983,81.47999999999973,25.72000000000027,296.1999999999989,5,4,0,-1,597.0,0.1006,Bengali
2HGP34TNvjg__000084000_000194000,indicconformer__sortformer_stream+rule,False,0.5621690527554422,0.06305157874092955,0.07727005295155903,0.4218474210629536,0.6235088627486818,101.98,6.429999999999995,7.87999999999999,43.02000000000001,2,3,0,1,110.0,0.0128,Odia
2LN6vb7EBn0__000098000_000394000,indicconformer__sortformer_stream+rule,False,0.5805068497925888,0.03586990622930219,0.09777948199532907,0.4468574615679576,0.7054420098989272,286.8699999999999,10.289999999999914,28.05000000000004,128.18999999999994,3,4,0,1,296.0,0.0238,Tamil
2T4pjueLrsk__000677000_001290000,indicconformer__sortformer_stream+rule,False,0.7134763253743418,0.17256539494499826,0.12183142636400474,0.4190795040653388,0.7737071496090604,543.619999999999,93.80999999999977,66.23000000000013,227.81999999999903,4,4,1,0,613.0,0.0342,Gujarati
2gGHQgj9yno__000000000_000099000,indicconformer__sortformer_stream+rule,False,0.35867527598416976,0.1522599458446157,0.08873151426786051,0.1176838158716935,0.5855630282926126,96.02000000000001,14.620000000000001,8.519999999999968,11.300000000000011,4,3,0,-1,99.0,0.0798,Gujarati
2iMXYxBTwbM__000339000_000401000,indicconformer__sortformer_stream+rule,False,0.8040966386554622,0.25227591036414554,0.27871148459383727,0.27310924369747935,0.8020606887425551,57.120000000000005,14.409999999999993,15.919999999999987,15.600000000000023,3,2,0,-1,62.0,0.1275,Devanagari (hi/mr)
37dND_0r6S8__000060000_000222000,indicconformer__sortformer_stream+rule,False,0.48444813081343696,0.10480478701344866,0.13419041412405971,0.2454529296759286,0.5373771006798024,168.78999999999996,17.689999999999994,22.650000000000034,41.42999999999998,2,3,0,1,162.0,0.0896,Tamil
4Qg2jWP6_T0__000136000_000202000,indicconformer__sortformer_stream+rule,False,0.8281005824691006,0.1643699389117772,0.22346924279016894,0.44026140076715436,0.7898318720925855,70.38999999999999,11.569999999999995,15.72999999999999,30.98999999999999,3,2,0,-1,66.0,0.2093,Punjabi
6-726qTlYeg__000102000_000162000,indicconformer__sortformer_stream+rule,False,0.6028715003589377,0.11414213926776734,0.14773869346733665,0.3409906676238336,0.6082919124644599,69.64999999999999,7.949999999999994,10.289999999999996,23.750000000000007,2,3,0,1,60.0,0.161,Malayalam
6ZeRgvDHwcI__000006000_000100000,indicconformer__sortformer_stream+rule,False,0.6791469194312801,0.3837282780410745,0.16603475513428165,0.12938388625592398,0.6190962625304552,63.29999999999998,24.29000000000001,10.510000000000025,8.189999999999985,2,2,1,0,94.0,0.0125,Gujarati
6f6TLzlP8Wk__000082000_000144000,indicconformer__sortformer_stream+rule,False,0.5522159959246051,0.10918661912039408,0.12922397690609608,0.313805399898115,0.6013668873961133,58.89000000000001,6.430000000000009,7.609999999999999,18.479999999999997,2,2,1,0,62.0,0.051,Punjabi
7L4gi7Ncc0s__000090000_000148000,indicconformer__sortformer_stream+rule,False,0.16687623495599058,0.07328902460930481,0.04167415124842824,0.05191305909825753,0.24190388018858106,55.67,4.079999999999999,2.3200000000000003,2.889999999999997,2,2,1,0,58.0,0.0,Malayalam
7WhVNRHbjIY__000091000_001089000,indicconformer__sortformer_stream+rule,False,0.34885820925472577,0.014748966569009089,0.025855841393426313,0.30825340129229034,0.48007593560722306,996.6799999999997,14.699999999999974,25.77000000000013,307.22999999999985,5,4,0,-1,998.0,0.0133,Tamil
7YfsQPYY-W0__000351000_000411000,indicconformer__sortformer_stream+rule,False,0.5684046692607005,0.13525291828793773,0.13867704280155638,0.29447470817120647,0.5949723912026206,64.24999999999997,8.689999999999996,8.909999999999993,18.92000000000001,2,2,1,0,60.0,0.1219,Odia
7c9ePKgqams__000299000_000869000,indicconformer__sortformer_stream+rule,False,0.5373021036651489,0.033109231547748356,0.04227210294223959,0.46192076917516095,0.7571871939682744,553.3199999999999,18.320000000000118,23.390000000000008,255.59000000000003,4,4,1,0,570.0,0.0055,Telugu
7k-xDqNjESc__000073000_000981000,indicconformer__sortformer_stream+rule,False,0.4541160217916884,0.09916554328813912,0.097561247340101,0.25738923116344825,0.7120514125831534,897.5899999999988,89.01000000000067,87.57000000000114,231.0299999999992,4,3,0,-1,908.0,0.0421,Malayalam
83gP2vLH7UY__000255000_002005000,indicconformer__sortformer_stream+rule,False,0.7291277243323131,0.13365498478190616,0.09680371106174422,0.4986690284886628,0.790780039064397,2043.6199999999933,273.13999999999817,197.83000000000106,1019.0899999999978,5,4,0,-1,1750.0,0.2022,Devanagari (hi/mr)
86mMTUeDiR8__000181000_001079000,indicconformer__sortformer_stream+rule,False,0.577233796999331,0.12518981959545578,0.11892121727510113,0.333122760128774,0.7247018652056123,823.1499999999985,103.04999999999924,97.88999999999932,274.2099999999998,5,4,0,-1,898.0,0.0517,Bengali
87Zbup3ohcw__000106000_000445000,indicconformer__sortformer_stream+rule,False,0.3870060908948927,0.05731688271122932,0.05697329376854576,0.2727159144151176,0.6238839493025078,320.15,18.350000000000065,18.239999999999924,87.3099999999999,4,3,0,-1,339.0,0.0152,Tamil
8Ve4SWhlrrA__000000000_000070000,indicconformer__sortformer_stream+rule,False,0.04889515749882451,0.001253721987149323,0.024134148252624877,0.023507287259050307,0.38098091483356533,63.809999999999995,0.0799999999999983,1.5399999999999934,1.5,2,2,1,0,70.0,0.0,Odia
8mvORuRHw2U__000000000_001197000,indicconformer__sortformer_stream+rule,False,0.5947796984439142,0.05955215126108392,0.06089776765690152,0.47432977952592875,0.6941669557951459,1159.3199999999968,69.03999999999962,70.59999999999887,549.8999999999982,4,4,1,0,1197.0,0.0417,Gujarati
8o7jKmq6HsM__000030000_001770000,indicconformer__sortformer_stream+rule,False,0.6202200015843727,0.0615359369872001,0.024563448502201095,0.5341206160949716,0.7612414993884652,1767.2599999999984,108.74999999999915,43.40999999999987,943.9299999999987,6,4,0,-2,1740.0,0.0471,Devanagari (hi/mr)
8pkp-lpMJP0__000326000_000926000,indicconformer__sortformer_stream+rule,False,0.5273087525844249,0.16090914311968796,0.050970594991960036,0.3154290144727769,0.792418795242406,696.4799999999987,112.07000000000005,35.500000000000256,219.68999999999923,8,4,0,-4,600.0,0.2032,Telugu
8r2Nltl0W4o__000259000_000320000,indicconformer__sortformer_stream+rule,False,0.17118894918598931,0.04982733103108058,0.03584936688044731,0.08551225127446144,0.569016393442623,60.81,3.03000000000001,2.180000000000001,5.2,2,1,0,-1,61.0,0.0227,Punjabi
90uAd6xpTPo__000016000_000408000,indicconformer__sortformer_stream+rule,False,0.526412205391808,0.03119702520916492,0.02753322032044603,0.46768195986219707,0.7542032941495233,365.7400000000001,11.409999999999982,10.069999999999935,171.05,4,2,0,-2,392.0,0.0067,Devanagari (hi/mr)
9Aw8kg8w5Xo__000000000_000083000,indicconformer__sortformer_stream+rule,False,0.25415241817293593,0.02650219833903282,0.022594040058622235,0.20505617977528082,0.6512253037008615,81.88000000000002,2.170000000000008,1.8499999999999892,16.79,4,3,0,-1,83.0,0.0216,Telugu
9_GMxc_JjyI__000236000_000368000,indicconformer__sortformer_stream+rule,False,0.19496261885751598,0.06786673441242642,0.041010379618204036,0.08608550482688553,0.4550422838163431,137.77,9.349999999999989,5.64999999999997,11.860000000000019,2,2,1,0,132.0,0.0602,Kannada
ARCKJrGkITw__000014000_000496000,indicconformer__sortformer_stream+rule,False,0.48337873583639324,0.09518733467566845,0.050455999052469724,0.33773540210825503,0.5783841507181274,506.5799999999995,48.22000000000007,25.560000000000088,171.08999999999966,3,3,1,0,482.0,0.0844,Telugu
ARZl7LT0UC0__000073000_000130000,indicconformer__sortformer_stream+rule,False,0.25890968266883696,0.06981285598047196,0.05988608624898318,0.12921074043938183,0.3835588117909081,61.44999999999999,4.290000000000001,3.6800000000000157,7.940000000000012,3,3,1,0,57.0,0.0905,Telugu
A_dohDOK6Ic__000000000_000600000,indicconformer__sortformer_stream+rule,False,0.3667635156168923,0.019681090242467846,0.01942167341150369,0.3276607519629207,0.510489803808566,578.2200000000001,11.379999999999761,11.229999999999666,189.46000000000006,3,3,1,0,600.0,0.0048,Devanagari (hi/mr)
B2ScTgeIIck__000117000_000180000,indicconformer__sortformer_stream+rule,False,0.43710597418192737,0.08210747523266286,0.08661062743920762,0.2683878715100569,0.5133612366063601,66.62,5.47,5.770000000000012,17.879999999999992,2,2,1,0,63.0,0.0879,Odia
BGAAfht5dYw__000000000_000612000,indicconformer__sortformer_stream+rule,False,0.44926468421207755,0.07942589372550167,0.044664171406678534,0.32517461907989736,0.6500299845849868,678.6199999999995,53.899999999999906,30.310000000000166,220.6699999999998,4,4,1,0,612.0,0.135,Gujarati
BYLcUGNB_zM__000020000_001387000,indicconformer__sortformer_stream+rule,False,0.14815093035659332,0.027719142734805614,0.01473095905229113,0.1057008285694966,0.21943796468989785,1331.2099999999991,36.90000000000056,19.61000000000046,140.70999999999947,4,4,1,0,1367.0,0.0054,Kannada
Bngfppo1QtA__000028000_000927000,indicconformer__sortformer_stream+rule,False,0.6362938366887025,0.13208092773739413,0.14968041720262787,0.35453249174868057,0.6818752667939683,1002.8699999999983,132.46000000000024,150.10999999999916,355.5499999999987,5,4,0,-1,899.0,0.1261,Telugu
CO_8ppdzq9U__000000000_000695000,indicconformer__sortformer_stream+rule,False,0.6250114970720791,0.02103197718980921,0.03743446668915031,0.5665450531931195,0.7984619053431203,652.3399999999991,13.720000000000121,24.420000000000282,369.57999999999913,4,4,1,0,695.0,0.0186,Tamil
Cku_X_SL7qU__000060000_000660000,indicconformer__sortformer_stream+rule,False,0.7418159108765284,0.15904832893490972,0.3696891557041843,0.21307842623743445,0.6043515966610798,496.38999999999953,78.94999999999976,183.50999999999988,105.76999999999998,3,4,0,1,600.0,0.1022,Gujarati
DPmew0didIM__000191000_000512000,indicconformer__sortformer_stream+rule,False,0.4820575627679118,0.0997244335578687,0.08894672382118822,0.2933864053888549,0.648766220290207,326.5999999999999,32.56999999999991,29.050000000000065,95.81999999999998,5,4,0,-1,321.0,0.062,Telugu
EmsKkNN2Me4__000035000_000095000,indicconformer__sortformer_stream+rule,False,0.4588758859403326,0.04961265864512951,0.09906049118180278,0.31020273611340027,0.5524511683674089,60.669999999999995,3.010000000000007,6.009999999999974,18.819999999999993,2,2,1,0,60.0,0.0471,Malayalam
ExGJodnzocM__000212000_000527000,indicconformer__sortformer_stream+rule,False,0.4458220328038221,0.03106031254035894,0.0346764819837268,0.3800852382797363,0.5948773151406873,309.72,9.619999999999973,10.739999999999867,117.71999999999993,4,4,1,0,315.0,0.0133,Devanagari (hi/mr)
F2uXav-wriA__000000000_000907000,indicconformer__sortformer_stream+rule,False,0.4102499507108588,0.05730684133277752,0.013954303489671012,0.33898880588841024,0.5256778874152068,912.9799999999991,52.31999999999917,12.739999999999828,309.49000000000046,4,4,1,0,907.0,0.0336,Devanagari (hi/mr)
FDMf9ApmoNU__000016000_000686000,indicconformer__sortformer_stream+rule,False,0.4267642297069923,0.13750357131519653,0.11294879527634047,0.17631186311545521,0.5575346551489699,630.0199999999985,86.62999999999991,71.15999999999985,111.07999999999883,4,4,1,0,670.0,0.0882,Bengali
G6qzg93FxwE__000021000_000116000,indicconformer__sortformer_stream+rule,False,0.06664516822530357,0.03912716328066212,0.021175964742556144,0.006342040202085309,0.07804854703454309,93.03,3.639999999999997,1.969999999999998,0.5899999999999963,2,3,0,1,95.0,0.0061,Gujarati
GEc_sS2KWo8__000096000_000290000,indicconformer__sortformer_stream+rule,False,0.40222533146778583,0.12159371044040244,0.10227197015124267,0.17835965087614075,0.6315802600839326,150.08999999999997,18.25,15.35000000000001,26.76999999999996,4,3,0,-1,194.0,0.0378,Gujarati
GfFLEIAAumk__000090000_000163000,indicconformer__sortformer_stream+rule,False,0.16986003533088725,0.04402772115776607,0.04035874439461877,0.0854735697785024,0.227741685828662,73.59,3.240000000000005,2.9699999999999953,6.289999999999992,2,2,1,0,73.0,0.0285,Bengali
Gq45evw6ytY__000597000_001464000,indicconformer__sortformer_stream+rule,False,0.6105866296709856,0.10804317666565191,0.08666914808423208,0.41587430492110167,0.7212615368758067,886.5899999999982,95.79000000000013,76.83999999999916,368.7099999999988,3,4,0,1,867.0,0.0869,Odia
HZv_WvIr6lE__000021000_000105000,indicconformer__sortformer_stream+rule,False,0.2332285683320687,0.11054513926519997,0.05202124200715269,0.07066218705971605,0.2587673681157155,92.27000000000001,10.200000000000003,4.799999999999979,6.5200000000000005,3,3,1,0,84.0,0.1276,Tamil
HpYG46tGyYs__000103000_000998000,indicconformer__sortformer_stream+rule,False,0.21721259129384715,0.024999129152491233,0.04080210861210118,0.15141135352925475,0.28736223131177946,861.2299999999998,21.53000000000002,35.13999999999989,130.40000000000003,4,4,1,0,895.0,0.0022,Devanagari (hi/mr)
IAm1rt-MYcA__000004000_000558000,indicconformer__sortformer_stream+rule,False,0.47973708989531605,0.0836548935620256,0.10691800675738058,0.2891641895759098,0.6448787865263157,541.6299999999995,45.30999999999989,57.91,156.6199999999999,4,4,1,0,554.0,0.0445,Bengali
Iare1Emeueg__000016000_000069000,indicconformer__sortformer_stream+rule,False,0.7697642163661585,0.2454923717059641,0.16458622283865024,0.3596856218215441,0.7954217838483139,43.25999999999999,10.620000000000005,7.120000000000008,15.559999999999995,2,2,1,0,53.0,0.0,Devanagari (hi/mr)
IfTL8SSN270__000062000_000671000,indicconformer__sortformer_stream+rule,False,0.45160124122555956,0.10979724640737433,0.05126080800168727,0.29054318681649793,0.5626940910126399,663.8599999999994,72.88999999999946,34.030000000000086,192.88000000000017,4,4,1,0,609.0,0.1121,Devanagari (hi/mr)
Ig6szCD8m20__000046000_000106000,indicconformer__sortformer_stream+rule,False,0.22121517287680453,0.02148371936891574,0.06461899966431724,0.13511245384357157,0.2826725738646773,59.57999999999998,1.2799999999999994,3.850000000000019,8.04999999999999,2,2,1,0,60.0,0.0204,Devanagari (hi/mr)
Iqhnt8ENm3U__000027000_000088000,indicconformer__sortformer_stream+rule,False,0.5652043269230768,0.17893629807692296,0.09179687499999997,0.29447115384615385,0.6376182438224925,66.55999999999997,11.909999999999988,6.109999999999996,19.599999999999994,3,3,1,0,61.0,0.1772,Devanagari (hi/mr)
J4-VpEkBzWw__000000000_000600000,indicconformer__sortformer_stream+rule,False,0.5582905015639492,0.03685889879127949,0.023435658037440937,0.4979959447352288,0.7324507339859174,636.2099999999987,23.449999999999875,14.910000000000267,316.82999999999925,7,4,0,-3,600.0,0.0685,Kannada
JBYGLQJwFDc__000103000_000407000,indicconformer__sortformer_stream+rule,False,0.48248474849403356,0.1393546406783563,0.11909603652687736,0.22403407128879987,0.6906920370949216,260.62999999999994,36.31999999999999,31.04000000000004,58.389999999999894,3,2,0,-1,304.0,0.012,Tamil
JSB1CeS4pP8__000000000_000632000,indicconformer__sortformer_stream+rule,False,0.308364238207618,0.049790051184600816,0.04833420173475904,0.21023998528825813,0.4057554089940157,652.5399999999986,32.48999999999935,31.539999999999594,137.18999999999966,4,4,1,0,632.0,0.088,Punjabi
Jc5AVwg2cZM__000153000_000214000,indicconformer__sortformer_stream+rule,False,0.8696761843994253,0.3035571861540914,0.25745732971765806,0.3086616685276759,0.7254294469411113,62.69,19.029999999999987,16.139999999999983,19.35,3,4,0,1,61.0,0.2816,Devanagari (hi/mr)
KAtdcDieQMw__000057000_000599000,indicconformer__sortformer_stream+rule,False,0.6145015209582881,0.06016807878048252,0.055699726743086465,0.4986337154347192,0.7370500888770256,581.8699999999991,35.00999999999931,32.40999999999967,290.1399999999996,3,4,0,1,542.0,0.1073,Odia
KPkRi3GM7fs__000047000_000642000,indicconformer__sortformer_stream+rule,False,0.4057411128819902,0.017323816783313784,0.027302335250502362,0.36111496084817407,0.5875129210836301,577.24,10.00000000000005,15.759999999999984,208.45,3,2,0,-1,595.0,0.0031,Odia
Kdi-ECuOaKg__000002000_000078000,indicconformer__sortformer_stream+rule,False,0.9703400664791618,0.3807210432114551,0.24776272053183354,0.34185630273587314,0.9137377550984341,39.11,14.89000000000001,9.69000000000001,13.369999999999997,6,3,0,-3,76.0,0.0,Malayalam
L7xRazDdtgw__000019000_000083000,indicconformer__sortformer_stream+rule,False,0.8603234122334192,0.24630888211858448,0.18912584954300427,0.4248886805718305,0.8938086587950348,42.66999999999999,10.509999999999996,8.06999999999999,18.130000000000003,3,3,1,0,64.0,0.0012,Gujarati
LBIWBxQ5H1s__000090000_001020000,indicconformer__sortformer_stream+rule,False,0.4968553459119492,0.10069130412183545,0.07254015281459522,0.3236238889755185,0.5959336554570663,961.9499999999986,96.85999999999947,69.77999999999977,311.3099999999996,4,4,1,0,930.0,0.0724,Malayalam
LK23jX9tgZM__000059000_000221000,indicconformer__sortformer_stream+rule,False,0.47952628344785186,0.19848053181386519,0.06094631584827652,0.2200994357857102,0.6368583552745058,179.01000000000005,35.530000000000015,10.909999999999982,39.39999999999999,3,4,0,1,162.0,0.1712,Gujarati
LctYmmr9-Vg__000000000_000061000,indicconformer__sortformer_stream+rule,False,0.19707419017763816,0.09467084639498426,0.05350052246603942,0.048902821316614484,0.22494848645380247,47.85000000000001,4.529999999999998,2.5599999999999867,2.3400000000000034,2,2,1,0,61.0,0.0,Devanagari (hi/mr)
LqQHdo7t5Ps__000198000_000498000,indicconformer__sortformer_stream+rule,False,0.15141504614651083,0.014201546163539193,0.023601130674658372,0.11361236930831325,0.2516316338915181,293.63000000000005,4.170000000000014,6.929999999999939,33.36000000000003,3,3,1,0,300.0,0.0019,Devanagari (hi/mr)
Md3p6RTanBg__000315000_000426000,indicconformer__sortformer_stream+rule,False,0.0984808337749518,0.020049461225931955,0.01598657481010445,0.0624447977389154,0.15308839726771095,113.21999999999998,2.2700000000000156,1.8100000000000254,7.07,3,3,1,0,111.0,0.0528,Bengali
MmtWBUK2DKE__000000000_000310000,indicconformer__sortformer_stream+rule,False,0.6017289186103408,0.03510030990050585,0.019474800195726425,0.5471538085141084,0.8414333908545089,306.55000000000007,10.760000000000069,5.969999999999937,167.73,5,2,0,-3,310.0,0.0432,Devanagari (hi/mr)
NLgHpYyf5bY__000313000_000383000,indicconformer__sortformer_stream+rule,False,0.16896501669327893,0.023515749745971697,0.031499491943678175,0.11394977500362907,0.31873846991677734,68.89,1.6199999999999901,2.1699999999999897,7.850000000000007,2,2,1,0,70.0,0.0097,Devanagari (hi/mr)
NuhdqCEuIBo__000197000_000540000,indicconformer__sortformer_stream+rule,False,0.31012747277485425,0.05974055210062719,0.07108084531614964,0.17930607535807744,0.5194754118805102,355.36999999999915,21.229999999999833,25.260000000000037,63.71999999999983,3,4,0,1,343.0,0.0562,Punjabi
O4_aeGFzZ8A__000000000_000335000,indicconformer__sortformer_stream+rule,False,0.4270978966663559,0.04110355112312407,0.017895423618230863,0.368098921925001,0.6973045776484739,321.87,13.229999999999944,5.759999999999968,118.48000000000006,8,4,0,-4,335.0,0.0004,Kannada
OXUt5KnlUMo__000091000_000181000,indicconformer__sortformer_stream+rule,False,0.2642121106865809,0.06865809887692471,0.04202848211184436,0.15352552969781186,0.3797409161994947,86.37,5.929999999999987,3.6299999999999972,13.26000000000001,2,2,1,0,90.0,0.0,Odia
OxYCBQKZ3iY__000000000_001822000,indicconformer__sortformer_stream+rule,False,0.698928071172792,0.0917557010320744,0.04662802487296935,0.5605443452677482,0.8311675299662706,1706.2699999999893,156.5599999999966,79.56000000000091,956.4399999999947,7,4,0,-3,1822.0,0.0659,Punjabi
PCUA2q2C-2A__000045000_000107000,indicconformer__sortformer_stream+rule,False,0.03261406687530874,0.01762477351342448,0.014989293361884261,0.0,0.05247011843747366,60.71000000000001,1.0700000000000003,0.9099999999999936,0.0,3,3,1,0,62.0,0.0063,Devanagari (hi/mr)
PEDfT9-Yf2o__000000000_000469000,indicconformer__sortformer_stream+rule,False,0.2009190263288621,0.026626924987580708,0.008941877794336549,0.16535022354694484,0.30987092152602386,402.6,10.719999999999994,3.599999999999895,66.57,3,3,1,0,469.0,0.011,Bengali
PQB3-4sZUeY__000000000_001132000,indicconformer__sortformer_stream+rule,False,0.6660412093747782,0.06754938752389576,0.09813778942151076,0.5003540324293716,0.75163016570233,1129.8399999999933,76.31999999999793,110.87999999999906,565.3199999999979,4,4,1,0,1132.0,0.1069,Telugu
PRAzUz0GANs__000223000_000283000,indicconformer__sortformer_stream+rule,False,0.6220698453197258,0.08260245574868441,0.10556530059001742,0.43390208898102395,0.5816041550980069,62.71,5.18,6.619999999999993,27.21000000000001,2,3,0,1,60.0,0.0822,Kannada
PSIzXy5-y2E__000002000_000918000,indicconformer__sortformer_stream+rule,False,0.5637334232411779,0.12328613171499207,0.08287255563047911,0.35757473589570676,0.6608632878932047,889.7999999999989,109.69999999999982,73.74000000000022,318.1699999999995,3,4,0,1,916.0,0.0434,Devanagari (hi/mr)
PVDfS7lcJHY__000000000_000360000,indicconformer__sortformer_stream+rule,False,0.6109420911667571,0.072054502431287,0.0657617598876666,0.47312582884780346,0.7927968852279795,384.5699999999994,27.709999999999997,25.289999999999907,181.9499999999995,6,4,0,-2,360.0,0.1127,Kannada
Pjre5dpnKGA__000000000_000330000,indicconformer__sortformer_stream+rule,False,0.4751690648553639,0.05454762117555923,0.07075401435934112,0.34986742932046355,0.657759305947635,335.66999999999973,18.309999999999953,23.750000000000014,117.43999999999991,4,4,1,0,330.0,0.0933,Kannada
QhpjuNTZoA8__000000000_000586000,indicconformer__sortformer_stream+rule,False,0.30456753176666823,0.04268262767992922,0.027146805344322986,0.23473809874241602,0.42094236385141803,611.4899999999993,26.099999999999888,16.600000000000044,143.53999999999982,3,3,1,0,586.0,0.0512,Kannada
QuA_B6IZ6Ls__000061000_001863000,indicconformer__sortformer_stream+rule,False,0.6088714002004466,0.358524687773904,0.03471192357903366,0.21563478884750892,0.6222461263826269,2703.969999999993,969.4400000000007,93.8599999999994,583.0699999999972,4,4,1,0,1802.0,0.3694,Devanagari (hi/mr)
RL2fhIEEbZg__000000000_000065000,indicconformer__sortformer_stream+rule,False,0.11348709332518701,0.008859019398197518,0.07744004887734841,0.027188025049641087,0.40001441753171857,65.46999999999997,0.5799999999999912,5.0699999999999985,1.7800000000000011,3,2,0,-1,65.0,0.0563,Telugu
RL2fhIEEbZg__000066000_001034000,indicconformer__sortformer_stream+rule,False,0.3241127400167823,0.08160323806703165,0.08010267041808536,0.16240683153166527,0.35467612479090854,1012.9499999999989,82.65999999999963,81.13999999999947,164.51000000000016,3,4,0,1,968.0,0.0719,Telugu
RWTmftezCwI__000000000_000060000,indicconformer__sortformer_stream+rule,False,0.16144038594073093,0.02997932460372167,0.02911784975878736,0.10234321157822189,0.2581487953510396,58.03999999999999,1.7400000000000055,1.6900000000000182,5.939999999999998,2,2,1,0,60.0,0.0244,Malayalam
RZUZyvRzi80__000000000_000336000,indicconformer__sortformer_stream+rule,False,0.17865529600791008,0.041929304165121035,0.010876282288963158,0.12584970955382588,0.34332754320066866,323.6399999999999,13.569999999999766,3.520000000000035,40.73000000000019,4,3,0,-1,336.0,0.0001,Punjabi
SZ7ay4OjfAE__000000000_000897000,indicconformer__sortformer_stream+rule,False,0.6315565748630858,0.14627612250143318,0.04483085865675517,0.44044959370489745,0.7668448986242294,1011.5799999999967,147.9699999999993,45.35000000000025,445.5499999999987,5,4,0,-1,897.0,0.1794,Telugu
T3I2T-cfhG4__000160000_000210000,indicconformer__sortformer_stream+rule,False,0.10623802427081092,0.022354694485841955,0.06450926123057253,0.019374068554396422,0.1247265640245089,46.970000000000006,1.0499999999999967,3.0299999999999923,0.9100000000000001,2,2,1,0,50.0,0.0,Devanagari (hi/mr)
TU3M6wSQV_g__000099000_000171000,indicconformer__sortformer_stream+rule,False,0.17665995975855103,0.0519114688128771,0.028303152246814064,0.09644533869885989,0.34832957635205997,74.54999999999998,3.869999999999987,2.109999999999988,7.190000000000003,2,2,1,0,72.0,0.0451,Telugu
Tlha36rSd5o__000240000_000374000,indicconformer__sortformer_stream+rule,False,0.1320060765971053,0.051731030622851046,0.07251938914208031,0.007755656832173973,0.10859212088140104,125.07000000000001,6.469999999999981,9.069999999999984,0.9699999999999989,2,2,1,0,134.0,0.0,Tamil
TrPnW5kLAyQ__000093000_000513000,indicconformer__sortformer_stream+rule,False,0.3496693104933726,0.11978308795580682,0.050046879355345686,0.17983934318222008,0.47075543736077896,394.6299999999995,47.26999999999998,19.750000000000043,70.96999999999942,4,4,1,0,420.0,0.0501,Devanagari (hi/mr)
U_EHjxThUgc__000181000_000289000,indicconformer__sortformer_stream+rule,False,0.288552338530067,0.05612472160356373,0.04668151447661479,0.1857461024498885,0.4678627164644184,112.25000000000001,6.300000000000029,5.240000000000011,20.849999999999987,3,3,1,0,108.0,0.0529,Bengali
VHlIFsHPWbk__000023000_000470000,indicconformer__sortformer_stream+rule,False,0.6326262311154685,0.028499487499443192,0.04235928517313582,0.5617674584428893,0.768077753401605,448.7800000000001,12.790000000000118,19.0099999999999,252.10999999999993,4,4,1,0,447.0,0.0269,Odia
VKY0uuZ6Om8__000575000_000935000,indicconformer__sortformer_stream+rule,False,0.5229272480148792,0.15683048382096912,0.08143167131649863,0.28466509287741143,0.5800201089889195,419.3699999999996,65.76999999999975,34.15,119.37999999999991,3,4,0,1,360.0,0.1718,Devanagari (hi/mr)
VY_4x1scS-Y__000013000_000121000,indicconformer__sortformer_stream+rule,False,0.6619120700550691,0.15103367337726853,0.026270650898257704,0.48460774577954285,0.8406722497151292,110.76999999999998,16.730000000000032,2.9100000000000055,53.67999999999995,4,3,0,-1,108.0,0.0427,Tamil
0AEEA8NyVwY__000011000_000609000,indicconformer__sortformer+rule,False,0.07309464728819531,0.04369018078695484,0.025753278979085265,0.0036511875221552173,0.08834860497767826,564.2,24.64999999999992,14.529999999999907,2.059999999999974,3,3,1,0,598.0,0.0047,Devanagari (hi/mr)
0SoItGfM_sY__000007000_000088000,indicconformer__sortformer+rule,False,0.40578051223350964,0.06710545142366586,0.12419516382887372,0.2144798969809701,0.7402104472934881,69.89000000000001,4.690000000000008,8.679999999999986,14.990000000000002,5,3,0,-2,81.0,0.0,Kannada
0VEwL9XZ0LY__000261000_000557000,indicconformer__sortformer+rule,False,0.24484153043237808,0.14184495213078485,0.060622818235233064,0.042373760066360164,0.25151836381187787,289.32999999999987,41.039999999999964,17.539999999999974,12.25999999999998,2,2,1,0,296.0,0.0355,Devanagari (hi/mr)
0esIFSOAcFs__000000000_000913000,indicconformer__sortformer+rule,True,1.0,1.0,0.0,0.0,1.0,925.5799999999994,925.5799999999994,0.0,0.0,3,0,0,-3,913.0,0.0232,Gujarati
0p6cktLGIfY__000012000_000930000,indicconformer__sortformer+rule,True,1.0,1.0,0.0,0.0,1.0,831.3,831.3,0.0,0.0,6,0,0,-6,918.0,0.0329,Gujarati
13VBh0Z6QmE__000000000_000904000,indicconformer__sortformer+rule,True,1.0,1.0,0.0,0.0,1.0,887.0799999999995,887.0799999999995,0.0,0.0,4,0,0,-4,904.0,0.029,Tamil
1LFl5JEipII__000000000_000597000,indicconformer__sortformer+rule,False,0.5302338944095176,0.18177516392888432,0.013114310822686888,0.33534441965794637,0.6602942185744737,591.7199999999984,107.55999999999915,7.7600000000002645,198.4299999999995,5,4,0,-1,597.0,0.1006,Bengali
2HGP34TNvjg__000084000_000194000,indicconformer__sortformer+rule,False,0.31457148460482415,0.12953520298097648,0.06373798784075299,0.12129829378309473,0.3493976597877109,101.98,13.209999999999983,6.49999999999999,12.370000000000001,2,3,0,1,110.0,0.0128,Odia
2LN6vb7EBn0__000098000_000394000,indicconformer__sortformer+rule,False,0.34510405410116063,0.1371352877610072,0.11789312232021451,0.09007564401993896,0.3740061301092898,286.8699999999999,39.34000000000012,33.81999999999992,25.839999999999883,3,3,1,0,296.0,0.0238,Tamil
2T4pjueLrsk__000677000_001290000,indicconformer__sortformer+rule,False,0.5034215076707984,0.181542253780214,0.10696810271881091,0.21491115117177353,0.6846149721247209,543.6199999999991,98.68999999999977,58.14999999999989,116.82999999999933,4,3,0,-1,613.0,0.0342,Gujarati
2gGHQgj9yno__000000000_000099000,indicconformer__sortformer+rule,False,0.4011664236617369,0.2844199125182253,0.06259112684857306,0.05415538429493856,0.5161253679633243,96.01999999999998,27.309999999999988,6.009999999999984,5.199999999999999,4,4,1,0,99.0,0.0798,Gujarati
2iMXYxBTwbM__000339000_000401000,indicconformer__sortformer+rule,False,0.8123249299719888,0.2787114845938374,0.2645308123249297,0.26908263305322166,0.8102159922065358,57.120000000000005,15.919999999999991,15.109999999999987,15.370000000000022,3,2,0,-1,62.0,0.1275,Devanagari (hi/mr)
37dND_0r6S8__000060000_000222000,indicconformer__sortformer+rule,False,0.4816043604478939,0.0995912080099533,0.13608626103442137,0.2459268914035192,0.5385621438386994,168.79,16.810000000000016,22.96999999999998,41.510000000000005,2,2,1,0,162.0,0.0896,Tamil
4Qg2jWP6_T0__000136000_000202000,indicconformer__sortformer+rule,False,0.8558033811620962,0.16678505469526905,0.24506321920727342,0.44395510725955384,0.7871509953889816,70.39000000000001,11.739999999999991,17.24999999999998,31.25,3,2,0,-1,66.0,0.2093,Punjabi
6-726qTlYeg__000102000_000162000,indicconformer__sortformer+rule,False,0.6010050251256283,0.11457286432160783,0.1458722182340274,0.340559942569993,0.6081880883328658,69.64999999999999,7.979999999999984,10.160000000000007,23.72000000000001,2,3,0,1,60.0,0.161,Malayalam
6ZeRgvDHwcI__000006000_000100000,indicconformer__sortformer+rule,False,0.6816745655608217,0.38120063191153264,0.16097946287519768,0.13949447077409144,0.6275102817861067,63.29999999999999,24.130000000000013,10.190000000000012,8.829999999999986,2,2,1,0,94.0,0.0125,Gujarati
6f6TLzlP8Wk__000082000_000144000,indicconformer__sortformer+rule,False,0.6099507556461198,0.11784683307862116,0.11614875191034132,0.3759551706571574,0.6562720704790503,58.89000000000001,6.940000000000001,6.840000000000002,22.14,2,3,0,1,62.0,0.051,Punjabi
7L4gi7Ncc0s__000090000_000148000,indicconformer__sortformer+rule,False,0.1841207113346507,0.0905335009879649,0.04167415124842825,0.05191305909825754,0.25435201296866417,55.669999999999995,5.040000000000005,2.3200000000000003,2.889999999999997,2,2,1,0,58.0,0.0,Malayalam
7WhVNRHbjIY__000091000_001089000,indicconformer__sortformer+rule,True,1.0,1.0,0.0,0.0,1.0,996.6799999999998,996.6799999999998,0.0,0.0,5,0,0,-5,998.0,0.0133,Tamil
7YfsQPYY-W0__000351000_000411000,indicconformer__sortformer+rule,False,0.5766536964980543,0.1626459143968869,0.1374319066147857,0.2765758754863817,0.5943665377742939,64.24999999999999,10.44999999999998,8.829999999999979,17.77000000000002,2,2,1,0,60.0,0.1219,Odia
7c9ePKgqams__000299000_000869000,indicconformer__sortformer+rule,False,0.3740511819561924,0.10220125786163586,0.03330803151883153,0.23854189257572503,0.6210794259280297,553.32,56.55000000000036,18.429999999999865,131.99000000000018,4,3,0,-1,570.0,0.0055,Telugu
7k-xDqNjESc__000073000_000981000,indicconformer__sortformer+rule,True,1.0,1.0,0.0,0.0,1.0,897.5899999999995,897.5899999999995,0.0,0.0,4,0,0,-4,908.0,0.0421,Malayalam
83gP2vLH7UY__000255000_002005000,indicconformer__sortformer+rule,True,1.0,1.0,0.0,0.0,1.0,2043.6199999999963,2043.6199999999963,0.0,0.0,5,0,0,-5,1750.0,0.2022,Devanagari (hi/mr)
86mMTUeDiR8__000181000_001079000,indicconformer__sortformer+rule,True,1.0,1.0,0.0,0.0,1.0,823.15,823.15,0.0,0.0,5,0,0,-5,898.0,0.0517,Bengali
87Zbup3ohcw__000106000_000445000,indicconformer__sortformer+rule,False,0.15764485397469916,0.07218491332188033,0.04547868186787426,0.039981258784944594,0.3073561931336718,320.15000000000003,23.10999999999999,14.559999999999945,12.800000000000013,4,4,1,0,339.0,0.0152,Tamil
8Ve4SWhlrrA__000000000_000070000,indicconformer__sortformer+rule,False,0.04341012380504615,0.005328318445384713,0.015671524839366815,0.02241028052029462,0.37792522311727517,63.809999999999995,0.3399999999999985,0.9999999999999964,1.4299999999999997,2,2,1,0,70.0,0.0,Odia
8mvORuRHw2U__000000000_001197000,indicconformer__sortformer+rule,True,1.0,1.0,0.0,0.0,1.0,1159.319999999999,1159.319999999999,0.0,0.0,4,0,0,-4,1197.0,0.0417,Gujarati
8o7jKmq6HsM__000030000_001770000,indicconformer__sortformer+rule,True,1.0,1.0,0.0,0.0,1.0,1767.2599999999993,1767.2599999999993,0.0,0.0,6,0,0,-6,1740.0,0.0471,Devanagari (hi/mr)
8pkp-lpMJP0__000326000_000926000,indicconformer__sortformer+rule,False,0.5073656099241903,0.24633873190902827,0.019584194808178412,0.2414426832069836,0.8162140316007364,696.4799999999996,171.5699999999999,13.640000000000093,168.15999999999983,8,4,0,-4,600.0,0.2032,Telugu
8r2Nltl0W4o__000259000_000320000,indicconformer__sortformer+rule,False,0.17776681466864022,0.05377405032067114,0.038480513073507666,0.08551225127446144,0.5709836065573771,60.81,3.270000000000012,2.340000000000001,5.2,2,1,0,-1,61.0,0.0227,Punjabi
90uAd6xpTPo__000016000_000408000,indicconformer__sortformer+rule,False,0.4321649259036467,0.06277683600371771,0.025865368841252973,0.34352272105867604,0.5412851913087738,365.74000000000007,22.95999999999972,9.459999999999864,125.6400000000002,4,4,1,0,392.0,0.0067,Devanagari (hi/mr)
9Aw8kg8w5Xo__000000000_000083000,indicconformer__sortformer+rule,False,0.1846604787493894,0.02979970688812903,0.0346849047386419,0.12017586712261848,0.5479003540492574,81.88000000000002,2.4400000000000057,2.84,9.840000000000003,4,3,0,-1,83.0,0.0216,Telugu
9_GMxc_JjyI__000236000_000368000,indicconformer__sortformer+rule,False,0.20969732162299468,0.06401974305001076,0.06039050591565633,0.08528707265732757,0.45150236603263094,137.77,8.819999999999984,8.319999999999974,11.750000000000021,2,2,1,0,132.0,0.0602,Kannada
ARCKJrGkITw__000014000_000496000,indicconformer__sortformer+rule,False,0.4749891428797031,0.10097121876110385,0.048185873899483075,0.3258320502191162,0.5986432985525,506.5799999999997,51.149999999999956,24.41000000000012,165.0599999999998,3,3,1,0,482.0,0.0844,Telugu
ARZl7LT0UC0__000073000_000130000,indicconformer__sortformer+rule,False,0.28218063466232723,0.07339300244100881,0.06346623270952001,0.14532139951179843,0.48620633101866456,61.44999999999999,4.509999999999991,3.900000000000004,8.930000000000012,3,3,1,0,57.0,0.0905,Telugu
A_dohDOK6Ic__000000000_000600000,indicconformer__sortformer+rule,False,0.4299055722735291,0.031095430804883646,0.01810729480128658,0.38070284666735893,0.5946363290222151,578.22,17.979999999999823,10.469999999999928,220.13000000000028,3,3,1,0,600.0,0.0048,Devanagari (hi/mr)
B2ScTgeIIck__000117000_000180000,indicconformer__sortformer+rule,False,0.4861903332332634,0.13059141398979274,0.0762533773641551,0.2793455418793155,0.5550392052415591,66.61999999999998,8.699999999999989,5.080000000000012,18.609999999999992,2,2,1,0,63.0,0.0879,Odia
BGAAfht5dYw__000000000_000612000,indicconformer__sortformer+rule,True,1.0,1.0,0.0,0.0,1.0,678.6199999999995,678.6199999999995,0.0,0.0,4,0,0,-4,612.0,0.135,Gujarati
BYLcUGNB_zM__000020000_001387000,indicconformer__sortformer+rule,True,1.0,1.0,0.0,0.0,1.0,1331.2099999999998,1331.2099999999998,0.0,0.0,4,0,0,-4,1367.0,0.0054,Kannada
Bngfppo1QtA__000028000_000927000,indicconformer__sortformer+rule,True,1.0,1.0,0.0,0.0,1.0,1002.8700000000006,1002.8700000000006,0.0,0.0,5,0,0,-5,899.0,0.1261,Telugu
CO_8ppdzq9U__000000000_000695000,indicconformer__sortformer+rule,True,1.0,1.0,0.0,0.0,1.0,652.34,652.34,0.0,0.0,4,0,0,-4,695.0,0.0186,Tamil
Cku_X_SL7qU__000060000_000660000,indicconformer__sortformer+rule,False,0.7309373677954831,0.21783275247285336,0.36175184834505175,0.15135276697757788,0.5904088661032024,496.3899999999995,108.12999999999957,179.57000000000005,75.12999999999981,3,3,1,0,600.0,0.1022,Gujarati
DPmew0didIM__000191000_000512000,indicconformer__sortformer+rule,False,0.45529699938762935,0.12033067973055678,0.0832210655235759,0.25174525413349663,0.6423641846117953,326.59999999999985,39.29999999999983,27.17999999999988,82.21999999999997,5,4,0,-1,321.0,0.062,Telugu
EmsKkNN2Me4__000035000_000095000,indicconformer__sortformer+rule,False,0.4423932750947748,0.05554639854953018,0.0984011867479806,0.28844568979726404,0.521735631177041,60.669999999999995,3.3699999999999957,5.969999999999982,17.500000000000007,2,2,1,0,60.0,0.0471,Malayalam
ExGJodnzocM__000212000_000527000,indicconformer__sortformer+rule,False,0.46997287872917426,0.0540811055146585,0.03367557794136603,0.3822161952731497,0.6406779003409798,309.7200000000001,16.750000000000036,10.42999999999989,118.37999999999997,4,4,1,0,315.0,0.0133,Devanagari (hi/mr)
F2uXav-wriA__000000000_000907000,indicconformer__sortformer+rule,True,1.0,1.0,0.0,0.0,1.0,912.9799999999997,912.9799999999997,0.0,0.0,4,0,0,-4,907.0,0.0336,Devanagari (hi/mr)
FDMf9ApmoNU__000016000_000686000,indicconformer__sortformer+rule,True,1.0,1.0,0.0,0.0,1.0,630.0199999999991,630.0199999999991,0.0,0.0,4,0,0,-4,670.0,0.0882,Bengali
G6qzg93FxwE__000021000_000116000,indicconformer__sortformer+rule,False,0.06664516822530361,0.041706976244222246,0.021175964742556144,0.003762227238525222,0.0785749915532816,93.03,3.8799999999999955,1.969999999999998,0.3500000000000014,2,2,1,0,95.0,0.0061,Gujarati
GEc_sS2KWo8__000096000_000290000,indicconformer__sortformer+rule,False,0.22926244253447955,0.13365314144846444,0.06742621094010268,0.02818309014591246,0.4739044317065022,150.08999999999997,20.060000000000024,10.12000000000001,4.23,4,3,0,-1,194.0,0.0378,Gujarati
GfFLEIAAumk__000090000_000163000,indicconformer__sortformer+rule,False,0.17203424378312254,0.04402772115776597,0.045794265525207045,0.08221225710014952,0.22510062060018432,73.59,3.239999999999998,3.369999999999987,6.050000000000004,2,2,1,0,73.0,0.0285,Bengali
Gq45evw6ytY__000597000_001464000,indicconformer__sortformer+rule,True,1.0,1.0,0.0,0.0,1.0,886.5900000000001,886.5900000000001,0.0,0.0,3,0,0,-3,867.0,0.0869,Odia
HZv_WvIr6lE__000021000_000105000,indicconformer__sortformer+rule,False,0.2722444998374332,0.12116614284166018,0.08084968028611653,0.0702286767096565,0.276513559186552,92.27000000000001,11.179999999999986,7.459999999999973,6.480000000000007,3,3,1,0,84.0,0.1276,Tamil
HpYG46tGyYs__000103000_000998000,indicconformer__sortformer+rule,True,1.0,1.0,0.0,0.0,1.0,861.23,861.23,0.0,0.0,4,0,0,-4,895.0,0.0022,Devanagari (hi/mr)
IAm1rt-MYcA__000004000_000558000,indicconformer__sortformer+rule,False,0.3911526318704654,0.16330336207374063,0.06768458172553225,0.1601646880711925,0.5321687595263367,541.6299999999997,88.45000000000009,36.66000000000001,86.74999999999994,4,3,0,-1,554.0,0.0445,Bengali
Iare1Emeueg__000016000_000069000,indicconformer__sortformer+rule,False,0.7126675913083683,0.31576514100785946,0.16273693943596873,0.23416551086454018,0.6717417808852546,43.25999999999999,13.659999999999997,7.040000000000006,10.130000000000006,2,3,0,1,53.0,0.0,Devanagari (hi/mr)
IfTL8SSN270__000062000_000671000,indicconformer__sortformer+rule,False,0.2795017021661188,0.13242249871960862,0.04080679661374479,0.10627240683276537,0.3344998478164,663.8599999999996,87.90999999999931,27.090000000000597,70.54999999999957,4,4,1,0,609.0,0.1121,Devanagari (hi/mr)
Ig6szCD8m20__000046000_000106000,indicconformer__sortformer+rule,False,0.21852970795569024,0.028197381671702156,0.052534407519302107,0.13779791876468597,0.29097572551610834,59.579999999999984,1.680000000000014,3.1300000000000185,8.209999999999988,2,2,1,0,60.0,0.0204,Devanagari (hi/mr)
Iqhnt8ENm3U__000027000_000088000,indicconformer__sortformer+rule,False,0.6887019230769231,0.21874999999999978,0.058293269230769426,0.41165865384615397,0.7956847076063238,66.55999999999996,14.559999999999976,3.8800000000000106,27.39999999999999,3,2,0,-1,61.0,0.1772,Devanagari (hi/mr)
J4-VpEkBzWw__000000000_000600000,indicconformer__sortformer+rule,False,0.4499300545417387,0.07601263733672795,0.012040049669134441,0.3618773675358763,0.6545863420300753,636.2099999999996,48.35999999999966,7.660000000000018,230.2299999999997,7,4,0,-3,600.0,0.0685,Kannada
JBYGLQJwFDc__000103000_000407000,indicconformer__sortformer+rule,False,0.4751179833480411,0.15305221962168547,0.1097724743889805,0.21229328933737515,0.6724860010540811,260.62999999999994,39.88999999999987,28.609999999999978,55.33000000000007,3,3,1,0,304.0,0.012,Tamil
JSB1CeS4pP8__000000000_000632000,indicconformer__sortformer+rule,True,1.0,1.0,0.0,0.0,1.0,652.5399999999998,652.5399999999998,0.0,0.0,4,0,0,-4,632.0,0.088,Punjabi
Jc5AVwg2cZM__000153000_000214000,indicconformer__sortformer+rule,False,0.8676024884351576,0.3265273568352212,0.248524485563886,0.29255064603605035,0.7269701556231988,62.689999999999976,20.47000000000001,15.580000000000009,18.33999999999999,3,3,1,0,61.0,0.2816,Devanagari (hi/mr)
KAtdcDieQMw__000057000_000599000,indicconformer__sortformer+rule,False,0.2664856411225867,0.0799147575919011,0.03846219946036052,0.1481086840703251,0.34992548434911325,581.8699999999993,46.49999999999944,22.379999999999953,86.17999999999996,3,3,1,0,542.0,0.1073,Odia
KPkRi3GM7fs__000047000_000642000,indicconformer__sortformer+rule,False,0.09095003811239667,0.0587797103457832,0.023092647772157214,0.00907767999445627,0.09639764737447747,577.24,33.92999999999989,13.33000000000003,5.239999999999938,3,3,1,0,595.0,0.0031,Odia
Kdi-ECuOaKg__000002000_000078000,indicconformer__sortformer+rule,False,0.8317565839938639,0.4518026080286376,0.18997698798261323,0.18997698798261295,0.8741888224324734,39.11,17.670000000000016,7.430000000000003,7.429999999999993,6,2,0,-4,76.0,0.0,Malayalam
L7xRazDdtgw__000019000_000083000,indicconformer__sortformer+rule,False,0.8504804312163113,0.3006796344035621,0.17225216779939054,0.3775486290133586,0.8388107353087899,42.66999999999999,12.829999999999991,7.3499999999999925,16.110000000000007,3,3,1,0,64.0,0.0012,Gujarati
LBIWBxQ5H1s__000090000_001020000,indicconformer__sortformer+rule,True,1.0,1.0,0.0,0.0,1.0,961.9499999999989,961.9499999999989,0.0,0.0,4,0,0,-4,930.0,0.0724,Malayalam
LK23jX9tgZM__000059000_000221000,indicconformer__sortformer+rule,False,0.545611976984526,0.23847829730182704,0.04737165521479229,0.2597620244679068,0.5256221497300971,179.00999999999996,42.69000000000005,8.479999999999965,46.499999999999986,3,4,0,1,162.0,0.1712,Gujarati
LctYmmr9-Vg__000000000_000061000,indicconformer__sortformer+rule,False,0.218599791013584,0.08087774294670833,0.08819226750261228,0.04952978056426341,0.2375186966289457,47.85000000000001,3.8699999999999943,4.219999999999998,2.3700000000000045,2,2,1,0,61.0,0.0,Devanagari (hi/mr)
LqQHdo7t5Ps__000198000_000498000,indicconformer__sortformer+rule,False,0.3282362156455402,0.03354561863569783,0.023601130674658372,0.271089466335184,0.5620383088031083,293.63000000000005,9.849999999999955,6.929999999999939,79.6000000000001,3,2,0,-1,300.0,0.0019,Devanagari (hi/mr)
Md3p6RTanBg__000315000_000426000,indicconformer__sortformer+rule,False,0.0438085143967501,0.016516516516516654,0.01457339692633839,0.012718600953895053,0.041024100120838396,113.21999999999998,1.8700000000000152,1.6500000000000323,1.4399999999999977,3,3,1,0,111.0,0.0528,Bengali
MmtWBUK2DKE__000000000_000310000,indicconformer__sortformer+rule,False,0.5461751753384437,0.04641983363236002,0.020877507747512437,0.4788778339585712,0.7832713861795331,306.54999999999995,14.229999999999961,6.399999999999936,146.79999999999998,5,2,0,-3,310.0,0.0432,Devanagari (hi/mr)
NLgHpYyf5bY__000313000_000383000,indicconformer__sortformer+rule,False,0.16214254608796608,0.03861228044708938,0.03149949194367828,0.09203077369719842,0.2934064466040468,68.89,2.6599999999999873,2.169999999999997,6.339999999999999,2,2,1,0,70.0,0.0097,Devanagari (hi/mr)
NuhdqCEuIBo__000197000_000540000,indicconformer__sortformer+rule,False,0.25590229901229694,0.06978641978782614,0.05343726257140487,0.1326786166530659,0.4780065371959048,355.3699999999996,24.79999999999975,18.990000000000126,47.14999999999998,3,4,0,1,343.0,0.0562,Punjabi
O4_aeGFzZ8A__000000000_000335000,indicconformer__sortformer+rule,False,0.5357753130145709,0.08804796967719854,0.010159381116599812,0.4375679622207726,0.6422737095210508,321.86999999999995,28.33999999999989,3.269999999999981,140.84000000000006,8,4,0,-4,335.0,0.0004,Kannada
OXUt5KnlUMo__000091000_000181000,indicconformer__sortformer+rule,False,0.2919995368762302,0.12701169387518815,0.042028482111844366,0.12295936088919768,0.3744591641018778,86.36999999999999,10.969999999999999,3.6299999999999972,10.620000000000003,2,2,1,0,90.0,0.0,Odia
OxYCBQKZ3iY__000000000_001822000,indicconformer__sortformer+rule,True,1.0,1.0,0.0,0.0,1.0,1706.2699999999975,1706.2699999999975,0.0,0.0,7,0,0,-7,1822.0,0.0659,Punjabi
PCUA2q2C-2A__000045000_000107000,indicconformer__sortformer+rule,False,0.02866084664799866,0.0136715532861144,0.014989293361884261,0.0,0.04515465706958702,60.71000000000001,0.8300000000000054,0.9099999999999936,0.0,3,3,1,0,62.0,0.0063,Devanagari (hi/mr)
PEDfT9-Yf2o__000000000_000469000,indicconformer__sortformer+rule,False,0.3601838052657725,0.030625931445603535,0.007973174366616983,0.32158469945355195,0.5152427371298302,402.6,12.329999999999984,3.2099999999999973,129.47000000000003,3,2,0,-1,469.0,0.011,Bengali
PQB3-4sZUeY__000000000_001132000,indicconformer__sortformer+rule,True,1.0,1.0,0.0,0.0,1.0,1129.8399999999963,1129.8399999999963,0.0,0.0,4,0,0,-4,1132.0,0.1069,Telugu
PRAzUz0GANs__000223000_000283000,indicconformer__sortformer+rule,False,0.3512996332323393,0.08627013235528634,0.10030298198054524,0.16472651889650772,0.41400821718327435,62.71000000000001,5.410000000000007,6.289999999999993,10.33,2,3,0,1,60.0,0.0822,Kannada
PSIzXy5-y2E__000002000_000918000,indicconformer__sortformer+rule,True,1.0,1.0,0.0,0.0,1.0,889.7999999999994,889.7999999999994,0.0,0.0,3,0,0,-3,916.0,0.0434,Devanagari (hi/mr)
PVDfS7lcJHY__000000000_000360000,indicconformer__sortformer+rule,False,0.5242998673843505,0.09639337441818092,0.039576670047065284,0.38832982291910434,0.7158348836373106,384.5699999999996,37.0699999999998,15.21999999999988,149.3399999999998,6,4,0,-2,360.0,0.1127,Kannada
Pjre5dpnKGA__000000000_000330000,indicconformer__sortformer+rule,False,0.34387940536836825,0.07745702624601503,0.0631572675544437,0.2032651115679095,0.5508163231048042,335.6699999999997,25.999999999999837,21.2000000000001,68.23000000000012,4,3,0,-1,330.0,0.0933,Kannada
QhpjuNTZoA8__000000000_000586000,indicconformer__sortformer+rule,False,0.46808615022322514,0.06340250862646951,0.011365680550786086,0.39331796104596956,0.629540029256462,611.4899999999996,38.76999999999981,6.950000000000179,240.50999999999974,3,3,1,0,586.0,0.0512,Kannada
QuA_B6IZ6Ls__000061000_001863000,indicconformer__sortformer+rule,True,1.0,1.0,0.0,0.0,1.0,2703.9699999999975,2703.9699999999975,0.0,0.0,4,0,0,-4,1802.0,0.3694,Devanagari (hi/mr)
RL2fhIEEbZg__000000000_000065000,indicconformer__sortformer+rule,False,0.11623644417290348,0.014204979379868638,0.07667634030853818,0.025355124484496665,0.399203847795397,65.47,0.9299999999999997,5.019999999999994,1.6599999999999966,3,2,0,-1,65.0,0.0563,Telugu
RL2fhIEEbZg__000066000_001034000,indicconformer__sortformer+rule,True,1.0,1.0,0.0,0.0,1.0,1012.9500000000005,1012.9500000000005,0.0,0.0,3,0,0,-3,968.0,0.0719,Telugu
RWTmftezCwI__000000000_000060000,indicconformer__sortformer+rule,False,0.0937284631288766,0.022226050999310746,0.03652653342522399,0.03497587870434186,0.10948928380283308,58.03999999999999,1.2899999999999956,2.12,2.030000000000001,2,2,1,0,60.0,0.0244,Malayalam
RZUZyvRzi80__000000000_000336000,indicconformer__sortformer+rule,False,0.31513409961685784,0.1404029168211589,0.007013966135211876,0.16771721666048708,0.37586565338708655,323.63999999999993,45.439999999999856,2.269999999999971,54.28000000000003,4,3,0,-1,336.0,0.0001,Punjabi
SZ7ay4OjfAE__000000000_000897000,indicconformer__sortformer+rule,True,1.0,1.0,0.0,0.0,1.0,1011.579999999999,1011.579999999999,0.0,0.0,5,0,0,-5,897.0,0.1794,Telugu
T3I2T-cfhG4__000160000_000210000,indicconformer__sortformer+rule,False,0.10964445390674894,0.027464338939748856,0.06450926123057253,0.017670853736427544,0.12761006639981531,46.970000000000006,1.290000000000004,3.0299999999999923,0.8300000000000018,2,2,1,0,50.0,0.0,Devanagari (hi/mr)
TU3M6wSQV_g__000099000_000171000,indicconformer__sortformer+rule,False,0.17344064386317873,0.048692152917504915,0.02830315224681402,0.09644533869885978,0.34758424104461894,74.54999999999997,3.62999999999999,2.1099999999999843,7.189999999999994,2,2,1,0,72.0,0.0451,Telugu
Tlha36rSd5o__000240000_000374000,indicconformer__sortformer+rule,False,0.16782601743023895,0.08531222515391372,0.06644279203645957,0.016071000239865657,0.15806509376144576,125.07000000000002,10.669999999999991,8.31,2.009999999999998,2,2,1,0,134.0,0.0,Tamil
TrPnW5kLAyQ__000093000_000513000,indicconformer__sortformer+rule,False,0.26156146263588703,0.16506601120036532,0.035729670830905245,0.06076578060461647,0.33260443575069165,394.62999999999965,65.14000000000011,14.100000000000126,23.979999999999777,4,4,1,0,420.0,0.0501,Devanagari (hi/mr)
U_EHjxThUgc__000181000_000289000,indicconformer__sortformer+rule,False,0.14405345211581339,0.053986636971047074,0.04953229398663707,0.040534521158129215,0.1662264866323994,112.25,6.060000000000034,5.560000000000011,4.550000000000004,3,3,1,0,108.0,0.0529,Bengali
VHlIFsHPWbk__000023000_000470000,indicconformer__sortformer+rule,False,0.12520611435447193,0.037902758589955336,0.016466865724853792,0.0708364900396628,0.18819759562429234,448.78,17.010000000000154,7.389999999999885,31.78999999999987,4,4,1,0,447.0,0.0269,Odia
VKY0uuZ6Om8__000575000_000935000,indicconformer__sortformer+rule,False,0.38367074421155495,0.1639602260533652,0.08474616686935155,0.13496435128883824,0.45069220218385003,419.3699999999995,68.75999999999968,35.539999999999914,56.60000000000002,3,3,1,0,360.0,0.1718,Devanagari (hi/mr)
VY_4x1scS-Y__000013000_000121000,indicconformer__sortformer+rule,False,0.4824410941590681,0.08702717342240666,0.022208179109867172,0.37320574162679426,0.6333727764710607,110.76999999999992,9.63999999999998,2.459999999999985,41.339999999999975,4,3,0,-1,108.0,0.0427,Tamil
0AEEA8NyVwY__000011000_000609000,indicconformer_free__pyannote31,False,0.1527135767458344,0.12048741580999647,0.02776497695852502,0.004461183977312925,0.14916359226285478,564.2,67.97900000000001,15.664999999999818,2.5169999999999524,3,3,1,0,598.0,0.0047,Devanagari (hi/mr)
0SoItGfM_sY__000007000_000088000,indicconformer_free__pyannote31,False,0.41777078265846274,0.1510087280011445,0.11538131349263098,0.15138074116468728,0.5895362765933241,69.89000000000001,10.553999999999991,8.06399999999998,10.579999999999997,5,5,1,0,81.0,0.0,Kannada
0VEwL9XZ0LY__000261000_000557000,indicconformer_free__pyannote31,False,0.2058445373794632,0.10442055784052842,0.05890851277088469,0.04251546676805009,0.21599255474700157,289.32999999999987,30.212000000000074,17.04400000000006,12.300999999999927,2,2,1,0,296.0,0.0355,Devanagari (hi/mr)
0esIFSOAcFs__000000000_000913000,indicconformer_free__pyannote31,False,0.07035588495861961,0.04683225653103944,0.0050444045895544475,0.018479223838025735,0.08579437087656672,925.5799999999991,43.34699999999944,4.6689999999998015,17.103999999999843,3,3,1,0,913.0,0.0232,Gujarati
0p6cktLGIfY__000012000_000930000,indicconformer_free__pyannote31,False,0.40893299651148685,0.16119932635630918,0.13643810898592518,0.11129556116925252,0.5493237286066226,831.2999999999986,134.0049999999996,113.42099999999941,92.51999999999946,6,5,0,-1,918.0,0.0329,Gujarati
13VBh0Z6QmE__000000000_000904000,indicconformer_free__pyannote31,False,0.17400910853586954,0.044551787888352845,0.01192677097894158,0.11753054966857514,0.2698293595712766,887.0799999999984,39.52099999999997,10.579999999999478,104.25899999999945,4,5,0,1,904.0,0.029,Tamil
1LFl5JEipII__000000000_000597000,indicconformer_free__pyannote31,False,0.33299871560873473,0.06440546204285845,0.05126580139255141,0.2173274521733249,0.4684079748057825,591.7199999999982,38.110000000000085,30.335000000000427,128.5969999999994,5,5,1,0,597.0,0.1006,Bengali
2HGP34TNvjg__000084000_000194000,indicconformer_free__pyannote31,False,0.307128848793881,0.12907432829966653,0.07095508923318297,0.10709943126103154,0.36099978683513734,101.98,13.162999999999993,7.236,10.921999999999997,2,2,1,0,110.0,0.0128,Odia
2LN6vb7EBn0__000098000_000394000,indicconformer_free__pyannote31,False,0.33495311465123534,0.09925750339875165,0.08480147802140345,0.1508941332310802,0.4059576122368618,286.86999999999983,28.473999999999872,24.32699999999999,43.28699999999995,3,3,1,0,296.0,0.0238,Tamil
2T4pjueLrsk__000677000_001290000,indicconformer_free__pyannote31,False,0.4467661233950176,0.19884662080129464,0.10980280342886584,0.13811669916485708,0.6065889235407239,543.6199999999991,108.09699999999961,59.690999999999946,75.08299999999949,4,3,0,-1,613.0,0.0342,Gujarati
2gGHQgj9yno__000000000_000099000,indicconformer_free__pyannote31,False,0.37291189335555086,0.1412934805248906,0.09632368256613207,0.13529473026452818,0.6409552242730552,96.02000000000001,13.566999999999997,9.249000000000002,12.990999999999996,4,2,0,-2,99.0,0.0798,Gujarati
2iMXYxBTwbM__000339000_000401000,indicconformer_free__pyannote31,False,0.8046043417366944,0.26570378151260493,0.25535714285714267,0.2835434173669468,0.7961962936085708,57.12,15.176999999999992,14.585999999999988,16.196,3,2,0,-1,62.0,0.1275,Devanagari (hi/mr)
37dND_0r6S8__000060000_000222000,indicconformer_free__pyannote31,False,0.5773624029859584,0.10704425617631344,0.09601279696664478,0.3743053498430003,0.6624582870869263,168.78999999999996,18.06799999999994,16.205999999999968,63.179,2,2,1,0,162.0,0.0896,Tamil
4Qg2jWP6_T0__000136000_000202000,indicconformer_free__pyannote31,False,0.758090637874698,0.20579627788038043,0.1525074584458019,0.39978690154851565,0.769045627763874,70.38999999999999,14.485999999999976,10.734999999999994,28.141000000000012,3,4,0,1,66.0,0.2093,Punjabi
6-726qTlYeg__000102000_000162000,indicconformer_free__pyannote31,False,0.504982053122757,0.1163675520459441,0.1380330222541282,0.2505814788226847,0.529669245701828,69.64999999999998,8.105000000000004,9.614000000000026,17.452999999999985,2,2,1,0,60.0,0.161,Malayalam
6ZeRgvDHwcI__000006000_000100000,indicconformer_free__pyannote31,False,0.7015007898894149,0.3941232227488148,0.1467456556082146,0.16063191153238557,0.6658219001681438,63.29999999999999,24.947999999999972,9.288999999999982,10.168000000000005,2,2,1,0,94.0,0.0125,Gujarati
6f6TLzlP8Wk__000082000_000144000,indicconformer_free__pyannote31,False,0.5692817116658179,0.11725250466972338,0.15316692137884202,0.2988622856172525,0.5868871866499179,58.890000000000015,6.905000000000012,9.020000000000008,17.6,2,2,1,0,62.0,0.051,Punjabi
7L4gi7Ncc0s__000090000_000148000,indicconformer_free__pyannote31,False,0.15863121968744393,0.06225974492545366,0.04167415124842824,0.054697323513562025,0.2362327089747383,55.67,3.466000000000005,2.3200000000000003,3.044999999999998,2,2,1,0,58.0,0.0,Malayalam
7WhVNRHbjIY__000091000_001089000,indicconformer_free__pyannote31,False,0.11114098808042687,0.025145483003571965,0.028033069791708495,0.057962435285146406,0.15227336953055987,996.6799999999996,25.062000000000097,27.940000000000012,57.7699999999997,5,5,1,0,998.0,0.0133,Tamil
7YfsQPYY-W0__000351000_000411000,indicconformer_free__pyannote31,False,0.5862879377431905,0.14908949416342412,0.11064591439688723,0.32655252918287925,0.6283611456292059,64.24999999999999,9.578999999999997,7.109000000000003,20.980999999999987,2,2,1,0,60.0,0.1219,Odia
7c9ePKgqams__000299000_000869000,indicconformer_free__pyannote31,False,0.33612195474589734,0.06504012144870919,0.03499421672811374,0.23608761656907445,0.6049491839273804,553.32,35.98799999999977,19.362999999999897,130.6320000000003,4,3,0,-1,570.0,0.0055,Telugu
7k-xDqNjESc__000073000_000981000,indicconformer_free__pyannote31,False,0.34982453013068354,0.1309996769126219,0.059905970431935095,0.1589188827861265,0.6693708329190541,897.5899999999988,117.58400000000015,53.77100000000055,142.6439999999991,4,2,0,-2,908.0,0.0421,Malayalam
83gP2vLH7UY__000255000_002005000,indicconformer_free__pyannote31,False,0.3222301602059074,0.13334572963662417,0.0950034742271071,0.09388095634217616,0.3151070389475764,2043.61999999999,272.5079999999965,194.15099999999964,191.8569999999971,5,5,1,0,1750.0,0.2022,Devanagari (hi/mr)
86mMTUeDiR8__000181000_001079000,indicconformer_free__pyannote31,False,0.5499556581425012,0.1848205065905373,0.13728482050659083,0.22785033104537317,0.6542249952419288,823.1499999999991,152.13500000000062,113.00600000000011,187.5549999999987,5,4,0,-1,898.0,0.0517,Bengali
87Zbup3ohcw__000106000_000445000,indicconformer_free__pyannote31,False,0.2214961736685923,0.11496486022177085,0.05557394971107267,0.050957363735748794,0.3486454810305022,320.15000000000003,36.80599999999994,17.791999999999916,16.31399999999998,4,5,0,1,339.0,0.0152,Tamil
8Ve4SWhlrrA__000000000_000070000,indicconformer_free__pyannote31,False,0.08069268139789999,0.048080238207177516,0.0004074596458235634,0.03220498354489892,0.5392110676653947,63.809999999999995,3.067999999999997,0.026000000000001577,2.0549999999999997,2,1,0,-1,70.0,0.0,Odia
8mvORuRHw2U__000000000_001197000,indicconformer_free__pyannote31,False,0.16359503847082546,0.08624279750198328,0.0367551668219292,0.040597074146912986,0.18236332106159728,1159.3199999999972,99.98299999999902,42.61099999999885,47.064999999999046,4,4,1,0,1197.0,0.0417,Gujarati
8o7jKmq6HsM__000030000_001770000,indicconformer_free__pyannote31,False,0.1549002410511185,0.06544198363568335,0.06240055226735195,0.027057705148083196,0.14528080112616873,1767.2599999999961,115.65299999999749,110.27800000000016,47.818000000001405,6,6,1,0,1740.0,0.0471,Devanagari (hi/mr)
8pkp-lpMJP0__000326000_000926000,indicconformer_free__pyannote31,False,0.40522053756030285,0.14315414656558756,0.04822105444521041,0.2138453365495049,0.6793070707886527,696.4799999999989,99.70400000000026,33.58500000000009,148.93899999999894,8,6,0,-2,600.0,0.2032,Telugu
8r2Nltl0W4o__000259000_000320000,indicconformer_free__pyannote31,False,0.18062818615359327,0.06163459957243883,0.033481335306693,0.08551225127446144,0.5748319396622398,60.81,3.7480000000000055,2.0360000000000014,5.2,2,1,0,-1,61.0,0.0227,Punjabi
90uAd6xpTPo__000016000_000408000,indicconformer_free__pyannote31,False,0.0791655274238526,0.025471646524853675,0.03593809810247662,0.01775578279652231,0.082533189443343,365.74000000000007,9.315999999999985,13.143999999999801,6.494000000000071,4,4,1,0,392.0,0.0067,Devanagari (hi/mr)
9Aw8kg8w5Xo__000000000_000083000,indicconformer_free__pyannote31,False,0.15475085490962384,0.0459208597948216,0.020139228138739453,0.08869076697606279,0.5963952655601885,81.88000000000001,3.7599999999999927,1.6489999999999867,7.262000000000022,4,2,0,-2,83.0,0.0216,Telugu
9_GMxc_JjyI__000236000_000368000,indicconformer_free__pyannote31,False,0.2324598969296651,0.08468461929302455,0.07696886114538691,0.07080641649125362,0.5558389005535407,137.77,11.666999999999993,10.603999999999955,9.755000000000011,2,2,1,0,132.0,0.0602,Kannada
ARCKJrGkITw__000014000_000496000,indicconformer_free__pyannote31,False,0.35675312882466764,0.09678431837024762,0.0564550515219709,0.20351375893244908,0.42236094957003,506.5799999999995,49.02899999999999,28.59899999999999,103.09599999999995,3,3,1,0,482.0,0.0844,Telugu
ARZl7LT0UC0__000073000_000130000,indicconformer_free__pyannote31,False,0.28484947111472764,0.10112286411716832,0.048510984540276796,0.1352156224572825,0.4480915095852178,61.44999999999996,6.21399999999999,2.981000000000007,8.309000000000005,3,3,1,0,57.0,0.0905,Telugu
A_dohDOK6Ic__000000000_000600000,indicconformer_free__pyannote31,False,0.06995261319221081,0.05463837293763641,0.00473522188786283,0.010579018366711566,0.0760044274111391,578.22,31.593000000000128,2.7380000000000457,6.116999999999962,3,3,1,0,600.0,0.0048,Devanagari (hi/mr)
B2ScTgeIIck__000117000_000180000,indicconformer_free__pyannote31,False,0.3272290603422395,0.15214650255178624,0.06781747223056152,0.10726508555989174,0.34808946215925857,66.61999999999999,10.135999999999997,4.518000000000008,7.145999999999987,2,2,1,0,63.0,0.0879,Odia
BGAAfht5dYw__000000000_000612000,indicconformer_free__pyannote31,False,0.22737319854999727,0.08860628923403299,0.020070142347704975,0.11869676696825933,0.311171886939284,678.6199999999985,60.12999999999934,13.61999999999952,80.54999999999997,4,5,0,1,612.0,0.135,Gujarati
BYLcUGNB_zM__000020000_001387000,indicconformer_free__pyannote31,False,0.11436813124901438,0.038736187378400185,0.022010802202507816,0.05362114166810638,0.14791246233533695,1331.2099999999994,51.56600000000009,29.301000000000414,71.38099999999986,4,4,1,0,1367.0,0.0054,Kannada
Bngfppo1QtA__000028000_000927000,indicconformer_free__pyannote31,False,0.5058302671333258,0.15425329304894958,0.1270244398576076,0.22455253422676857,0.5280489175106088,1002.8699999999984,154.69599999999983,127.38899999999875,225.19699999999904,5,6,0,1,899.0,0.1261,Telugu
CO_8ppdzq9U__000000000_000695000,indicconformer_free__pyannote31,False,0.13990097188582612,0.07583008860410302,0.008218107122052861,0.055852776159670235,0.1798000514351083,652.3399999999989,49.46700000000048,5.3609999999999545,36.43499999999922,4,4,1,0,695.0,0.0186,Tamil
Cku_X_SL7qU__000060000_000660000,indicconformer_free__pyannote31,False,0.6676605088740707,0.22678337597453593,0.3203227301114044,0.12055440278813036,0.5641462646700094,496.3899999999996,112.5729999999998,159.00499999999988,59.84199999999998,3,3,1,0,600.0,0.1022,Gujarati
DPmew0didIM__000191000_000512000,indicconformer_free__pyannote31,False,0.3696601347213708,0.14288426209430416,0.08935088793631277,0.1374249846907539,0.5458277175604819,326.5999999999998,46.66599999999971,29.181999999999732,44.883000000000195,5,4,0,-1,321.0,0.062,Telugu
EmsKkNN2Me4__000035000_000095000,indicconformer_free__pyannote31,False,0.5227295203560239,0.09182462502060337,0.11457062798747294,0.3163342673479476,0.5864487574545663,60.67,5.571000000000007,6.950999999999984,19.191999999999982,2,2,1,0,60.0,0.0471,Malayalam
ExGJodnzocM__000212000_000527000,indicconformer_free__pyannote31,False,0.34957380860131726,0.08785031641482634,0.03299108872529991,0.2287324034611911,0.45671661430855787,309.72000000000014,27.209000000000024,10.217999999999893,70.84300000000013,4,4,1,0,315.0,0.0133,Devanagari (hi/mr)
F2uXav-wriA__000000000_000907000,indicconformer_free__pyannote31,False,0.15075138557252168,0.056414160222568475,0.009142588008499796,0.08519463734145341,0.2114963326368543,912.9799999999992,51.50500000000052,8.347000000000136,77.78100000000006,4,4,1,0,907.0,0.0336,Devanagari (hi/mr)
FDMf9ApmoNU__000016000_000686000,indicconformer_free__pyannote31,False,0.3661026634075096,0.18083076727722885,0.11141233611631353,0.0738595600139672,0.39019778015088535,630.0199999999985,113.92699999999945,70.19199999999968,46.5329999999995,4,4,1,0,670.0,0.0882,Bengali
G6qzg93FxwE__000021000_000116000,indicconformer_free__pyannote31,False,0.06784908094163172,0.04353434376007735,0.02069224981188864,0.0036224873696657353,0.07913717308237296,93.02999999999999,4.049999999999995,1.9249999999999998,0.3370000000000033,2,2,1,0,95.0,0.0061,Gujarati
GEc_sS2KWo8__000096000_000290000,indicconformer_free__pyannote31,False,0.3462389233126788,0.1964754480644945,0.08323672463188764,0.06652675061629672,0.6500962092280307,150.08999999999997,29.488999999999972,12.493000000000013,9.984999999999973,4,2,0,-2,194.0,0.0378,Gujarati
GfFLEIAAumk__000090000_000163000,indicconformer_free__pyannote31,False,0.14496534855279236,0.052561489332789764,0.026892240793586097,0.0655116184264165,0.19288726891557062,73.59,3.867999999999999,1.979000000000001,4.820999999999991,2,2,1,0,73.0,0.0285,Bengali
Gq45evw6ytY__000597000_001464000,indicconformer_free__pyannote31,False,0.3605714027904667,0.12948036860330078,0.08064719881794219,0.1504438353692237,0.3823879523803481,886.5899999999993,114.79600000000036,71.50099999999931,133.38199999999995,3,3,1,0,867.0,0.0869,Odia
HZv_WvIr6lE__000021000_000105000,indicconformer_free__pyannote31,False,0.28930313211227876,0.07457461796900398,0.10640511542213038,0.10832339872114441,0.29373694942331313,92.27,6.880999999999998,9.81799999999997,9.994999999999994,3,3,1,0,84.0,0.1276,Tamil
HpYG46tGyYs__000103000_000998000,indicconformer_free__pyannote31,False,0.08944997271344572,0.0347410099508849,0.041034334614446846,0.013674628148113975,0.10435880724043585,861.23,29.920000000000602,35.34000000000006,11.7770000000002,4,4,1,0,895.0,0.0022,Devanagari (hi/mr)
IAm1rt-MYcA__000004000_000558000,indicconformer_free__pyannote31,False,0.3261857725753743,0.12901611801414217,0.09942026844894078,0.09774938611229134,0.37925556933580457,541.6299999999998,69.87899999999979,53.84899999999977,52.94400000000034,4,4,1,0,554.0,0.0445,Bengali
Iare1Emeueg__000016000_000069000,indicconformer_free__pyannote31,False,0.5428571428571431,0.3624133148404995,0.15314378178455876,0.027300046232084887,0.4899150558492289,43.25999999999999,15.678000000000004,6.625000000000011,1.180999999999992,2,2,1,0,53.0,0.0,Devanagari (hi/mr)
IfTL8SSN270__000062000_000671000,indicconformer_free__pyannote31,False,0.29934474136112954,0.12547976983098855,0.08255204410568463,0.0913129274244564,0.31097495179259593,663.8599999999988,83.3009999999999,54.8029999999997,60.61899999999952,4,4,1,0,609.0,0.1121,Devanagari (hi/mr)
Ig6szCD8m20__000046000_000106000,indicconformer_free__pyannote31,False,0.2316717019133938,0.03185632762672039,0.05006713662302806,0.14974823766364537,0.3140986639188309,59.57999999999999,1.8980000000000006,2.983000000000011,8.92199999999999,2,2,1,0,60.0,0.0204,Devanagari (hi/mr)
Iqhnt8ENm3U__000027000_000088000,indicconformer_free__pyannote31,False,0.7374549278846155,0.23969350961538463,0.07258112980769257,0.4251802884615384,0.793884810380212,66.55999999999997,15.953999999999995,4.8310000000000155,28.299999999999983,3,3,1,0,61.0,0.1772,Devanagari (hi/mr)
J4-VpEkBzWw__000000000_000600000,indicconformer_free__pyannote31,False,0.09157510884770785,0.04259128275255034,0.017187721035507503,0.031796105059650005,0.10361874057531074,636.2099999999999,27.09700000000005,10.935000000000226,20.228999999999928,7,7,1,0,600.0,0.0685,Kannada
JBYGLQJwFDc__000103000_000407000,indicconformer_free__pyannote31,False,0.47770786171968,0.18551586540306253,0.12577600429728023,0.16641599201933727,0.6691658722368881,260.62999999999994,48.35100000000018,32.781000000000134,43.37299999999986,3,2,0,-1,304.0,0.012,Tamil
JSB1CeS4pP8__000000000_000632000,indicconformer_free__pyannote31,False,0.15523646060011578,0.07958745824010749,0.02706500750911794,0.04858399485089035,0.17327294017008021,652.5399999999992,51.93399999999967,17.6609999999998,31.70299999999995,4,4,1,0,632.0,0.088,Punjabi
Jc5AVwg2cZM__000153000_000214000,indicconformer_free__pyannote31,False,0.8985803158398473,0.27490827883235,0.2819269420960285,0.34174509491146887,0.7471832524378511,62.689999999999976,17.234000000000012,17.674000000000017,21.423999999999975,3,3,1,0,61.0,0.2816,Devanagari (hi/mr)
KAtdcDieQMw__000057000_000599000,indicconformer_free__pyannote31,False,0.21716362761441518,0.1155807998350142,0.02572739615378034,0.07585543162562065,0.25827832853739197,581.8699999999981,67.25299999999949,14.970000000000116,44.13799999999974,3,3,1,0,542.0,0.1073,Odia
KPkRi3GM7fs__000047000_000642000,indicconformer_free__pyannote31,False,0.12640669392280576,0.0732450973598509,0.026070611877208924,0.02709098468574596,0.14866967506847004,577.2399999999999,42.28000000000032,15.049000000000076,15.637999999999995,3,3,1,0,595.0,0.0031,Odia
Kdi-ECuOaKg__000002000_000078000,indicconformer_free__pyannote31,False,0.9594732804909231,0.3747634875990797,0.4228074661211966,0.16190232677064673,0.7900420539363772,39.11,14.657000000000005,16.535999999999998,6.331999999999994,6,5,0,-1,76.0,0.0,Malayalam
L7xRazDdtgw__000019000_000083000,indicconformer_free__pyannote31,False,0.842020154675416,0.3108975861260836,0.1742676353409893,0.35685493320834316,0.7867567843777888,42.669999999999995,13.265999999999986,7.436000000000012,15.227,3,5,0,2,64.0,0.0012,Gujarati
LBIWBxQ5H1s__000090000_001020000,indicconformer_free__pyannote31,False,0.38337127709340385,0.12708456780498,0.08982795363584437,0.16645875565257948,0.42361371338270126,961.9499999999974,122.2490000000002,86.41000000000025,160.1249999999984,4,4,1,0,930.0,0.0724,Malayalam
LK23jX9tgZM__000059000_000221000,indicconformer_free__pyannote31,False,0.31664711468633105,0.19671526730350317,0.053706496843751964,0.06622535053907595,0.5447718307194623,179.00999999999985,35.21400000000007,9.614000000000031,11.854999999999976,3,2,0,-1,162.0,0.1712,Gujarati
LctYmmr9-Vg__000000000_000061000,indicconformer_free__pyannote31,False,0.15715778474399159,0.15400208986415878,0.0031556948798328066,0.0,0.15657494662777072,47.85,7.368999999999998,0.1509999999999998,0.0,2,2,1,0,61.0,0.0,Devanagari (hi/mr)
LqQHdo7t5Ps__000198000_000498000,indicconformer_free__pyannote31,False,0.15776317133807852,0.03036133910022805,0.02414262847801638,0.1032592037598341,0.24406194680629267,293.63000000000005,8.914999999999964,7.088999999999951,30.320000000000093,3,3,1,0,300.0,0.0019,Devanagari (hi/mr)
Md3p6RTanBg__000315000_000426000,indicconformer_free__pyannote31,False,0.0895513160219039,0.041485603250308915,0.009998233527645124,0.03806747924394986,0.08420143329349451,113.21999999999997,4.696999999999974,1.1319999999999806,4.310000000000002,3,3,1,0,111.0,0.0528,Bengali
MmtWBUK2DKE__000000000_000310000,indicconformer_free__pyannote31,False,0.10935899526993921,0.044110259337791675,0.021497308758766733,0.04375142717338081,0.30911578623840996,306.54999999999995,13.522000000000036,6.589999999999941,13.411999999999885,5,4,0,-1,310.0,0.0432,Devanagari (hi/mr)
NLgHpYyf5bY__000313000_000383000,indicconformer_free__pyannote31,False,0.21193206561184477,0.07414719117433584,0.03215270721439962,0.10563216722310932,0.3624646534868918,68.89,5.107999999999996,2.2149999999999896,7.277000000000001,2,2,1,0,70.0,0.0097,Devanagari (hi/mr)
NuhdqCEuIBo__000197000_000540000,indicconformer_free__pyannote31,False,0.22127923009820658,0.07621915186988167,0.053192447308438556,0.09186763091988633,0.32137073317466935,355.36999999999955,27.085999999999814,18.902999999999786,32.64699999999996,3,3,1,0,343.0,0.0562,Punjabi
O4_aeGFzZ8A__000000000_000335000,indicconformer_free__pyannote31,False,0.15900208158573303,0.08336595519930437,0.0649827570137005,0.010653369372728172,0.13492654169666513,321.86999999999995,26.833000000000094,20.915999999999777,3.4290000000000163,8,8,1,0,335.0,0.0004,Kannada
OXUt5KnlUMo__000091000_000181000,indicconformer_free__pyannote31,False,0.2932615491490098,0.0742040060206091,0.04191270116938749,0.17714484195901323,0.4285620029215861,86.37,6.409000000000009,3.6199999999999974,15.299999999999972,2,2,1,0,90.0,0.0,Odia
OxYCBQKZ3iY__000000000_001822000,indicconformer_free__pyannote31,False,0.35720606937940724,0.08377044664677909,0.04762317804333584,0.22581244468929235,0.435832674103199,1706.2699999999916,142.93499999999904,81.25800000000224,385.29699999999696,7,6,0,-1,1822.0,0.0659,Punjabi
PCUA2q2C-2A__000045000_000107000,indicconformer_free__pyannote31,False,0.04567616537637936,0.019123702849612935,0.026190084005929638,0.0003623785208367981,0.06188969085372095,60.71000000000001,1.1610000000000014,1.5899999999999885,0.022000000000002018,3,3,1,0,62.0,0.0063,Devanagari (hi/mr)
PEDfT9-Yf2o__000000000_000469000,indicconformer_free__pyannote31,False,0.06339542970690414,0.03390710382513606,0.006458022851465272,0.023030303030302804,0.08177864748194126,402.5999999999999,13.650999999999772,2.599999999999918,9.271999999999906,3,3,1,0,469.0,0.011,Bengali
PQB3-4sZUeY__000000000_001132000,indicconformer_free__pyannote31,False,0.38634585428024976,0.08058928697868645,0.04830683990653568,0.25744972739502764,0.5040932113141692,1129.8399999999915,91.0529999999984,54.57899999999986,290.87699999999586,4,4,1,0,1132.0,0.1069,Telugu
PRAzUz0GANs__000223000_000283000,indicconformer_free__pyannote31,False,0.3669271248604691,0.10033487482060295,0.08145431350661778,0.18513793653324834,0.43079638222292926,62.710000000000015,6.292000000000012,5.108000000000002,11.610000000000007,2,2,1,0,60.0,0.0822,Kannada
PSIzXy5-y2E__000002000_000918000,indicconformer_free__pyannote31,False,0.32486963362553406,0.17151944257136417,0.08672173522139845,0.06662845583277142,0.29409070476600846,889.7999999999993,152.6179999999997,77.16500000000028,59.285999999999966,3,4,0,1,916.0,0.0434,Devanagari (hi/mr)
PVDfS7lcJHY__000000000_000360000,indicconformer_free__pyannote31,False,0.2724549496840636,0.090202043841174,0.03438905790883363,0.14786384793405596,0.34673291479761786,384.56999999999925,34.68900000000022,13.225000000000122,56.86399999999979,6,6,1,0,360.0,0.1127,Kannada
Pjre5dpnKGA__000000000_000330000,indicconformer_free__pyannote31,False,0.2381207733786151,0.07294068579259333,0.04158548574492765,0.1235946018410941,0.45930661022697067,335.6699999999996,24.483999999999774,13.958999999999849,41.48700000000001,4,3,0,-1,330.0,0.0933,Kannada
QhpjuNTZoA8__000000000_000586000,indicconformer_free__pyannote31,False,0.3326350390030906,0.06502477554825041,0.016561186609756456,0.2510490768450837,0.5080962554162559,611.4899999999991,39.76199999999959,10.12699999999996,153.514,3,3,1,0,586.0,0.0512,Kannada
QuA_B6IZ6Ls__000061000_001863000,indicconformer_free__pyannote31,False,0.48316290491388436,0.35483455807571834,0.04041612887716897,0.08791221796099702,0.39642406244760175,2703.9699999999975,959.4619999999992,109.28399999999849,237.7119999999969,4,5,0,1,1802.0,0.3694,Devanagari (hi/mr)
RL2fhIEEbZg__000000000_000065000,indicconformer_free__pyannote31,False,0.14281350236749663,0.05113792576752719,0.013624560867573198,0.07805101573239624,0.44311995781193797,65.47,3.3480000000000047,0.8920000000000172,5.109999999999982,3,3,1,0,65.0,0.0563,Telugu
RL2fhIEEbZg__000066000_001034000,indicconformer_free__pyannote31,False,0.2942316994915841,0.11377264425687382,0.0798963423663552,0.10056271286835514,0.3096323581925138,1012.9499999999994,115.24600000000027,80.93099999999946,101.86500000000026,3,3,1,0,968.0,0.0719,Telugu
RWTmftezCwI__000000000_000060000,indicconformer_free__pyannote31,False,0.17176085458304585,0.09908683666436914,0.03905926946933141,0.033614748449345276,0.21734833834877945,58.03999999999999,5.750999999999984,2.2669999999999946,1.9509999999999996,2,2,1,0,60.0,0.0244,Malayalam
RZUZyvRzi80__000000000_000336000,indicconformer_free__pyannote31,False,0.022160425163762248,0.011002966258805834,0.00888332715362772,0.002274131751328694,0.02423862544765461,323.63999999999993,3.560999999999919,2.8750000000000746,0.7360000000000184,4,4,1,0,336.0,0.0001,Punjabi
SZ7ay4OjfAE__000000000_000897000,indicconformer_free__pyannote31,False,0.4060103995729439,0.13119674173075707,0.03375116154925935,0.24106249629292748,0.5514188143096973,1011.5799999999954,132.71599999999864,34.14199999999961,243.85399999999845,5,5,1,0,897.0,0.1794,Telugu
T3I2T-cfhG4__000160000_000210000,indicconformer_free__pyannote31,False,0.12554822226953347,0.042154566744730525,0.06429635937832642,0.019097296146476515,0.14215711463142147,46.970000000000006,1.9799999999999929,3.0199999999999925,0.897000000000002,2,2,1,0,50.0,0.0,Devanagari (hi/mr)
TU3M6wSQV_g__000099000_000171000,indicconformer_free__pyannote31,False,0.19660630449362865,0.04963112005365528,0.05624413145539913,0.09073105298457425,0.3793770207234655,74.54999999999998,3.7000000000000006,4.193000000000004,6.764000000000008,2,2,1,0,72.0,0.0451,Telugu
Tlha36rSd5o__000240000_000374000,indicconformer_free__pyannote31,False,0.16940913088670312,0.09901655073159024,0.06278883825057946,0.007603741904533437,0.13923338034151186,125.07000000000001,12.383999999999991,7.852999999999974,0.950999999999997,2,2,1,0,134.0,0.0,Tamil
TrPnW5kLAyQ__000093000_000513000,indicconformer_free__pyannote31,False,0.2522007956820286,0.15497301269543495,0.05480576742771627,0.042422015558877355,0.28069927387940713,394.62999999999937,61.15699999999939,21.627999999999638,16.740999999999744,4,4,1,0,420.0,0.0501,Devanagari (hi/mr)
U_EHjxThUgc__000181000_000289000,indicconformer_free__pyannote31,False,0.1513229398663701,0.06615590200445465,0.04181737193763935,0.0433496659242761,0.18421291509271376,112.25,7.426000000000035,4.694000000000017,4.8659999999999926,3,3,1,0,108.0,0.0529,Bengali
VHlIFsHPWbk__000023000_000470000,indicconformer_free__pyannote31,False,0.09701635545255974,0.03292259013325015,0.026409376531930696,0.037684388787378884,0.1291282372332451,448.7800000000001,14.775000000000004,11.85199999999986,16.9119999999999,4,4,1,0,447.0,0.0269,Odia
VKY0uuZ6Om8__000575000_000935000,indicconformer_free__pyannote31,False,0.4461644848224716,0.17939051434294292,0.09309678803920124,0.1736771824403274,0.5360067020599117,419.36999999999955,75.2309999999999,39.04199999999978,72.83500000000002,3,3,1,0,360.0,0.1718,Devanagari (hi/mr)
VY_4x1scS-Y__000013000_000121000,indicconformer_free__pyannote31,False,0.38305497878486955,0.07551683668863407,0.04198790286178566,0.2655502392344498,0.4902632920788095,110.76999999999998,8.364999999999995,4.650999999999996,29.415,4,4,1,0,108.0,0.0427,Tamil
0AEEA8NyVwY__000011000_000609000,indicconformer_free__pyannote31+rule,False,0.15557780928748632,0.12048741580999647,0.02776497695852502,0.007325416518964833,0.15509658982143665,564.2,67.97900000000001,15.664999999999818,4.132999999999959,3,3,1,0,598.0,0.0047,Devanagari (hi/mr)
0SoItGfM_sY__000007000_000088000,indicconformer_free__pyannote31+rule,False,0.41777078265846274,0.1510087280011445,0.11538131349263098,0.15138074116468728,0.5895362765933241,69.89000000000001,10.553999999999991,8.06399999999998,10.579999999999997,5,5,1,0,81.0,0.0,Kannada
0VEwL9XZ0LY__000261000_000557000,indicconformer_free__pyannote31+rule,False,0.20310372239311544,0.10442055784052842,0.05890851277088469,0.03977465178170235,0.21099209523786866,289.32999999999987,30.212000000000074,17.04400000000006,11.507999999999935,2,2,1,0,296.0,0.0355,Devanagari (hi/mr)
0esIFSOAcFs__000000000_000913000,indicconformer_free__pyannote31+rule,False,0.08621080835800153,0.04683225653103944,0.0050444045895544475,0.034334147237407645,0.11379666293153397,925.5799999999991,43.34699999999944,4.6689999999998015,31.77899999999974,3,3,1,0,913.0,0.0232,Gujarati
0p6cktLGIfY__000012000_000930000,indicconformer_free__pyannote31+rule,False,0.4114242752315639,0.16119932635630918,0.13643810898592518,0.1137868398893295,0.5518546283102258,831.2999999999986,134.0049999999996,113.42099999999941,94.59099999999945,6,5,0,-1,918.0,0.0329,Gujarati
13VBh0Z6QmE__000000000_000904000,indicconformer_free__pyannote31+rule,False,0.22226631194480687,0.044551787888352845,0.01192677097894158,0.16578775307751245,0.3261378274097834,887.0799999999984,39.52099999999997,10.579999999999478,147.0669999999995,4,5,0,1,904.0,0.029,Tamil
1LFl5JEipII__000000000_000597000,indicconformer_free__pyannote31+rule,False,0.3938805516122495,0.06440546204285845,0.05126580139255141,0.27820928817683965,0.5312935308660753,591.7199999999982,38.110000000000085,30.335000000000427,164.62199999999905,5,5,1,0,597.0,0.1006,Bengali
2HGP34TNvjg__000084000_000194000,indicconformer_free__pyannote31+rule,False,0.307128848793881,0.12907432829966653,0.07095508923318297,0.10709943126103154,0.36099978683513734,101.98,13.162999999999993,7.236,10.921999999999997,2,2,1,0,110.0,0.0128,Odia
2LN6vb7EBn0__000098000_000394000,indicconformer_free__pyannote31+rule,False,0.34624742914909146,0.09925750339875165,0.08480147802140345,0.16218844772893634,0.4177954748226049,286.86999999999983,28.473999999999872,24.32699999999999,46.526999999999944,3,3,1,0,296.0,0.0238,Tamil
2T4pjueLrsk__000677000_001290000,indicconformer_free__pyannote31+rule,False,0.4598156800706366,0.19884662080129464,0.10980280342886584,0.15116625584047616,0.6294728158656597,543.6199999999991,108.09699999999961,59.690999999999946,82.17699999999951,4,3,0,-1,613.0,0.0342,Gujarati
2gGHQgj9yno__000000000_000099000,indicconformer_free__pyannote31+rule,False,0.37291189335555086,0.1412934805248906,0.09632368256613207,0.13529473026452818,0.6409552242730552,96.02000000000001,13.566999999999997,9.249000000000002,12.990999999999996,4,2,0,-2,99.0,0.0798,Gujarati
2iMXYxBTwbM__000339000_000401000,indicconformer_free__pyannote31+rule,False,0.785486694677871,0.26570378151260493,0.25535714285714267,0.2644257703081234,0.7813601379521531,57.12,15.176999999999992,14.585999999999988,15.104000000000008,3,2,0,-1,62.0,0.1275,Devanagari (hi/mr)
37dND_0r6S8__000060000_000222000,indicconformer_free__pyannote31+rule,False,0.5773624029859584,0.10704425617631344,0.09601279696664478,0.3743053498430003,0.6624582870869263,168.78999999999996,18.06799999999994,16.205999999999968,63.179,2,2,1,0,162.0,0.0896,Tamil
4Qg2jWP6_T0__000136000_000202000,indicconformer_free__pyannote31+rule,False,0.7662452052848414,0.20579627788038043,0.1525074584458019,0.4079414689586591,0.77488025745371,70.38999999999999,14.485999999999976,10.734999999999994,28.71500000000001,3,4,0,1,66.0,0.2093,Punjabi
6-726qTlYeg__000102000_000162000,indicconformer_free__pyannote31+rule,False,0.504982053122757,0.1163675520459441,0.1380330222541282,0.2505814788226847,0.5256240325958813,69.64999999999998,8.105000000000004,9.614000000000026,17.452999999999985,2,2,1,0,60.0,0.161,Malayalam
6ZeRgvDHwcI__000006000_000100000,indicconformer_free__pyannote31+rule,False,0.6780410742496045,0.3941232227488148,0.1467456556082146,0.13717219589257515,0.6378665229493907,63.29999999999999,24.947999999999972,9.288999999999982,8.683000000000005,2,2,1,0,94.0,0.0125,Gujarati
6f6TLzlP8Wk__000082000_000144000,indicconformer_free__pyannote31+rule,False,0.6101205637629481,0.11725250466972338,0.15316692137884202,0.3397011377143827,0.6242444774280784,58.890000000000015,6.905000000000012,9.020000000000008,20.005000000000003,2,2,1,0,62.0,0.051,Punjabi
7L4gi7Ncc0s__000090000_000148000,indicconformer_free__pyannote31+rule,False,0.15863121968744393,0.06225974492545366,0.04167415124842824,0.054697323513562025,0.2362327089747383,55.67,3.466000000000005,2.3200000000000003,3.044999999999998,2,2,1,0,58.0,0.0,Malayalam
7WhVNRHbjIY__000091000_001089000,indicconformer_free__pyannote31+rule,False,0.11178612995143866,0.025145483003571965,0.028033069791708495,0.05860757715615819,0.1538905654042131,996.6799999999996,25.062000000000097,27.940000000000012,58.41299999999973,5,5,1,0,998.0,0.0133,Tamil
7YfsQPYY-W0__000351000_000411000,indicconformer_free__pyannote31+rule,False,0.5862879377431905,0.14908949416342412,0.11064591439688723,0.32655252918287925,0.6283611456292059,64.24999999999999,9.578999999999997,7.109000000000003,20.980999999999987,2,2,1,0,60.0,0.1219,Odia
7c9ePKgqams__000299000_000869000,indicconformer_free__pyannote31+rule,False,0.333642376924745,0.06504012144870919,0.03499421672811374,0.2336080387479221,0.6043077908012668,553.32,35.98799999999977,19.362999999999897,129.26000000000028,4,3,0,-1,570.0,0.0055,Telugu
7k-xDqNjESc__000073000_000981000,indicconformer_free__pyannote31+rule,False,0.35082610100379935,0.1309996769126219,0.059905970431935095,0.15992045365924235,0.670482429953129,897.5899999999988,117.58400000000015,53.77100000000055,143.54299999999915,4,2,0,-2,908.0,0.0421,Malayalam
83gP2vLH7UY__000255000_002005000,indicconformer_free__pyannote31+rule,False,0.3176035662207243,0.13334572963662417,0.0950034742271071,0.089254362356993,0.30741242386936024,2043.61999999999,272.5079999999965,194.15099999999964,182.40199999999712,5,5,1,0,1750.0,0.2022,Devanagari (hi/mr)
86mMTUeDiR8__000181000_001079000,indicconformer_free__pyannote31+rule,False,0.5738662455202574,0.1848205065905373,0.13728482050659083,0.2517609184231293,0.6798815557669008,823.1499999999991,152.13500000000062,113.00600000000011,207.23699999999866,5,4,0,-1,898.0,0.0517,Bengali
87Zbup3ohcw__000106000_000445000,indicconformer_free__pyannote31+rule,False,0.2214961736685923,0.11496486022177085,0.05557394971107267,0.050957363735748794,0.3486454810305022,320.15000000000003,36.80599999999994,17.791999999999916,16.31399999999998,4,5,0,1,339.0,0.0152,Tamil
8Ve4SWhlrrA__000000000_000070000,indicconformer_free__pyannote31+rule,False,0.08069268139789999,0.048080238207177516,0.0004074596458235634,0.03220498354489892,0.5392110676653947,63.809999999999995,3.067999999999997,0.026000000000001577,2.0549999999999997,2,1,0,-1,70.0,0.0,Odia
8mvORuRHw2U__000000000_001197000,indicconformer_free__pyannote31+rule,False,0.19748041955628962,0.08624279750198328,0.0367551668219292,0.07448245523237715,0.2388656577489549,1159.3199999999972,99.98299999999902,42.61099999999885,86.34899999999926,4,4,1,0,1197.0,0.0417,Gujarati
8o7jKmq6HsM__000030000_001770000,indicconformer_free__pyannote31+rule,False,0.18199585799486206,0.06544198363568335,0.06240055226735195,0.05415332209182675,0.1986986592794587,1767.2599999999961,115.65299999999749,110.27800000000016,95.70300000000154,6,6,1,0,1740.0,0.0471,Devanagari (hi/mr)
8pkp-lpMJP0__000326000_000926000,indicconformer_free__pyannote31+rule,False,0.4162244429129332,0.14315414656558756,0.04822105444521041,0.2248492419021352,0.6822606895918119,696.4799999999989,99.70400000000026,33.58500000000009,156.60299999999887,8,6,0,-2,600.0,0.2032,Telugu
8r2Nltl0W4o__000259000_000320000,indicconformer_free__pyannote31+rule,False,0.18062818615359327,0.06163459957243883,0.033481335306693,0.08551225127446144,0.5748319396622398,60.81,3.7480000000000055,2.0360000000000014,5.2,2,1,0,-1,61.0,0.0227,Punjabi
90uAd6xpTPo__000016000_000408000,indicconformer_free__pyannote31+rule,False,0.0791655274238526,0.025471646524853675,0.03593809810247662,0.01775578279652231,0.082533189443343,365.74000000000007,9.315999999999985,13.143999999999801,6.494000000000071,4,4,1,0,392.0,0.0067,Devanagari (hi/mr)
9Aw8kg8w5Xo__000000000_000083000,indicconformer_free__pyannote31+rule,False,0.15475085490962384,0.0459208597948216,0.020139228138739453,0.08869076697606279,0.5963952655601885,81.88000000000001,3.7599999999999927,1.6489999999999867,7.262000000000022,4,2,0,-2,83.0,0.0216,Telugu
9_GMxc_JjyI__000236000_000368000,indicconformer_free__pyannote31+rule,False,0.2324598969296651,0.08468461929302455,0.07696886114538691,0.07080641649125362,0.5558389005535407,137.77,11.666999999999993,10.603999999999955,9.755000000000011,2,2,1,0,132.0,0.0602,Kannada
ARCKJrGkITw__000014000_000496000,indicconformer_free__pyannote31+rule,False,0.34810099095898,0.09678431837024762,0.0564550515219709,0.19486162106676144,0.41252437582235824,506.5799999999995,49.02899999999999,28.59899999999999,98.71299999999991,3,3,1,0,482.0,0.0844,Telugu
ARZl7LT0UC0__000073000_000130000,indicconformer_free__pyannote31+rule,False,0.3071440195280718,0.10112286411716832,0.048510984540276796,0.15751017087062666,0.49900103540115914,61.44999999999996,6.21399999999999,2.981000000000007,9.679000000000002,3,3,1,0,57.0,0.0905,Telugu
A_dohDOK6Ic__000000000_000600000,indicconformer_free__pyannote31+rule,False,0.07178063712773716,0.05463837293763641,0.00473522188786283,0.012407042302237914,0.08069509302331403,578.22,31.593000000000128,2.7380000000000457,7.174000000000007,3,3,1,0,600.0,0.0048,Devanagari (hi/mr)
B2ScTgeIIck__000117000_000180000,indicconformer_free__pyannote31+rule,False,0.36256379465625915,0.15214650255178624,0.06781747223056152,0.14259981987391143,0.39730593216220367,66.61999999999999,10.135999999999997,4.518000000000008,9.499999999999979,2,2,1,0,63.0,0.0879,Odia
BGAAfht5dYw__000000000_000612000,indicconformer_free__pyannote31+rule,False,0.2544605228257329,0.08860628923403299,0.020070142347704975,0.1457840912439949,0.35787159176243394,678.6199999999985,60.12999999999934,13.61999999999952,98.93199999999962,4,5,0,1,612.0,0.135,Gujarati
BYLcUGNB_zM__000020000_001387000,indicconformer_free__pyannote31+rule,False,0.11343063829147947,0.038736187378400185,0.022010802202507816,0.05268364871057147,0.14586694718001295,1331.2099999999994,51.56600000000009,29.301000000000414,70.13299999999981,4,4,1,0,1367.0,0.0054,Kannada
Bngfppo1QtA__000028000_000927000,indicconformer_free__pyannote31+rule,False,0.517760028717579,0.15425329304894958,0.1270244398576076,0.2364822958110218,0.5412422165689382,1002.8699999999984,154.69599999999983,127.38899999999875,237.16099999999904,5,6,0,1,899.0,0.1261,Telugu
CO_8ppdzq9U__000000000_000695000,indicconformer_free__pyannote31+rule,False,0.15911487874421276,0.07583008860410302,0.008218107122052861,0.07506668301805688,0.21317199272468645,652.3399999999989,49.46700000000048,5.3609999999999545,48.96899999999914,4,4,1,0,695.0,0.0186,Tamil
Cku_X_SL7qU__000060000_000660000,indicconformer_free__pyannote31+rule,False,0.7062410604564962,0.22678337597453593,0.3203227301114044,0.15913495437055586,0.6119223360549567,496.3899999999996,112.5729999999998,159.00499999999988,78.99300000000015,3,3,1,0,600.0,0.1022,Gujarati
DPmew0didIM__000191000_000512000,indicconformer_free__pyannote31+rule,False,0.36293631353337313,0.14288426209430416,0.08935088793631277,0.13070116350275618,0.5371981658891897,326.5999999999998,46.66599999999971,29.181999999999732,42.68700000000014,5,4,0,-1,321.0,0.062,Telugu
EmsKkNN2Me4__000035000_000095000,indicconformer_free__pyannote31+rule,False,0.4757705620570295,0.09182462502060337,0.11457062798747294,0.26937530904895324,0.5371221367836305,60.67,5.571000000000007,6.950999999999984,16.342999999999993,2,2,1,0,60.0,0.0471,Malayalam
ExGJodnzocM__000212000_000527000,indicconformer_free__pyannote31+rule,False,0.35734857290455896,0.08785031641482634,0.03299108872529991,0.2365071677644327,0.46727789509133705,309.72000000000014,27.209000000000024,10.217999999999893,73.25100000000013,4,4,1,0,315.0,0.0133,Devanagari (hi/mr)
F2uXav-wriA__000000000_000907000,indicconformer_free__pyannote31+rule,False,0.16155885123442015,0.056414160222568475,0.009142588008499796,0.0960021030033519,0.2267578320231943,912.9799999999992,51.50500000000052,8.347000000000136,87.64800000000014,4,4,1,0,907.0,0.0336,Devanagari (hi/mr)
FDMf9ApmoNU__000016000_000686000,indicconformer_free__pyannote31+rule,False,0.3820069204152235,0.18083076727722885,0.11141233611631353,0.0897638170216811,0.40532417552114564,630.0199999999985,113.92699999999945,70.19199999999968,56.55299999999939,4,4,1,0,670.0,0.0882,Bengali
G6qzg93FxwE__000021000_000116000,indicconformer_free__pyannote31+rule,False,0.06784908094163172,0.04353434376007735,0.02069224981188864,0.0036224873696657353,0.07913717308237296,93.02999999999999,4.049999999999995,1.9249999999999998,0.3370000000000033,2,2,1,0,95.0,0.0061,Gujarati
GEc_sS2KWo8__000096000_000290000,indicconformer_free__pyannote31+rule,False,0.35264841095342775,0.1964754480644945,0.08323672463188764,0.07293623825704562,0.655307059444506,150.08999999999997,29.488999999999972,12.493000000000013,10.946999999999976,4,2,0,-2,194.0,0.0378,Gujarati
GfFLEIAAumk__000090000_000163000,indicconformer_free__pyannote31+rule,False,0.14496534855279236,0.052561489332789764,0.026892240793586097,0.0655116184264165,0.19288726891557062,73.59,3.867999999999999,1.979000000000001,4.820999999999991,2,2,1,0,73.0,0.0285,Bengali
Gq45evw6ytY__000597000_001464000,indicconformer_free__pyannote31+rule,False,0.38881895803020533,0.12948036860330078,0.08064719881794219,0.17869139060896236,0.420588050247285,886.5899999999993,114.79600000000036,71.50099999999931,158.42599999999982,3,3,1,0,867.0,0.0869,Odia
HZv_WvIr6lE__000021000_000105000,indicconformer_free__pyannote31+rule,False,0.32014739351901983,0.07457461796900398,0.10640511542213038,0.1391676601278855,0.33337519367003404,92.27,6.880999999999998,9.81799999999997,12.840999999999994,3,3,1,0,84.0,0.1276,Tamil
HpYG46tGyYs__000103000_000998000,indicconformer_free__pyannote31+rule,False,0.08944997271344572,0.0347410099508849,0.041034334614446846,0.013674628148113975,0.10435880724043585,861.23,29.920000000000602,35.34000000000006,11.7770000000002,4,4,1,0,895.0,0.0022,Devanagari (hi/mr)
IAm1rt-MYcA__000004000_000558000,indicconformer_free__pyannote31+rule,False,0.3268965899230098,0.12901611801414217,0.09942026844894078,0.09846020345992686,0.3815494417856523,541.6299999999998,69.87899999999979,53.84899999999977,53.32900000000016,4,4,1,0,554.0,0.0445,Bengali
Iare1Emeueg__000016000_000069000,indicconformer_free__pyannote31+rule,False,0.5639158576051784,0.3624133148404995,0.15314378178455876,0.04835876098012006,0.5159081565579403,43.25999999999999,15.678000000000004,6.625000000000011,2.0919999999999934,2,2,1,0,53.0,0.0,Devanagari (hi/mr)
IfTL8SSN270__000062000_000671000,indicconformer_free__pyannote31+rule,False,0.2980748953092513,0.12547976983098855,0.08255204410568463,0.09004308137257815,0.3099175853643288,663.8599999999988,83.3009999999999,54.8029999999997,59.77599999999961,4,4,1,0,609.0,0.1121,Devanagari (hi/mr)
Ig6szCD8m20__000046000_000106000,indicconformer_free__pyannote31+rule,False,0.2316717019133938,0.03185632762672039,0.05006713662302806,0.14974823766364537,0.3140986639188309,59.57999999999999,1.8980000000000006,2.983000000000011,8.92199999999999,2,2,1,0,60.0,0.0204,Devanagari (hi/mr)
Iqhnt8ENm3U__000027000_000088000,indicconformer_free__pyannote31+rule,False,0.7374549278846155,0.23969350961538463,0.07258112980769257,0.4251802884615384,0.793884810380212,66.55999999999997,15.953999999999995,4.8310000000000155,28.299999999999983,3,3,1,0,61.0,0.1772,Devanagari (hi/mr)
J4-VpEkBzWw__000000000_000600000,indicconformer_free__pyannote31+rule,False,0.10044796529447855,0.04259128275255034,0.017187721035507503,0.0406689615064207,0.11589970946991193,636.2099999999999,27.09700000000005,10.935000000000226,25.87399999999991,7,7,1,0,600.0,0.0685,Kannada
JBYGLQJwFDc__000103000_000407000,indicconformer_free__pyannote31+rule,False,0.49834247784215263,0.18551586540306253,0.12577600429728023,0.1870506081418099,0.6827256488991452,260.62999999999994,48.35100000000018,32.781000000000134,48.750999999999905,3,2,0,-1,304.0,0.012,Tamil
JSB1CeS4pP8__000000000_000632000,indicconformer_free__pyannote31+rule,False,0.18975235234621568,0.07958745824010749,0.02706500750911794,0.08309988659699026,0.22155996621608554,652.5399999999992,51.93399999999967,17.6609999999998,54.22599999999996,4,4,1,0,632.0,0.088,Punjabi
Jc5AVwg2cZM__000153000_000214000,indicconformer_free__pyannote31+rule,False,0.8736800127612063,0.27490827883235,0.2819269420960285,0.31684479183282793,0.7267264216185069,62.689999999999976,17.234000000000012,17.674000000000017,19.862999999999975,3,3,1,0,61.0,0.2816,Devanagari (hi/mr)
KAtdcDieQMw__000057000_000599000,indicconformer_free__pyannote31+rule,False,0.22379225600219932,0.1155807998350142,0.02572739615378034,0.08248406001340476,0.2695267657832367,581.8699999999981,67.25299999999949,14.970000000000116,47.99499999999967,3,3,1,0,542.0,0.1073,Odia
KPkRi3GM7fs__000047000_000642000,indicconformer_free__pyannote31+rule,False,0.12681553599889203,0.0732450973598509,0.026070611877208924,0.027499826761832245,0.1492072421968376,577.2399999999999,42.28000000000032,15.049000000000076,15.874000000000041,3,3,1,0,595.0,0.0031,Odia
Kdi-ECuOaKg__000002000_000078000,indicconformer_free__pyannote31+rule,False,0.9594732804909231,0.3747634875990797,0.4228074661211966,0.16190232677064673,0.7913740990435864,39.11,14.657000000000005,16.535999999999998,6.331999999999994,6,5,0,-1,76.0,0.0,Malayalam
L7xRazDdtgw__000019000_000083000,indicconformer_free__pyannote31+rule,False,0.825404265291774,0.3108975861260836,0.1742676353409893,0.34023904382470116,0.7733345230784012,42.669999999999995,13.265999999999986,7.436000000000012,14.517999999999997,3,5,0,2,64.0,0.0012,Gujarati
LBIWBxQ5H1s__000090000_001020000,indicconformer_free__pyannote31+rule,False,0.3958760850356047,0.12708456780498,0.08982795363584437,0.1789635635947803,0.43734641240738137,961.9499999999974,122.2490000000002,86.41000000000025,172.15399999999846,4,4,1,0,930.0,0.0724,Malayalam
LK23jX9tgZM__000059000_000221000,indicconformer_free__pyannote31+rule,False,0.41510530137981205,0.19671526730350317,0.053706496843751964,0.1646835372325569,0.6577704879474756,179.00999999999985,35.21400000000007,9.614000000000031,29.47999999999999,3,2,0,-1,162.0,0.1712,Gujarati
LctYmmr9-Vg__000000000_000061000,indicconformer_free__pyannote31+rule,False,0.1737304075235109,0.15400208986415878,0.0031556948798328066,0.016572622779519316,0.18669866925014433,47.85,7.368999999999998,0.1509999999999998,0.7929999999999993,2,2,1,0,61.0,0.0,Devanagari (hi/mr)
LqQHdo7t5Ps__000198000_000498000,indicconformer_free__pyannote31+rule,False,0.15776317133807852,0.03036133910022805,0.02414262847801638,0.1032592037598341,0.24406194680629267,293.63000000000005,8.914999999999964,7.088999999999951,30.320000000000093,3,3,1,0,300.0,0.0019,Devanagari (hi/mr)
Md3p6RTanBg__000315000_000426000,indicconformer_free__pyannote31+rule,False,0.0895513160219039,0.041485603250308915,0.009998233527645124,0.03806747924394986,0.08420143329349451,113.21999999999997,4.696999999999974,1.1319999999999806,4.310000000000002,3,3,1,0,111.0,0.0528,Bengali
MmtWBUK2DKE__000000000_000310000,indicconformer_free__pyannote31+rule,False,0.1204338607078775,0.044110259337791675,0.021497308758766733,0.0548262926113191,0.32420640596996664,306.54999999999995,13.522000000000036,6.589999999999941,16.806999999999867,5,4,0,-1,310.0,0.0432,Devanagari (hi/mr)
NLgHpYyf5bY__000313000_000383000,indicconformer_free__pyannote31+rule,False,0.21193206561184477,0.07414719117433584,0.03215270721439962,0.10563216722310932,0.3624646534868918,68.89,5.107999999999996,2.2149999999999896,7.277000000000001,2,2,1,0,70.0,0.0097,Devanagari (hi/mr)
NuhdqCEuIBo__000197000_000540000,indicconformer_free__pyannote31+rule,False,0.2183780285336402,0.07621915186988167,0.053192447308438556,0.08896642935531995,0.3122770634546644,355.36999999999955,27.085999999999814,18.902999999999786,31.616000000000014,3,3,1,0,343.0,0.0562,Punjabi
O4_aeGFzZ8A__000000000_000335000,indicconformer_free__pyannote31+rule,False,0.16020753720446101,0.08336595519930437,0.0649827570137005,0.011858824991456159,0.1373450004173326,321.86999999999995,26.833000000000094,20.915999999999777,3.816999999999993,8,8,1,0,335.0,0.0004,Kannada
OXUt5KnlUMo__000091000_000181000,indicconformer_free__pyannote31+rule,False,0.2932615491490098,0.0742040060206091,0.04191270116938749,0.17714484195901323,0.4285620029215861,86.37,6.409000000000009,3.6199999999999974,15.299999999999972,2,2,1,0,90.0,0.0,Odia
OxYCBQKZ3iY__000000000_001822000,indicconformer_free__pyannote31+rule,False,0.39082149952821166,0.08377044664677909,0.04762317804333584,0.25942787483809676,0.4818798868305638,1706.2699999999916,142.93499999999904,81.25800000000224,442.65399999999715,7,6,0,-1,1822.0,0.0659,Punjabi
PCUA2q2C-2A__000045000_000107000,indicconformer_free__pyannote31+rule,False,0.04567616537637936,0.019123702849612935,0.026190084005929638,0.0003623785208367981,0.06188969085372095,60.71000000000001,1.1610000000000014,1.5899999999999885,0.022000000000002018,3,3,1,0,62.0,0.0063,Devanagari (hi/mr)
PEDfT9-Yf2o__000000000_000469000,indicconformer_free__pyannote31+rule,False,0.06339542970690414,0.03390710382513606,0.006458022851465272,0.023030303030302804,0.08177864748194126,402.5999999999999,13.650999999999772,2.599999999999918,9.271999999999906,3,3,1,0,469.0,0.011,Bengali
PQB3-4sZUeY__000000000_001132000,indicconformer_free__pyannote31+rule,False,0.41840614600297227,0.08058928697868645,0.04830683990653568,0.28951001911775015,0.536492716485178,1129.8399999999915,91.0529999999984,54.57899999999986,327.0999999999964,4,4,1,0,1132.0,0.1069,Telugu
PRAzUz0GANs__000223000_000283000,indicconformer_free__pyannote31+rule,False,0.3669271248604691,0.10033487482060295,0.08145431350661778,0.18513793653324834,0.43079638222292926,62.710000000000015,6.292000000000012,5.108000000000002,11.610000000000007,2,2,1,0,60.0,0.0822,Kannada
PSIzXy5-y2E__000002000_000918000,indicconformer_free__pyannote31+rule,False,0.32817374690941803,0.17151944257136417,0.08672173522139845,0.06993256911665538,0.2993417531650498,889.7999999999993,152.6179999999997,77.16500000000028,62.22599999999991,3,4,0,1,916.0,0.0434,Devanagari (hi/mr)
PVDfS7lcJHY__000000000_000360000,indicconformer_free__pyannote31+rule,False,0.33640169540005815,0.090202043841174,0.03438905790883363,0.21181059365005056,0.42662534673529046,384.56999999999925,34.68900000000022,13.225000000000122,81.45599999999979,6,6,1,0,360.0,0.1127,Kannada
Pjre5dpnKGA__000000000_000330000,indicconformer_free__pyannote31+rule,False,0.2502398188697226,0.07294068579259333,0.04158548574492765,0.13571364733220162,0.4727024877985449,335.6699999999996,24.483999999999774,13.958999999999849,45.555000000000064,4,3,0,-1,330.0,0.0933,Kannada
QhpjuNTZoA8__000000000_000586000,indicconformer_free__pyannote31+rule,False,0.3306219234983399,0.06502477554825041,0.016561186609756456,0.249035961340333,0.5121842163987044,611.4899999999991,39.76199999999959,10.12699999999996,152.28300000000002,3,3,1,0,586.0,0.0512,Kannada
QuA_B6IZ6Ls__000061000_001863000,indicconformer_free__pyannote31+rule,False,0.48903390200334945,0.35483455807571834,0.04041612887716897,0.09378321505046214,0.4056087548744303,2703.9699999999975,959.4619999999992,109.28399999999849,253.58699999999786,4,5,0,1,1802.0,0.3694,Devanagari (hi/mr)
RL2fhIEEbZg__000000000_000065000,indicconformer_free__pyannote31+rule,False,0.14281350236749663,0.05113792576752719,0.013624560867573198,0.07805101573239624,0.44311995781193797,65.47,3.3480000000000047,0.8920000000000172,5.109999999999982,3,3,1,0,65.0,0.0563,Telugu
RL2fhIEEbZg__000066000_001034000,indicconformer_free__pyannote31+rule,False,0.31521003011007465,0.11377264425687382,0.0798963423663552,0.1215410434868456,0.34029598469127026,1012.9499999999994,115.24600000000027,80.93099999999946,123.11500000000018,3,3,1,0,968.0,0.0719,Telugu
RWTmftezCwI__000000000_000060000,indicconformer_free__pyannote31+rule,False,0.17176085458304585,0.09908683666436914,0.03905926946933141,0.033614748449345276,0.21734833834877945,58.03999999999999,5.750999999999984,2.2669999999999946,1.9509999999999996,2,2,1,0,60.0,0.0244,Malayalam
RZUZyvRzi80__000000000_000336000,indicconformer_free__pyannote31+rule,False,0.022160425163762248,0.011002966258805834,0.00888332715362772,0.002274131751328694,0.02423862544765461,323.63999999999993,3.560999999999919,2.8750000000000746,0.7360000000000184,4,4,1,0,336.0,0.0001,Punjabi
SZ7ay4OjfAE__000000000_000897000,indicconformer_free__pyannote31+rule,False,0.42496490638407114,0.13119674173075707,0.03375116154925935,0.26001700310405473,0.5845519660207193,1011.5799999999954,132.71599999999864,34.14199999999961,263.0279999999985,5,5,1,0,897.0,0.1794,Telugu
T3I2T-cfhG4__000160000_000210000,indicconformer_free__pyannote31+rule,False,0.12554822226953347,0.042154566744730525,0.06429635937832642,0.019097296146476515,0.14215711463142147,46.970000000000006,1.9799999999999929,3.0199999999999925,0.897000000000002,2,2,1,0,50.0,0.0,Devanagari (hi/mr)
TU3M6wSQV_g__000099000_000171000,indicconformer_free__pyannote31+rule,False,0.20194500335345428,0.04963112005365528,0.05624413145539913,0.09606975184439986,0.4138060759922469,74.54999999999998,3.7000000000000006,4.193000000000004,7.162000000000008,2,2,1,0,72.0,0.0451,Telugu
Tlha36rSd5o__000240000_000374000,indicconformer_free__pyannote31+rule,False,0.16940913088670312,0.09901655073159024,0.06278883825057946,0.007603741904533437,0.13923338034151186,125.07000000000001,12.383999999999991,7.852999999999974,0.950999999999997,2,2,1,0,134.0,0.0,Tamil
TrPnW5kLAyQ__000093000_000513000,indicconformer_free__pyannote31+rule,False,0.26155639459746854,0.15497301269543495,0.05480576742771627,0.051777614474317314,0.3045291792124567,394.62999999999937,61.15699999999939,21.627999999999638,20.432999999999808,4,4,1,0,420.0,0.0501,Devanagari (hi/mr)
U_EHjxThUgc__000181000_000289000,indicconformer_free__pyannote31+rule,False,0.1513229398663701,0.06615590200445465,0.04181737193763935,0.0433496659242761,0.18421291509271376,112.25,7.426000000000035,4.694000000000017,4.8659999999999926,3,3,1,0,108.0,0.0529,Bengali
VHlIFsHPWbk__000023000_000470000,indicconformer_free__pyannote31+rule,False,0.09701635545255974,0.03292259013325015,0.026409376531930696,0.037684388787378884,0.1291282372332451,448.7800000000001,14.775000000000004,11.85199999999986,16.9119999999999,4,4,1,0,447.0,0.0269,Odia
VKY0uuZ6Om8__000575000_000935000,indicconformer_free__pyannote31+rule,False,0.4594677730882036,0.17939051434294292,0.09309678803920124,0.18698047070605947,0.5489086061092355,419.36999999999955,75.2309999999999,39.04199999999978,78.41400000000007,3,3,1,0,360.0,0.1718,Devanagari (hi/mr)
VY_4x1scS-Y__000013000_000121000,indicconformer_free__pyannote31+rule,False,0.37421684571634917,0.07551683668863407,0.04198790286178566,0.25671210616592943,0.48408262397144425,110.76999999999998,8.364999999999995,4.650999999999996,28.436,4,4,1,0,108.0,0.0427,Tamil
0AEEA8NyVwY__000011000_000609000,indicconformer_free__sortformer,False,0.07082594824530272,0.04369018078695484,0.025753278979085265,0.0013824884792626242,0.0838035436815225,564.2,24.64999999999992,14.529999999999907,0.7799999999999727,3,3,1,0,598.0,0.0047,Devanagari (hi/mr)
0SoItGfM_sY__000007000_000088000,indicconformer_free__sortformer,False,0.38746601802833003,0.06710545142366586,0.12419516382887372,0.19616540277579045,0.7072970200148887,69.89000000000001,4.690000000000008,8.679999999999986,13.709999999999997,5,3,0,-2,81.0,0.0,Kannada
0VEwL9XZ0LY__000261000_000557000,indicconformer_free__sortformer,False,0.2484360418898834,0.14184495213078485,0.060622818235233064,0.04596827152386552,0.2590455157897543,289.32999999999987,41.039999999999964,17.539999999999974,13.300000000000004,2,2,1,0,296.0,0.0355,Devanagari (hi/mr)
0esIFSOAcFs__000000000_000913000,indicconformer_free__sortformer,True,1.0,1.0,0.0,0.0,1.0,925.5799999999994,925.5799999999994,0.0,0.0,3,0,0,-3,913.0,0.0232,Gujarati
0p6cktLGIfY__000012000_000930000,indicconformer_free__sortformer,True,1.0,1.0,0.0,0.0,1.0,831.3,831.3,0.0,0.0,6,0,0,-6,918.0,0.0329,Gujarati
13VBh0Z6QmE__000000000_000904000,indicconformer_free__sortformer,True,1.0,1.0,0.0,0.0,1.0,887.0799999999995,887.0799999999995,0.0,0.0,4,0,0,-4,904.0,0.029,Tamil
1LFl5JEipII__000000000_000597000,indicconformer_free__sortformer,False,0.4737713783546267,0.18177516392888432,0.013114310822686888,0.2788819036030554,0.5803226384006646,591.7199999999984,107.55999999999915,7.7600000000002645,165.01999999999953,5,4,0,-1,597.0,0.1006,Bengali
2HGP34TNvjg__000084000_000194000,indicconformer_free__sortformer,False,0.31457148460482415,0.12953520298097648,0.06373798784075299,0.12129829378309473,0.3493976597877109,101.98,13.209999999999983,6.49999999999999,12.370000000000001,2,3,0,1,110.0,0.0128,Odia
2LN6vb7EBn0__000098000_000394000,indicconformer_free__sortformer,False,0.37156203158224954,0.1371352877610072,0.11789312232021451,0.11653362150102789,0.4067827969571817,286.8699999999999,39.34000000000012,33.81999999999992,33.42999999999986,3,3,1,0,296.0,0.0238,Tamil
2T4pjueLrsk__000677000_001290000,indicconformer_free__sortformer,False,0.47779699054486463,0.181542253780214,0.10696810271881091,0.18928663404583967,0.6682920237968807,543.6199999999991,98.68999999999977,58.14999999999989,102.8999999999992,4,3,0,-1,613.0,0.0342,Gujarati
2gGHQgj9yno__000000000_000099000,indicconformer_free__sortformer,False,0.38023328473234724,0.2844199125182253,0.06259112684857306,0.033222245365548866,0.4530259181324877,96.01999999999998,27.309999999999988,6.009999999999984,3.1900000000000013,4,4,1,0,99.0,0.0798,Gujarati
2iMXYxBTwbM__000339000_000401000,indicconformer_free__sortformer,False,0.8298319327731087,0.2787114845938374,0.2645308123249297,0.2865896358543417,0.8014358941335341,57.120000000000005,15.919999999999991,15.109999999999987,16.37,3,2,0,-1,62.0,0.1275,Devanagari (hi/mr)
37dND_0r6S8__000060000_000222000,indicconformer_free__sortformer,False,0.48338171692635806,0.0995912080099533,0.13608626103442137,0.2477042478819834,0.5436530554770509,168.79,16.810000000000016,22.96999999999998,41.809999999999974,2,2,1,0,162.0,0.0896,Tamil
4Qg2jWP6_T0__000136000_000202000,indicconformer_free__sortformer,False,0.8576502344082959,0.16678505469526905,0.24506321920727342,0.4458019605057535,0.7948376081743301,70.39000000000001,11.739999999999991,17.24999999999998,31.379999999999995,3,2,0,-1,66.0,0.2093,Punjabi
6-726qTlYeg__000102000_000162000,indicconformer_free__sortformer,False,0.574300071787509,0.11457286432160783,0.1458722182340274,0.31385498923187377,0.5859762790457739,69.64999999999999,7.979999999999984,10.160000000000007,21.860000000000007,2,3,0,1,60.0,0.161,Malayalam
6ZeRgvDHwcI__000006000_000100000,indicconformer_free__sortformer,False,0.7045813586097951,0.38120063191153264,0.16097946287519768,0.16240126382306466,0.659849457585391,63.29999999999999,24.130000000000013,10.190000000000012,10.279999999999992,2,2,1,0,94.0,0.0125,Gujarati
6f6TLzlP8Wk__000082000_000144000,indicconformer_free__sortformer,False,0.5938189845474615,0.11784683307862116,0.11614875191034132,0.35982339955849896,0.6325958898839668,58.89000000000001,6.940000000000001,6.840000000000002,21.190000000000005,2,3,0,1,62.0,0.051,Punjabi
7L4gi7Ncc0s__000090000_000148000,indicconformer_free__sortformer,False,0.1841207113346507,0.0905335009879649,0.04167415124842825,0.05191305909825754,0.25435201296866417,55.669999999999995,5.040000000000005,2.3200000000000003,2.889999999999997,2,2,1,0,58.0,0.0,Malayalam
7WhVNRHbjIY__000091000_001089000,indicconformer_free__sortformer,True,1.0,1.0,0.0,0.0,1.0,996.6799999999998,996.6799999999998,0.0,0.0,5,0,0,-5,998.0,0.0133,Tamil
7YfsQPYY-W0__000351000_000411000,indicconformer_free__sortformer,False,0.5609338521400776,0.1626459143968869,0.1374319066147857,0.26085603112840505,0.5820549273552035,64.24999999999999,10.44999999999998,8.829999999999979,16.76000000000002,2,2,1,0,60.0,0.1219,Odia
7c9ePKgqams__000299000_000869000,indicconformer_free__sortformer,False,0.3648702378370569,0.10220125786163586,0.03330803151883153,0.22936094845658955,0.6168386658270785,553.32,56.55000000000036,18.429999999999865,126.91000000000014,4,3,0,-1,570.0,0.0055,Telugu
7k-xDqNjESc__000073000_000981000,indicconformer_free__sortformer,True,1.0,1.0,0.0,0.0,1.0,897.5899999999995,897.5899999999995,0.0,0.0,4,0,0,-4,908.0,0.0421,Malayalam
83gP2vLH7UY__000255000_002005000,indicconformer_free__sortformer,True,1.0,1.0,0.0,0.0,1.0,2043.6199999999963,2043.6199999999963,0.0,0.0,5,0,0,-5,1750.0,0.2022,Devanagari (hi/mr)
86mMTUeDiR8__000181000_001079000,indicconformer_free__sortformer,True,1.0,1.0,0.0,0.0,1.0,823.15,823.15,0.0,0.0,5,0,0,-5,898.0,0.0517,Bengali
87Zbup3ohcw__000106000_000445000,indicconformer_free__sortformer,False,0.15764485397469916,0.07218491332188033,0.04547868186787426,0.039981258784944594,0.3073561931336718,320.15000000000003,23.10999999999999,14.559999999999945,12.800000000000013,4,4,1,0,339.0,0.0152,Tamil
8Ve4SWhlrrA__000000000_000070000,indicconformer_free__sortformer,False,0.02099984328475153,0.005328318445384713,0.015671524839366815,0.0,0.07539604020368369,63.809999999999995,0.3399999999999985,0.9999999999999964,0.0,2,2,1,0,70.0,0.0,Odia
8mvORuRHw2U__000000000_001197000,indicconformer_free__sortformer,True,1.0,1.0,0.0,0.0,1.0,1159.319999999999,1159.319999999999,0.0,0.0,4,0,0,-4,1197.0,0.0417,Gujarati
8o7jKmq6HsM__000030000_001770000,indicconformer_free__sortformer,True,1.0,1.0,0.0,0.0,1.0,1767.2599999999993,1767.2599999999993,0.0,0.0,6,0,0,-6,1740.0,0.0471,Devanagari (hi/mr)
8pkp-lpMJP0__000326000_000926000,indicconformer_free__sortformer,False,0.500689179875948,0.24633873190902827,0.019584194808178412,0.23476625315874122,0.8151047320615186,696.4799999999996,171.5699999999999,13.640000000000093,163.51,8,4,0,-4,600.0,0.2032,Telugu
8r2Nltl0W4o__000259000_000320000,indicconformer_free__sortformer,False,0.17776681466864022,0.05377405032067114,0.038480513073507666,0.08551225127446144,0.5709836065573771,60.81,3.270000000000012,2.340000000000001,5.2,2,1,0,-1,61.0,0.0227,Punjabi
90uAd6xpTPo__000016000_000408000,indicconformer_free__sortformer,False,0.43347733362497887,0.06277683600371771,0.025865368841252973,0.3448351287800082,0.5426875852648142,365.74000000000007,22.95999999999972,9.459999999999864,126.12000000000022,4,4,1,0,392.0,0.0067,Devanagari (hi/mr)
9Aw8kg8w5Xo__000000000_000083000,indicconformer_free__sortformer,False,0.16133365901319013,0.02979970688812903,0.0346849047386419,0.09684904738641921,0.5246874469456531,81.88000000000002,2.4400000000000057,2.84,7.930000000000007,4,3,0,-1,83.0,0.0216,Telugu
9_GMxc_JjyI__000236000_000368000,indicconformer_free__sortformer,False,0.2041808811787761,0.06401974305001076,0.06039050591565633,0.07977063221310901,0.47762201938436255,137.77,8.819999999999984,8.319999999999974,10.990000000000029,2,2,1,0,132.0,0.0602,Kannada
ARCKJrGkITw__000014000_000496000,indicconformer_free__sortformer,False,0.4671522760472186,0.10097121876110385,0.048185873899483075,0.31799518338663174,0.5942032078772429,506.5799999999997,51.149999999999956,24.41000000000012,161.0899999999998,3,3,1,0,482.0,0.0844,Telugu
ARZl7LT0UC0__000073000_000130000,indicconformer_free__sortformer,False,0.27990235964198557,0.07339300244100881,0.06346623270952001,0.14304312449145673,0.42920312221930396,61.44999999999999,4.509999999999991,3.900000000000004,8.790000000000015,3,3,1,0,57.0,0.0905,Telugu
A_dohDOK6Ic__000000000_000600000,indicconformer_free__sortformer,False,0.44194251323025835,0.031095430804883646,0.01810729480128658,0.3927397876240881,0.6079697306559594,578.22,17.979999999999823,10.469999999999928,227.09000000000026,3,3,1,0,600.0,0.0048,Devanagari (hi/mr)
B2ScTgeIIck__000117000_000180000,indicconformer_free__sortformer,False,0.34569198438907234,0.13059141398979274,0.0762533773641551,0.13884719303512447,0.37559081285843104,66.61999999999998,8.699999999999989,5.080000000000012,9.24999999999999,2,2,1,0,63.0,0.0879,Odia
BGAAfht5dYw__000000000_000612000,indicconformer_free__sortformer,True,1.0,1.0,0.0,0.0,1.0,678.6199999999995,678.6199999999995,0.0,0.0,4,0,0,-4,612.0,0.135,Gujarati
BYLcUGNB_zM__000020000_001387000,indicconformer_free__sortformer,True,1.0,1.0,0.0,0.0,1.0,1331.2099999999998,1331.2099999999998,0.0,0.0,4,0,0,-4,1367.0,0.0054,Kannada
Bngfppo1QtA__000028000_000927000,indicconformer_free__sortformer,True,1.0,1.0,0.0,0.0,1.0,1002.8700000000006,1002.8700000000006,0.0,0.0,5,0,0,-5,899.0,0.1261,Telugu
CO_8ppdzq9U__000000000_000695000,indicconformer_free__sortformer,True,1.0,1.0,0.0,0.0,1.0,652.34,652.34,0.0,0.0,4,0,0,-4,695.0,0.0186,Tamil
Cku_X_SL7qU__000060000_000660000,indicconformer_free__sortformer,False,0.7219323515783956,0.21783275247285336,0.36175184834505175,0.1423477507604906,0.5854393794317709,496.3899999999995,108.12999999999957,179.57000000000005,70.65999999999985,3,3,1,0,600.0,0.1022,Gujarati
DPmew0didIM__000191000_000512000,indicconformer_free__sortformer,False,0.44644825474586575,0.12033067973055678,0.0832210655235759,0.24289650949173308,0.6361852643948886,326.59999999999985,39.29999999999983,27.17999999999988,79.32999999999998,5,4,0,-1,321.0,0.062,Telugu
EmsKkNN2Me4__000035000_000095000,indicconformer_free__sortformer,False,0.49942310862040523,0.05554639854953018,0.0984011867479806,0.3454755233228945,0.5819630202615032,60.669999999999995,3.3699999999999957,5.969999999999982,20.960000000000008,2,2,1,0,60.0,0.0471,Malayalam
ExGJodnzocM__000212000_000527000,indicconformer_free__sortformer,False,0.4719423995867231,0.0540811055146585,0.03367557794136603,0.38418571613069863,0.6318334822546288,309.7200000000001,16.750000000000036,10.42999999999989,118.99000000000001,4,4,1,0,315.0,0.0133,Devanagari (hi/mr)
F2uXav-wriA__000000000_000907000,indicconformer_free__sortformer,True,1.0,1.0,0.0,0.0,1.0,912.9799999999997,912.9799999999997,0.0,0.0,4,0,0,-4,907.0,0.0336,Devanagari (hi/mr)
FDMf9ApmoNU__000016000_000686000,indicconformer_free__sortformer,True,1.0,1.0,0.0,0.0,1.0,630.0199999999991,630.0199999999991,0.0,0.0,4,0,0,-4,670.0,0.0882,Bengali
G6qzg93FxwE__000021000_000116000,indicconformer_free__sortformer,False,0.06664516822530361,0.041706976244222246,0.021175964742556144,0.003762227238525222,0.0785749915532816,93.03,3.8799999999999955,1.969999999999998,0.3500000000000014,2,2,1,0,95.0,0.0061,Gujarati
GEc_sS2KWo8__000096000_000290000,indicconformer_free__sortformer,False,0.22932906922513177,0.13365314144846444,0.06742621094010268,0.028249716836564676,0.4722209439565502,150.08999999999997,20.060000000000024,10.12000000000001,4.239999999999991,4,3,0,-1,194.0,0.0378,Gujarati
GfFLEIAAumk__000090000_000163000,indicconformer_free__sortformer,False,0.19377632830547614,0.04402772115776597,0.045794265525207045,0.10395434162250312,0.2592720688086727,73.59,3.239999999999998,3.369999999999987,7.650000000000006,2,2,1,0,73.0,0.0285,Bengali
Gq45evw6ytY__000597000_001464000,indicconformer_free__sortformer,True,1.0,1.0,0.0,0.0,1.0,886.5900000000001,886.5900000000001,0.0,0.0,3,0,0,-3,867.0,0.0869,Odia
HZv_WvIr6lE__000021000_000105000,indicconformer_free__sortformer,False,0.2732198981250673,0.12116614284166018,0.08084968028611653,0.07120407499729062,0.27155746416856325,92.27000000000001,11.179999999999986,7.459999999999973,6.5700000000000065,3,3,1,0,84.0,0.1276,Tamil
HpYG46tGyYs__000103000_000998000,indicconformer_free__sortformer,True,1.0,1.0,0.0,0.0,1.0,861.23,861.23,0.0,0.0,4,0,0,-4,895.0,0.0022,Devanagari (hi/mr)
IAm1rt-MYcA__000004000_000558000,indicconformer_free__sortformer,False,0.3837675165703526,0.16330336207374063,0.06768458172553225,0.15277957277107967,0.5253588740548594,541.6299999999997,88.45000000000009,36.66000000000001,82.74999999999983,4,3,0,-1,554.0,0.0445,Bengali
Iare1Emeueg__000016000_000069000,indicconformer_free__sortformer,False,0.5129449838187703,0.31576514100785946,0.16273693943596873,0.03444290337494208,0.45565704183853867,43.25999999999999,13.659999999999997,7.040000000000006,1.4899999999999942,2,3,0,1,53.0,0.0,Devanagari (hi/mr)
IfTL8SSN270__000062000_000671000,indicconformer_free__sortformer,False,0.27966739975295973,0.13242249871960862,0.04080679661374479,0.10643810441960633,0.335372403122119,663.8599999999996,87.90999999999931,27.090000000000597,70.65999999999981,4,4,1,0,609.0,0.1121,Devanagari (hi/mr)
Ig6szCD8m20__000046000_000106000,indicconformer_free__sortformer,False,0.252098019469621,0.028197381671702156,0.052534407519302107,0.17136623027861675,0.33996270414088353,59.579999999999984,1.680000000000014,3.1300000000000185,10.209999999999983,2,2,1,0,60.0,0.0204,Devanagari (hi/mr)
Iqhnt8ENm3U__000027000_000088000,indicconformer_free__sortformer,False,0.6811899038461539,0.21874999999999978,0.058293269230769426,0.40414663461538475,0.7895161943738455,66.55999999999996,14.559999999999976,3.8800000000000106,26.89999999999999,3,2,0,-1,61.0,0.1772,Devanagari (hi/mr)
J4-VpEkBzWw__000000000_000600000,indicconformer_free__sortformer,False,0.45406390971534505,0.07601263733672795,0.012040049669134441,0.3660112227094826,0.6547413500383633,636.2099999999996,48.35999999999966,7.660000000000018,232.8599999999998,7,4,0,-3,600.0,0.0685,Kannada
JBYGLQJwFDc__000103000_000407000,indicconformer_free__sortformer,False,0.43360319226489624,0.15305221962168547,0.1097724743889805,0.17077849825423025,0.6386544618750345,260.62999999999994,39.88999999999987,28.609999999999978,44.51000000000002,3,3,1,0,304.0,0.012,Tamil
JSB1CeS4pP8__000000000_000632000,indicconformer_free__sortformer,True,1.0,1.0,0.0,0.0,1.0,652.5399999999998,652.5399999999998,0.0,0.0,4,0,0,-4,632.0,0.088,Punjabi
Jc5AVwg2cZM__000153000_000214000,indicconformer_free__sortformer,False,0.8406444408996654,0.3265273568352212,0.248524485563886,0.2655925985005581,0.7249725197739627,62.689999999999976,20.47000000000001,15.580000000000009,16.64999999999998,3,3,1,0,61.0,0.2816,Devanagari (hi/mr)
KAtdcDieQMw__000057000_000599000,indicconformer_free__sortformer,False,0.24749514496365096,0.0799147575919011,0.03846219946036052,0.12911818791138932,0.3199879678419591,581.8699999999993,46.49999999999944,22.379999999999953,75.13000000000002,3,3,1,0,542.0,0.1073,Odia
KPkRi3GM7fs__000047000_000642000,indicconformer_free__sortformer,False,0.0922146767375788,0.0587797103457832,0.023092647772157214,0.0103423186196384,0.09877772520476125,577.24,33.92999999999989,13.33000000000003,5.97000000000007,3,3,1,0,595.0,0.0031,Odia
Kdi-ECuOaKg__000002000_000078000,indicconformer_free__sortformer,False,0.8460751725901309,0.4518026080286376,0.18997698798261323,0.20429557657887995,0.8805370241574377,39.11,17.670000000000016,7.430000000000003,7.989999999999995,6,2,0,-4,76.0,0.0,Malayalam
L7xRazDdtgw__000019000_000083000,indicconformer_free__sortformer,False,0.8654792594328569,0.3006796344035621,0.17225216779939054,0.3925474572299042,0.847673345956706,42.66999999999999,12.829999999999991,7.3499999999999925,16.750000000000007,3,3,1,0,64.0,0.0012,Gujarati
LBIWBxQ5H1s__000090000_001020000,indicconformer_free__sortformer,True,1.0,1.0,0.0,0.0,1.0,961.9499999999989,961.9499999999989,0.0,0.0,4,0,0,-4,930.0,0.0724,Malayalam
LK23jX9tgZM__000059000_000221000,indicconformer_free__sortformer,False,0.5224847773867383,0.23847829730182704,0.04737165521479229,0.23663482487011894,0.5011926260683982,179.00999999999996,42.69000000000005,8.479999999999965,42.359999999999985,3,4,0,1,162.0,0.1712,Gujarati
LctYmmr9-Vg__000000000_000061000,indicconformer_free__sortformer,False,0.1690700104493206,0.08087774294670833,0.08819226750261228,0.0,0.15654660678207521,47.85000000000001,3.8699999999999943,4.219999999999998,0.0,2,2,1,0,61.0,0.0,Devanagari (hi/mr)
LqQHdo7t5Ps__000198000_000498000,indicconformer_free__sortformer,False,0.3285086673705001,0.03354561863569783,0.023601130674658372,0.2713619180601439,0.5622933959023154,293.63000000000005,9.849999999999955,6.929999999999939,79.68000000000008,3,2,0,-1,300.0,0.0019,Devanagari (hi/mr)
Md3p6RTanBg__000315000_000426000,indicconformer_free__sortformer,False,0.07428016251545701,0.016516516516516654,0.01457339692633839,0.04319024907260196,0.0697091431189757,113.21999999999998,1.8700000000000152,1.6500000000000323,4.8899999999999935,3,3,1,0,111.0,0.0528,Bengali
MmtWBUK2DKE__000000000_000310000,indicconformer_free__sortformer,False,0.5734137987277766,0.04641983363236002,0.020877507747512437,0.5061164573479042,0.7901827595465276,306.54999999999995,14.229999999999961,6.399999999999936,155.15,5,2,0,-3,310.0,0.0432,Devanagari (hi/mr)
NLgHpYyf5bY__000313000_000383000,indicconformer_free__sortformer,False,0.17375526201190275,0.03861228044708938,0.03149949194367828,0.10364348962113508,0.3194868695857398,68.89,2.6599999999999873,2.169999999999997,7.139999999999996,2,2,1,0,70.0,0.0097,Devanagari (hi/mr)
NuhdqCEuIBo__000197000_000540000,indicconformer_free__sortformer,False,0.23279961730027834,0.06978641978782614,0.05343726257140487,0.10957593494104735,0.3475738138135975,355.3699999999996,24.79999999999975,18.990000000000126,38.939999999999955,3,4,0,1,343.0,0.0562,Punjabi
O4_aeGFzZ8A__000000000_000335000,indicconformer_free__sortformer,False,0.5360238605648241,0.08804796967719854,0.010159381116599812,0.43781650977102576,0.6456859230485362,321.86999999999995,28.33999999999989,3.269999999999981,140.92000000000004,8,4,0,-4,335.0,0.0004,Kannada
OXUt5KnlUMo__000091000_000181000,indicconformer_free__sortformer,False,0.33784879008915114,0.12701169387518815,0.042028482111844366,0.16880861410211861,0.45325836872087066,86.36999999999999,10.969999999999999,3.6299999999999972,14.579999999999984,2,2,1,0,90.0,0.0,Odia
OxYCBQKZ3iY__000000000_001822000,indicconformer_free__sortformer,True,1.0,1.0,0.0,0.0,1.0,1706.2699999999975,1706.2699999999975,0.0,0.0,7,0,0,-7,1822.0,0.0659,Punjabi
PCUA2q2C-2A__000045000_000107000,indicconformer_free__sortformer,False,0.02866084664799866,0.0136715532861144,0.014989293361884261,0.0,0.04515465706958702,60.71000000000001,0.8300000000000054,0.9099999999999936,0.0,3,3,1,0,62.0,0.0063,Devanagari (hi/mr)
PEDfT9-Yf2o__000000000_000469000,indicconformer_free__sortformer,False,0.3601838052657725,0.030625931445603535,0.007973174366616983,0.32158469945355195,0.5152427371298302,402.6,12.329999999999984,3.2099999999999973,129.47000000000003,3,2,0,-1,469.0,0.011,Bengali
PQB3-4sZUeY__000000000_001132000,indicconformer_free__sortformer,True,1.0,1.0,0.0,0.0,1.0,1129.8399999999963,1129.8399999999963,0.0,0.0,4,0,0,-4,1132.0,0.1069,Telugu
PRAzUz0GANs__000223000_000283000,indicconformer_free__sortformer,False,0.35002391963004303,0.08627013235528634,0.10030298198054524,0.16345080529421147,0.41255894182095554,62.71000000000001,5.410000000000007,6.289999999999993,10.250000000000002,2,2,1,0,60.0,0.0822,Kannada
PSIzXy5-y2E__000002000_000918000,indicconformer_free__sortformer,True,1.0,1.0,0.0,0.0,1.0,889.7999999999994,889.7999999999994,0.0,0.0,3,0,0,-3,916.0,0.0434,Devanagari (hi/mr)
PVDfS7lcJHY__000000000_000360000,indicconformer_free__sortformer,False,0.45637985282263227,0.09639337441818092,0.039576670047065284,0.3204098083573861,0.6254642717734744,384.5699999999996,37.0699999999998,15.21999999999988,123.21999999999983,6,4,0,-2,360.0,0.1127,Kannada
Pjre5dpnKGA__000000000_000330000,indicconformer_free__sortformer,False,0.2854291417165668,0.07745702624601503,0.0631572675544437,0.1448148479161081,0.4845790311554353,335.6699999999997,25.999999999999837,21.2000000000001,48.60999999999996,4,3,0,-1,330.0,0.0933,Kannada
QhpjuNTZoA8__000000000_000586000,indicconformer_free__sortformer,False,0.4701466908698424,0.06340250862646951,0.011365680550786086,0.3953785016925868,0.6330989138855198,611.4899999999996,38.76999999999981,6.950000000000179,241.76999999999973,3,3,1,0,586.0,0.0512,Kannada
QuA_B6IZ6Ls__000061000_001863000,indicconformer_free__sortformer,True,1.0,1.0,0.0,0.0,1.0,2703.9699999999975,2703.9699999999975,0.0,0.0,4,0,0,-4,1802.0,0.3694,Devanagari (hi/mr)
RL2fhIEEbZg__000000000_000065000,indicconformer_free__sortformer,False,0.11623644417290348,0.014204979379868638,0.07667634030853818,0.025355124484496665,0.391907977596301,65.47,0.9299999999999997,5.019999999999994,1.6599999999999966,3,2,0,-1,65.0,0.0563,Telugu
RL2fhIEEbZg__000066000_001034000,indicconformer_free__sortformer,True,1.0,1.0,0.0,0.0,1.0,1012.9500000000005,1012.9500000000005,0.0,0.0,3,0,0,-3,968.0,0.0719,Telugu
RWTmftezCwI__000000000_000060000,indicconformer_free__sortformer,False,0.1707443142660234,0.022226050999310746,0.03652653342522399,0.11199172984148864,0.2937402545303386,58.03999999999999,1.2899999999999956,2.12,6.5,2,2,1,0,60.0,0.0244,Malayalam
RZUZyvRzi80__000000000_000336000,indicconformer_free__sortformer,False,0.31513409961685784,0.1404029168211589,0.007013966135211876,0.16771721666048708,0.37612019251941387,323.63999999999993,45.439999999999856,2.269999999999971,54.28000000000003,4,3,0,-1,336.0,0.0001,Punjabi
SZ7ay4OjfAE__000000000_000897000,indicconformer_free__sortformer,True,1.0,1.0,0.0,0.0,1.0,1011.579999999999,1011.579999999999,0.0,0.0,5,0,0,-5,897.0,0.1794,Telugu
T3I2T-cfhG4__000160000_000210000,indicconformer_free__sortformer,False,0.10964445390674894,0.027464338939748856,0.06450926123057253,0.017670853736427544,0.12761006639981531,46.970000000000006,1.290000000000004,3.0299999999999923,0.8300000000000018,2,2,1,0,50.0,0.0,Devanagari (hi/mr)
TU3M6wSQV_g__000099000_000171000,indicconformer_free__sortformer,False,0.18765928906773946,0.048692152917504915,0.02830315224681402,0.11066398390342054,0.39623079313853615,74.54999999999997,3.62999999999999,2.1099999999999843,8.249999999999998,2,2,1,0,72.0,0.0451,Telugu
Tlha36rSd5o__000240000_000374000,indicconformer_free__sortformer,False,0.1601503158231389,0.08531222515391372,0.06644279203645957,0.008395298632765627,0.13361950745013285,125.07000000000002,10.669999999999991,8.31,1.0499999999999972,2,2,1,0,134.0,0.0,Tamil
TrPnW5kLAyQ__000093000_000513000,indicconformer_free__sortformer,False,0.2317360565593092,0.16506601120036532,0.035729670830905245,0.030940374528038647,0.26595877101067766,394.62999999999965,65.14000000000011,14.100000000000126,12.20999999999988,4,4,1,0,420.0,0.0501,Devanagari (hi/mr)
U_EHjxThUgc__000181000_000289000,indicconformer_free__sortformer,False,0.14405345211581339,0.053986636971047074,0.04953229398663707,0.040534521158129215,0.1662264866323994,112.25,6.060000000000034,5.560000000000011,4.550000000000004,3,3,1,0,108.0,0.0529,Bengali
VHlIFsHPWbk__000023000_000470000,indicconformer_free__sortformer,False,0.12371317794910629,0.037902758589955336,0.016466865724853792,0.06934355363429716,0.18596874195321572,448.78,17.010000000000154,7.389999999999885,31.119999999999877,4,4,1,0,447.0,0.0269,Odia
VKY0uuZ6Om8__000575000_000935000,indicconformer_free__sortformer,False,0.4192240742065474,0.1639602260533652,0.08474616686935155,0.17051768128383069,0.5147922681370243,419.3699999999995,68.75999999999968,35.539999999999914,71.50999999999999,3,3,1,0,360.0,0.1718,Devanagari (hi/mr)
VY_4x1scS-Y__000013000_000121000,indicconformer_free__sortformer,False,0.5271282838313617,0.08702717342240666,0.022208179109867172,0.41789293129908783,0.6812515577561836,110.76999999999992,9.63999999999998,2.459999999999985,46.28999999999993,4,3,0,-1,108.0,0.0427,Tamil
0AEEA8NyVwY__000011000_000609000,indicconformer_free__sortformer_stream,False,0.05907479617157041,0.02915632754342448,0.02850053172633804,0.0014179369018078895,0.06669792692146885,564.2,16.45000000000009,16.079999999999924,0.8000000000000114,3,3,1,0,598.0,0.0047,Devanagari (hi/mr)
0SoItGfM_sY__000007000_000088000,indicconformer_free__sortformer_stream,False,0.38746601802833014,0.06825010731148969,0.12533981971669747,0.193876091000143,0.6919003662937937,69.89000000000001,4.770000000000016,8.759999999999987,13.549999999999997,5,3,0,-2,81.0,0.0,Kannada
0VEwL9XZ0LY__000261000_000557000,indicconformer_free__sortformer_stream,False,0.5514118826253758,0.12152213735181283,0.06435558013341197,0.365534165140151,0.715040887108191,289.32999999999987,35.15999999999999,18.620000000000076,105.75999999999985,2,3,0,1,296.0,0.0355,Devanagari (hi/mr)
0esIFSOAcFs__000000000_000913000,indicconformer_free__sortformer_stream,False,0.38607143628859697,0.03214200825428319,0.006320361286976596,0.3476090667473372,0.5512760869028497,925.5799999999988,29.7499999999994,5.84999999999979,321.73999999999995,3,3,1,0,913.0,0.0232,Gujarati
0p6cktLGIfY__000012000_000930000,indicconformer_free__sortformer_stream,False,0.4247924936845899,0.14770840851678055,0.13362203777216405,0.14346204739564528,0.6744519516197768,831.2999999999992,122.78999999999954,111.07999999999987,119.25999999999979,6,4,0,-2,918.0,0.0329,Gujarati
13VBh0Z6QmE__000000000_000904000,indicconformer_free__sortformer_stream,False,0.43314019028723505,0.03040312034991232,0.025206294809939012,0.37753077512738364,0.5415963821735255,887.079999999999,26.97000000000019,22.360000000000674,334.8999999999991,4,4,1,0,904.0,0.029,Tamil
1LFl5JEipII__000000000_000597000,indicconformer_free__sortformer_stream,False,0.6418407354829987,0.1377002636382072,0.04346650442777047,0.460673967417021,0.7702629943535101,591.7199999999983,81.47999999999973,25.72000000000027,272.5899999999989,5,4,0,-1,597.0,0.1006,Bengali
2HGP34TNvjg__000084000_000194000,indicconformer_free__sortformer_stream,False,0.5684447930966855,0.06305157874092955,0.07727005295155903,0.428123161404197,0.631952278013793,101.98,6.429999999999995,7.87999999999999,43.66000000000001,2,3,0,1,110.0,0.0128,Odia
2LN6vb7EBn0__000098000_000394000,indicconformer_free__sortformer_stream,False,0.5627287621570745,0.03586990622930219,0.09777948199532907,0.4290793739324432,0.6690593984713024,286.8699999999999,10.289999999999914,28.05000000000004,123.08999999999993,3,4,0,1,296.0,0.0238,Tamil
2T4pjueLrsk__000677000_001290000,indicconformer_free__sortformer_stream,False,0.6840440013244551,0.17256539494499826,0.12183142636400474,0.38964718001545207,0.7244558056295239,543.619999999999,93.80999999999977,66.23000000000013,211.81999999999965,4,4,1,0,613.0,0.0342,Gujarati
2gGHQgj9yno__000000000_000099000,indicconformer_free__sortformer_stream,False,0.355238491980837,0.1522599458446157,0.08873151426786051,0.11424703186836081,0.5336635313621017,96.02000000000001,14.620000000000001,8.519999999999968,10.970000000000006,4,3,0,-1,99.0,0.0798,Gujarati
2iMXYxBTwbM__000339000_000401000,indicconformer_free__sortformer_stream,False,0.8385854341736693,0.25227591036414554,0.27871148459383727,0.3075980392156864,0.8017401425229981,57.120000000000005,14.409999999999993,15.919999999999987,17.570000000000007,3,2,0,-1,62.0,0.1275,Devanagari (hi/mr)
37dND_0r6S8__000060000_000222000,indicconformer_free__sortformer_stream,False,0.48480360210912976,0.10480478701344866,0.13419041412405971,0.2458084009716214,0.5441760992575662,168.78999999999996,17.689999999999994,22.650000000000034,41.48999999999997,2,3,0,1,162.0,0.0896,Tamil
4Qg2jWP6_T0__000136000_000202000,indicconformer_free__sortformer_stream,False,0.8016763744850117,0.1643699389117772,0.22346924279016894,0.4138371927830656,0.7717006800093086,70.38999999999999,11.569999999999995,15.72999999999999,29.12999999999998,3,2,0,-1,66.0,0.2093,Punjabi
6-726qTlYeg__000102000_000162000,indicconformer_free__sortformer_stream,False,0.6348887293610912,0.11414213926776734,0.14773869346733665,0.3730078966259872,0.633630138348255,69.64999999999999,7.949999999999994,10.289999999999996,25.980000000000008,2,3,0,1,60.0,0.161,Malayalam
6ZeRgvDHwcI__000006000_000100000,indicconformer_free__sortformer_stream,False,0.7007898894154825,0.3837282780410745,0.16603475513428165,0.15102685624012627,0.6514431422164348,63.29999999999998,24.29000000000001,10.510000000000025,9.55999999999999,2,2,1,0,94.0,0.0125,Gujarati
6f6TLzlP8Wk__000082000_000144000,indicconformer_free__sortformer_stream,False,0.556800815078961,0.10918661912039408,0.12922397690609608,0.3183902190524708,0.5988614433600064,58.89000000000001,6.430000000000009,7.609999999999999,18.750000000000007,2,2,1,0,62.0,0.051,Punjabi
7L4gi7Ncc0s__000090000_000148000,indicconformer_free__sortformer_stream,False,0.16687623495599058,0.07328902460930481,0.04167415124842824,0.05191305909825753,0.24190388018858106,55.67,4.079999999999999,2.3200000000000003,2.889999999999997,2,2,1,0,58.0,0.0,Malayalam
7WhVNRHbjIY__000091000_001089000,indicconformer_free__sortformer_stream,False,0.31844724485291176,0.014748966569009089,0.025855841393426313,0.27784243689047633,0.4043943743725877,996.6799999999997,14.699999999999974,25.77000000000013,276.91999999999985,5,4,0,-1,998.0,0.0133,Tamil
7YfsQPYY-W0__000351000_000411000,indicconformer_free__sortformer_stream,False,0.5551750972762649,0.13525291828793773,0.13867704280155638,0.28124513618677077,0.584923257929344,64.24999999999997,8.689999999999996,8.909999999999993,18.070000000000014,2,2,1,0,60.0,0.1219,Odia
7c9ePKgqams__000299000_000869000,indicconformer_free__sortformer_stream,False,0.5456878478999497,0.033109231547748356,0.04227210294223959,0.4703065134099619,0.7629443194582611,553.3199999999999,18.320000000000118,23.390000000000008,260.2300000000001,4,4,1,0,570.0,0.0055,Telugu
7k-xDqNjESc__000073000_000981000,indicconformer_free__sortformer_stream,False,0.4540380351831028,0.09916554328813912,0.097561247340101,0.2573112445548627,0.7142829135125814,897.5899999999988,89.01000000000067,87.57000000000114,230.9599999999989,4,3,0,-1,908.0,0.0421,Malayalam
83gP2vLH7UY__000255000_002005000,indicconformer_free__sortformer_stream,False,0.7233047239702103,0.13365498478190616,0.09680371106174422,0.4928460281265598,0.792266611394622,2043.6199999999933,273.13999999999817,197.83000000000106,1007.1899999999969,5,4,0,-1,1750.0,0.2022,Devanagari (hi/mr)
86mMTUeDiR8__000181000_001079000,indicconformer_free__sortformer_stream,False,0.5671141347263554,0.12518981959545578,0.11892121727510113,0.32300309785579845,0.7173414066762573,823.1499999999985,103.04999999999924,97.88999999999932,265.88,5,4,0,-1,898.0,0.0517,Bengali
87Zbup3ohcw__000106000_000445000,indicconformer_free__sortformer_stream,False,0.3931282211463373,0.05731688271122932,0.05697329376854576,0.2788380446665622,0.6257716573766592,320.15,18.350000000000065,18.239999999999924,89.26999999999988,4,3,0,-1,339.0,0.0152,Tamil
8Ve4SWhlrrA__000000000_000070000,indicconformer_free__sortformer_stream,False,0.04889515749882451,0.001253721987149323,0.024134148252624877,0.023507287259050307,0.38098091483356533,63.809999999999995,0.0799999999999983,1.5399999999999934,1.5,2,2,1,0,70.0,0.0,Odia
8mvORuRHw2U__000000000_001197000,indicconformer_free__sortformer_stream,False,0.5774505744746908,0.05955215126108392,0.06089776765690152,0.45700065555670544,0.6708839007244383,1159.3199999999968,69.03999999999962,70.59999999999887,529.8099999999982,4,4,1,0,1197.0,0.0417,Gujarati
8o7jKmq6HsM__000030000_001770000,indicconformer_free__sortformer_stream,False,0.6086540746692614,0.0615359369872001,0.024563448502201095,0.5225546891798601,0.7400743001348671,1767.2599999999984,108.74999999999915,43.40999999999987,923.4899999999989,6,4,0,-2,1740.0,0.0471,Devanagari (hi/mr)
8pkp-lpMJP0__000326000_000926000,indicconformer_free__sortformer_stream,False,0.4783195497358148,0.16090914311968796,0.050970594991960036,0.2664398116241668,0.7644746427853905,696.4799999999987,112.07000000000005,35.500000000000256,185.56999999999934,8,4,0,-4,600.0,0.2032,Telugu
8r2Nltl0W4o__000259000_000320000,indicconformer_free__sortformer_stream,False,0.17118894918598931,0.04982733103108058,0.03584936688044731,0.08551225127446144,0.569016393442623,60.81,3.03000000000001,2.180000000000001,5.2,2,1,0,-1,61.0,0.0227,Punjabi
90uAd6xpTPo__000016000_000408000,indicconformer_free__sortformer_stream,False,0.526412205391808,0.03119702520916492,0.02753322032044603,0.46768195986219707,0.7543102947390112,365.7400000000001,11.409999999999982,10.069999999999935,171.05,4,2,0,-2,392.0,0.0067,Devanagari (hi/mr)
9Aw8kg8w5Xo__000000000_000083000,indicconformer_free__sortformer_stream,False,0.24047386419149952,0.02650219833903282,0.022594040058622235,0.19137762579384443,0.6271933633131055,81.88000000000002,2.170000000000008,1.8499999999999892,15.669999999999987,4,3,0,-1,83.0,0.0216,Telugu
9_GMxc_JjyI__000236000_000368000,indicconformer_free__sortformer_stream,False,0.18777672933149428,0.06786673441242642,0.041010379618204036,0.07889961530086385,0.46280890656458823,137.77,9.349999999999989,5.64999999999997,10.870000000000013,2,2,1,0,132.0,0.0602,Kannada
ARCKJrGkITw__000014000_000496000,indicconformer_free__sortformer_stream,False,0.4833392553989499,0.09518733467566845,0.050455999052469724,0.3376959216708117,0.5825288034462296,506.5799999999995,48.22000000000007,25.560000000000088,171.06999999999962,3,3,1,0,482.0,0.0844,Telugu
ARZl7LT0UC0__000073000_000130000,indicconformer_free__sortformer_stream,False,0.2790886899918639,0.06981285598047196,0.05988608624898318,0.14938974776240876,0.43451251120703754,61.44999999999999,4.290000000000001,3.6800000000000157,9.180000000000017,3,3,1,0,57.0,0.0905,Telugu
A_dohDOK6Ic__000000000_000600000,indicconformer_free__sortformer_stream,False,0.36641762650894033,0.019681090242467846,0.01942167341150369,0.32731486285496875,0.5144293815931659,578.2200000000001,11.379999999999761,11.229999999999666,189.26000000000008,3,3,1,0,600.0,0.0048,Devanagari (hi/mr)
B2ScTgeIIck__000117000_000180000,indicconformer_free__sortformer_stream,False,0.3110177123986791,0.08210747523266286,0.08661062743920762,0.1422996097268086,0.3492350242010891,66.62,5.47,5.770000000000012,9.47999999999999,2,2,1,0,63.0,0.0879,Odia
BGAAfht5dYw__000000000_000612000,indicconformer_free__sortformer_stream,False,0.3592290236067311,0.07942589372550167,0.044664171406678534,0.23513895847455085,0.5691916949974656,678.6199999999995,53.899999999999906,30.310000000000166,159.5699999999996,4,4,1,0,612.0,0.135,Gujarati
BYLcUGNB_zM__000020000_001387000,indicconformer_free__sortformer_stream,False,0.14941294010712114,0.027719142734805614,0.01473095905229113,0.10696283832002437,0.2215322343264449,1331.2099999999991,36.90000000000056,19.61000000000046,142.38999999999956,4,4,1,0,1367.0,0.0054,Kannada
Bngfppo1QtA__000028000_000927000,indicconformer_free__sortformer_stream,False,0.6216059908063847,0.13208092773739413,0.14968041720262787,0.3398446458663627,0.6704451027638685,1002.8699999999983,132.46000000000024,150.10999999999916,340.8199999999986,5,4,0,-1,899.0,0.1261,Telugu
CO_8ppdzq9U__000000000_000695000,indicconformer_free__sortformer_stream,False,0.6250881442192723,0.02103197718980921,0.03743446668915031,0.5666217003403127,0.7990121081252415,652.3399999999991,13.720000000000121,24.420000000000282,369.6299999999991,4,4,1,0,695.0,0.0186,Tamil
Cku_X_SL7qU__000060000_000660000,indicconformer_free__sortformer_stream,False,0.6856906867583955,0.15904832893490972,0.3696891557041843,0.1569532021193015,0.5608273210665508,496.38999999999953,78.94999999999976,183.50999999999988,77.91,3,4,0,1,600.0,0.1022,Gujarati
DPmew0didIM__000191000_000512000,indicconformer_free__sortformer_stream,False,0.45835884874464183,0.0997244335578687,0.08894672382118822,0.26968769136558496,0.6267835211804252,326.5999999999999,32.56999999999991,29.050000000000065,88.08000000000003,5,4,0,-1,321.0,0.062,Telugu
EmsKkNN2Me4__000035000_000095000,indicconformer_free__sortformer_stream,False,0.5081588923685508,0.04961265864512951,0.09906049118180278,0.3594857425416185,0.6010262058350826,60.669999999999995,3.010000000000007,6.009999999999974,21.809999999999995,2,2,1,0,60.0,0.0471,Malayalam
ExGJodnzocM__000212000_000527000,indicconformer_free__sortformer_stream,False,0.3998773085367422,0.03106031254035894,0.0346764819837268,0.33414051401265643,0.5536371146309886,309.72,9.619999999999973,10.739999999999867,103.48999999999997,4,4,1,0,315.0,0.0133,Devanagari (hi/mr)
F2uXav-wriA__000000000_000907000,indicconformer_free__sortformer_stream,False,0.4071392582531925,0.05730684133277752,0.013954303489671012,0.335878113430744,0.5229388310453533,912.9799999999991,52.31999999999917,12.739999999999828,306.6500000000003,4,4,1,0,907.0,0.0336,Devanagari (hi/mr)
FDMf9ApmoNU__000016000_000686000,indicconformer_free__sortformer_stream,False,0.40311418685121014,0.13750357131519653,0.11294879527634047,0.15266182025967315,0.5363452882222273,630.0199999999985,86.62999999999991,71.15999999999985,96.17999999999905,4,4,1,0,670.0,0.0882,Bengali
G6qzg93FxwE__000021000_000116000,indicconformer_free__sortformer_stream,False,0.06664516822530357,0.03912716328066212,0.021175964742556144,0.006342040202085309,0.07804854703454309,93.03,3.639999999999997,1.969999999999998,0.5899999999999963,2,3,0,1,95.0,0.0061,Gujarati
GEc_sS2KWo8__000096000_000290000,indicconformer_free__sortformer_stream,False,0.43367312945565983,0.12159371044040244,0.10227197015124267,0.2098074488640147,0.6514271803099543,150.08999999999997,18.25,15.35000000000001,31.48999999999996,4,3,0,-1,194.0,0.0378,Gujarati
GfFLEIAAumk__000090000_000163000,indicconformer_free__sortformer_stream,False,0.19160211985324085,0.04402772115776607,0.04035874439461877,0.107215654300856,0.2619690222049267,73.59,3.240000000000005,2.9699999999999953,7.8899999999999935,2,2,1,0,73.0,0.0285,Bengali
Gq45evw6ytY__000597000_001464000,indicconformer_free__sortformer_stream,False,0.585975479082777,0.10804317666565191,0.08666914808423208,0.39126315433289305,0.7066454089558354,886.5899999999982,95.79000000000013,76.83999999999916,346.88999999999896,3,4,0,1,867.0,0.0869,Odia
HZv_WvIr6lE__000021000_000105000,indicconformer_free__sortformer_stream,False,0.22976048553159184,0.11054513926519997,0.05202124200715269,0.06719410425923919,0.2558818403242792,92.27000000000001,10.200000000000003,4.799999999999979,6.2,3,3,1,0,84.0,0.1276,Tamil
HpYG46tGyYs__000103000_000998000,indicconformer_free__sortformer_stream,False,0.21804860490229092,0.024999129152491233,0.04080210861210118,0.1522473671376985,0.2892150015760006,861.2299999999998,21.53000000000002,35.13999999999989,131.12000000000006,4,4,1,0,895.0,0.0022,Devanagari (hi/mr)
IAm1rt-MYcA__000004000_000558000,indicconformer_free__sortformer_stream,False,0.4514890238723852,0.0836548935620256,0.10691800675738058,0.260916123552979,0.6351987438942276,541.6299999999995,45.30999999999989,57.91,141.3199999999999,4,4,1,0,554.0,0.0445,Bengali
Iare1Emeueg__000016000_000069000,indicconformer_free__sortformer_stream,False,0.4500693481276008,0.2454923717059641,0.16458622283865024,0.039990753582986434,0.42678187907988574,43.25999999999999,10.620000000000005,7.120000000000008,1.7299999999999927,2,2,1,0,53.0,0.0,Devanagari (hi/mr)
IfTL8SSN270__000062000_000671000,indicconformer_free__sortformer_stream,False,0.44048443949025384,0.10979724640737433,0.05126080800168727,0.2794263850811922,0.5479735598911414,663.8599999999994,72.88999999999946,34.030000000000086,185.5000000000001,4,4,1,0,609.0,0.1121,Devanagari (hi/mr)
Ig6szCD8m20__000046000_000106000,indicconformer_free__sortformer_stream,False,0.26015441423296426,0.02148371936891574,0.06461899966431724,0.1740516951997313,0.3397760347640376,59.57999999999998,1.2799999999999994,3.850000000000019,10.369999999999987,2,2,1,0,60.0,0.0204,Devanagari (hi/mr)
Iqhnt8ENm3U__000027000_000088000,indicconformer_free__sortformer_stream,False,0.556340144230769,0.17893629807692296,0.09179687499999997,0.2856069711538461,0.6223474517547671,66.55999999999997,11.909999999999988,6.109999999999996,19.009999999999987,3,3,1,0,61.0,0.1772,Devanagari (hi/mr)
J4-VpEkBzWw__000000000_000600000,indicconformer_free__sortformer_stream,False,0.5475864887379954,0.03685889879127949,0.023435658037440937,0.48729193190927506,0.7305529800640604,636.2099999999987,23.449999999999875,14.910000000000267,310.01999999999924,7,4,0,-3,600.0,0.0685,Kannada
JBYGLQJwFDc__000103000_000407000,indicconformer_free__sortformer_stream,False,0.43655757203698703,0.1393546406783563,0.11909603652687736,0.17810689483175335,0.6544495685231091,260.62999999999994,36.31999999999999,31.04000000000004,46.41999999999987,3,2,0,-1,304.0,0.012,Tamil
JSB1CeS4pP8__000000000_000632000,indicconformer_free__sortformer_stream,False,0.28724675881938116,0.049790051184600816,0.04833420173475904,0.18912250590002128,0.3802886544807353,652.5399999999986,32.48999999999935,31.539999999999594,123.40999999999963,4,4,1,0,632.0,0.088,Punjabi
Jc5AVwg2cZM__000153000_000214000,indicconformer_free__sortformer_stream,False,0.8521295262402295,0.3035571861540914,0.25745732971765806,0.29111501036848014,0.7364286161088988,62.69,19.029999999999987,16.139999999999983,18.250000000000018,3,4,0,1,61.0,0.2816,Devanagari (hi/mr)
KAtdcDieQMw__000057000_000599000,indicconformer_free__sortformer_stream,False,0.6316359324247671,0.06016807878048252,0.055699726743086465,0.5157681269011981,0.7485760044126856,581.8699999999991,35.00999999999931,32.40999999999967,300.1099999999997,3,4,0,1,542.0,0.1073,Odia
KPkRi3GM7fs__000047000_000642000,indicconformer_free__sortformer_stream,False,0.4057411128819902,0.017323816783313784,0.027302335250502362,0.36111496084817407,0.5875129210836301,577.24,10.00000000000005,15.759999999999984,208.45,3,2,0,-1,595.0,0.0031,Odia
Kdi-ECuOaKg__000002000_000078000,indicconformer_free__sortformer_stream,False,0.9457939145998469,0.3807210432114551,0.24776272053183354,0.31731015085655817,0.9040692145757324,39.11,14.89000000000001,9.69000000000001,12.40999999999999,6,3,0,-3,76.0,0.0,Malayalam
L7xRazDdtgw__000019000_000083000,indicconformer_free__sortformer_stream,False,0.8474337942348251,0.24630888211858448,0.18912584954300427,0.4119990625732364,0.8338517685402135,42.66999999999999,10.509999999999996,8.06999999999999,17.57999999999999,3,3,1,0,64.0,0.0012,Gujarati
LBIWBxQ5H1s__000090000_001020000,indicconformer_free__sortformer_stream,False,0.4875721191330106,0.10069130412183545,0.07254015281459522,0.31434066219657997,0.5858235051885599,961.9499999999986,96.85999999999947,69.77999999999977,302.37999999999965,4,4,1,0,930.0,0.0724,Malayalam
LK23jX9tgZM__000059000_000221000,indicconformer_free__sortformer_stream,False,0.49187196246019754,0.19848053181386519,0.06094631584827652,0.23244511479805582,0.6494557873041306,179.01000000000005,35.530000000000015,10.909999999999982,41.609999999999985,3,4,0,1,162.0,0.1712,Gujarati
LctYmmr9-Vg__000000000_000061000,indicconformer_free__sortformer_stream,False,0.14817136886102367,0.09467084639498426,0.05350052246603942,0.0,0.1423354659975359,47.85000000000001,4.529999999999998,2.5599999999999867,0.0,2,2,1,0,61.0,0.0,Devanagari (hi/mr)
LqQHdo7t5Ps__000198000_000498000,indicconformer_free__sortformer_stream,False,0.15141504614651083,0.014201546163539193,0.023601130674658372,0.11361236930831325,0.2516316338915181,293.63000000000005,4.170000000000014,6.929999999999939,33.36000000000003,3,3,1,0,300.0,0.0019,Devanagari (hi/mr)
Md3p6RTanBg__000315000_000426000,indicconformer_free__sortformer_stream,False,0.1289524818936587,0.020049461225931955,0.01598657481010445,0.0929164458576223,0.17815077034006088,113.21999999999998,2.2700000000000156,1.8100000000000254,10.519999999999996,3,3,1,0,111.0,0.0528,Bengali
MmtWBUK2DKE__000000000_000310000,indicconformer_free__sortformer_stream,False,0.5625183493720435,0.03510030990050585,0.019474800195726425,0.5079432392758112,0.8199135137977036,306.55000000000007,10.760000000000069,5.969999999999937,155.70999999999995,5,2,0,-3,310.0,0.0432,Devanagari (hi/mr)
NLgHpYyf5bY__000313000_000383000,indicconformer_free__sortformer_stream,False,0.16896501669327893,0.023515749745971697,0.031499491943678175,0.11394977500362907,0.31873846991677734,68.89,1.6199999999999901,2.1699999999999897,7.850000000000007,2,2,1,0,70.0,0.0097,Devanagari (hi/mr)
NuhdqCEuIBo__000197000_000540000,indicconformer_free__sortformer_stream,False,0.290767369220812,0.05974055210062719,0.07108084531614964,0.15994597180403514,0.4520004618531068,355.36999999999915,21.229999999999833,25.260000000000037,56.83999999999983,3,4,0,1,343.0,0.0562,Punjabi
O4_aeGFzZ8A__000000000_000335000,indicconformer_free__sortformer_stream,False,0.4270978966663559,0.04110355112312407,0.017895423618230863,0.368098921925001,0.6966321012412138,321.87,13.229999999999944,5.759999999999968,118.48000000000006,8,4,0,-4,335.0,0.0004,Kannada
OXUt5KnlUMo__000091000_000181000,indicconformer_free__sortformer_stream,False,0.28597892786847257,0.06865809887692471,0.04202848211184436,0.1752923468797035,0.4211912184488088,86.37,5.929999999999987,3.6299999999999972,15.139999999999992,2,2,1,0,90.0,0.0,Odia
OxYCBQKZ3iY__000000000_001822000,indicconformer_free__sortformer_stream,False,0.6736858762095097,0.0917557010320744,0.04662802487296935,0.535302150304466,0.8146065826855612,1706.2699999999893,156.5599999999966,79.56000000000091,913.3699999999956,7,4,0,-3,1822.0,0.0659,Punjabi
PCUA2q2C-2A__000045000_000107000,indicconformer_free__sortformer_stream,False,0.03261406687530874,0.01762477351342448,0.014989293361884261,0.0,0.05247011843747366,60.71000000000001,1.0700000000000003,0.9099999999999936,0.0,3,3,1,0,62.0,0.0063,Devanagari (hi/mr)
PEDfT9-Yf2o__000000000_000469000,indicconformer_free__sortformer_stream,False,0.19833581718827586,0.026626924987580708,0.008941877794336549,0.1627670144063586,0.30540914715102746,402.6,10.719999999999994,3.599999999999895,65.52999999999997,3,3,1,0,469.0,0.011,Bengali
PQB3-4sZUeY__000000000_001132000,indicconformer_free__sortformer_stream,False,0.6373645825957643,0.06754938752389576,0.09813778942151076,0.4716774056503578,0.7256661082941521,1129.8399999999933,76.31999999999793,110.87999999999906,532.9199999999971,4,4,1,0,1132.0,0.1069,Telugu
PRAzUz0GANs__000223000_000283000,indicconformer_free__sortformer_stream,False,0.6309998405357998,0.08260245574868441,0.10556530059001742,0.44283208419709796,0.5875794005098721,62.71,5.18,6.619999999999993,27.770000000000014,2,3,0,1,60.0,0.0822,Kannada
PSIzXy5-y2E__000002000_000918000,indicconformer_free__sortformer_stream,False,0.5454596538547991,0.12328613171499207,0.08287255563047911,0.33930096650932784,0.6448578297083387,889.7999999999989,109.69999999999982,73.74000000000022,301.90999999999957,3,4,0,1,916.0,0.0434,Devanagari (hi/mr)
PVDfS7lcJHY__000000000_000360000,indicconformer_free__sortformer_stream,False,0.5604441324076236,0.072054502431287,0.0657617598876666,0.4226278700886699,0.7391533988931464,384.5699999999994,27.709999999999997,25.289999999999907,162.52999999999955,6,4,0,-2,360.0,0.1127,Kannada
Pjre5dpnKGA__000000000_000330000,indicconformer_free__sortformer_stream,False,0.4534810975064786,0.05454762117555923,0.07075401435934112,0.32817946197157827,0.5992986703902574,335.66999999999973,18.309999999999953,23.750000000000014,110.15999999999958,4,4,1,0,330.0,0.0933,Kannada
QhpjuNTZoA8__000000000_000586000,indicconformer_free__sortformer_stream,False,0.2930383162439282,0.04268262767992922,0.027146805344322986,0.22320888321967594,0.4022733524352757,611.4899999999993,26.099999999999888,16.600000000000044,136.4899999999995,3,4,0,1,586.0,0.0512,Kannada
QuA_B6IZ6Ls__000061000_001863000,indicconformer_free__sortformer_stream,False,0.5999437863585768,0.358524687773904,0.03471192357903366,0.20670717500563912,0.6053903255539443,2703.969999999993,969.4400000000007,93.8599999999994,558.9299999999965,4,4,1,0,1802.0,0.3694,Devanagari (hi/mr)
RL2fhIEEbZg__000000000_000065000,indicconformer_free__sortformer_stream,False,0.11348709332518701,0.008859019398197518,0.07744004887734841,0.027188025049641087,0.39069039380458065,65.46999999999997,0.5799999999999912,5.0699999999999985,1.7800000000000011,3,2,0,-1,65.0,0.0563,Telugu
RL2fhIEEbZg__000066000_001034000,indicconformer_free__sortformer_stream,False,0.30407226417888283,0.08160323806703165,0.08010267041808536,0.14236635569376582,0.32703949153183726,1012.9499999999989,82.65999999999963,81.13999999999947,144.20999999999992,3,4,0,1,968.0,0.0719,Telugu
RWTmftezCwI__000000000_000060000,indicconformer_free__sortformer_stream,False,0.2551688490696074,0.02997932460372167,0.02911784975878736,0.19607167470709838,0.45995271806991567,58.03999999999999,1.7400000000000055,1.6900000000000182,11.379999999999988,2,2,1,0,60.0,0.0244,Malayalam
RZUZyvRzi80__000000000_000336000,indicconformer_free__sortformer_stream,False,0.18208503275244098,0.041929304165121035,0.010876282288963158,0.12927944629835678,0.3478501711351385,323.6399999999999,13.569999999999766,3.520000000000035,41.840000000000174,4,3,0,-1,336.0,0.0001,Punjabi
SZ7ay4OjfAE__000000000_000897000,indicconformer_free__sortformer_stream,False,0.6187449336681234,0.14627612250143318,0.04483085865675517,0.42763795250993514,0.7565775275379851,1011.5799999999967,147.9699999999993,45.35000000000025,432.5899999999988,5,4,0,-1,897.0,0.1794,Telugu
T3I2T-cfhG4__000160000_000210000,indicconformer_free__sortformer_stream,False,0.10623802427081092,0.022354694485841955,0.06450926123057253,0.019374068554396422,0.1247265640245089,46.970000000000006,1.0499999999999967,3.0299999999999923,0.9100000000000001,2,2,1,0,50.0,0.0,Devanagari (hi/mr)
TU3M6wSQV_g__000099000_000171000,indicconformer_free__sortformer_stream,False,0.18336686787390985,0.0519114688128771,0.028303152246814064,0.10315224681421868,0.3881669511010165,74.54999999999998,3.869999999999987,2.109999999999988,7.690000000000001,2,2,1,0,72.0,0.0451,Telugu
Tlha36rSd5o__000240000_000374000,indicconformer_free__sortformer_stream,False,0.1320060765971053,0.051731030622851046,0.07251938914208031,0.007755656832173973,0.10859212088140104,125.07000000000001,6.469999999999981,9.069999999999984,0.9699999999999989,2,2,1,0,134.0,0.0,Tamil
TrPnW5kLAyQ__000093000_000513000,indicconformer_free__sortformer_stream,False,0.32965055875123467,0.11978308795580682,0.050046879355345686,0.15982059144008223,0.4375897698719719,394.6299999999995,47.26999999999998,19.750000000000043,63.06999999999957,4,4,1,0,420.0,0.0501,Devanagari (hi/mr)
U_EHjxThUgc__000181000_000289000,indicconformer_free__sortformer_stream,False,0.32632516703786224,0.05612472160356373,0.04668151447661479,0.2235189309576837,0.5285990006643898,112.25000000000001,6.300000000000029,5.240000000000011,25.089999999999996,3,2,0,-1,108.0,0.0529,Bengali
VHlIFsHPWbk__000023000_000470000,indicconformer_free__sortformer_stream,False,0.6311778599759345,0.028499487499443192,0.04235928517313582,0.5603190873033554,0.7682212964660489,448.7800000000001,12.790000000000118,19.0099999999999,251.4599999999999,4,4,1,0,447.0,0.0269,Odia
VKY0uuZ6Om8__000575000_000935000,indicconformer_free__sortformer_stream,False,0.538426687650523,0.15683048382096912,0.08143167131649863,0.30016453251305525,0.6037608387757842,419.3699999999996,65.76999999999975,34.15,125.87999999999987,3,3,1,0,360.0,0.1718,Devanagari (hi/mr)
VY_4x1scS-Y__000013000_000121000,indicconformer_free__sortformer_stream,False,0.6522524149137854,0.15103367337726853,0.026270650898257704,0.47494809063825927,0.8487187012860573,110.76999999999998,16.730000000000032,2.9100000000000055,52.60999999999997,4,3,0,-1,108.0,0.0427,Tamil
0AEEA8NyVwY__000011000_000609000,indicconformer_free__sortformer_stream+rule,False,0.06148528890464378,0.02915632754342448,0.02850053172633804,0.0038284296348812664,0.07150035534285513,564.2,16.45000000000009,16.079999999999924,2.160000000000011,3,3,1,0,598.0,0.0047,Devanagari (hi/mr)
0SoItGfM_sY__000007000_000088000,indicconformer_free__sortformer_stream+rule,False,0.38746601802833014,0.06825010731148969,0.12533981971669747,0.193876091000143,0.6919003662937937,69.89000000000001,4.770000000000016,8.759999999999987,13.549999999999997,5,3,0,-2,81.0,0.0,Kannada
0VEwL9XZ0LY__000261000_000557000,indicconformer_free__sortformer_stream+rule,False,0.5503058790999896,0.12152213735181283,0.06435558013341197,0.36442816161476493,0.716207248796412,289.32999999999987,35.15999999999999,18.620000000000076,105.43999999999988,2,3,0,1,296.0,0.0355,Devanagari (hi/mr)
0esIFSOAcFs__000000000_000913000,indicconformer_free__sortformer_stream+rule,False,0.39902547591780235,0.03214200825428319,0.006320361286976596,0.3605631063765426,0.5624765857091969,925.5799999999988,29.7499999999994,5.84999999999979,333.72999999999985,3,3,1,0,913.0,0.0232,Gujarati
0p6cktLGIfY__000012000_000930000,indicconformer_free__sortformer_stream+rule,False,0.4282689763021769,0.14770840851678055,0.13362203777216405,0.14693853001323234,0.6771600048243824,831.2999999999992,122.78999999999954,111.07999999999987,122.14999999999992,6,4,0,-2,918.0,0.0329,Gujarati
13VBh0Z6QmE__000000000_000904000,indicconformer_free__sortformer_stream+rule,False,0.4508499797087078,0.03040312034991232,0.025206294809939012,0.3952405645488565,0.5556949538073271,887.079999999999,26.97000000000019,22.360000000000674,350.6099999999992,4,4,1,0,904.0,0.029,Tamil
1LFl5JEipII__000000000_000597000,indicconformer_free__sortformer_stream+rule,False,0.66024471033597,0.1377002636382072,0.04346650442777047,0.47907794226999234,0.79018460608383,591.7199999999983,81.47999999999973,25.72000000000027,283.47999999999905,5,4,0,-1,597.0,0.1006,Bengali
2HGP34TNvjg__000084000_000194000,indicconformer_free__sortformer_stream+rule,False,0.5621690527554422,0.06305157874092955,0.07727005295155903,0.4218474210629536,0.6235088627486818,101.98,6.429999999999995,7.87999999999999,43.02000000000001,2,3,0,1,110.0,0.0128,Odia
2LN6vb7EBn0__000098000_000394000,indicconformer_free__sortformer_stream+rule,False,0.5627287621570745,0.03586990622930219,0.09777948199532907,0.4290793739324432,0.6690593984713024,286.8699999999999,10.289999999999914,28.05000000000004,123.08999999999993,3,4,0,1,296.0,0.0238,Tamil
2T4pjueLrsk__000677000_001290000,indicconformer_free__sortformer_stream+rule,False,0.7170449946653918,0.17256539494499826,0.12183142636400474,0.4226481733563888,0.7894004283082499,543.619999999999,93.80999999999977,66.23000000000013,229.75999999999965,4,4,1,0,613.0,0.0342,Gujarati
2gGHQgj9yno__000000000_000099000,indicconformer_free__sortformer_stream+rule,False,0.3679441782961879,0.1522599458446157,0.08873151426786051,0.12695271818371176,0.6382244383861926,96.02000000000001,14.620000000000001,8.519999999999968,12.190000000000005,4,2,0,-2,99.0,0.0798,Gujarati
2iMXYxBTwbM__000339000_000401000,indicconformer_free__sortformer_stream+rule,False,0.8314075630252099,0.25227591036414554,0.27871148459383727,0.30042016806722704,0.7956083787097912,57.120000000000005,14.409999999999993,15.919999999999987,17.16000000000001,3,2,0,-1,62.0,0.1275,Devanagari (hi/mr)
37dND_0r6S8__000060000_000222000,indicconformer_free__sortformer_stream+rule,False,0.48480360210912976,0.10480478701344866,0.13419041412405971,0.2458084009716214,0.5441760992575662,168.78999999999996,17.689999999999994,22.650000000000034,41.48999999999997,2,3,0,1,162.0,0.0896,Tamil
4Qg2jWP6_T0__000136000_000202000,indicconformer_free__sortformer_stream+rule,False,0.8231282852677937,0.1643699389117772,0.22346924279016894,0.4352891035658475,0.7867087859930387,70.38999999999999,11.569999999999995,15.72999999999999,30.639999999999997,3,2,0,-1,66.0,0.2093,Punjabi
6-726qTlYeg__000102000_000162000,indicconformer_free__sortformer_stream+rule,False,0.5692749461593682,0.11414213926776734,0.14773869346733665,0.3073941134242642,0.5770658306204128,69.64999999999999,7.949999999999994,10.289999999999996,21.41,2,2,1,0,60.0,0.161,Malayalam
6ZeRgvDHwcI__000006000_000100000,indicconformer_free__sortformer_stream+rule,False,0.6780410742496057,0.3837282780410745,0.16603475513428165,0.1282780410742495,0.623234392761195,63.29999999999998,24.29000000000001,10.510000000000025,8.119999999999992,2,2,1,0,94.0,0.0125,Gujarati
6f6TLzlP8Wk__000082000_000144000,indicconformer_free__sortformer_stream+rule,False,0.5695364238410595,0.10918661912039408,0.12922397690609608,0.3311258278145694,0.6110265809218423,58.89000000000001,6.430000000000009,7.609999999999999,19.499999999999993,2,2,1,0,62.0,0.051,Punjabi
7L4gi7Ncc0s__000090000_000148000,indicconformer_free__sortformer_stream+rule,False,0.16687623495599058,0.07328902460930481,0.04167415124842824,0.05191305909825753,0.24190388018858106,55.67,4.079999999999999,2.3200000000000003,2.889999999999997,2,2,1,0,58.0,0.0,Malayalam
7WhVNRHbjIY__000091000_001089000,indicconformer_free__sortformer_stream+rule,False,0.3189689770036523,0.014748966569009089,0.025855841393426313,0.27836416904121686,0.4056386926601485,996.6799999999997,14.699999999999974,25.77000000000013,277.43999999999994,5,4,0,-1,998.0,0.0133,Tamil
7YfsQPYY-W0__000351000_000411000,indicconformer_free__sortformer_stream+rule,False,0.5928404669260702,0.13525291828793773,0.13867704280155638,0.31891050583657604,0.6197763776318193,64.24999999999997,8.689999999999996,8.909999999999993,20.490000000000002,2,2,1,0,60.0,0.1219,Odia
7c9ePKgqams__000299000_000869000,indicconformer_free__sortformer_stream+rule,False,0.5424709029133236,0.033109231547748356,0.04227210294223959,0.46708956842333565,0.7623260997196835,553.3199999999999,18.320000000000118,23.390000000000008,258.45000000000005,4,4,1,0,570.0,0.0055,Telugu
7k-xDqNjESc__000073000_000981000,indicconformer_free__sortformer_stream+rule,False,0.44910259695406735,0.09916554328813912,0.097561247340101,0.2523758063258272,0.7109346216618208,897.5899999999988,89.01000000000067,87.57000000000114,226.52999999999892,4,3,0,-1,908.0,0.0421,Malayalam
83gP2vLH7UY__000255000_002005000,indicconformer_free__sortformer_stream+rule,False,0.7312220471516238,0.13365498478190616,0.09680371106174422,0.5007633513079733,0.7954875972696607,2043.6199999999933,273.13999999999817,197.83000000000106,1023.3699999999972,5,4,0,-1,1750.0,0.2022,Devanagari (hi/mr)
86mMTUeDiR8__000181000_001079000,indicconformer_free__sortformer_stream+rule,False,0.5682074955961846,0.12518981959545578,0.11892121727510113,0.3240964587256276,0.7224303430242796,823.1499999999985,103.04999999999924,97.88999999999932,266.77999999999986,5,4,0,-1,898.0,0.0517,Bengali
87Zbup3ohcw__000106000_000445000,indicconformer_free__sortformer_stream+rule,False,0.3870060908948927,0.05731688271122932,0.05697329376854576,0.2727159144151176,0.6237467950136151,320.15,18.350000000000065,18.239999999999924,87.3099999999999,4,3,0,-1,339.0,0.0152,Tamil
8Ve4SWhlrrA__000000000_000070000,indicconformer_free__sortformer_stream+rule,False,0.04889515749882451,0.001253721987149323,0.024134148252624877,0.023507287259050307,0.38098091483356533,63.809999999999995,0.0799999999999983,1.5399999999999934,1.5,2,2,1,0,70.0,0.0,Odia
8mvORuRHw2U__000000000_001197000,indicconformer_free__sortformer_stream+rule,False,0.5609840251181714,0.05955215126108392,0.06089776765690152,0.4405341062001859,0.6606856378324131,1159.3199999999968,69.03999999999962,70.59999999999887,510.7199999999981,4,4,1,0,1197.0,0.0417,Gujarati
8o7jKmq6HsM__000030000_001770000,indicconformer_free__sortformer_stream+rule,False,0.616332627909871,0.0615359369872001,0.024563448502201095,0.5302332424204698,0.7485971010016174,1767.2599999999984,108.74999999999915,43.40999999999987,937.0599999999986,6,4,0,-2,1740.0,0.0471,Devanagari (hi/mr)
8pkp-lpMJP0__000326000_000926000,indicconformer_free__sortformer_stream+rule,False,0.5105674247645308,0.16090914311968796,0.050970594991960036,0.2986876866528828,0.7846055608038975,696.4799999999987,112.07000000000005,35.500000000000256,208.0299999999994,8,4,0,-4,600.0,0.2032,Telugu
8r2Nltl0W4o__000259000_000320000,indicconformer_free__sortformer_stream+rule,False,0.17118894918598931,0.04982733103108058,0.03584936688044731,0.08551225127446144,0.569016393442623,60.81,3.03000000000001,2.180000000000001,5.2,2,1,0,-1,61.0,0.0227,Punjabi
90uAd6xpTPo__000016000_000408000,indicconformer_free__sortformer_stream+rule,False,0.526412205391808,0.03119702520916492,0.02753322032044603,0.46768195986219707,0.7543102947390112,365.7400000000001,11.409999999999982,10.069999999999935,171.05,4,2,0,-2,392.0,0.0067,Devanagari (hi/mr)
9Aw8kg8w5Xo__000000000_000083000,indicconformer_free__sortformer_stream+rule,False,0.23119198827552487,0.02650219833903282,0.022594040058622235,0.18209574987786978,0.6214759176285546,81.88000000000002,2.170000000000008,1.8499999999999892,14.909999999999982,4,3,0,-1,83.0,0.0216,Telugu
9_GMxc_JjyI__000236000_000368000,indicconformer_free__sortformer_stream+rule,False,0.17688901792843126,0.06786673441242642,0.041010379618204036,0.06801190389780082,0.49060582255137847,137.77,9.349999999999989,5.64999999999997,9.370000000000019,2,2,1,0,132.0,0.0602,Kannada
ARCKJrGkITw__000014000_000496000,indicconformer_free__sortformer_stream+rule,False,0.4730348612262624,0.09518733467566845,0.050455999052469724,0.3273915274981243,0.570672048456673,506.5799999999995,48.22000000000007,25.560000000000088,165.84999999999962,3,3,1,0,482.0,0.0844,Telugu
ARZl7LT0UC0__000073000_000130000,indicconformer_free__sortformer_stream+rule,False,0.2826688364524009,0.06981285598047196,0.05988608624898318,0.1529698942229457,0.49161373543860115,61.44999999999999,4.290000000000001,3.6800000000000157,9.400000000000013,3,3,1,0,57.0,0.0905,Telugu
A_dohDOK6Ic__000000000_000600000,indicconformer_free__sortformer_stream+rule,False,0.3692366227387491,0.019681090242467846,0.01942167341150369,0.3301338590847775,0.5172676058956259,578.2200000000001,11.379999999999761,11.229999999999666,190.8900000000001,3,3,1,0,600.0,0.0048,Devanagari (hi/mr)
B2ScTgeIIck__000117000_000180000,indicconformer_free__sortformer_stream+rule,False,0.3182227559291505,0.08210747523266286,0.08661062743920762,0.14950465325728,0.354513084271328,66.62,5.47,5.770000000000012,9.959999999999994,2,2,1,0,63.0,0.0879,Odia
BGAAfht5dYw__000000000_000612000,indicconformer_free__sortformer_stream+rule,False,0.38170109928973495,0.07942589372550167,0.044664171406678534,0.2576110341575547,0.5892583686664443,678.6199999999995,53.899999999999906,30.310000000000166,174.81999999999965,4,4,1,0,612.0,0.135,Gujarati
BYLcUGNB_zM__000020000_001387000,indicconformer_free__sortformer_stream+rule,False,0.1480908346541872,0.027719142734805614,0.01473095905229113,0.10564073286709048,0.21939432519878038,1331.2099999999991,36.90000000000056,19.61000000000046,140.62999999999943,4,4,1,0,1367.0,0.0054,Kannada
Bngfppo1QtA__000028000_000927000,indicconformer_free__sortformer_stream+rule,False,0.6447495687377218,0.13208092773739413,0.14968041720262787,0.3629882237976998,0.6901912703165991,1002.8699999999983,132.46000000000024,150.10999999999916,364.02999999999855,5,4,0,-1,899.0,0.1261,Telugu
CO_8ppdzq9U__000000000_000695000,indicconformer_free__sortformer_stream+rule,False,0.6243063433179018,0.02103197718980921,0.03743446668915031,0.5658398994389423,0.8011397604235463,652.3399999999991,13.720000000000121,24.420000000000282,369.1199999999991,4,4,1,0,695.0,0.0186,Tamil
Cku_X_SL7qU__000060000_000660000,indicconformer_free__sortformer_stream+rule,False,0.7629081971836663,0.15904832893490972,0.3696891557041843,0.23417071254457233,0.637403334519061,496.38999999999953,78.94999999999976,183.50999999999988,116.24000000000015,3,4,0,1,600.0,0.1022,Gujarati
DPmew0didIM__000191000_000512000,indicconformer_free__sortformer_stream+rule,False,0.46371708511941206,0.0997244335578687,0.08894672382118822,0.27504592774035513,0.6335675439998916,326.5999999999999,32.56999999999991,29.050000000000065,89.82999999999997,5,4,0,-1,321.0,0.062,Telugu
EmsKkNN2Me4__000035000_000095000,indicconformer_free__sortformer_stream+rule,False,0.5168946761166967,0.04961265864512951,0.09906049118180278,0.3682215262897644,0.6049984783338991,60.669999999999995,3.010000000000007,6.009999999999974,22.340000000000003,2,2,1,0,60.0,0.0471,Malayalam
ExGJodnzocM__000212000_000527000,indicconformer_free__sortformer_stream+rule,False,0.42835464290326686,0.03106031254035894,0.0346764819837268,0.36261784837918115,0.5842917111872605,309.72,9.619999999999973,10.739999999999867,112.30999999999999,4,4,1,0,315.0,0.0133,Devanagari (hi/mr)
F2uXav-wriA__000000000_000907000,indicconformer_free__sortformer_stream+rule,False,0.41698613332164947,0.05730684133277752,0.013954303489671012,0.34572498849920086,0.5329937831767237,912.9799999999991,52.31999999999917,12.739999999999828,315.6400000000001,4,4,1,0,907.0,0.0336,Devanagari (hi/mr)
FDMf9ApmoNU__000016000_000686000,indicconformer_free__sortformer_stream+rule,False,0.402669756515665,0.13750357131519653,0.11294879527634047,0.15221738992412803,0.5355591908181002,630.0199999999985,86.62999999999991,71.15999999999985,95.89999999999891,4,4,1,0,670.0,0.0882,Bengali
G6qzg93FxwE__000021000_000116000,indicconformer_free__sortformer_stream+rule,False,0.1715575620767494,0.03912716328066212,0.021175964742556144,0.11125443405353114,0.2563187478363879,93.03,3.639999999999997,1.969999999999998,10.350000000000001,2,3,0,1,95.0,0.0061,Gujarati
GEc_sS2KWo8__000096000_000290000,indicconformer_free__sortformer_stream+rule,False,0.4391365180891464,0.12159371044040244,0.10227197015124267,0.2152708374975013,0.6617564680785752,150.08999999999997,18.25,15.35000000000001,32.30999999999997,4,3,0,-1,194.0,0.0378,Gujarati
GfFLEIAAumk__000090000_000163000,indicconformer_free__sortformer_stream+rule,False,0.16986003533088725,0.04402772115776607,0.04035874439461877,0.0854735697785024,0.22517149425007738,73.59,3.240000000000005,2.9699999999999953,6.289999999999992,2,2,1,0,73.0,0.0285,Bengali
Gq45evw6ytY__000597000_001464000,indicconformer_free__sortformer_stream+rule,False,0.5757227128661495,0.10804317666565191,0.08666914808423208,0.38101038811626553,0.6880874060715527,886.5899999999982,95.79000000000013,76.83999999999916,337.79999999999916,3,3,1,0,867.0,0.0869,Odia
HZv_WvIr6lE__000021000_000105000,indicconformer_free__sortformer_stream+rule,False,0.27040208084968004,0.11054513926519997,0.05202124200715269,0.10783569957732735,0.3167536358434602,92.27000000000001,10.200000000000003,4.799999999999979,9.949999999999996,3,3,1,0,84.0,0.1276,Tamil
HpYG46tGyYs__000103000_000998000,indicconformer_free__sortformer_stream+rule,False,0.21721259129384715,0.024999129152491233,0.04080210861210118,0.15141135352925475,0.28736223131177946,861.2299999999998,21.53000000000002,35.13999999999989,130.40000000000003,4,4,1,0,895.0,0.0022,Devanagari (hi/mr)
IAm1rt-MYcA__000004000_000558000,indicconformer_free__sortformer_stream+rule,False,0.4509351402248768,0.0836548935620256,0.10691800675738058,0.2603622399054706,0.6230847933810486,541.6299999999995,45.30999999999989,57.91,141.01999999999992,4,4,1,0,554.0,0.0445,Bengali
Iare1Emeueg__000016000_000069000,indicconformer_free__sortformer_stream+rule,False,0.48173832639852077,0.2454923717059641,0.16458622283865024,0.0716597318539064,0.4666626949447297,43.25999999999999,10.620000000000005,7.120000000000008,3.09999999999999,2,2,1,0,53.0,0.0,Devanagari (hi/mr)
IfTL8SSN270__000062000_000671000,indicconformer_free__sortformer_stream+rule,False,0.432229686982195,0.10979724640737433,0.05126080800168727,0.27117163257313337,0.5382604295818579,663.8599999999994,72.88999999999946,34.030000000000086,180.02000000000015,4,4,1,0,609.0,0.1121,Devanagari (hi/mr)
Ig6szCD8m20__000046000_000106000,indicconformer_free__sortformer_stream+rule,False,0.24135615978516298,0.02148371936891574,0.06461899966431724,0.15525344075193,0.31462200944100127,59.57999999999998,1.2799999999999994,3.850000000000019,9.249999999999986,2,2,1,0,60.0,0.0204,Devanagari (hi/mr)
Iqhnt8ENm3U__000027000_000088000,indicconformer_free__sortformer_stream+rule,False,0.5644531249999998,0.17893629807692296,0.09179687499999997,0.29371995192307687,0.6311051457113162,66.55999999999997,11.909999999999988,6.109999999999996,19.54999999999999,3,3,1,0,61.0,0.1772,Devanagari (hi/mr)
J4-VpEkBzWw__000000000_000600000,indicconformer_free__sortformer_stream+rule,False,0.5526162745005582,0.03685889879127949,0.023435658037440937,0.49232171767183774,0.7289959260672416,636.2099999999987,23.449999999999875,14.910000000000267,313.21999999999923,7,4,0,-3,600.0,0.0685,Kannada
JBYGLQJwFDc__000103000_000407000,indicconformer_free__sortformer_stream+rule,False,0.46594789548401955,0.1393546406783563,0.11909603652687736,0.20749721827878587,0.6741335566935353,260.62999999999994,36.31999999999999,31.04000000000004,54.07999999999995,3,2,0,-1,304.0,0.012,Tamil
JSB1CeS4pP8__000000000_000632000,indicconformer_free__sortformer_stream+rule,False,0.3268152143929857,0.049790051184600816,0.04833420173475904,0.22869096147362586,0.42728803741797994,652.5399999999986,32.48999999999935,31.539999999999594,149.2299999999995,4,4,1,0,632.0,0.088,Punjabi
Jc5AVwg2cZM__000153000_000214000,indicconformer_free__sortformer_stream+rule,False,0.8395278353804432,0.3035571861540914,0.25745732971765806,0.27851331950869374,0.7227063885477424,62.69,19.029999999999987,16.139999999999983,17.460000000000008,3,4,0,1,61.0,0.2816,Devanagari (hi/mr)
KAtdcDieQMw__000057000_000599000,indicconformer_free__sortformer_stream+rule,False,0.629900149517932,0.06016807878048252,0.055699726743086465,0.514032343994363,0.74490461196738,581.8699999999991,35.00999999999931,32.40999999999967,299.09999999999957,3,4,0,1,542.0,0.1073,Odia
KPkRi3GM7fs__000047000_000642000,indicconformer_free__sortformer_stream+rule,False,0.406503360820456,0.017323816783313784,0.027302335250502362,0.36187720878663987,0.5882538086322318,577.24,10.00000000000005,15.759999999999984,208.89,3,2,0,-1,595.0,0.0031,Odia
Kdi-ECuOaKg__000002000_000078000,indicconformer_free__sortformer_stream+rule,False,0.9457939145998469,0.3807210432114551,0.24776272053183354,0.31731015085655817,0.9043156707439289,39.11,14.89000000000001,9.69000000000001,12.40999999999999,6,3,0,-3,76.0,0.0,Malayalam
L7xRazDdtgw__000019000_000083000,indicconformer_free__sortformer_stream+rule,False,0.8603234122334192,0.24630888211858448,0.18912584954300427,0.4248886805718305,0.8938086587950348,42.66999999999999,10.509999999999996,8.06999999999999,18.130000000000003,3,3,1,0,64.0,0.0012,Gujarati
LBIWBxQ5H1s__000090000_001020000,indicconformer_free__sortformer_stream+rule,False,0.4965746660429335,0.10069130412183545,0.07254015281459522,0.3233432091065028,0.5933350813357904,961.9499999999986,96.85999999999947,69.77999999999977,311.0399999999999,4,4,1,0,930.0,0.0724,Malayalam
LK23jX9tgZM__000059000_000221000,indicconformer_free__sortformer_stream+rule,False,0.5102508239763142,0.19848053181386519,0.06094631584827652,0.2508239763141724,0.6834226608678972,179.01000000000005,35.530000000000015,10.909999999999982,44.90000000000002,3,4,0,1,162.0,0.1712,Gujarati
LctYmmr9-Vg__000000000_000061000,indicconformer_free__sortformer_stream+rule,False,0.17115987460815013,0.09467084639498426,0.05350052246603942,0.02298850574712646,0.1810814927646609,47.85000000000001,4.529999999999998,2.5599999999999867,1.1000000000000014,2,2,1,0,61.0,0.0,Devanagari (hi/mr)
LqQHdo7t5Ps__000198000_000498000,indicconformer_free__sortformer_stream+rule,False,0.15141504614651083,0.014201546163539193,0.023601130674658372,0.11361236930831325,0.2516316338915181,293.63000000000005,4.170000000000014,6.929999999999939,33.36000000000003,3,3,1,0,300.0,0.0019,Devanagari (hi/mr)
Md3p6RTanBg__000315000_000426000,indicconformer_free__sortformer_stream+rule,False,0.1289524818936587,0.020049461225931955,0.01598657481010445,0.0929164458576223,0.17815077034006088,113.21999999999998,2.2700000000000156,1.8100000000000254,10.519999999999996,3,3,1,0,111.0,0.0528,Bengali
MmtWBUK2DKE__000000000_000310000,indicconformer_free__sortformer_stream+rule,False,0.5786331756646547,0.03510030990050585,0.019474800195726425,0.5240580655684224,0.828849612938745,306.55000000000007,10.760000000000069,5.969999999999937,160.64999999999992,5,2,0,-3,310.0,0.0432,Devanagari (hi/mr)
NLgHpYyf5bY__000313000_000383000,indicconformer_free__sortformer_stream+rule,False,0.16896501669327893,0.023515749745971697,0.031499491943678175,0.11394977500362907,0.31873846991677734,68.89,1.6199999999999901,2.1699999999999897,7.850000000000007,2,2,1,0,70.0,0.0097,Devanagari (hi/mr)
NuhdqCEuIBo__000197000_000540000,indicconformer_free__sortformer_stream+rule,False,0.2804963840504263,0.05974055210062719,0.07108084531614964,0.1496749866336495,0.41878980888269596,355.36999999999915,21.229999999999833,25.260000000000037,53.1899999999999,3,4,0,1,343.0,0.0562,Punjabi
O4_aeGFzZ8A__000000000_000335000,indicconformer_free__sortformer_stream+rule,False,0.4270978966663559,0.04110355112312407,0.017895423618230863,0.368098921925001,0.6966321012412138,321.87,13.229999999999944,5.759999999999968,118.48000000000006,8,4,0,-4,335.0,0.0004,Kannada
OXUt5KnlUMo__000091000_000181000,indicconformer_free__sortformer_stream+rule,False,0.28597892786847257,0.06865809887692471,0.04202848211184436,0.1752923468797035,0.4211912184488088,86.37,5.929999999999987,3.6299999999999972,15.139999999999992,2,2,1,0,90.0,0.0,Odia
OxYCBQKZ3iY__000000000_001822000,indicconformer_free__sortformer_stream+rule,False,0.6841707349950473,0.0917557010320744,0.04662802487296935,0.5457870090900037,0.8219121676890168,1706.2699999999893,156.5599999999966,79.56000000000091,931.2599999999948,7,4,0,-3,1822.0,0.0659,Punjabi
PCUA2q2C-2A__000045000_000107000,indicconformer_free__sortformer_stream+rule,False,0.03261406687530874,0.01762477351342448,0.014989293361884261,0.0,0.05247011843747366,60.71000000000001,1.0700000000000003,0.9099999999999936,0.0,3,3,1,0,62.0,0.0063,Devanagari (hi/mr)
PEDfT9-Yf2o__000000000_000469000,indicconformer_free__sortformer_stream+rule,False,0.19833581718827586,0.026626924987580708,0.008941877794336549,0.1627670144063586,0.30540914715102746,402.6,10.719999999999994,3.599999999999895,65.52999999999997,3,3,1,0,469.0,0.011,Bengali
PQB3-4sZUeY__000000000_001132000,indicconformer_free__sortformer_stream+rule,False,0.6520038235502364,0.06754938752389576,0.09813778942151076,0.48631664660482987,0.7345819725850629,1129.8399999999933,76.31999999999793,110.87999999999906,549.4599999999978,4,4,1,0,1132.0,0.1069,Telugu
PRAzUz0GANs__000223000_000283000,indicconformer_free__sortformer_stream+rule,False,0.6412055493541701,0.08260245574868441,0.10556530059001742,0.45303779301546826,0.5944082524091465,62.71,5.18,6.619999999999993,28.410000000000014,2,3,0,1,60.0,0.0822,Kannada
PSIzXy5-y2E__000002000_000918000,indicconformer_free__sortformer_stream+rule,False,0.5572151045178695,0.12328613171499207,0.08287255563047911,0.35105641717239827,0.6541692509609965,889.7999999999989,109.69999999999982,73.74000000000022,312.3699999999996,3,4,0,1,916.0,0.0434,Devanagari (hi/mr)
PVDfS7lcJHY__000000000_000360000,indicconformer_free__sortformer_stream+rule,False,0.5958603115167584,0.072054502431287,0.0657617598876666,0.4580440491978048,0.7666052022712645,384.5699999999994,27.709999999999997,25.289999999999907,176.14999999999952,6,4,0,-2,360.0,0.1127,Kannada
Pjre5dpnKGA__000000000_000330000,indicconformer_free__sortformer_stream+rule,False,0.4467185032919229,0.05454762117555923,0.07075401435934112,0.3214168677570226,0.5923581307847321,335.66999999999973,18.309999999999953,23.750000000000014,107.88999999999969,4,4,1,0,330.0,0.0933,Kannada
QhpjuNTZoA8__000000000_000586000,indicconformer_free__sortformer_stream+rule,False,0.30494366220216174,0.04268262767992922,0.027146805344322986,0.23511422917790956,0.4161586928141112,611.4899999999993,26.099999999999888,16.600000000000044,143.76999999999975,3,3,1,0,586.0,0.0512,Kannada
QuA_B6IZ6Ls__000061000_001863000,indicconformer_free__sortformer_stream+rule,False,0.603427552820483,0.358524687773904,0.03471192357903366,0.2101909414675453,0.6092661275547422,2703.969999999993,969.4400000000007,93.8599999999994,568.349999999997,4,4,1,0,1802.0,0.3694,Devanagari (hi/mr)
RL2fhIEEbZg__000000000_000065000,indicconformer_free__sortformer_stream+rule,False,0.11348709332518701,0.008859019398197518,0.07744004887734841,0.027188025049641087,0.39069039380458065,65.46999999999997,0.5799999999999912,5.0699999999999985,1.7800000000000011,3,2,0,-1,65.0,0.0563,Telugu
RL2fhIEEbZg__000066000_001034000,indicconformer_free__sortformer_stream+rule,False,0.3156029419023637,0.08160323806703165,0.08010267041808536,0.1538970334172467,0.34421569273344516,1012.9499999999989,82.65999999999963,81.13999999999947,155.88999999999987,3,4,0,1,968.0,0.0719,Telugu
RWTmftezCwI__000000000_000060000,indicconformer_free__sortformer_stream+rule,False,0.2551688490696074,0.02997932460372167,0.02911784975878736,0.19607167470709838,0.45995271806991567,58.03999999999999,1.7400000000000055,1.6900000000000182,11.379999999999988,2,2,1,0,60.0,0.0244,Malayalam
RZUZyvRzi80__000000000_000336000,indicconformer_free__sortformer_stream+rule,False,0.17865529600791008,0.041929304165121035,0.010876282288963158,0.12584970955382588,0.34332754320066866,323.6399999999999,13.569999999999766,3.520000000000035,40.73000000000019,4,3,0,-1,336.0,0.0001,Punjabi
SZ7ay4OjfAE__000000000_000897000,indicconformer_free__sortformer_stream+rule,False,0.6356986100950998,0.14627612250143318,0.04483085865675517,0.4445916289369114,0.7723591447924119,1011.5799999999967,147.9699999999993,45.35000000000025,449.7399999999994,5,4,0,-1,897.0,0.1794,Telugu
T3I2T-cfhG4__000160000_000210000,indicconformer_free__sortformer_stream+rule,False,0.10623802427081092,0.022354694485841955,0.06450926123057253,0.019374068554396422,0.1247265640245089,46.970000000000006,1.0499999999999967,3.0299999999999923,0.9100000000000001,2,2,1,0,50.0,0.0,Devanagari (hi/mr)
TU3M6wSQV_g__000099000_000171000,indicconformer_free__sortformer_stream+rule,False,0.1665995975855128,0.0519114688128771,0.028303152246814064,0.08638497652582165,0.3632393300810309,74.54999999999998,3.869999999999987,2.109999999999988,6.440000000000003,2,2,1,0,72.0,0.0451,Telugu
Tlha36rSd5o__000240000_000374000,indicconformer_free__sortformer_stream+rule,False,0.1320060765971053,0.051731030622851046,0.07251938914208031,0.007755656832173973,0.10859212088140104,125.07000000000001,6.469999999999981,9.069999999999984,0.9699999999999989,2,2,1,0,134.0,0.0,Tamil
TrPnW5kLAyQ__000093000_000513000,indicconformer_free__sortformer_stream+rule,False,0.34470263284595615,0.11978308795580682,0.050046879355345686,0.17487266553480363,0.46383945341166033,394.6299999999995,47.26999999999998,19.750000000000043,69.00999999999947,4,4,1,0,420.0,0.0501,Devanagari (hi/mr)
U_EHjxThUgc__000181000_000289000,indicconformer_free__sortformer_stream+rule,False,0.32632516703786224,0.05612472160356373,0.04668151447661479,0.2235189309576837,0.5285990006643898,112.25000000000001,6.300000000000029,5.240000000000011,25.089999999999996,3,2,0,-1,108.0,0.0529,Bengali
VHlIFsHPWbk__000023000_000470000,indicconformer_free__sortformer_stream+rule,False,0.6299300325326438,0.028499487499443192,0.04235928517313582,0.5590712598600648,0.7668424189464178,448.7800000000001,12.790000000000118,19.0099999999999,250.89999999999992,4,4,1,0,447.0,0.0269,Odia
VKY0uuZ6Om8__000575000_000935000,indicconformer_free__sortformer_stream+rule,False,0.537925936523833,0.15683048382096912,0.08143167131649863,0.29966378138636535,0.5994532706899904,419.3699999999996,65.76999999999975,34.15,125.66999999999992,3,3,1,0,360.0,0.1718,Devanagari (hi/mr)
VY_4x1scS-Y__000013000_000121000,indicconformer_free__sortformer_stream+rule,False,0.6636273359212783,0.15103367337726853,0.026270650898257704,0.48632301164575215,0.8464995061038573,110.76999999999998,16.730000000000032,2.9100000000000055,53.869999999999955,4,3,0,-1,108.0,0.0427,Tamil
0AEEA8NyVwY__000011000_000609000,indicconformer_free__sortformer+rule,False,0.07309464728819531,0.04369018078695484,0.025753278979085265,0.0036511875221552173,0.08834860497767826,564.2,24.64999999999992,14.529999999999907,2.059999999999974,3,3,1,0,598.0,0.0047,Devanagari (hi/mr)
0SoItGfM_sY__000007000_000088000,indicconformer_free__sortformer+rule,False,0.38746601802833003,0.06710545142366586,0.12419516382887372,0.19616540277579045,0.7072970200148887,69.89000000000001,4.690000000000008,8.679999999999986,13.709999999999997,5,3,0,-2,81.0,0.0,Kannada
0VEwL9XZ0LY__000261000_000557000,indicconformer_free__sortformer+rule,False,0.24484153043237808,0.14184495213078485,0.060622818235233064,0.042373760066360164,0.25151836381187787,289.32999999999987,41.039999999999964,17.539999999999974,12.25999999999998,2,2,1,0,296.0,0.0355,Devanagari (hi/mr)
0esIFSOAcFs__000000000_000913000,indicconformer_free__sortformer+rule,True,1.0,1.0,0.0,0.0,1.0,925.5799999999994,925.5799999999994,0.0,0.0,3,0,0,-3,913.0,0.0232,Gujarati
0p6cktLGIfY__000012000_000930000,indicconformer_free__sortformer+rule,True,1.0,1.0,0.0,0.0,1.0,831.3,831.3,0.0,0.0,6,0,0,-6,918.0,0.0329,Gujarati
13VBh0Z6QmE__000000000_000904000,indicconformer_free__sortformer+rule,True,1.0,1.0,0.0,0.0,1.0,887.0799999999995,887.0799999999995,0.0,0.0,4,0,0,-4,904.0,0.029,Tamil
1LFl5JEipII__000000000_000597000,indicconformer_free__sortformer+rule,False,0.5161055904819845,0.18177516392888432,0.013114310822686888,0.3212161157304132,0.6307865364954389,591.7199999999984,107.55999999999915,7.7600000000002645,190.0699999999996,5,4,0,-1,597.0,0.1006,Bengali
2HGP34TNvjg__000084000_000194000,indicconformer_free__sortformer+rule,False,0.31457148460482415,0.12953520298097648,0.06373798784075299,0.12129829378309473,0.3493976597877109,101.98,13.209999999999983,6.49999999999999,12.370000000000001,2,3,0,1,110.0,0.0128,Odia
2LN6vb7EBn0__000098000_000394000,indicconformer_free__sortformer+rule,False,0.3785338306550003,0.1371352877610072,0.11789312232021451,0.12350542057377861,0.414019789165559,286.8699999999999,39.34000000000012,33.81999999999992,35.42999999999986,3,3,1,0,296.0,0.0238,Tamil
2T4pjueLrsk__000677000_001290000,indicconformer_free__sortformer+rule,False,0.4983444317721927,0.181542253780214,0.10696810271881091,0.20983407527316777,0.6810073979496623,543.6199999999991,98.68999999999977,58.14999999999989,114.06999999999928,4,3,0,-1,613.0,0.0342,Gujarati
2gGHQgj9yno__000000000_000099000,indicconformer_free__sortformer+rule,False,0.40689439700062474,0.2844199125182253,0.06259112684857306,0.05988335763382634,0.5748186021745328,96.01999999999998,27.309999999999988,6.009999999999984,5.7500000000000036,4,3,0,-1,99.0,0.0798,Gujarati
2iMXYxBTwbM__000339000_000401000,indicconformer_free__sortformer+rule,False,0.8254551820728286,0.2787114845938374,0.2645308123249297,0.2822128851540617,0.7968327706691484,57.120000000000005,15.919999999999991,15.109999999999987,16.120000000000005,3,2,0,-1,62.0,0.1275,Devanagari (hi/mr)
37dND_0r6S8__000060000_000222000,indicconformer_free__sortformer+rule,False,0.48338171692635806,0.0995912080099533,0.13608626103442137,0.2477042478819834,0.5436530554770509,168.79,16.810000000000016,22.96999999999998,41.809999999999974,2,2,1,0,162.0,0.0896,Tamil
4Qg2jWP6_T0__000136000_000202000,indicconformer_free__sortformer+rule,False,0.8691575507884636,0.16678505469526905,0.24506321920727342,0.45730927688592105,0.8020023015389973,70.39000000000001,11.739999999999991,17.24999999999998,32.18999999999999,3,2,0,-1,66.0,0.2093,Punjabi
6-726qTlYeg__000102000_000162000,indicconformer_free__sortformer+rule,False,0.5685570710696339,0.11457286432160783,0.1458722182340274,0.30811198851399874,0.5788073282936821,69.64999999999999,7.979999999999984,10.160000000000007,21.460000000000008,2,2,1,0,60.0,0.161,Malayalam
6ZeRgvDHwcI__000006000_000100000,indicconformer_free__sortformer+rule,False,0.6793048973143765,0.38120063191153264,0.16097946287519768,0.1371248025276461,0.6295627101301348,63.29999999999999,24.130000000000013,10.190000000000012,8.679999999999998,2,2,1,0,94.0,0.0125,Gujarati
6f6TLzlP8Wk__000082000_000144000,indicconformer_free__sortformer+rule,False,0.6099507556461198,0.11784683307862116,0.11614875191034132,0.3759551706571573,0.6463338463037966,58.89000000000001,6.940000000000001,6.840000000000002,22.139999999999993,2,3,0,1,62.0,0.051,Punjabi
7L4gi7Ncc0s__000090000_000148000,indicconformer_free__sortformer+rule,False,0.1841207113346507,0.0905335009879649,0.04167415124842825,0.05191305909825754,0.25435201296866417,55.669999999999995,5.040000000000005,2.3200000000000003,2.889999999999997,2,2,1,0,58.0,0.0,Malayalam
7WhVNRHbjIY__000091000_001089000,indicconformer_free__sortformer+rule,True,1.0,1.0,0.0,0.0,1.0,996.6799999999998,996.6799999999998,0.0,0.0,5,0,0,-5,998.0,0.0133,Tamil
7YfsQPYY-W0__000351000_000411000,indicconformer_free__sortformer+rule,False,0.5998443579766534,0.1626459143968869,0.1374319066147857,0.2997665369649808,0.6189969116401666,64.24999999999999,10.44999999999998,8.829999999999979,19.260000000000012,2,2,1,0,60.0,0.1219,Odia
7c9ePKgqams__000299000_000869000,indicconformer_free__sortformer+rule,False,0.36165329285043074,0.10220125786163586,0.03330803151883153,0.22614400346996336,0.6154030151899671,553.32,56.55000000000036,18.429999999999865,125.13000000000014,4,3,0,-1,570.0,0.0055,Telugu
7k-xDqNjESc__000073000_000981000,indicconformer_free__sortformer+rule,True,1.0,1.0,0.0,0.0,1.0,897.5899999999995,897.5899999999995,0.0,0.0,4,0,0,-4,908.0,0.0421,Malayalam
83gP2vLH7UY__000255000_002005000,indicconformer_free__sortformer+rule,True,1.0,1.0,0.0,0.0,1.0,2043.6199999999963,2043.6199999999963,0.0,0.0,5,0,0,-5,1750.0,0.2022,Devanagari (hi/mr)
86mMTUeDiR8__000181000_001079000,indicconformer_free__sortformer+rule,True,1.0,1.0,0.0,0.0,1.0,823.15,823.15,0.0,0.0,5,0,0,-5,898.0,0.0517,Bengali
87Zbup3ohcw__000106000_000445000,indicconformer_free__sortformer+rule,False,0.15764485397469916,0.07218491332188033,0.04547868186787426,0.039981258784944594,0.3073561931336718,320.15000000000003,23.10999999999999,14.559999999999945,12.800000000000013,4,4,1,0,339.0,0.0152,Tamil
8Ve4SWhlrrA__000000000_000070000,indicconformer_free__sortformer+rule,False,0.02099984328475153,0.005328318445384713,0.015671524839366815,0.0,0.07539604020368369,63.809999999999995,0.3399999999999985,0.9999999999999964,0.0,2,2,1,0,70.0,0.0,Odia
8mvORuRHw2U__000000000_001197000,indicconformer_free__sortformer+rule,True,1.0,1.0,0.0,0.0,1.0,1159.319999999999,1159.319999999999,0.0,0.0,4,0,0,-4,1197.0,0.0417,Gujarati
8o7jKmq6HsM__000030000_001770000,indicconformer_free__sortformer+rule,True,1.0,1.0,0.0,0.0,1.0,1767.2599999999993,1767.2599999999993,0.0,0.0,6,0,0,-6,1740.0,0.0471,Devanagari (hi/mr)
8pkp-lpMJP0__000326000_000926000,indicconformer_free__sortformer+rule,False,0.5074948311509306,0.24633873190902827,0.019584194808178412,0.24157190443372387,0.817184792033746,696.4799999999996,171.5699999999999,13.640000000000093,168.2499999999999,8,4,0,-4,600.0,0.2032,Telugu
8r2Nltl0W4o__000259000_000320000,indicconformer_free__sortformer+rule,False,0.17776681466864022,0.05377405032067114,0.038480513073507666,0.08551225127446144,0.5709836065573771,60.81,3.270000000000012,2.340000000000001,5.2,2,1,0,-1,61.0,0.0227,Punjabi
90uAd6xpTPo__000016000_000408000,indicconformer_free__sortformer+rule,False,0.4430469732596921,0.06277683600371771,0.025865368841252973,0.3544047684147214,0.55502871272883,365.74000000000007,22.95999999999972,9.459999999999864,129.62000000000023,4,4,1,0,392.0,0.0067,Devanagari (hi/mr)
9Aw8kg8w5Xo__000000000_000083000,indicconformer_free__sortformer+rule,False,0.16133365901319013,0.02979970688812903,0.0346849047386419,0.09684904738641921,0.5246874469456531,81.88000000000002,2.4400000000000057,2.84,7.930000000000007,4,3,0,-1,83.0,0.0216,Telugu
9_GMxc_JjyI__000236000_000368000,indicconformer_free__sortformer+rule,False,0.19278507657690339,0.06401974305001076,0.06039050591565633,0.06837482761123626,0.48607035025710255,137.77,8.819999999999984,8.319999999999974,9.42000000000002,2,2,1,0,132.0,0.0602,Kannada
ARCKJrGkITw__000014000_000496000,indicconformer_free__sortformer+rule,False,0.4584073591535394,0.10097121876110385,0.048185873899483075,0.3092502664929525,0.5837289601096511,506.5799999999997,51.149999999999956,24.41000000000012,156.6599999999998,3,3,1,0,482.0,0.0844,Telugu
ARZl7LT0UC0__000073000_000130000,indicconformer_free__sortformer+rule,False,0.28218063466232723,0.07339300244100881,0.06346623270952001,0.14532139951179843,0.48620633101866456,61.44999999999999,4.509999999999991,3.900000000000004,8.930000000000012,3,3,1,0,57.0,0.0905,Telugu
A_dohDOK6Ic__000000000_000600000,indicconformer_free__sortformer+rule,False,0.4404206011552697,0.031095430804883646,0.01810729480128658,0.3912178755490995,0.607497129739412,578.22,17.979999999999823,10.469999999999928,226.21000000000032,3,3,1,0,600.0,0.0048,Devanagari (hi/mr)
B2ScTgeIIck__000117000_000180000,indicconformer_free__sortformer+rule,False,0.34569198438907234,0.13059141398979274,0.0762533773641551,0.13884719303512447,0.37559081285843104,66.61999999999998,8.699999999999989,5.080000000000012,9.24999999999999,2,2,1,0,63.0,0.0879,Odia
BGAAfht5dYw__000000000_000612000,indicconformer_free__sortformer+rule,True,1.0,1.0,0.0,0.0,1.0,678.6199999999995,678.6199999999995,0.0,0.0,4,0,0,-4,612.0,0.135,Gujarati
BYLcUGNB_zM__000020000_001387000,indicconformer_free__sortformer+rule,True,1.0,1.0,0.0,0.0,1.0,1331.2099999999998,1331.2099999999998,0.0,0.0,4,0,0,-4,1367.0,0.0054,Kannada
Bngfppo1QtA__000028000_000927000,indicconformer_free__sortformer+rule,True,1.0,1.0,0.0,0.0,1.0,1002.8700000000006,1002.8700000000006,0.0,0.0,5,0,0,-5,899.0,0.1261,Telugu
CO_8ppdzq9U__000000000_000695000,indicconformer_free__sortformer+rule,True,1.0,1.0,0.0,0.0,1.0,652.34,652.34,0.0,0.0,4,0,0,-4,695.0,0.0186,Tamil
Cku_X_SL7qU__000060000_000660000,indicconformer_free__sortformer+rule,False,0.7736255766635104,0.21783275247285336,0.36175184834505175,0.1940409758456054,0.639828693221669,496.3899999999995,108.12999999999957,179.57000000000005,96.31999999999996,3,3,1,0,600.0,0.1022,Gujarati
DPmew0didIM__000191000_000512000,indicconformer_free__sortformer+rule,False,0.4392835272504583,0.12033067973055678,0.0832210655235759,0.23573178199632566,0.6291276344511775,326.59999999999985,39.29999999999983,27.17999999999988,76.98999999999992,5,4,0,-1,321.0,0.062,Telugu
EmsKkNN2Me4__000035000_000095000,indicconformer_free__sortformer+rule,False,0.50074171748805,0.05554639854953018,0.0984011867479806,0.34679413219053923,0.5812266522988507,60.669999999999995,3.3699999999999957,5.969999999999982,21.040000000000013,2,2,1,0,60.0,0.0471,Malayalam
ExGJodnzocM__000212000_000527000,indicconformer_free__sortformer+rule,False,0.4649683585173702,0.0540811055146585,0.03367557794136603,0.3772116750613457,0.6265829419769179,309.7200000000001,16.750000000000036,10.42999999999989,116.83000000000001,4,4,1,0,315.0,0.0133,Devanagari (hi/mr)
F2uXav-wriA__000000000_000907000,indicconformer_free__sortformer+rule,True,1.0,1.0,0.0,0.0,1.0,912.9799999999997,912.9799999999997,0.0,0.0,4,0,0,-4,907.0,0.0336,Devanagari (hi/mr)
FDMf9ApmoNU__000016000_000686000,indicconformer_free__sortformer+rule,True,1.0,1.0,0.0,0.0,1.0,630.0199999999991,630.0199999999991,0.0,0.0,4,0,0,-4,670.0,0.0882,Bengali
G6qzg93FxwE__000021000_000116000,indicconformer_free__sortformer+rule,False,0.06664516822530361,0.041706976244222246,0.021175964742556144,0.003762227238525222,0.0785749915532816,93.03,3.8799999999999955,1.969999999999998,0.3500000000000014,2,2,1,0,95.0,0.0061,Gujarati
GEc_sS2KWo8__000096000_000290000,indicconformer_free__sortformer+rule,False,0.2389899393697118,0.13365314144846444,0.06742621094010268,0.03791058698114471,0.482377605131248,150.08999999999997,20.060000000000024,10.12000000000001,5.690000000000008,4,3,0,-1,194.0,0.0378,Gujarati
GfFLEIAAumk__000090000_000163000,indicconformer_free__sortformer+rule,False,0.17203424378312254,0.04402772115776597,0.045794265525207045,0.08221225710014952,0.22188258940041747,73.59,3.239999999999998,3.369999999999987,6.050000000000004,2,2,1,0,73.0,0.0285,Bengali
Gq45evw6ytY__000597000_001464000,indicconformer_free__sortformer+rule,True,1.0,1.0,0.0,0.0,1.0,886.5900000000001,886.5900000000001,0.0,0.0,3,0,0,-3,867.0,0.0869,Odia
HZv_WvIr6lE__000021000_000105000,indicconformer_free__sortformer+rule,False,0.3006394277663375,0.12116614284166018,0.08084968028611653,0.09862360463856083,0.31254609901688696,92.27000000000001,11.179999999999986,7.459999999999973,9.100000000000009,3,3,1,0,84.0,0.1276,Tamil
HpYG46tGyYs__000103000_000998000,indicconformer_free__sortformer+rule,True,1.0,1.0,0.0,0.0,1.0,861.23,861.23,0.0,0.0,4,0,0,-4,895.0,0.0022,Devanagari (hi/mr)
IAm1rt-MYcA__000004000_000558000,indicconformer_free__sortformer+rule,False,0.3827889887930878,0.16330336207374063,0.06768458172553225,0.15180104499381492,0.5251011279666405,541.6299999999997,88.45000000000009,36.66000000000001,82.21999999999991,4,3,0,-1,554.0,0.0445,Bengali
Iare1Emeueg__000016000_000069000,indicconformer_free__sortformer+rule,False,0.5332871012482664,0.31576514100785946,0.16273693943596873,0.054785020804438214,0.48146168308219,43.25999999999999,13.659999999999997,7.040000000000006,2.3699999999999966,2,3,0,1,53.0,0.0,Devanagari (hi/mr)
IfTL8SSN270__000062000_000671000,indicconformer_free__sortformer+rule,False,0.27261772060374173,0.13242249871960862,0.04080679661374479,0.0993884252703883,0.3235952780479857,663.8599999999996,87.90999999999931,27.090000000000597,65.97999999999993,4,4,1,0,609.0,0.1121,Devanagari (hi/mr)
Ig6szCD8m20__000046000_000106000,indicconformer_free__sortformer+rule,False,0.23867069486404868,0.028197381671702156,0.052534407519302107,0.15793890567304442,0.32196919814719693,59.579999999999984,1.680000000000014,3.1300000000000185,9.409999999999984,2,2,1,0,60.0,0.0204,Devanagari (hi/mr)
Iqhnt8ENm3U__000027000_000088000,indicconformer_free__sortformer+rule,False,0.6811899038461539,0.21874999999999978,0.058293269230769426,0.40414663461538475,0.7895161943738455,66.55999999999996,14.559999999999976,3.8800000000000106,26.89999999999999,3,2,0,-1,61.0,0.1772,Devanagari (hi/mr)
J4-VpEkBzWw__000000000_000600000,indicconformer_free__sortformer+rule,False,0.45153329875355575,0.07601263733672795,0.012040049669134441,0.36348061174769336,0.6531198846723816,636.2099999999996,48.35999999999966,7.660000000000018,231.24999999999983,7,4,0,-3,600.0,0.0685,Kannada
JBYGLQJwFDc__000103000_000407000,indicconformer_free__sortformer+rule,False,0.4626865671641789,0.15305221962168547,0.1097724743889805,0.19986187315351292,0.6583562038391836,260.62999999999994,39.88999999999987,28.609999999999978,52.09000000000006,3,3,1,0,304.0,0.012,Tamil
JSB1CeS4pP8__000000000_000632000,indicconformer_free__sortformer+rule,True,1.0,1.0,0.0,0.0,1.0,652.5399999999998,652.5399999999998,0.0,0.0,4,0,0,-4,632.0,0.088,Punjabi
Jc5AVwg2cZM__000153000_000214000,indicconformer_free__sortformer+rule,False,0.8211836018503751,0.3265273568352212,0.248524485563886,0.2461317594512679,0.7091068308054984,62.689999999999976,20.47000000000001,15.580000000000009,15.429999999999978,3,3,1,0,61.0,0.2816,Devanagari (hi/mr)
KAtdcDieQMw__000057000_000599000,indicconformer_free__sortformer+rule,False,0.2565349648546922,0.0799147575919011,0.03846219946036052,0.13815800780243054,0.33255308915550047,581.8699999999993,46.49999999999944,22.379999999999953,80.39000000000016,3,3,1,0,542.0,0.1073,Odia
KPkRi3GM7fs__000047000_000642000,indicconformer_free__sortformer+rule,False,0.09129651444806293,0.0587797103457832,0.023092647772157214,0.009424156330122526,0.09704838883105,577.24,33.92999999999989,13.33000000000003,5.439999999999927,3,3,1,0,595.0,0.0031,Odia
Kdi-ECuOaKg__000002000_000078000,indicconformer_free__sortformer+rule,False,0.8460751725901309,0.4518026080286376,0.18997698798261323,0.20429557657887995,0.8805370241574377,39.11,17.670000000000016,7.430000000000003,7.989999999999995,6,2,0,-4,76.0,0.0,Malayalam
L7xRazDdtgw__000019000_000083000,indicconformer_free__sortformer+rule,False,0.8748535270681979,0.3006796344035621,0.17225216779939054,0.40192172486524513,0.8531836107097218,42.66999999999999,12.829999999999991,7.3499999999999925,17.150000000000006,3,3,1,0,64.0,0.0012,Gujarati
LBIWBxQ5H1s__000090000_001020000,indicconformer_free__sortformer+rule,True,1.0,1.0,0.0,0.0,1.0,961.9499999999989,961.9499999999989,0.0,0.0,4,0,0,-4,930.0,0.0724,Malayalam
LK23jX9tgZM__000059000_000221000,indicconformer_free__sortformer+rule,False,0.5610859728506788,0.23847829730182704,0.04737165521479229,0.2752360203340596,0.5481630224572512,179.00999999999996,42.69000000000005,8.479999999999965,49.269999999999996,3,4,0,1,162.0,0.1712,Gujarati
LctYmmr9-Vg__000000000_000061000,indicconformer_free__sortformer+rule,False,0.192685475444096,0.08087774294670833,0.08819226750261228,0.02361546499477539,0.19547716606922205,47.85000000000001,3.8699999999999943,4.219999999999998,1.1300000000000026,2,2,1,0,61.0,0.0,Devanagari (hi/mr)
LqQHdo7t5Ps__000198000_000498000,indicconformer_free__sortformer+rule,False,0.3282362156455402,0.03354561863569783,0.023601130674658372,0.271089466335184,0.5620383088031083,293.63000000000005,9.849999999999955,6.929999999999939,79.6000000000001,3,2,0,-1,300.0,0.0019,Devanagari (hi/mr)
Md3p6RTanBg__000315000_000426000,indicconformer_free__sortformer+rule,False,0.07428016251545701,0.016516516516516654,0.01457339692633839,0.04319024907260196,0.0697091431189757,113.21999999999998,1.8700000000000152,1.6500000000000323,4.8899999999999935,3,3,1,0,111.0,0.0528,Bengali
MmtWBUK2DKE__000000000_000310000,indicconformer_free__sortformer+rule,False,0.5846028380362092,0.04641983363236002,0.020877507747512437,0.5173054966563366,0.8025011268366796,306.54999999999995,14.229999999999961,6.399999999999936,158.57999999999998,5,2,0,-3,310.0,0.0432,Devanagari (hi/mr)
NLgHpYyf5bY__000313000_000383000,indicconformer_free__sortformer+rule,False,0.16214254608796608,0.03861228044708938,0.03149949194367828,0.09203077369719842,0.2934064466040468,68.89,2.6599999999999873,2.169999999999997,6.339999999999999,2,2,1,0,70.0,0.0097,Devanagari (hi/mr)
NuhdqCEuIBo__000197000_000540000,indicconformer_free__sortformer+rule,False,0.22387933702901194,0.06978641978782614,0.05343726257140487,0.10065565466978094,0.3245812185834669,355.3699999999996,24.79999999999975,18.990000000000126,35.77000000000001,3,4,0,1,343.0,0.0562,Punjabi
O4_aeGFzZ8A__000000000_000335000,indicconformer_free__sortformer+rule,False,0.5350296703638113,0.08804796967719854,0.010159381116599812,0.436822319570013,0.6409938251981896,321.86999999999995,28.33999999999989,3.269999999999981,140.60000000000005,8,4,0,-4,335.0,0.0004,Kannada
OXUt5KnlUMo__000091000_000181000,indicconformer_free__sortformer+rule,False,0.33784879008915114,0.12701169387518815,0.042028482111844366,0.16880861410211861,0.45325836872087066,86.36999999999999,10.969999999999999,3.6299999999999972,14.579999999999984,2,2,1,0,90.0,0.0,Odia
OxYCBQKZ3iY__000000000_001822000,indicconformer_free__sortformer+rule,True,1.0,1.0,0.0,0.0,1.0,1706.2699999999975,1706.2699999999975,0.0,0.0,7,0,0,-7,1822.0,0.0659,Punjabi
PCUA2q2C-2A__000045000_000107000,indicconformer_free__sortformer+rule,False,0.02866084664799866,0.0136715532861144,0.014989293361884261,0.0,0.04515465706958702,60.71000000000001,0.8300000000000054,0.9099999999999936,0.0,3,3,1,0,62.0,0.0063,Devanagari (hi/mr)
PEDfT9-Yf2o__000000000_000469000,indicconformer_free__sortformer+rule,False,0.3601838052657725,0.030625931445603535,0.007973174366616983,0.32158469945355195,0.5152427371298302,402.6,12.329999999999984,3.2099999999999973,129.47000000000003,3,2,0,-1,469.0,0.011,Bengali
PQB3-4sZUeY__000000000_001132000,indicconformer_free__sortformer+rule,True,1.0,1.0,0.0,0.0,1.0,1129.8399999999963,1129.8399999999963,0.0,0.0,4,0,0,-4,1132.0,0.1069,Telugu
PRAzUz0GANs__000223000_000283000,indicconformer_free__sortformer+rule,False,0.35002391963004303,0.08627013235528634,0.10030298198054524,0.16345080529421147,0.41255894182095554,62.71000000000001,5.410000000000007,6.289999999999993,10.250000000000002,2,2,1,0,60.0,0.0822,Kannada
PSIzXy5-y2E__000002000_000918000,indicconformer_free__sortformer+rule,True,1.0,1.0,0.0,0.0,1.0,889.7999999999994,889.7999999999994,0.0,0.0,3,0,0,-3,916.0,0.0434,Devanagari (hi/mr)
PVDfS7lcJHY__000000000_000360000,indicconformer_free__sortformer+rule,False,0.5013391580206455,0.09639337441818092,0.039576670047065284,0.36536911355539936,0.6818325913905355,384.5699999999996,37.0699999999998,15.21999999999988,140.5099999999998,6,4,0,-2,360.0,0.1127,Kannada
Pjre5dpnKGA__000000000_000330000,indicconformer_free__sortformer+rule,False,0.2880805553072959,0.07745702624601503,0.0631572675544437,0.14746626150683723,0.48783544851413196,335.6699999999997,25.999999999999837,21.2000000000001,49.5,4,3,0,-1,330.0,0.0933,Kannada
QhpjuNTZoA8__000000000_000586000,indicconformer_free__sortformer+rule,False,0.47472567008454747,0.06340250862646951,0.011365680550786086,0.39995748090729194,0.6357705894331188,611.4899999999996,38.76999999999981,6.950000000000179,244.56999999999977,3,3,1,0,586.0,0.0512,Kannada
QuA_B6IZ6Ls__000061000_001863000,indicconformer_free__sortformer+rule,True,1.0,1.0,0.0,0.0,1.0,2703.9699999999975,2703.9699999999975,0.0,0.0,4,0,0,-4,1802.0,0.3694,Devanagari (hi/mr)
RL2fhIEEbZg__000000000_000065000,indicconformer_free__sortformer+rule,False,0.11623644417290348,0.014204979379868638,0.07667634030853818,0.025355124484496665,0.391907977596301,65.47,0.9299999999999997,5.019999999999994,1.6599999999999966,3,2,0,-1,65.0,0.0563,Telugu
RL2fhIEEbZg__000066000_001034000,indicconformer_free__sortformer+rule,True,1.0,1.0,0.0,0.0,1.0,1012.9500000000005,1012.9500000000005,0.0,0.0,3,0,0,-3,968.0,0.0719,Telugu
RWTmftezCwI__000000000_000060000,indicconformer_free__sortformer+rule,False,0.1707443142660234,0.022226050999310746,0.03652653342522399,0.11199172984148864,0.2937402545303386,58.03999999999999,1.2899999999999956,2.12,6.5,2,2,1,0,60.0,0.0244,Malayalam
RZUZyvRzi80__000000000_000336000,indicconformer_free__sortformer+rule,False,0.31513409961685784,0.1404029168211589,0.007013966135211876,0.16771721666048708,0.37586565338708655,323.63999999999993,45.439999999999856,2.269999999999971,54.28000000000003,4,3,0,-1,336.0,0.0001,Punjabi
SZ7ay4OjfAE__000000000_000897000,indicconformer_free__sortformer+rule,True,1.0,1.0,0.0,0.0,1.0,1011.579999999999,1011.579999999999,0.0,0.0,5,0,0,-5,897.0,0.1794,Telugu
T3I2T-cfhG4__000160000_000210000,indicconformer_free__sortformer+rule,False,0.10964445390674894,0.027464338939748856,0.06450926123057253,0.017670853736427544,0.12761006639981531,46.970000000000006,1.290000000000004,3.0299999999999923,0.8300000000000018,2,2,1,0,50.0,0.0,Devanagari (hi/mr)
TU3M6wSQV_g__000099000_000171000,indicconformer_free__sortformer+rule,False,0.164453386988598,0.048692152917504915,0.02830315224681402,0.08745808182427904,0.36260074147956495,74.54999999999997,3.62999999999999,2.1099999999999843,6.52,2,2,1,0,72.0,0.0451,Telugu
Tlha36rSd5o__000240000_000374000,indicconformer_free__sortformer+rule,False,0.16782601743023895,0.08531222515391372,0.06644279203645957,0.016071000239865657,0.15806509376144576,125.07000000000002,10.669999999999991,8.31,2.009999999999998,2,2,1,0,134.0,0.0,Tamil
TrPnW5kLAyQ__000093000_000513000,indicconformer_free__sortformer+rule,False,0.24982895370346933,0.16506601120036532,0.035729670830905245,0.049033271672198765,0.31370004527709267,394.62999999999965,65.14000000000011,14.100000000000126,19.34999999999978,4,4,1,0,420.0,0.0501,Devanagari (hi/mr)
U_EHjxThUgc__000181000_000289000,indicconformer_free__sortformer+rule,False,0.14334075723830783,0.053986636971047074,0.04953229398663707,0.03982182628062366,0.14046170125371804,112.25,6.060000000000034,5.560000000000011,4.470000000000006,3,3,1,0,108.0,0.0529,Bengali
VHlIFsHPWbk__000023000_000470000,indicconformer_free__sortformer+rule,False,0.12520611435447193,0.037902758589955336,0.016466865724853792,0.0708364900396628,0.18819759562429234,448.78,17.010000000000154,7.389999999999885,31.78999999999987,4,4,1,0,447.0,0.0269,Odia
VKY0uuZ6Om8__000575000_000935000,indicconformer_free__sortformer+rule,False,0.42320623792832057,0.1639602260533652,0.08474616686935155,0.17449984500560387,0.5301073008833019,419.3699999999995,68.75999999999968,35.539999999999914,73.18,3,3,1,0,360.0,0.1718,Devanagari (hi/mr)
VY_4x1scS-Y__000013000_000121000,indicconformer_free__sortformer+rule,False,0.5271282838313617,0.08702717342240666,0.022208179109867172,0.41789293129908783,0.6812515577561836,110.76999999999992,9.63999999999998,2.459999999999985,46.28999999999993,4,3,0,-1,108.0,0.0427,Tamil
0AEEA8NyVwY__000011000_000609000,pyannote31,False,0.15216412619638386,0.12048741580999647,0.02776497695852502,0.003911733427862371,0.1524459520830834,564.2,67.97900000000001,15.664999999999818,2.20699999999995,3,3,1,0,598.0,0.0047,Devanagari (hi/mr)
0SoItGfM_sY__000007000_000088000,pyannote31,False,0.4381885820575184,0.1510087280011445,0.11538131349263098,0.17179854056374294,0.6239648451517977,69.89000000000001,10.553999999999991,8.06399999999998,12.006999999999996,5,5,1,0,81.0,0.0,Kannada
0VEwL9XZ0LY__000261000_000557000,pyannote31,False,0.20831922026751487,0.10442055784052842,0.05890851277088469,0.04499014965610178,0.2248205012704716,289.32999999999987,30.212000000000074,17.04400000000006,13.016999999999921,2,2,1,0,296.0,0.0355,Devanagari (hi/mr)
0esIFSOAcFs__000000000_000913000,pyannote31,False,0.06192981697962258,0.04683225653103944,0.0050444045895544475,0.010053155859028705,0.07364372072249248,925.5799999999991,43.34699999999944,4.6689999999998015,9.30499999999978,3,3,1,0,913.0,0.0232,Gujarati
0p6cktLGIfY__000012000_000930000,pyannote31,False,0.4087381210152761,0.16119932635630918,0.13643810898592518,0.11110068567304175,0.575351039561863,831.2999999999986,134.0049999999996,113.42099999999941,92.35799999999945,6,5,0,-1,918.0,0.0329,Gujarati
13VBh0Z6QmE__000000000_000904000,pyannote31,False,0.10862943590205966,0.044551787888352845,0.01192677097894158,0.05215087703476523,0.15433325627174851,887.0799999999984,39.52099999999997,10.579999999999478,46.26199999999946,4,5,0,1,904.0,0.029,Tamil
1LFl5JEipII__000000000_000597000,pyannote31,False,0.3188721016697092,0.06440546204285845,0.05126580139255141,0.20320083823429935,0.4546227850475896,591.7199999999982,38.110000000000085,30.335000000000427,120.23799999999925,5,5,1,0,597.0,0.1006,Bengali
2HGP34TNvjg__000084000_000194000,pyannote31,False,0.30828593841929774,0.12907432829966653,0.07095508923318297,0.10825652088644824,0.36523752830807876,101.98,13.162999999999993,7.236,11.039999999999992,2,2,1,0,110.0,0.0128,Odia
2LN6vb7EBn0__000098000_000394000,pyannote31,False,0.2912190190678698,0.09925750339875165,0.08480147802140345,0.1071600376477147,0.34226721168849705,286.86999999999983,28.473999999999872,24.32699999999999,30.7409999999999,3,3,1,0,296.0,0.0238,Tamil
2T4pjueLrsk__000677000_001290000,pyannote31,False,0.44106361061035204,0.19884662080129464,0.10980280342886584,0.1324141863801916,0.6032991620342156,543.6199999999991,108.09699999999961,59.690999999999946,71.98299999999963,4,3,0,-1,613.0,0.0342,Gujarati
2gGHQgj9yno__000000000_000099000,pyannote31,False,0.35115600916475725,0.1412934805248906,0.09632368256613207,0.1135388460737346,0.6457334951621174,96.02000000000001,13.566999999999997,9.249000000000002,10.901999999999997,4,2,0,-2,99.0,0.0798,Gujarati
2iMXYxBTwbM__000339000_000401000,pyannote31,False,0.8032387955182072,0.26570378151260493,0.25535714285714267,0.2821778711484596,0.8089181556153661,57.12,15.176999999999992,14.585999999999988,16.118000000000013,3,2,0,-1,62.0,0.1275,Devanagari (hi/mr)
37dND_0r6S8__000060000_000222000,pyannote31,False,0.44698145624740776,0.10704425617631344,0.09601279696664478,0.24392440310444952,0.5273561259542319,168.78999999999996,18.06799999999994,16.205999999999968,41.172000000000025,2,2,1,0,162.0,0.0896,Tamil
4Qg2jWP6_T0__000136000_000202000,pyannote31,False,0.7455036226736752,0.20579627788038043,0.1525074584458019,0.38719988634749286,0.7602827605835092,70.38999999999999,14.485999999999976,10.734999999999994,27.255000000000017,3,4,0,1,66.0,0.2093,Punjabi
6-726qTlYeg__000102000_000162000,pyannote31,False,0.4420531227566406,0.1163675520459441,0.1380330222541282,0.1876525484565683,0.4923532380888457,69.64999999999998,8.105000000000004,9.614000000000026,13.069999999999979,2,2,1,0,60.0,0.161,Malayalam
6ZeRgvDHwcI__000006000_000100000,pyannote31,False,0.6497788309636645,0.3941232227488148,0.1467456556082146,0.10890995260663515,0.6037022281621006,63.29999999999999,24.947999999999972,9.288999999999982,6.894000000000004,2,2,1,0,94.0,0.0125,Gujarati
6f6TLzlP8Wk__000082000_000144000,pyannote31,False,0.5730344710477163,0.11725250466972338,0.15316692137884202,0.302615044999151,0.6012443386776167,58.890000000000015,6.905000000000012,9.020000000000008,17.821000000000005,2,2,1,0,62.0,0.051,Punjabi
7L4gi7Ncc0s__000090000_000148000,pyannote31,False,0.15863121968744393,0.06225974492545366,0.04167415124842824,0.054697323513562025,0.2362327089747383,55.67,3.466000000000005,2.3200000000000003,3.044999999999998,2,2,1,0,58.0,0.0,Malayalam
7WhVNRHbjIY__000091000_001089000,pyannote31,False,0.11709174459204545,0.025145483003571965,0.028033069791708495,0.063913191796765,0.18373758066086823,996.6799999999996,25.062000000000097,27.940000000000012,63.70099999999971,5,5,1,0,998.0,0.0133,Tamil
7YfsQPYY-W0__000351000_000411000,pyannote31,False,0.5803268482490271,0.14908949416342412,0.11064591439688723,0.32059143968871584,0.631111049576843,64.24999999999999,9.578999999999997,7.109000000000003,20.59799999999999,2,2,1,0,60.0,0.1219,Odia
7c9ePKgqams__000299000_000869000,pyannote31,False,0.33961902696450497,0.06504012144870919,0.03499421672811374,0.23958468878768202,0.6077726266931733,553.32,35.98799999999977,19.362999999999897,132.56700000000023,4,3,0,-1,570.0,0.0055,Telugu
7k-xDqNjESc__000073000_000981000,pyannote31,False,0.35006851680611434,0.1309996769126219,0.059905970431935095,0.1591628694615573,0.6737773864147437,897.5899999999988,117.58400000000015,53.77100000000055,142.86299999999903,4,2,0,-2,908.0,0.0421,Malayalam
83gP2vLH7UY__000255000_002005000,pyannote31,False,0.3029917499339392,0.13334572963662417,0.0950034742271071,0.07464254607020791,0.3209493910480957,2043.61999999999,272.5079999999965,194.15099999999964,152.54099999999755,5,5,1,0,1750.0,0.2022,Devanagari (hi/mr)
86mMTUeDiR8__000181000_001079000,pyannote31,False,0.5420081394642531,0.1848205065905373,0.13728482050659083,0.21990281236712494,0.6547203338659549,823.1499999999991,152.13500000000062,113.00600000000011,181.0129999999987,5,4,0,-1,898.0,0.0517,Bengali
87Zbup3ohcw__000106000_000445000,pyannote31,False,0.22195533343745072,0.11496486022177085,0.05557394971107267,0.0514165235046072,0.34910089512979203,320.15000000000003,36.80599999999994,17.791999999999916,16.461,4,5,0,1,339.0,0.0152,Tamil
8Ve4SWhlrrA__000000000_000070000,pyannote31,False,0.08069268139789999,0.048080238207177516,0.0004074596458235634,0.03220498354489892,0.5392110676653947,63.809999999999995,3.067999999999997,0.026000000000001577,2.0549999999999997,2,1,0,-1,70.0,0.0,Odia
8mvORuRHw2U__000000000_001197000,pyannote31,False,0.15809440016561244,0.08624279750198328,0.0367551668219292,0.035096435841699955,0.18017341471659146,1159.3199999999972,99.98299999999902,42.61099999999885,40.68799999999949,4,4,1,0,1197.0,0.0417,Gujarati
8o7jKmq6HsM__000030000_001770000,pyannote31,False,0.14511447098898825,0.06544198363568335,0.06240055226735195,0.01727193508595293,0.14759260213337141,1767.2599999999961,115.65299999999749,110.27800000000016,30.52400000000111,6,6,1,0,1740.0,0.0471,Devanagari (hi/mr)
8pkp-lpMJP0__000326000_000926000,pyannote31,False,0.3759648518263263,0.14315414656558756,0.04822105444521041,0.18458965081552825,0.6709798089433494,696.4799999999989,99.70400000000026,33.58500000000009,128.5629999999989,8,6,0,-2,600.0,0.2032,Telugu
8r2Nltl0W4o__000259000_000320000,pyannote31,False,0.18062818615359327,0.06163459957243883,0.033481335306693,0.08551225127446144,0.5748319396622398,60.81,3.7480000000000055,2.0360000000000014,5.2,2,2,1,0,61.0,0.0227,Punjabi
90uAd6xpTPo__000016000_000408000,pyannote31,False,0.0791655274238526,0.025471646524853675,0.03593809810247662,0.01775578279652231,0.08960899672280997,365.74000000000007,9.315999999999985,13.143999999999801,6.494000000000071,4,4,1,0,392.0,0.0067,Devanagari (hi/mr)
9Aw8kg8w5Xo__000000000_000083000,pyannote31,False,0.07807767464582309,0.0459208597948216,0.020139228138739453,0.01201758671226204,0.536016162500173,81.88000000000001,3.7599999999999927,1.6489999999999867,0.984000000000016,4,2,0,-2,83.0,0.0216,Telugu
9_GMxc_JjyI__000236000_000368000,pyannote31,False,0.22863468099005557,0.08468461929302455,0.07696886114538691,0.06698120055164411,0.5455487455178083,137.77,11.666999999999993,10.603999999999955,9.22800000000001,2,2,1,0,132.0,0.0602,Kannada
ARCKJrGkITw__000014000_000496000,pyannote31,False,0.3492933001697661,0.09678431837024762,0.0564550515219709,0.1960539302775476,0.42068484268980383,506.5799999999995,49.02899999999999,28.59899999999999,99.31699999999996,3,3,1,0,482.0,0.0844,Telugu
ARZl7LT0UC0__000073000_000130000,pyannote31,False,0.28484947111472764,0.10112286411716832,0.048510984540276796,0.1352156224572825,0.4480915095852178,61.44999999999996,6.21399999999999,2.981000000000007,8.309000000000005,3,3,1,0,57.0,0.0905,Telugu
A_dohDOK6Ic__000000000_000600000,pyannote31,False,0.05962782331984394,0.05463837293763641,0.00473522188786283,0.0002542284943446981,0.05860493867655984,578.22,31.593000000000128,2.7380000000000457,0.14699999999999136,3,3,1,0,600.0,0.0048,Devanagari (hi/mr)
B2ScTgeIIck__000117000_000180000,pyannote31,False,0.3339687781447013,0.15214650255178624,0.06781747223056152,0.11400480336235348,0.37156502842352657,66.61999999999999,10.135999999999997,4.518000000000008,7.594999999999988,2,2,1,0,63.0,0.0879,Odia
BGAAfht5dYw__000000000_000612000,pyannote31,False,0.19132062126079274,0.08860628923403299,0.020070142347704975,0.08264418967905479,0.26556529676130025,678.6199999999985,60.12999999999934,13.61999999999952,56.08400000000004,4,5,0,1,612.0,0.135,Gujarati
BYLcUGNB_zM__000020000_001387000,pyannote31,False,0.11542581561136143,0.038736187378400185,0.022010802202507816,0.05467882603045343,0.15526184141227922,1331.2099999999994,51.56600000000009,29.301000000000414,72.78899999999987,4,4,1,0,1367.0,0.0054,Kannada
Bngfppo1QtA__000028000_000927000,pyannote31,False,0.48006122428629733,0.15425329304894958,0.1270244398576076,0.19878349137974013,0.5075575042076649,1002.8699999999984,154.69599999999983,127.38899999999875,199.35399999999967,5,6,0,1,899.0,0.1261,Telugu
CO_8ppdzq9U__000000000_000695000,pyannote31,False,0.12567372842382799,0.07583008860410302,0.008218107122052861,0.04162553269767211,0.15727599450160115,652.3399999999989,49.46700000000048,5.3609999999999545,27.153999999999378,4,4,1,0,695.0,0.0186,Tamil
Cku_X_SL7qU__000060000_000660000,pyannote31,False,0.6352766977578113,0.22678337597453593,0.3203227301114044,0.08817059167187098,0.5333545376129146,496.3899999999996,112.5729999999998,159.00499999999988,43.767,3,3,1,0,600.0,0.1022,Gujarati
DPmew0didIM__000191000_000512000,pyannote31,False,0.3694182486221667,0.14288426209430416,0.08935088793631277,0.13718309859154978,0.5569939156709737,326.5999999999998,46.66599999999971,29.181999999999732,44.80400000000013,5,4,0,-1,321.0,0.062,Telugu
EmsKkNN2Me4__000035000_000095000,pyannote31,False,0.5321740563705287,0.09182462502060337,0.11457062798747294,0.32577880336245235,0.6145206029701061,60.67,5.571000000000007,6.950999999999984,19.764999999999986,2,2,1,0,60.0,0.0471,Malayalam
ExGJodnzocM__000212000_000527000,pyannote31,False,0.34477592664341994,0.08785031641482634,0.03299108872529991,0.22393452150329374,0.4533257368293245,309.72000000000014,27.209000000000024,10.217999999999893,69.35700000000017,4,4,1,0,315.0,0.0133,Devanagari (hi/mr)
F2uXav-wriA__000000000_000907000,pyannote31,False,0.10836820083682099,0.056414160222568475,0.009142588008499796,0.04281145260575272,0.15165758455031986,912.9799999999992,51.50500000000052,8.347000000000136,39.086000000000084,4,4,1,0,907.0,0.0336,Devanagari (hi/mr)
FDMf9ApmoNU__000016000_000686000,pyannote31,False,0.36515189993968294,0.18083076727722885,0.11141233611631353,0.0729087965461406,0.39291656859504626,630.0199999999985,113.92699999999945,70.19199999999968,45.93399999999939,4,4,1,0,670.0,0.0882,Bengali
G6qzg93FxwE__000021000_000116000,pyannote31,False,0.06784908094163172,0.04353434376007735,0.02069224981188864,0.0036224873696657353,0.07913717308237296,93.02999999999999,4.049999999999995,1.9249999999999998,0.3370000000000033,2,2,1,0,95.0,0.0061,Gujarati
GEc_sS2KWo8__000096000_000290000,pyannote31,False,0.339776134319408,0.1964754480644945,0.08323672463188764,0.06006396162302593,0.6554007502855792,150.08999999999997,29.488999999999972,12.493000000000013,9.01499999999996,4,2,0,-2,194.0,0.0378,Gujarati
GfFLEIAAumk__000090000_000163000,pyannote31,False,0.14496534855279236,0.052561489332789764,0.026892240793586097,0.0655116184264165,0.19288726891557062,73.59,3.867999999999999,1.979000000000001,4.820999999999991,2,2,1,0,73.0,0.0285,Bengali
Gq45evw6ytY__000597000_001464000,pyannote31,False,0.35281020539369906,0.12948036860330078,0.08064719881794219,0.14268263797245612,0.37306108360518486,886.5899999999993,114.79600000000036,71.50099999999931,126.50099999999978,3,3,1,0,867.0,0.0869,Odia
HZv_WvIr6lE__000021000_000105000,pyannote31,False,0.2673783461580141,0.07457461796900398,0.10640511542213038,0.08639861276687975,0.28363175640319904,92.27,6.880999999999998,9.81799999999997,7.971999999999995,3,3,1,0,84.0,0.1276,Tamil
HpYG46tGyYs__000103000_000998000,pyannote31,False,0.08944997271344572,0.0347410099508849,0.041034334614446846,0.013674628148113975,0.1050981888978584,861.23,29.920000000000602,35.34000000000006,11.7770000000002,4,4,1,0,895.0,0.0022,Devanagari (hi/mr)
IAm1rt-MYcA__000004000_000558000,pyannote31,False,0.3272252275538652,0.12901611801414217,0.09942026844894078,0.09878884109078225,0.38928273384859935,541.6299999999998,69.87899999999979,53.84899999999977,53.50700000000037,4,4,1,0,554.0,0.0445,Bengali
Iare1Emeueg__000016000_000069000,pyannote31,False,0.5428571428571431,0.3624133148404995,0.15314378178455876,0.027300046232084887,0.4899150558492289,43.25999999999999,15.678000000000004,6.625000000000011,1.180999999999992,2,2,1,0,53.0,0.0,Devanagari (hi/mr)
IfTL8SSN270__000062000_000671000,pyannote31,False,0.29342632482752373,0.12547976983098855,0.08255204410568463,0.08539451089085057,0.3261747049615209,663.8599999999988,83.3009999999999,54.8029999999997,56.689999999999955,4,4,1,0,609.0,0.1121,Devanagari (hi/mr)
Ig6szCD8m20__000046000_000106000,pyannote31,False,0.2510574018126889,0.03185632762672039,0.05006713662302806,0.16913393756294046,0.34892089110235913,59.57999999999999,1.8980000000000006,2.983000000000011,10.076999999999991,2,2,1,0,60.0,0.0204,Devanagari (hi/mr)
Iqhnt8ENm3U__000027000_000088000,pyannote31,False,0.7224759615384617,0.23969350961538463,0.07258112980769257,0.41020132211538457,0.7743639123171607,66.55999999999997,15.953999999999995,4.8310000000000155,27.302999999999987,3,4,0,1,61.0,0.1772,Devanagari (hi/mr)
J4-VpEkBzWw__000000000_000600000,pyannote31,False,0.08703415538894405,0.04259128275255034,0.017187721035507503,0.027255151600886197,0.09834127527205423,636.2099999999999,27.09700000000005,10.935000000000226,17.339999999999804,7,7,1,0,600.0,0.0685,Kannada
JBYGLQJwFDc__000103000_000407000,pyannote31,False,0.4884395503203783,0.18551586540306253,0.12577600429728023,0.17714768062003552,0.677455988922373,260.62999999999994,48.35100000000018,32.781000000000134,46.169999999999845,3,2,0,-1,304.0,0.012,Tamil
JSB1CeS4pP8__000000000_000632000,pyannote31,False,0.13405461734146504,0.07958745824010749,0.02706500750911794,0.02740215159223963,0.15440619089199728,652.5399999999992,51.93399999999967,17.6609999999998,17.881000000000025,4,4,1,0,632.0,0.088,Punjabi
Jc5AVwg2cZM__000153000_000214000,pyannote31,False,0.7764077205295906,0.27490827883235,0.2819269420960285,0.2195724996012121,0.6864136824213546,62.689999999999976,17.234000000000012,17.674000000000017,13.764999999999983,3,3,1,0,61.0,0.2816,Devanagari (hi/mr)
KAtdcDieQMw__000057000_000599000,pyannote31,False,0.1950899685496757,0.1155807998350142,0.02572739615378034,0.053781772560881166,0.2323268426196283,581.8699999999981,67.25299999999949,14.970000000000116,31.29399999999982,3,3,1,0,542.0,0.1073,Odia
KPkRi3GM7fs__000047000_000642000,pyannote31,False,0.12685191601413692,0.0732450973598509,0.026070611877208924,0.02753620677707713,0.1495794272970238,577.2399999999999,42.28000000000032,15.049000000000076,15.895,3,3,1,0,595.0,0.0031,Odia
Kdi-ECuOaKg__000002000_000078000,pyannote31,False,0.9594732804909231,0.3747634875990797,0.4228074661211966,0.16190232677064673,0.7900420539363772,39.11,14.657000000000005,16.535999999999998,6.331999999999994,6,5,0,-1,76.0,0.0,Malayalam
L7xRazDdtgw__000019000_000083000,pyannote31,False,0.8856808061870166,0.3108975861260836,0.1742676353409893,0.4005155847199438,0.7778947097187455,42.669999999999995,13.265999999999986,7.436000000000012,17.09,3,5,0,2,64.0,0.0012,Gujarati
LBIWBxQ5H1s__000090000_001020000,pyannote31,False,0.37050054576641206,0.12708456780498,0.08982795363584437,0.15358802432558763,0.42280273313670463,961.9499999999974,122.2490000000002,86.41000000000025,147.74399999999864,4,4,1,0,930.0,0.0724,Malayalam
LK23jX9tgZM__000059000_000221000,pyannote31,False,0.31758560974247324,0.19671526730350317,0.053706496843751964,0.0671638455952181,0.5464268603884334,179.00999999999985,35.21400000000007,9.614000000000031,12.022999999999982,3,2,0,-1,162.0,0.1712,Gujarati
LctYmmr9-Vg__000000000_000061000,pyannote31,False,0.15715778474399159,0.15400208986415878,0.0031556948798328066,0.0,0.15657494662777072,47.85,7.368999999999998,0.1509999999999998,0.0,2,2,1,0,61.0,0.0,Devanagari (hi/mr)
LqQHdo7t5Ps__000198000_000498000,pyannote31,False,0.15787896332118648,0.03036133910022805,0.02414262847801638,0.10337499574294207,0.244665638329175,293.63000000000005,8.914999999999964,7.088999999999951,30.354000000000084,3,3,1,0,300.0,0.0019,Devanagari (hi/mr)
Md3p6RTanBg__000315000_000426000,pyannote31,False,0.05148383677795403,0.041485603250308915,0.009998233527645124,0.0,0.0482857859847981,113.21999999999997,4.696999999999974,1.1319999999999806,0.0,3,3,1,0,111.0,0.0528,Bengali
MmtWBUK2DKE__000000000_000310000,pyannote31,False,0.08716359484586486,0.044110259337791675,0.021497308758766733,0.021556026749306446,0.2858297675642664,306.54999999999995,13.522000000000036,6.589999999999941,6.60799999999989,5,4,0,-1,310.0,0.0432,Devanagari (hi/mr)
NLgHpYyf5bY__000313000_000383000,pyannote31,False,0.21193206561184477,0.07414719117433584,0.03215270721439962,0.10563216722310932,0.3624646534868918,68.89,5.107999999999996,2.2149999999999896,7.277000000000001,2,2,1,0,70.0,0.0097,Devanagari (hi/mr)
NuhdqCEuIBo__000197000_000540000,pyannote31,False,0.2223232124264841,0.07621915186988167,0.053192447308438556,0.09291161324816384,0.33691860906312926,355.36999999999955,27.085999999999814,18.902999999999786,33.017999999999944,3,3,1,0,343.0,0.0562,Punjabi
O4_aeGFzZ8A__000000000_000335000,pyannote31,False,0.14956659520924556,0.08336595519930437,0.0649827570137005,0.0012178829962407058,0.16302757105768126,321.86999999999995,26.833000000000094,20.915999999999777,0.3919999999999959,8,8,1,0,335.0,0.0004,Kannada
OXUt5KnlUMo__000091000_000181000,pyannote31,False,0.2932615491490098,0.0742040060206091,0.04191270116938749,0.17714484195901323,0.4285620029215861,86.37,6.409000000000009,3.6199999999999974,15.299999999999972,2,2,1,0,90.0,0.0,Odia
OxYCBQKZ3iY__000000000_001822000,pyannote31,False,0.3104983384810152,0.08377044664677909,0.04762317804333584,0.17910471379090032,0.39314216438880517,1706.2699999999916,142.93499999999904,81.25800000000224,305.60099999999795,7,6,0,-1,1822.0,0.0659,Punjabi
PCUA2q2C-2A__000045000_000107000,pyannote31,False,0.04567616537637936,0.019123702849612935,0.026190084005929638,0.0003623785208367981,0.0669367972587543,60.71000000000001,1.1610000000000014,1.5899999999999885,0.022000000000002018,3,3,1,0,62.0,0.0063,Devanagari (hi/mr)
PEDfT9-Yf2o__000000000_000469000,pyannote31,False,0.06133134624937815,0.03390710382513606,0.006458022851465272,0.02096621957277682,0.07974989722618746,402.5999999999999,13.650999999999772,2.599999999999918,8.440999999999946,3,3,1,0,469.0,0.011,Bengali
PQB3-4sZUeY__000000000_001132000,pyannote31,False,0.34165722580188135,0.08058928697868645,0.04830683990653568,0.21276109891665923,0.46881170972041686,1129.8399999999915,91.0529999999984,54.57899999999986,240.38599999999647,4,4,1,0,1132.0,0.1069,Telugu
PRAzUz0GANs__000223000_000283000,pyannote31,False,0.38566416839419565,0.10033487482060295,0.08145431350661778,0.20387498006697494,0.4961991775942035,62.710000000000015,6.292000000000012,5.108000000000002,12.785000000000002,2,2,1,0,60.0,0.0822,Kannada
PSIzXy5-y2E__000002000_000918000,pyannote31,False,0.3227781523937967,0.17151944257136417,0.08672173522139845,0.06453697460103407,0.30197892304527646,889.7999999999993,152.6179999999997,77.16500000000028,57.42500000000006,3,4,0,1,916.0,0.0434,Devanagari (hi/mr)
PVDfS7lcJHY__000000000_000360000,pyannote31,False,0.22150453753543042,0.090202043841174,0.03438905790883363,0.09691343578542279,0.29844911509158933,384.56999999999925,34.68900000000022,13.225000000000122,37.26999999999997,6,6,1,0,360.0,0.1127,Kannada
Pjre5dpnKGA__000000000_000330000,pyannote31,False,0.22199779545386752,0.07294068579259333,0.04158548574492765,0.10747162391634658,0.4479250719904794,335.6699999999996,24.483999999999774,13.958999999999849,36.07500000000002,4,3,0,-1,330.0,0.0933,Kannada
QhpjuNTZoA8__000000000_000586000,pyannote31,False,0.3256504603509458,0.06502477554825041,0.016561186609756456,0.2440644981929389,0.5043418882058731,611.4899999999991,39.76199999999959,10.12699999999996,149.243,3,3,1,0,586.0,0.0512,Kannada
QuA_B6IZ6Ls__000061000_001863000,pyannote31,False,0.47840767464135886,0.35483455807571834,0.04041612887716897,0.0831569876884716,0.391045624096264,2703.9699999999975,959.4619999999992,109.28399999999849,224.85399999999635,4,5,0,1,1802.0,0.3694,Devanagari (hi/mr)
RL2fhIEEbZg__000000000_000065000,pyannote31,False,0.14227890636932958,0.05113792576752719,0.013624560867573198,0.0775164197342292,0.43257779153866327,65.47,3.3480000000000047,0.8920000000000172,5.074999999999985,3,3,1,0,65.0,0.0563,Telugu
RL2fhIEEbZg__000066000_001034000,pyannote31,False,0.2839982230119945,0.11377264425687382,0.0798963423663552,0.09032923638876549,0.31708102614425776,1012.9499999999994,115.24600000000027,80.93099999999946,91.49899999999994,3,3,1,0,968.0,0.0719,Telugu
RWTmftezCwI__000000000_000060000,pyannote31,False,0.14095451412818716,0.09908683666436914,0.03905926946933141,0.0028084079944866117,0.15586995411005955,58.03999999999999,5.750999999999984,2.2669999999999946,0.16300000000000292,2,2,1,0,60.0,0.0244,Malayalam
RZUZyvRzi80__000000000_000336000,pyannote31,False,0.022160425163762248,0.011002966258805834,0.00888332715362772,0.002274131751328694,0.02423862544765461,323.63999999999993,3.560999999999919,2.8750000000000746,0.7360000000000184,4,4,1,0,336.0,0.0001,Punjabi
SZ7ay4OjfAE__000000000_000897000,pyannote31,False,0.3742610569603973,0.13119674173075707,0.03375116154925935,0.20931315368038084,0.5180013569571837,1011.5799999999954,132.71599999999864,34.14199999999961,211.7369999999987,5,5,1,0,897.0,0.1794,Telugu
T3I2T-cfhG4__000160000_000210000,pyannote31,False,0.12554822226953347,0.042154566744730525,0.06429635937832642,0.019097296146476515,0.14215711463142147,46.970000000000006,1.9799999999999929,3.0199999999999925,0.897000000000002,2,2,1,0,50.0,0.0,Devanagari (hi/mr)
TU3M6wSQV_g__000099000_000171000,pyannote31,False,0.2339235412474851,0.04963112005365528,0.05624413145539913,0.1280482897384307,0.46909177444564615,74.54999999999998,3.7000000000000006,4.193000000000004,9.546000000000006,2,2,1,0,72.0,0.0451,Telugu
Tlha36rSd5o__000240000_000374000,pyannote31,False,0.16927320700407741,0.09901655073159024,0.06278883825057946,0.007467818021907711,0.1391744588686509,125.07000000000001,12.383999999999991,7.852999999999974,0.9339999999999975,2,2,1,0,134.0,0.0,Tamil
TrPnW5kLAyQ__000093000_000513000,pyannote31,False,0.2343460963434075,0.15497301269543495,0.05480576742771627,0.024567316220256288,0.2613121434920244,394.62999999999937,61.15699999999939,21.627999999999638,9.694999999999723,4,4,1,0,420.0,0.0501,Devanagari (hi/mr)
U_EHjxThUgc__000181000_000289000,pyannote31,False,0.1513229398663701,0.06615590200445465,0.04181737193763935,0.0433496659242761,0.18421291509271376,112.25,7.426000000000035,4.694000000000017,4.8659999999999926,3,3,1,0,108.0,0.0529,Bengali
VHlIFsHPWbk__000023000_000470000,pyannote31,False,0.0962520611435442,0.03292259013325015,0.026409376531930696,0.036920094478363356,0.12871698840049572,448.7800000000001,14.775000000000004,11.85199999999986,16.56899999999991,4,4,1,0,447.0,0.0269,Odia
VKY0uuZ6Om8__000575000_000935000,pyannote31,False,0.39125831604549655,0.17939051434294292,0.09309678803920124,0.1187710136633524,0.4781049625951425,419.36999999999955,75.2309999999999,39.04199999999978,49.80900000000004,3,3,1,0,360.0,0.1718,Devanagari (hi/mr)
VY_4x1scS-Y__000013000_000121000,pyannote31,False,0.32589148686467423,0.07551683668863407,0.04198790286178566,0.20838674731425452,0.3937403457581909,110.76999999999998,8.364999999999995,4.650999999999996,23.08299999999997,4,4,1,0,108.0,0.0427,Tamil
0AEEA8NyVwY__000011000_000609000,sortformer,False,0.07077277561148489,0.04369018078695484,0.025753278979085265,0.0013293158454447769,0.08454084939355581,564.2,24.64999999999992,14.529999999999907,0.7499999999999432,3,3,1,0,598.0,0.0047,Devanagari (hi/mr)
0SoItGfM_sY__000007000_000088000,sortformer,False,0.38746601802833003,0.06710545142366586,0.12419516382887372,0.19616540277579045,0.7083481433131954,69.89000000000001,4.690000000000008,8.679999999999986,13.709999999999997,5,3,0,-2,81.0,0.0,Kannada
0VEwL9XZ0LY__000261000_000557000,sortformer,False,0.25033698544914096,0.14184495213078485,0.060622818235233064,0.04786921508312306,0.267690269746243,289.32999999999987,41.039999999999964,17.539999999999974,13.849999999999987,2,2,1,0,296.0,0.0355,Devanagari (hi/mr)
0esIFSOAcFs__000000000_000913000,sortformer,True,1.0,1.0,0.0,0.0,1.0,925.5799999999994,925.5799999999994,0.0,0.0,3,0,0,-3,913.0,0.0232,Gujarati
0p6cktLGIfY__000012000_000930000,sortformer,True,1.0,1.0,0.0,0.0,1.0,831.3,831.3,0.0,0.0,6,0,0,-6,918.0,0.0329,Gujarati
13VBh0Z6QmE__000000000_000904000,sortformer,True,1.0,1.0,0.0,0.0,1.0,887.0799999999995,887.0799999999995,0.0,0.0,4,0,0,-4,904.0,0.029,Tamil
1LFl5JEipII__000000000_000597000,sortformer,False,0.46893801122152307,0.18177516392888432,0.013114310822686888,0.27404853646995186,0.5777888033228317,591.7199999999984,107.55999999999915,7.7600000000002645,162.15999999999948,5,4,0,-1,597.0,0.1006,Bengali
2HGP34TNvjg__000084000_000194000,sortformer,False,0.31457148460482415,0.12953520298097648,0.06373798784075299,0.12129829378309473,0.3493976597877109,101.98,13.209999999999983,6.49999999999999,12.370000000000001,2,3,0,1,110.0,0.0128,Odia
2LN6vb7EBn0__000098000_000394000,sortformer,False,0.3445811691707045,0.1371352877610072,0.11789312232021451,0.08955275908948285,0.3761103986658756,286.8699999999999,39.34000000000012,33.81999999999992,25.689999999999934,3,3,1,0,296.0,0.0238,Tamil
2T4pjueLrsk__000677000_001290000,sortformer,False,0.4790662595195159,0.181542253780214,0.10696810271881091,0.19055590302049102,0.6695920919240632,543.6199999999991,98.68999999999977,58.14999999999989,103.58999999999916,4,3,0,-1,613.0,0.0342,Gujarati
2gGHQgj9yno__000000000_000099000,sortformer,False,0.36034159550093714,0.2844199125182253,0.06259112684857306,0.013330556134138772,0.4368707876904693,96.01999999999998,27.309999999999988,6.009999999999984,1.2800000000000047,4,4,1,0,99.0,0.0798,Gujarati
2iMXYxBTwbM__000339000_000401000,sortformer,False,0.8254551820728289,0.2787114845938374,0.2645308123249297,0.28221288515406184,0.8155618360797897,57.120000000000005,15.919999999999991,15.109999999999987,16.120000000000015,3,2,0,-1,62.0,0.1275,Devanagari (hi/mr)
37dND_0r6S8__000060000_000222000,sortformer,False,0.4816043604478939,0.0995912080099533,0.13608626103442137,0.2459268914035192,0.5385621438386994,168.79,16.810000000000016,22.96999999999998,41.510000000000005,2,2,1,0,162.0,0.0896,Tamil
4Qg2jWP6_T0__000136000_000202000,sortformer,False,0.7445659894871425,0.16678505469526905,0.24506321920727342,0.33271771558460006,0.7324025981457231,70.39000000000001,11.739999999999991,17.24999999999998,23.42,3,2,0,-1,66.0,0.2093,Punjabi
6-726qTlYeg__000102000_000162000,sortformer,False,0.45470208183776,0.11457286432160783,0.1458722182340274,0.1942569992821248,0.49704066818439546,69.64999999999999,7.979999999999984,10.160000000000007,13.52999999999999,2,3,0,1,60.0,0.161,Malayalam
6ZeRgvDHwcI__000006000_000100000,sortformer,False,0.6527646129541869,0.38120063191153264,0.16097946287519768,0.11058451816745649,0.601202643142824,63.29999999999999,24.130000000000013,10.190000000000012,6.999999999999995,2,2,1,0,94.0,0.0125,Gujarati
6f6TLzlP8Wk__000082000_000144000,sortformer,False,0.5951774494820854,0.11784683307862116,0.11614875191034132,0.3611818644931229,0.6356717890016899,58.89000000000001,6.940000000000001,6.840000000000002,21.27000000000001,2,3,0,1,62.0,0.051,Punjabi
7L4gi7Ncc0s__000090000_000148000,sortformer,False,0.1841207113346507,0.0905335009879649,0.04167415124842825,0.05191305909825754,0.25435201296866417,55.669999999999995,5.040000000000005,2.3200000000000003,2.889999999999997,2,2,1,0,58.0,0.0,Malayalam
7WhVNRHbjIY__000091000_001089000,sortformer,True,1.0,1.0,0.0,0.0,1.0,996.6799999999998,996.6799999999998,0.0,0.0,5,0,0,-5,998.0,0.0133,Tamil
7YfsQPYY-W0__000351000_000411000,sortformer,False,0.5665369649805445,0.1626459143968869,0.1374319066147857,0.26645914396887194,0.5933456558287311,64.24999999999999,10.44999999999998,8.829999999999979,17.12000000000002,2,2,1,0,60.0,0.1219,Odia
7c9ePKgqams__000299000_000869000,sortformer,False,0.36982216438950394,0.10220125786163586,0.03330803151883153,0.23431287500903655,0.6209340795522702,553.32,56.55000000000036,18.429999999999865,129.65000000000012,4,3,0,-1,570.0,0.0055,Telugu
7k-xDqNjESc__000073000_000981000,sortformer,True,1.0,1.0,0.0,0.0,1.0,897.5899999999995,897.5899999999995,0.0,0.0,4,0,0,-4,908.0,0.0421,Malayalam
83gP2vLH7UY__000255000_002005000,sortformer,True,1.0,1.0,0.0,0.0,1.0,2043.6199999999963,2043.6199999999963,0.0,0.0,5,0,0,-5,1750.0,0.2022,Devanagari (hi/mr)
86mMTUeDiR8__000181000_001079000,sortformer,True,1.0,1.0,0.0,0.0,1.0,823.15,823.15,0.0,0.0,5,0,0,-5,898.0,0.0517,Bengali
87Zbup3ohcw__000106000_000445000,sortformer,False,0.15764485397469916,0.07218491332188033,0.04547868186787426,0.039981258784944594,0.3073561931336718,320.15000000000003,23.10999999999999,14.559999999999945,12.800000000000013,4,4,1,0,339.0,0.0152,Tamil
8Ve4SWhlrrA__000000000_000070000,sortformer,False,0.02099984328475153,0.005328318445384713,0.015671524839366815,0.0,0.07539604020368369,63.809999999999995,0.3399999999999985,0.9999999999999964,0.0,2,2,1,0,70.0,0.0,Odia
8mvORuRHw2U__000000000_001197000,sortformer,True,1.0,1.0,0.0,0.0,1.0,1159.319999999999,1159.319999999999,0.0,0.0,4,0,0,-4,1197.0,0.0417,Gujarati
8o7jKmq6HsM__000030000_001770000,sortformer,True,1.0,1.0,0.0,0.0,1.0,1767.2599999999993,1767.2599999999993,0.0,0.0,6,0,0,-6,1740.0,0.0471,Devanagari (hi/mr)
8pkp-lpMJP0__000326000_000926000,sortformer,False,0.481133700895934,0.24633873190902827,0.019584194808178412,0.21521077417872736,0.8039195681872419,696.4799999999996,171.5699999999999,13.640000000000093,149.88999999999993,8,4,0,-4,600.0,0.2032,Telugu
8r2Nltl0W4o__000259000_000320000,sortformer,False,0.2617990462095052,0.05377405032067114,0.038480513073507666,0.16954448281532644,0.6128053779308084,60.81,3.270000000000012,2.340000000000001,10.31,2,2,1,0,61.0,0.0227,Punjabi
90uAd6xpTPo__000016000_000408000,sortformer,False,0.43347733362497876,0.06277683600371771,0.025865368841252973,0.3448351287800081,0.5426875852648141,365.74000000000007,22.95999999999972,9.459999999999864,126.12000000000019,4,4,1,0,392.0,0.0067,Devanagari (hi/mr)
9Aw8kg8w5Xo__000000000_000083000,sortformer,False,0.08365901319003433,0.02979970688812903,0.0346849047386419,0.0191744015632634,0.46125100269812913,81.88000000000002,2.4400000000000057,2.84,1.5700000000000074,4,3,0,-1,83.0,0.0216,Telugu
9_GMxc_JjyI__000236000_000368000,sortformer,False,0.20947956739493337,0.06401974305001076,0.06039050591565633,0.08506931842926624,0.47812565168686544,137.77,8.819999999999984,8.319999999999974,11.720000000000011,2,2,1,0,132.0,0.0602,Kannada
ARCKJrGkITw__000014000_000496000,sortformer,False,0.46235540289786414,0.10097121876110385,0.048185873899483075,0.3131983102372773,0.5929608921497429,506.5799999999997,51.149999999999956,24.41000000000012,158.65999999999983,3,3,1,0,482.0,0.0844,Telugu
ARZl7LT0UC0__000073000_000130000,sortformer,False,0.27990235964198557,0.07339300244100881,0.06346623270952001,0.14304312449145673,0.42920312221930396,61.44999999999999,4.509999999999991,3.900000000000004,8.790000000000015,3,3,1,0,57.0,0.0905,Telugu
A_dohDOK6Ic__000000000_000600000,sortformer,False,0.43262080177095225,0.031095430804883646,0.01810729480128658,0.383418076164782,0.5987794078384728,578.22,17.979999999999823,10.469999999999928,221.70000000000027,3,3,1,0,600.0,0.0048,Devanagari (hi/mr)
B2ScTgeIIck__000117000_000180000,sortformer,False,0.33203242269588706,0.13059141398979274,0.0762533773641551,0.1251876313419392,0.3722484046601484,66.61999999999998,8.699999999999989,5.080000000000012,8.339999999999986,2,2,1,0,63.0,0.0879,Odia
BGAAfht5dYw__000000000_000612000,sortformer,True,1.0,1.0,0.0,0.0,1.0,678.6199999999995,678.6199999999995,0.0,0.0,4,0,0,-4,612.0,0.135,Gujarati
BYLcUGNB_zM__000020000_001387000,sortformer,True,1.0,1.0,0.0,0.0,1.0,1331.2099999999998,1331.2099999999998,0.0,0.0,4,0,0,-4,1367.0,0.0054,Kannada
Bngfppo1QtA__000028000_000927000,sortformer,True,1.0,1.0,0.0,0.0,1.0,1002.8700000000006,1002.8700000000006,0.0,0.0,5,0,0,-5,899.0,0.1261,Telugu
CO_8ppdzq9U__000000000_000695000,sortformer,True,1.0,1.0,0.0,0.0,1.0,652.34,652.34,0.0,0.0,4,0,0,-4,695.0,0.0186,Tamil
Cku_X_SL7qU__000060000_000660000,sortformer,False,0.6859727230604964,0.21783275247285336,0.36175184834505175,0.10638812224259121,0.5573386808804577,496.3899999999995,108.12999999999957,179.57000000000005,52.809999999999796,3,3,1,0,600.0,0.1022,Gujarati
DPmew0didIM__000191000_000512000,sortformer,False,0.4420085731781989,0.12033067973055678,0.0832210655235759,0.23845682792406622,0.6383256055580766,326.59999999999985,39.29999999999983,27.17999999999988,77.88,5,4,0,-1,321.0,0.062,Telugu
EmsKkNN2Me4__000035000_000095000,sortformer,False,0.5117850667545736,0.05554639854953018,0.0984011867479806,0.35783748145706284,0.614915035177731,60.669999999999995,3.3699999999999957,5.969999999999982,21.71,2,2,1,0,60.0,0.0471,Malayalam
ExGJodnzocM__000212000_000527000,sortformer,False,0.4795621851995346,0.0540811055146585,0.03367557794136603,0.39180550174351003,0.641324811556278,309.7200000000001,16.750000000000036,10.42999999999989,121.34999999999997,4,4,1,0,315.0,0.0133,Devanagari (hi/mr)
F2uXav-wriA__000000000_000907000,sortformer,True,1.0,1.0,0.0,0.0,1.0,912.9799999999997,912.9799999999997,0.0,0.0,4,0,0,-4,907.0,0.0336,Devanagari (hi/mr)
FDMf9ApmoNU__000016000_000686000,sortformer,True,1.0,1.0,0.0,0.0,1.0,630.0199999999991,630.0199999999991,0.0,0.0,4,0,0,-4,670.0,0.0882,Bengali
G6qzg93FxwE__000021000_000116000,sortformer,False,0.06664516822530361,0.041706976244222246,0.021175964742556144,0.003762227238525222,0.0785749915532816,93.03,3.8799999999999955,1.969999999999998,0.3500000000000014,2,2,1,0,95.0,0.0061,Gujarati
GEc_sS2KWo8__000096000_000290000,sortformer,False,0.22246652008794743,0.13365314144846444,0.06742621094010268,0.02138716769938031,0.4724178917977757,150.08999999999997,20.060000000000024,10.12000000000001,3.20999999999999,4,3,0,-1,194.0,0.0378,Gujarati
GfFLEIAAumk__000090000_000163000,sortformer,False,0.19377632830547614,0.04402772115776597,0.045794265525207045,0.10395434162250312,0.2622698274612151,73.59,3.239999999999998,3.369999999999987,7.650000000000006,2,2,1,0,73.0,0.0285,Bengali
Gq45evw6ytY__000597000_001464000,sortformer,True,1.0,1.0,0.0,0.0,1.0,886.5900000000001,886.5900000000001,0.0,0.0,3,0,0,-3,867.0,0.0869,Odia
HZv_WvIr6lE__000021000_000105000,sortformer,False,0.2687764170369564,0.12116614284166018,0.08084968028611653,0.06676059390917972,0.28357026986381767,92.27000000000001,11.179999999999986,7.459999999999973,6.1600000000000135,3,3,1,0,84.0,0.1276,Tamil
HpYG46tGyYs__000103000_000998000,sortformer,True,1.0,1.0,0.0,0.0,1.0,861.23,861.23,0.0,0.0,4,0,0,-4,895.0,0.0022,Devanagari (hi/mr)
IAm1rt-MYcA__000004000_000558000,sortformer,False,0.3816996842863209,0.16330336207374063,0.06768458172553225,0.15071174048704802,0.5258552773809965,541.6299999999997,88.45000000000009,36.66000000000001,81.62999999999977,4,3,0,-1,554.0,0.0445,Bengali
Iare1Emeueg__000016000_000069000,sortformer,False,0.5129449838187703,0.31576514100785946,0.16273693943596873,0.03444290337494208,0.45565704183853867,43.25999999999999,13.659999999999997,7.040000000000006,1.4899999999999942,2,3,0,1,53.0,0.0,Devanagari (hi/mr)
IfTL8SSN270__000062000_000671000,sortformer,False,0.2773476335371909,0.13242249871960862,0.04080679661374479,0.10411833820383751,0.3369147138285108,663.8599999999996,87.90999999999931,27.090000000000597,69.11999999999952,4,4,1,0,609.0,0.1121,Devanagari (hi/mr)
Ig6szCD8m20__000046000_000106000,sortformer,False,0.26636455186304153,0.028197381671702156,0.052534407519302107,0.18563276267203727,0.3692847879319544,59.579999999999984,1.680000000000014,3.1300000000000185,11.059999999999977,2,2,1,0,60.0,0.0204,Devanagari (hi/mr)
Iqhnt8ENm3U__000027000_000088000,sortformer,False,0.7052283653846153,0.21874999999999978,0.058293269230769426,0.4281850961538462,0.8077954171173616,66.55999999999996,14.559999999999976,3.8800000000000106,28.499999999999986,3,2,0,-1,61.0,0.1772,Devanagari (hi/mr)
J4-VpEkBzWw__000000000_000600000,sortformer,False,0.4510617563383153,0.07601263733672795,0.012040049669134441,0.3630090693324529,0.659160145289521,636.2099999999996,48.35999999999966,7.660000000000018,230.94999999999973,7,4,0,-3,600.0,0.0685,Kannada
JBYGLQJwFDc__000103000_000407000,sortformer,False,0.44120016882170077,0.15305221962168547,0.1097724743889805,0.17837547481103483,0.6438404646614718,260.62999999999994,39.88999999999987,28.609999999999978,46.489999999999995,3,3,1,0,304.0,0.012,Tamil
JSB1CeS4pP8__000000000_000632000,sortformer,True,1.0,1.0,0.0,0.0,1.0,652.5399999999998,652.5399999999998,0.0,0.0,4,0,0,-4,632.0,0.088,Punjabi
Jc5AVwg2cZM__000153000_000214000,sortformer,False,0.7942255543148832,0.3265273568352212,0.248524485563886,0.21917371191577592,0.6999804324243764,62.689999999999976,20.47000000000001,15.580000000000009,13.739999999999988,3,4,0,1,61.0,0.2816,Devanagari (hi/mr)
KAtdcDieQMw__000057000_000599000,sortformer,False,0.2258064516129023,0.0799147575919011,0.03846219946036052,0.10742949456064066,0.3029333810087457,581.8699999999993,46.49999999999944,22.379999999999953,62.509999999999906,3,3,1,0,542.0,0.1073,Odia
KPkRi3GM7fs__000047000_000642000,sortformer,False,0.09308086757674448,0.0587797103457832,0.023092647772157214,0.011208509458804085,0.10054438191724673,577.24,33.92999999999989,13.33000000000003,6.47000000000007,3,3,1,0,595.0,0.0031,Odia
Kdi-ECuOaKg__000002000_000078000,sortformer,False,0.8460751725901309,0.4518026080286376,0.18997698798261323,0.20429557657887995,0.8805370241574377,39.11,17.670000000000016,7.430000000000003,7.989999999999995,6,2,0,-4,76.0,0.0,Malayalam
L7xRazDdtgw__000019000_000083000,sortformer,False,0.8204827747832201,0.3006796344035621,0.17225216779939054,0.3475509725802674,0.8189723901563627,42.66999999999999,12.829999999999991,7.3499999999999925,14.830000000000005,3,3,1,0,64.0,0.0012,Gujarati
LBIWBxQ5H1s__000090000_001020000,sortformer,True,1.0,1.0,0.0,0.0,1.0,961.9499999999989,961.9499999999989,0.0,0.0,4,0,0,-4,930.0,0.0724,Malayalam
LK23jX9tgZM__000059000_000221000,sortformer,False,0.5224847773867383,0.23847829730182704,0.04737165521479229,0.23663482487011894,0.5011926260683982,179.00999999999996,42.69000000000005,8.479999999999965,42.359999999999985,3,4,0,1,162.0,0.1712,Gujarati
LctYmmr9-Vg__000000000_000061000,sortformer,False,0.1690700104493206,0.08087774294670833,0.08819226750261228,0.0,0.15654660678207521,47.85000000000001,3.8699999999999943,4.219999999999998,0.0,2,2,1,0,61.0,0.0,Devanagari (hi/mr)
LqQHdo7t5Ps__000198000_000498000,sortformer,False,0.3290535708204201,0.03354561863569783,0.023601130674658372,0.2719068215100639,0.5628032697093048,293.63000000000005,9.849999999999955,6.929999999999939,79.84000000000007,3,2,0,-1,300.0,0.0019,Devanagari (hi/mr)
Md3p6RTanBg__000315000_000426000,sortformer,False,0.03250309132662113,0.016516516516516654,0.01457339692633839,0.0014131778837660892,0.03149936184070443,113.21999999999998,1.8700000000000152,1.6500000000000323,0.1599999999999966,3,3,1,0,111.0,0.0528,Bengali
MmtWBUK2DKE__000000000_000310000,sortformer,False,0.5298646224106995,0.04641983363236002,0.020877507747512437,0.46256728103082706,0.7524658239832986,306.54999999999995,14.229999999999961,6.399999999999936,141.8,5,3,0,-2,310.0,0.0432,Devanagari (hi/mr)
NLgHpYyf5bY__000313000_000383000,sortformer,False,0.17375526201190275,0.03861228044708938,0.03149949194367828,0.10364348962113508,0.3194868695857398,68.89,2.6599999999999873,2.169999999999997,7.139999999999996,2,2,1,0,70.0,0.0097,Devanagari (hi/mr)
NuhdqCEuIBo__000197000_000540000,sortformer,False,0.23291217604187167,0.06978641978782614,0.05343726257140487,0.10968849368264068,0.353303628987973,355.3699999999996,24.79999999999975,18.990000000000126,38.979999999999976,3,4,0,1,343.0,0.0562,Punjabi
O4_aeGFzZ8A__000000000_000335000,sortformer,False,0.5352782179140646,0.08804796967719854,0.010159381116599812,0.4370708671202662,0.6449365403344391,321.86999999999995,28.33999999999989,3.269999999999981,140.68000000000006,8,4,0,-4,335.0,0.0004,Kannada
OXUt5KnlUMo__000091000_000181000,sortformer,False,0.33784879008915114,0.12701169387518815,0.042028482111844366,0.16880861410211861,0.45325836872087066,86.36999999999999,10.969999999999999,3.6299999999999972,14.579999999999984,2,2,1,0,90.0,0.0,Odia
OxYCBQKZ3iY__000000000_001822000,sortformer,True,1.0,1.0,0.0,0.0,1.0,1706.2699999999975,1706.2699999999975,0.0,0.0,7,0,0,-7,1822.0,0.0659,Punjabi
PCUA2q2C-2A__000045000_000107000,sortformer,False,0.02866084664799866,0.0136715532861144,0.014989293361884261,0.0,0.04515465706958702,60.71000000000001,0.8300000000000054,0.9099999999999936,0.0,3,3,1,0,62.0,0.0063,Devanagari (hi/mr)
PEDfT9-Yf2o__000000000_000469000,sortformer,False,0.3601838052657725,0.030625931445603535,0.007973174366616983,0.32158469945355195,0.5152427371298302,402.6,12.329999999999984,3.2099999999999973,129.47000000000003,3,2,0,-1,469.0,0.011,Bengali
PQB3-4sZUeY__000000000_001132000,sortformer,True,1.0,1.0,0.0,0.0,1.0,1129.8399999999963,1129.8399999999963,0.0,0.0,4,0,0,-4,1132.0,0.1069,Telugu
PRAzUz0GANs__000223000_000283000,sortformer,False,0.3905278265029501,0.08627013235528634,0.10030298198054524,0.20395471216711847,0.481946958100409,62.71000000000001,5.410000000000007,6.289999999999993,12.790000000000001,2,3,0,1,60.0,0.0822,Kannada
PSIzXy5-y2E__000002000_000918000,sortformer,True,1.0,1.0,0.0,0.0,1.0,889.7999999999994,889.7999999999994,0.0,0.0,3,0,0,-3,916.0,0.0434,Devanagari (hi/mr)
PVDfS7lcJHY__000000000_000360000,sortformer,False,0.4109004862573775,0.09639337441818092,0.039576670047065284,0.2749304417921313,0.585187377196044,384.5699999999996,37.0699999999998,15.21999999999988,105.72999999999982,6,4,0,-2,360.0,0.1127,Kannada
Pjre5dpnKGA__000000000_000330000,sortformer,False,0.27077188905770555,0.07745702624601503,0.0631572675544437,0.13015759525724677,0.4746725804429447,335.6699999999997,25.999999999999837,21.2000000000001,43.68999999999998,4,3,0,-1,330.0,0.0933,Kannada
QhpjuNTZoA8__000000000_000586000,sortformer,False,0.46797167574285764,0.06340250862646951,0.011365680550786086,0.393203486565602,0.632740591357133,611.4899999999996,38.76999999999981,6.950000000000179,240.4399999999998,3,3,1,0,586.0,0.0512,Kannada
QuA_B6IZ6Ls__000061000_001863000,sortformer,True,1.0,1.0,0.0,0.0,1.0,2703.9699999999975,2703.9699999999975,0.0,0.0,4,0,0,-4,1802.0,0.3694,Devanagari (hi/mr)
RL2fhIEEbZg__000000000_000065000,sortformer,False,0.10401710707194115,0.014204979379868638,0.07667634030853818,0.013135787383534327,0.40371424926283744,65.47,0.9299999999999997,5.019999999999994,0.8599999999999923,3,2,0,-1,65.0,0.0563,Telugu
RL2fhIEEbZg__000066000_001034000,sortformer,True,1.0,1.0,0.0,0.0,1.0,1012.9500000000005,1012.9500000000005,0.0,0.0,3,0,0,-3,968.0,0.0719,Telugu
RWTmftezCwI__000000000_000060000,sortformer,False,0.0628876636802205,0.022226050999310746,0.03652653342522399,0.004135079255685768,0.07018852876851986,58.03999999999999,1.2899999999999956,2.12,0.240000000000002,2,2,1,0,60.0,0.0244,Malayalam
RZUZyvRzi80__000000000_000336000,sortformer,False,0.31513409961685784,0.1404029168211589,0.007013966135211876,0.16771721666048708,0.37612019251941387,323.63999999999993,45.439999999999856,2.269999999999971,54.28000000000003,4,3,0,-1,336.0,0.0001,Punjabi
SZ7ay4OjfAE__000000000_000897000,sortformer,True,1.0,1.0,0.0,0.0,1.0,1011.579999999999,1011.579999999999,0.0,0.0,5,0,0,-5,897.0,0.1794,Telugu
T3I2T-cfhG4__000160000_000210000,sortformer,False,0.10964445390674894,0.027464338939748856,0.06450926123057253,0.017670853736427544,0.12761006639981531,46.970000000000006,1.290000000000004,3.0299999999999923,0.8300000000000018,2,2,1,0,50.0,0.0,Devanagari (hi/mr)
TU3M6wSQV_g__000099000_000171000,sortformer,False,0.21931589537223303,0.048692152917504915,0.02830315224681402,0.14232059020791407,0.46704720241050934,74.54999999999997,3.62999999999999,2.1099999999999843,10.60999999999999,2,2,1,0,72.0,0.0451,Telugu
Tlha36rSd5o__000240000_000374000,sortformer,False,0.1601503158231389,0.08531222515391372,0.06644279203645957,0.008395298632765627,0.13361950745013285,125.07000000000002,10.669999999999991,8.31,1.0499999999999972,2,2,1,0,134.0,0.0,Tamil
TrPnW5kLAyQ__000093000_000513000,sortformer,False,0.21605047766262117,0.16506601120036532,0.035729670830905245,0.0152547956313506,0.23760806908608034,394.62999999999965,65.14000000000011,14.100000000000126,6.019999999999882,4,4,1,0,420.0,0.0501,Devanagari (hi/mr)
U_EHjxThUgc__000181000_000289000,sortformer,False,0.14405345211581339,0.053986636971047074,0.04953229398663707,0.040534521158129215,0.1662264866323994,112.25,6.060000000000034,5.560000000000011,4.550000000000004,3,3,1,0,108.0,0.0529,Bengali
VHlIFsHPWbk__000023000_000470000,sortformer,False,0.12389143901243337,0.037902758589955336,0.016466865724853792,0.06952181469762424,0.1865945360129544,448.78,17.010000000000154,7.389999999999885,31.199999999999804,4,4,1,0,447.0,0.0269,Odia
VKY0uuZ6Om8__000575000_000935000,sortformer,False,0.37897322173736775,0.1639602260533652,0.08474616686935155,0.13026682881465101,0.47316612622076804,419.3699999999995,68.75999999999968,35.539999999999914,54.63000000000013,3,3,1,0,360.0,0.1718,Devanagari (hi/mr)
VY_4x1scS-Y__000013000_000121000,sortformer,False,0.4824410941590681,0.08702717342240666,0.022208179109867172,0.37320574162679426,0.6333727764710607,110.76999999999992,9.63999999999998,2.459999999999985,41.339999999999975,4,3,0,-1,108.0,0.0427,Tamil
0AEEA8NyVwY__000011000_000609000,sortformer_stream,False,0.05907479617157041,0.02915632754342448,0.02850053172633804,0.0014179369018078895,0.06669792692146885,564.2,16.45000000000009,16.079999999999924,0.8000000000000114,3,3,1,0,598.0,0.0047,Devanagari (hi/mr)
0SoItGfM_sY__000007000_000088000,sortformer_stream,False,0.38746601802833014,0.06825010731148969,0.12533981971669747,0.193876091000143,0.6989135987012391,69.89000000000001,4.770000000000016,8.759999999999987,13.549999999999997,5,3,0,-2,81.0,0.0,Kannada
0VEwL9XZ0LY__000261000_000557000,sortformer_stream,False,0.5428403553036327,0.12152213735181283,0.06435558013341197,0.35696263781840787,0.7098021866863059,289.32999999999987,35.15999999999999,18.620000000000076,103.2799999999999,2,3,0,1,296.0,0.0355,Devanagari (hi/mr)
0esIFSOAcFs__000000000_000913000,sortformer_stream,False,0.3844292227576218,0.03214200825428319,0.006320361286976596,0.34596685321636206,0.5503070003390866,925.5799999999988,29.7499999999994,5.84999999999979,320.21999999999997,3,3,1,0,913.0,0.0232,Gujarati
0p6cktLGIfY__000012000_000930000,sortformer_stream,False,0.42905088415734344,0.14770840851678055,0.13362203777216405,0.1477204378683988,0.6796878265433378,831.2999999999992,122.78999999999954,111.07999999999987,122.79999999999981,6,4,0,-2,918.0,0.0329,Gujarati
13VBh0Z6QmE__000000000_000904000,sortformer_stream,False,0.3891080849528795,0.03040312034991232,0.025206294809939012,0.3334986697930281,0.4668286784500162,887.079999999999,26.97000000000019,22.360000000000674,295.83999999999907,4,4,1,0,904.0,0.029,Tamil
1LFl5JEipII__000000000_000597000,sortformer_stream,False,0.6396944500777395,0.1377002636382072,0.04346650442777047,0.45852768201176186,0.7704265228781326,591.7199999999983,81.47999999999973,25.72000000000027,271.31999999999897,5,4,0,-1,597.0,0.1006,Bengali
2HGP34TNvjg__000084000_000194000,sortformer_stream,False,0.5684447930966855,0.06305157874092955,0.07727005295155903,0.428123161404197,0.631952278013793,101.98,6.429999999999995,7.87999999999999,43.66000000000001,2,3,0,1,110.0,0.0128,Odia
2LN6vb7EBn0__000098000_000394000,sortformer_stream,False,0.5507372677519429,0.03586990622930219,0.09777948199532907,0.41708787952731163,0.6706337415433578,286.8699999999999,10.289999999999914,28.05000000000004,119.64999999999985,3,4,0,1,296.0,0.0238,Tamil
2T4pjueLrsk__000677000_001290000,sortformer_stream,False,0.680935212096686,0.17256539494499826,0.12183142636400474,0.386538390787683,0.723583030586494,543.619999999999,93.80999999999977,66.23000000000013,210.12999999999982,4,4,1,0,613.0,0.0342,Gujarati
2gGHQgj9yno__000000000_000099000,sortformer_stream,False,0.3095188502395333,0.1522599458446157,0.08873151426786051,0.06852739012705707,0.4443925890406575,96.02000000000001,14.620000000000001,8.519999999999968,6.58000000000002,4,3,0,-1,99.0,0.0798,Gujarati
2iMXYxBTwbM__000339000_000401000,sortformer_stream,False,0.816001400560224,0.25227591036414554,0.27871148459383727,0.28501400560224116,0.8075236210692229,57.120000000000005,14.409999999999993,15.919999999999987,16.280000000000015,3,2,0,-1,62.0,0.1275,Devanagari (hi/mr)
37dND_0r6S8__000060000_000222000,sortformer_stream,False,0.48444813081343696,0.10480478701344866,0.13419041412405971,0.2454529296759286,0.5373771006798024,168.78999999999996,17.689999999999994,22.650000000000034,41.42999999999998,2,3,0,1,162.0,0.0896,Tamil
4Qg2jWP6_T0__000136000_000202000,sortformer_stream,False,0.7485438272481885,0.1643699389117772,0.22346924279016894,0.3607046455462423,0.7490402312664286,70.38999999999999,11.569999999999995,15.72999999999999,25.389999999999993,3,2,0,-1,66.0,0.2093,Punjabi
6-726qTlYeg__000102000_000162000,sortformer_stream,False,0.45183058147882244,0.11414213926776734,0.14773869346733665,0.18994974874371848,0.49080892053519243,69.64999999999999,7.949999999999994,10.289999999999996,13.22999999999999,2,3,0,1,60.0,0.161,Malayalam
6ZeRgvDHwcI__000006000_000100000,sortformer_stream,False,0.6477093206951033,0.3837282780410745,0.16603475513428165,0.09794628751974711,0.5889687306032383,63.29999999999998,24.29000000000001,10.510000000000025,6.19999999999999,2,2,1,0,94.0,0.0125,Gujarati
6f6TLzlP8Wk__000082000_000144000,sortformer_stream,False,0.5513669553404655,0.10918661912039408,0.12922397690609608,0.3129563593139754,0.5983939398450867,58.89000000000001,6.430000000000009,7.609999999999999,18.430000000000014,2,2,1,0,62.0,0.051,Punjabi
7L4gi7Ncc0s__000090000_000148000,sortformer_stream,False,0.16687623495599058,0.07328902460930481,0.04167415124842824,0.05191305909825753,0.24190388018858106,55.67,4.079999999999999,2.3200000000000003,2.889999999999997,2,2,1,0,58.0,0.0,Malayalam
7WhVNRHbjIY__000091000_001089000,sortformer_stream,False,0.3221495364610507,0.014748966569009089,0.025855841393426313,0.2815447284986153,0.42460609841167435,996.6799999999997,14.699999999999974,25.77000000000013,280.6099999999998,5,4,0,-1,998.0,0.0133,Tamil
7YfsQPYY-W0__000351000_000411000,sortformer_stream,False,0.5607782101167318,0.13525291828793773,0.13867704280155638,0.2868482490272377,0.5946256556203944,64.24999999999997,8.689999999999996,8.909999999999993,18.430000000000014,2,2,1,0,60.0,0.1219,Odia
7c9ePKgqams__000299000_000869000,sortformer_stream,False,0.549483120075183,0.033109231547748356,0.04227210294223959,0.47410178558519506,0.765204495116019,553.3199999999999,18.320000000000118,23.390000000000008,262.3300000000001,4,4,1,0,570.0,0.0055,Telugu
7k-xDqNjESc__000073000_000981000,sortformer_stream,False,0.4472086364598551,0.09916554328813912,0.097561247340101,0.2504818458316149,0.7100722633046108,897.5899999999988,89.01000000000067,87.57000000000114,224.82999999999893,4,3,0,-1,908.0,0.0421,Malayalam
83gP2vLH7UY__000255000_002005000,sortformer_stream,False,0.717330032002036,0.13365498478190616,0.09680371106174422,0.4868713361583858,0.796292735123575,2043.6199999999933,273.13999999999817,197.83000000000106,994.9799999999971,5,4,0,-1,1750.0,0.2022,Devanagari (hi/mr)
86mMTUeDiR8__000181000_001079000,sortformer_stream,False,0.5726416813460476,0.12518981959545578,0.11892121727510113,0.32853064447549085,0.7213403768990618,823.1499999999985,103.04999999999924,97.88999999999932,270.4299999999998,5,4,0,-1,898.0,0.0517,Bengali
87Zbup3ohcw__000106000_000445000,sortformer_stream,False,0.3931282211463373,0.05731688271122932,0.05697329376854576,0.2788380446665622,0.6258996403833739,320.15,18.350000000000065,18.239999999999924,89.26999999999988,4,3,0,-1,339.0,0.0152,Tamil
8Ve4SWhlrrA__000000000_000070000,sortformer_stream,False,0.04889515749882451,0.001253721987149323,0.024134148252624877,0.023507287259050307,0.38098091483356533,63.809999999999995,0.0799999999999983,1.5399999999999934,1.5,2,2,1,0,70.0,0.0,Odia
8mvORuRHw2U__000000000_001197000,sortformer_stream,False,0.5759583203947132,0.05955215126108392,0.06089776765690152,0.4555084014767278,0.6697832774069361,1159.3199999999968,69.03999999999962,70.59999999999887,528.0799999999986,4,4,1,0,1197.0,0.0417,Gujarati
8o7jKmq6HsM__000030000_001770000,sortformer_stream,False,0.608167445650328,0.0615359369872001,0.024563448502201095,0.5220680601609269,0.7404579744536021,1767.2599999999984,108.74999999999915,43.40999999999987,922.6299999999987,6,4,0,-2,1740.0,0.0471,Devanagari (hi/mr)
8pkp-lpMJP0__000326000_000926000,sortformer_stream,False,0.4493022053756035,0.16090914311968796,0.050970594991960036,0.23742246726395547,0.7524142367229427,696.4799999999987,112.07000000000005,35.500000000000256,165.3599999999994,8,4,0,-4,600.0,0.2032,Telugu
8r2Nltl0W4o__000259000_000320000,sortformer_stream,False,0.2553856273639206,0.04982733103108058,0.03584936688044731,0.1697089294523927,0.610983606557377,60.81,3.03000000000001,2.180000000000001,10.32,2,2,1,0,61.0,0.0227,Punjabi
90uAd6xpTPo__000016000_000408000,sortformer_stream,False,0.526412205391808,0.03119702520916492,0.02753322032044603,0.46768195986219707,0.7543102947390112,365.7400000000001,11.409999999999982,10.069999999999935,171.05,4,2,0,-2,392.0,0.0067,Devanagari (hi/mr)
9Aw8kg8w5Xo__000000000_000083000,sortformer_stream,False,0.1624328285295553,0.02650219833903282,0.022594040058622235,0.11333659013190024,0.5657290550501162,81.88000000000002,2.170000000000008,1.8499999999999892,9.279999999999994,4,3,0,-1,83.0,0.0216,Telugu
9_GMxc_JjyI__000236000_000368000,sortformer_stream,False,0.19147855120853577,0.06786673441242642,0.041010379618204036,0.08260143717790529,0.4716464564738134,137.77,9.349999999999989,5.64999999999997,11.380000000000013,2,2,1,0,132.0,0.0602,Kannada
ARCKJrGkITw__000014000_000496000,sortformer_stream,False,0.4810493900272417,0.09518733467566845,0.050455999052469724,0.3354060562991035,0.5853203167325919,506.5799999999995,48.22000000000007,25.560000000000088,169.90999999999968,3,3,1,0,482.0,0.0844,Telugu
ARZl7LT0UC0__000073000_000130000,sortformer_stream,False,0.2790886899918639,0.06981285598047196,0.05988608624898318,0.14938974776240876,0.43451251120703754,61.44999999999999,4.290000000000001,3.6800000000000157,9.180000000000017,3,3,1,0,57.0,0.0905,Telugu
A_dohDOK6Ic__000000000_000600000,sortformer_stream,False,0.36498218671093946,0.019681090242467846,0.01942167341150369,0.32587942305696793,0.509282550931995,578.2200000000001,11.379999999999761,11.229999999999666,188.43000000000004,3,3,1,0,600.0,0.0048,Devanagari (hi/mr)
B2ScTgeIIck__000117000_000180000,sortformer_stream,False,0.30261182827979594,0.08210747523266286,0.08661062743920762,0.13389372560792545,0.35128171269208364,66.62,5.47,5.770000000000012,8.919999999999995,2,2,1,0,63.0,0.0879,Odia
BGAAfht5dYw__000000000_000612000,sortformer_stream,False,0.3351802186790837,0.07942589372550167,0.044664171406678534,0.21109015354690353,0.5542421983121889,678.6199999999995,53.899999999999906,30.310000000000166,143.24999999999957,4,4,1,0,612.0,0.135,Gujarati
BYLcUGNB_zM__000020000_001387000,sortformer_stream,False,0.1498336100239638,0.027719142734805614,0.01473095905229113,0.10738350823686704,0.2229498965393622,1331.2099999999991,36.90000000000056,19.61000000000046,142.94999999999968,4,4,1,0,1367.0,0.0054,Kannada
Bngfppo1QtA__000028000_000927000,sortformer_stream,False,0.6095007328965856,0.13208092773739413,0.14968041720262787,0.3277393879565636,0.6739649798476579,1002.8699999999983,132.46000000000024,150.10999999999916,328.67999999999836,5,4,0,-1,899.0,0.1261,Telugu
CO_8ppdzq9U__000000000_000695000,sortformer_stream,False,0.6225587883618973,0.02103197718980921,0.03743446668915031,0.5640923444829378,0.7983852293706851,652.3399999999991,13.720000000000121,24.420000000000282,367.9799999999991,4,4,1,0,695.0,0.0186,Tamil
Cku_X_SL7qU__000060000_000660000,sortformer_stream,False,0.6514837124035537,0.15904832893490972,0.3696891557041843,0.12274622776445973,0.5323225423328604,496.38999999999953,78.94999999999976,183.50999999999988,60.930000000000106,3,4,0,1,600.0,0.1022,Gujarati
DPmew0didIM__000191000_000512000,sortformer_stream,False,0.4567360685854256,0.0997244335578687,0.08894672382118822,0.2680649112063687,0.6367384776699831,326.5999999999999,32.56999999999991,29.050000000000065,87.55,5,4,0,-1,321.0,0.062,Telugu
EmsKkNN2Me4__000035000_000095000,sortformer_stream,False,0.5015658480303278,0.04961265864512951,0.09906049118180278,0.3528926982033955,0.6001058964060946,60.669999999999995,3.010000000000007,6.009999999999974,21.410000000000004,2,3,0,1,60.0,0.0471,Malayalam
ExGJodnzocM__000212000_000527000,sortformer_stream,False,0.4186039002970418,0.03106031254035894,0.0346764819837268,0.35286710577295605,0.5772468034122566,309.72,9.619999999999973,10.739999999999867,109.28999999999996,4,4,1,0,315.0,0.0133,Devanagari (hi/mr)
F2uXav-wriA__000000000_000907000,sortformer_stream,False,0.3858463493176192,0.05730684133277752,0.013954303489671012,0.31458520449517063,0.49092905910507095,912.9799999999991,52.31999999999917,12.739999999999828,287.2100000000006,4,4,1,0,907.0,0.0336,Devanagari (hi/mr)
FDMf9ApmoNU__000016000_000686000,sortformer_stream,False,0.39711437732135396,0.13750357131519653,0.11294879527634047,0.14666201072981694,0.5337591958029235,630.0199999999985,86.62999999999991,71.15999999999985,92.39999999999905,4,4,1,0,670.0,0.0882,Bengali
G6qzg93FxwE__000021000_000116000,sortformer_stream,False,0.06664516822530357,0.03912716328066212,0.021175964742556144,0.006342040202085309,0.07804854703454309,93.03,3.639999999999997,1.969999999999998,0.5899999999999963,2,3,0,1,95.0,0.0061,Gujarati
GEc_sS2KWo8__000096000_000290000,sortformer_stream,False,0.39989339729495643,0.12159371044040244,0.10227197015124267,0.17602771670331133,0.6238708952955039,150.08999999999997,18.25,15.35000000000001,26.419999999999995,4,3,0,-1,194.0,0.0378,Gujarati
GfFLEIAAumk__000090000_000163000,sortformer_stream,False,0.19160211985324085,0.04402772115776607,0.04035874439461877,0.107215654300856,0.264371017015485,73.59,3.240000000000005,2.9699999999999953,7.8899999999999935,2,2,1,0,73.0,0.0285,Bengali
Gq45evw6ytY__000597000_001464000,sortformer_stream,False,0.5926414689991981,0.10804317666565191,0.08666914808423208,0.39792914424931414,0.7142434478921058,886.5899999999982,95.79000000000013,76.83999999999916,352.7999999999987,3,4,0,1,867.0,0.0869,Odia
HZv_WvIr6lE__000021000_000105000,sortformer_stream,False,0.22976048553159184,0.11054513926519997,0.05202124200715269,0.06719410425923919,0.2572383853339716,92.27000000000001,10.200000000000003,4.799999999999979,6.2,3,3,1,0,84.0,0.1276,Tamil
HpYG46tGyYs__000103000_000998000,sortformer_stream,False,0.21786282410041458,0.024999129152491233,0.04080210861210118,0.15206158633582217,0.28954149102819116,861.2299999999998,21.53000000000002,35.13999999999989,130.9600000000001,4,4,1,0,895.0,0.0022,Devanagari (hi/mr)
IAm1rt-MYcA__000004000_000558000,sortformer_stream,False,0.4470764174805681,0.0836548935620256,0.10691800675738058,0.25650351716116193,0.6215000693180924,541.6299999999995,45.30999999999989,57.91,138.93,4,4,1,0,554.0,0.0445,Bengali
Iare1Emeueg__000016000_000069000,sortformer_stream,False,0.4500693481276008,0.2454923717059641,0.16458622283865024,0.039990753582986434,0.42678187907988574,43.25999999999999,10.620000000000005,7.120000000000008,1.7299999999999927,2,2,1,0,53.0,0.0,Devanagari (hi/mr)
IfTL8SSN270__000062000_000671000,sortformer_stream,False,0.4310698038743107,0.10979724640737433,0.05126080800168727,0.27001174946524914,0.5408629650978912,663.8599999999994,72.88999999999946,34.030000000000086,179.25000000000014,4,4,1,0,609.0,0.1121,Devanagari (hi/mr)
Ig6szCD8m20__000046000_000106000,sortformer_stream,False,0.26015441423296426,0.02148371936891574,0.06461899966431724,0.1740516951997313,0.3575230684455677,59.57999999999998,1.2799999999999994,3.850000000000019,10.369999999999987,2,2,1,0,60.0,0.0204,Devanagari (hi/mr)
Iqhnt8ENm3U__000027000_000088000,sortformer_stream,False,0.5658052884615383,0.17893629807692296,0.09179687499999997,0.29507211538461536,0.6438409306975768,66.55999999999997,11.909999999999988,6.109999999999996,19.63999999999999,3,3,1,0,61.0,0.1772,Devanagari (hi/mr)
J4-VpEkBzWw__000000000_000600000,sortformer_stream,False,0.5391301614246871,0.03685889879127949,0.023435658037440937,0.47883560459596664,0.725774853266552,636.2099999999987,23.449999999999875,14.910000000000267,304.6399999999993,7,4,0,-3,600.0,0.0685,Kannada
JBYGLQJwFDc__000103000_000407000,sortformer_stream,False,0.4457660284694776,0.1393546406783563,0.11909603652687736,0.18731535126424395,0.6614661532704359,260.62999999999994,36.31999999999999,31.04000000000004,48.81999999999989,3,2,0,-1,304.0,0.012,Tamil
JSB1CeS4pP8__000000000_000632000,sortformer_stream,False,0.2496705182824023,0.049790051184600816,0.04833420173475904,0.15154626536304247,0.3440994885407749,652.5399999999986,32.48999999999935,31.539999999999594,98.88999999999952,4,4,1,0,632.0,0.088,Punjabi
Jc5AVwg2cZM__000153000_000214000,sortformer_stream,False,0.7830594991226669,0.3035571861540914,0.25745732971765806,0.22204498325091748,0.693092881271966,62.69,19.029999999999987,16.139999999999983,13.920000000000016,3,4,0,1,61.0,0.2816,Devanagari (hi/mr)
KAtdcDieQMw__000057000_000599000,sortformer_stream,False,0.6098269372883963,0.06016807878048252,0.055699726743086465,0.4939591317648273,0.7327325989523685,581.8699999999991,35.00999999999931,32.40999999999967,287.4199999999996,3,4,0,1,542.0,0.1073,Odia
KPkRi3GM7fs__000047000_000642000,sortformer_stream,False,0.4064340655533228,0.017323816783313784,0.027302335250502362,0.3618079135195066,0.5883684428520497,577.24,10.00000000000005,15.759999999999984,208.85,3,2,0,-1,595.0,0.0031,Odia
Kdi-ECuOaKg__000002000_000078000,sortformer_stream,False,0.9457939145998469,0.3807210432114551,0.24776272053183354,0.31731015085655817,0.9040692145757324,39.11,14.89000000000001,9.69000000000001,12.40999999999999,6,3,0,-3,76.0,0.0,Malayalam
L7xRazDdtgw__000019000_000083000,sortformer_stream,False,0.803609093039606,0.24630888211858448,0.18912584954300427,0.3681743613780173,0.8106621172428397,42.66999999999999,10.509999999999996,8.06999999999999,15.709999999999994,3,3,1,0,64.0,0.0012,Gujarati
LBIWBxQ5H1s__000090000_001020000,sortformer_stream,False,0.48702115494568293,0.10069130412183545,0.07254015281459522,0.3137896980092522,0.5867431847423275,961.9499999999986,96.85999999999947,69.77999999999977,301.84999999999974,4,4,1,0,930.0,0.0724,Malayalam
LK23jX9tgZM__000059000_000221000,sortformer_stream,False,0.48170493268532466,0.19848053181386519,0.06094631584827652,0.22227808502318297,0.6375322088346168,179.01000000000005,35.530000000000015,10.909999999999982,39.78999999999999,3,4,0,1,162.0,0.1712,Gujarati
LctYmmr9-Vg__000000000_000061000,sortformer_stream,False,0.14817136886102367,0.09467084639498426,0.05350052246603942,0.0,0.1423354659975359,47.85000000000001,4.529999999999998,2.5599999999999867,0.0,2,2,1,0,61.0,0.0,Devanagari (hi/mr)
LqQHdo7t5Ps__000198000_000498000,sortformer_stream,False,0.15141504614651083,0.014201546163539193,0.023601130674658372,0.11361236930831325,0.2516316338915181,293.63000000000005,4.170000000000014,6.929999999999939,33.36000000000003,3,3,1,0,300.0,0.0019,Devanagari (hi/mr)
Md3p6RTanBg__000315000_000426000,sortformer_stream,False,0.08655714538067516,0.020049461225931955,0.01598657481010445,0.05052110934463876,0.1431946793900126,113.21999999999998,2.2700000000000156,1.8100000000000254,5.719999999999999,3,3,1,0,111.0,0.0528,Bengali
MmtWBUK2DKE__000000000_000310000,sortformer_stream,False,0.554330451802316,0.03510030990050585,0.019474800195726425,0.4997553417060837,0.813343356986065,306.55000000000007,10.760000000000069,5.969999999999937,153.2,5,2,0,-3,310.0,0.0432,Devanagari (hi/mr)
NLgHpYyf5bY__000313000_000383000,sortformer_stream,False,0.16896501669327893,0.023515749745971697,0.031499491943678175,0.11394977500362907,0.31873846991677734,68.89,1.6199999999999901,2.1699999999999897,7.850000000000007,2,2,1,0,70.0,0.0097,Devanagari (hi/mr)
NuhdqCEuIBo__000197000_000540000,sortformer_stream,False,0.29639530630047517,0.05974055210062719,0.07108084531614964,0.16557390888369833,0.4685637522549871,355.36999999999915,21.229999999999833,25.260000000000037,58.83999999999973,3,4,0,1,343.0,0.0562,Punjabi
O4_aeGFzZ8A__000000000_000335000,sortformer_stream,False,0.4270978966663559,0.04110355112312407,0.017895423618230863,0.368098921925001,0.69770313566464,321.87,13.229999999999944,5.759999999999968,118.48000000000006,8,4,0,-4,335.0,0.0004,Kannada
OXUt5KnlUMo__000091000_000181000,sortformer_stream,False,0.28597892786847257,0.06865809887692471,0.04202848211184436,0.1752923468797035,0.4211912184488088,86.37,5.929999999999987,3.6299999999999972,15.139999999999992,2,2,1,0,90.0,0.0,Odia
OxYCBQKZ3iY__000000000_001822000,sortformer_stream,False,0.6650237066818266,0.0917557010320744,0.04662802487296935,0.5266399807767829,0.8105823473208412,1706.2699999999893,156.5599999999966,79.56000000000091,898.5899999999957,7,4,0,-3,1822.0,0.0659,Punjabi
PCUA2q2C-2A__000045000_000107000,sortformer_stream,False,0.03261406687530874,0.01762477351342448,0.014989293361884261,0.0,0.05247011843747366,60.71000000000001,1.0700000000000003,0.9099999999999936,0.0,3,3,1,0,62.0,0.0063,Devanagari (hi/mr)
PEDfT9-Yf2o__000000000_000469000,sortformer_stream,False,0.19793840039741653,0.026626924987580708,0.008941877794336549,0.16236959761549927,0.3048833709317642,402.6,10.719999999999994,3.599999999999895,65.37,3,3,1,0,469.0,0.011,Bengali
PQB3-4sZUeY__000000000_001132000,sortformer_stream,False,0.6000849677830475,0.06754938752389576,0.09813778942151076,0.4343977908376411,0.7104733185309415,1129.8399999999933,76.31999999999793,110.87999999999906,490.7999999999975,4,4,1,0,1132.0,0.1069,Telugu
PRAzUz0GANs__000223000_000283000,sortformer_stream,False,0.6300430553340773,0.08260245574868441,0.10556530059001742,0.44187529899537553,0.6571267881720737,62.71,5.18,6.619999999999993,27.71,2,3,0,1,60.0,0.0822,Kannada
PSIzXy5-y2E__000002000_000918000,sortformer_stream,False,0.544043605304563,0.12328613171499207,0.08287255563047911,0.3378849179590918,0.6481727135299836,889.7999999999989,109.69999999999982,73.74000000000022,300.6499999999995,3,4,0,1,916.0,0.0434,Devanagari (hi/mr)
PVDfS7lcJHY__000000000_000360000,sortformer_stream,False,0.5348571131393498,0.072054502431287,0.0657617598876666,0.3970408508203962,0.724993843623747,384.5699999999994,27.709999999999997,25.289999999999907,152.68999999999954,6,4,0,-2,360.0,0.1127,Kannada
Pjre5dpnKGA__000000000_000330000,sortformer_stream,False,0.4304227366163188,0.05454762117555923,0.07075401435934112,0.3051211010814185,0.583986782391018,335.66999999999973,18.309999999999953,23.750000000000014,102.41999999999966,4,4,1,0,330.0,0.0933,Kannada
QhpjuNTZoA8__000000000_000586000,sortformer_stream,False,0.2783855827568724,0.04268262767992922,0.027146805344322986,0.20855614973262024,0.38894211177439636,611.4899999999993,26.099999999999888,16.600000000000044,127.5299999999998,3,4,0,1,586.0,0.0512,Kannada
QuA_B6IZ6Ls__000061000_001863000,sortformer_stream,False,0.5991412626619381,0.358524687773904,0.03471192357903366,0.20590465130900049,0.6065057561693021,2703.969999999993,969.4400000000007,93.8599999999994,556.7599999999966,4,4,1,0,1802.0,0.3694,Devanagari (hi/mr)
RL2fhIEEbZg__000000000_000065000,sortformer_stream,False,0.10248968993432088,0.008859019398197518,0.07744004887734841,0.016190621658774947,0.4040806936105656,65.46999999999997,0.5799999999999912,5.0699999999999985,1.0599999999999952,3,2,0,-1,65.0,0.0563,Telugu
RL2fhIEEbZg__000066000_001034000,sortformer_stream,False,0.2856508218569516,0.08160323806703165,0.08010267041808536,0.12394491337183461,0.3233579006311052,1012.9499999999989,82.65999999999963,81.13999999999947,125.54999999999973,3,4,0,1,968.0,0.0719,Telugu
RWTmftezCwI__000000000_000060000,sortformer_stream,False,0.059269469331495905,0.02997932460372167,0.02911784975878736,0.00017229496898687132,0.0669590891135333,58.03999999999999,1.7400000000000055,1.6900000000000182,0.00999999999999801,2,2,1,0,60.0,0.0244,Malayalam
RZUZyvRzi80__000000000_000336000,sortformer_stream,False,0.18208503275244098,0.041929304165121035,0.010876282288963158,0.12927944629835678,0.3478501711351385,323.6399999999999,13.569999999999766,3.520000000000035,41.840000000000174,4,3,0,-1,336.0,0.0001,Punjabi
SZ7ay4OjfAE__000000000_000897000,sortformer_stream,False,0.5730836908598431,0.14627612250143318,0.04483085865675517,0.3819767097016547,0.7198342283093402,1011.5799999999967,147.9699999999993,45.35000000000025,386.3999999999986,5,4,0,-1,897.0,0.1794,Telugu
T3I2T-cfhG4__000160000_000210000,sortformer_stream,False,0.10623802427081092,0.022354694485841955,0.06450926123057253,0.019374068554396422,0.1247265640245089,46.970000000000006,1.0499999999999967,3.0299999999999923,0.9100000000000001,2,2,1,0,50.0,0.0,Devanagari (hi/mr)
TU3M6wSQV_g__000099000_000171000,sortformer_stream,False,0.2193158953722331,0.0519114688128771,0.028303152246814064,0.1391012743125419,0.4634970514026171,74.54999999999998,3.869999999999987,2.109999999999988,10.369999999999997,2,2,1,0,72.0,0.0451,Telugu
Tlha36rSd5o__000240000_000374000,sortformer_stream,False,0.1320060765971053,0.051731030622851046,0.07251938914208031,0.007755656832173973,0.11645711715847465,125.07000000000001,6.469999999999981,9.069999999999984,0.9699999999999989,2,2,1,0,134.0,0.0,Tamil
TrPnW5kLAyQ__000093000_000513000,sortformer_stream,False,0.3183995134683115,0.11978308795580682,0.050046879355345686,0.14856954615715903,0.4237373277917157,394.6299999999995,47.26999999999998,19.750000000000043,58.6299999999996,4,4,1,0,420.0,0.0501,Devanagari (hi/mr)
U_EHjxThUgc__000181000_000289000,sortformer_stream,False,0.288552338530067,0.05612472160356373,0.04668151447661479,0.1857461024498885,0.4678627164644184,112.25000000000001,6.300000000000029,5.240000000000011,20.849999999999987,3,3,1,0,108.0,0.0529,Bengali
VHlIFsHPWbk__000023000_000470000,sortformer_stream,False,0.6185658897455326,0.028499487499443192,0.04235928517313582,0.5477071170729536,0.74273497826417,448.7800000000001,12.790000000000118,19.0099999999999,245.80000000000015,4,4,1,0,447.0,0.0269,Odia
VKY0uuZ6Om8__000575000_000935000,sortformer_stream,False,0.535255263848153,0.15683048382096912,0.08143167131649863,0.2969931087106853,0.6108316008719094,419.3699999999996,65.76999999999975,34.15,124.54999999999998,3,4,0,1,360.0,0.1718,Devanagari (hi/mr)
VY_4x1scS-Y__000013000_000121000,sortformer_stream,False,0.6597454184345942,0.15103367337726853,0.026270650898257704,0.4824410941590679,0.8436146178229577,110.76999999999998,16.730000000000032,2.9100000000000055,53.43999999999994,4,3,0,-1,108.0,0.0427,Tamil
0AEEA8NyVwY__000011000_000609000,whisper__pyannote31,False,0.159252038284296,0.12048741580999647,0.02776497695852502,0.0109996455157745,0.1668549183745194,564.2,67.97900000000001,15.664999999999818,6.205999999999974,3,3,1,0,598.0,0.0047,Devanagari (hi/mr)
0SoItGfM_sY__000007000_000088000,whisper__pyannote31,False,0.45182429532121854,0.1510087280011445,0.11538131349263098,0.1854342538274431,0.7220082368878638,69.89000000000001,10.553999999999991,8.06399999999998,12.96,5,3,0,-2,81.0,0.0,Kannada
0VEwL9XZ0LY__000261000_000557000,whisper__pyannote31,False,0.20543324231846025,0.10442055784052842,0.05890851277088469,0.04210417170704713,0.2152493281744577,289.32999999999987,30.212000000000074,17.04400000000006,12.181999999999942,2,2,1,0,296.0,0.0355,Devanagari (hi/mr)
0esIFSOAcFs__000000000_000913000,whisper__pyannote31,False,0.08597960197929845,0.04683225653103944,0.0050444045895544475,0.034102940858704564,0.11114068662473646,925.5799999999991,43.34699999999944,4.6689999999998015,31.564999999999742,3,3,1,0,913.0,0.0232,Gujarati
0p6cktLGIfY__000012000_000930000,whisper__pyannote31,False,0.43500661614338876,0.16119932635630918,0.13643810898592518,0.13736918080115437,0.5959035591760933,831.2999999999986,134.0049999999996,113.42099999999941,114.19499999999944,6,5,0,-1,918.0,0.0329,Gujarati
13VBh0Z6QmE__000000000_000904000,whisper__pyannote31,False,0.1224387879334434,0.044551787888352845,0.01192677097894158,0.06596022906614898,0.16919667794687723,887.0799999999984,39.52099999999997,10.579999999999478,58.51199999999933,4,5,0,1,904.0,0.029,Tamil
1LFl5JEipII__000000000_000597000,whisper__pyannote31,False,0.387205097005341,0.06440546204285845,0.05126580139255141,0.27153383356993116,0.5415157977763027,591.7199999999982,38.110000000000085,30.335000000000427,160.67199999999917,5,5,1,0,597.0,0.1006,Bengali
2HGP34TNvjg__000084000_000194000,whisper__pyannote31,False,0.3428711512061186,0.12907432829966653,0.07095508923318297,0.1428417336732692,0.4057223834922165,101.98,13.162999999999993,7.236,14.566999999999991,2,2,1,0,110.0,0.0128,Odia
2LN6vb7EBn0__000098000_000394000,whisper__pyannote31,False,0.3082302088053816,0.09925750339875165,0.08480147802140345,0.12417122738522651,0.35260151649367394,286.86999999999983,28.473999999999872,24.32699999999999,35.62099999999991,3,3,1,0,296.0,0.0238,Tamil
2T4pjueLrsk__000677000_001290000,whisper__pyannote31,False,0.44550605202163185,0.19884662080129464,0.10980280342886584,0.13685662779147137,0.6041367198224146,543.6199999999991,108.09699999999961,59.690999999999946,74.39799999999954,4,3,0,-1,613.0,0.0342,Gujarati
2gGHQgj9yno__000000000_000099000,whisper__pyannote31,False,0.40968548219121004,0.1412934805248906,0.09632368256613207,0.17206831910018744,0.6942066999111287,96.02000000000001,13.566999999999997,9.249000000000002,16.522,4,2,0,-2,99.0,0.0798,Gujarati
2iMXYxBTwbM__000339000_000401000,whisper__pyannote31,False,0.8124824929971985,0.26570378151260493,0.25535714285714267,0.291421568627451,0.8209648273829426,57.12,15.176999999999992,14.585999999999988,16.646,3,2,0,-1,62.0,0.1275,Devanagari (hi/mr)
37dND_0r6S8__000060000_000222000,whisper__pyannote31,False,0.4519462053439182,0.10704425617631344,0.09601279696664478,0.24888915220095995,0.5340317976695176,168.78999999999996,18.06799999999994,16.205999999999968,42.01000000000002,2,2,1,0,162.0,0.0896,Tamil
4Qg2jWP6_T0__000136000_000202000,whisper__pyannote31,False,0.8170904958090638,0.20579627788038043,0.1525074584458019,0.45878675948288145,0.8149427769580289,70.38999999999999,14.485999999999976,10.734999999999994,32.29400000000002,3,4,0,1,66.0,0.2093,Punjabi
6-726qTlYeg__000102000_000162000,whisper__pyannote31,False,0.5256568557071075,0.1163675520459441,0.1380330222541282,0.2712562814070351,0.5382319591239577,69.64999999999998,8.105000000000004,9.614000000000026,18.89299999999999,2,2,1,0,60.0,0.161,Malayalam
6ZeRgvDHwcI__000006000_000100000,whisper__pyannote31,False,0.6449763033175351,0.3941232227488148,0.1467456556082146,0.10410742496050568,0.6031910289612126,63.29999999999999,24.947999999999972,9.288999999999982,6.590000000000009,2,2,1,0,94.0,0.0125,Gujarati
6f6TLzlP8Wk__000082000_000144000,whisper__pyannote31,False,0.5696383087111566,0.11725250466972338,0.15316692137884202,0.2992188826625911,0.5933485005040513,58.890000000000015,6.905000000000012,9.020000000000008,17.620999999999995,2,2,1,0,62.0,0.051,Punjabi
7L4gi7Ncc0s__000090000_000148000,whisper__pyannote31,False,0.15863121968744393,0.06225974492545366,0.04167415124842824,0.054697323513562025,0.2362327089747383,55.67,3.466000000000005,2.3200000000000003,3.044999999999998,2,2,1,0,58.0,0.0,Malayalam
7WhVNRHbjIY__000091000_001089000,whisper__pyannote31,False,0.11673756872817741,0.025145483003571965,0.028033069791708495,0.06355901593289694,0.1699017442683641,996.6799999999996,25.062000000000097,27.940000000000012,63.3479999999997,5,5,1,0,998.0,0.0133,Tamil
7YfsQPYY-W0__000351000_000411000,whisper__pyannote31,False,0.5866459143968871,0.14908949416342412,0.11064591439688723,0.32691050583657577,0.6251258690139507,64.24999999999999,9.578999999999997,7.109000000000003,21.003999999999987,2,2,1,0,60.0,0.1219,Odia
7c9ePKgqams__000299000_000869000,whisper__pyannote31,False,0.34394925178919955,0.06504012144870919,0.03499421672811374,0.24391491361237663,0.6095253282787401,553.32,35.98799999999977,19.362999999999897,134.96300000000025,4,3,0,-1,570.0,0.0055,Telugu
7k-xDqNjESc__000073000_000981000,whisper__pyannote31,False,0.35585512316313694,0.1309996769126219,0.059905970431935095,0.1649494758185799,0.6770246756540897,897.5899999999988,117.58400000000015,53.77100000000055,148.05699999999894,4,2,0,-2,908.0,0.0421,Malayalam
83gP2vLH7UY__000255000_002005000,whisper__pyannote31,False,0.3345959620673107,0.13334572963662417,0.0950034742271071,0.10624675820357947,0.3239274629079183,2043.61999999999,272.5079999999965,194.15099999999964,217.127999999998,5,5,1,0,1750.0,0.2022,Devanagari (hi/mr)
86mMTUeDiR8__000181000_001079000,whisper__pyannote31,False,0.5654546558950378,0.1848205065905373,0.13728482050659083,0.24334932879790971,0.6648628059486255,823.1499999999991,152.13500000000062,113.00600000000011,200.31299999999916,5,4,0,-1,898.0,0.0517,Bengali
87Zbup3ohcw__000106000_000445000,whisper__pyannote31,False,0.22286740590348228,0.11496486022177085,0.05557394971107267,0.052328595970638755,0.3481706756993885,320.15000000000003,36.80599999999994,17.791999999999916,16.753,4,5,0,1,339.0,0.0152,Tamil
8Ve4SWhlrrA__000000000_000070000,whisper__pyannote31,False,0.08069268139789999,0.048080238207177516,0.0004074596458235634,0.03220498354489892,0.5392110676653947,63.809999999999995,3.067999999999997,0.026000000000001577,2.0549999999999997,2,1,0,-1,70.0,0.0,Odia
8mvORuRHw2U__000000000_001197000,whisper__pyannote31,False,0.19475640892937,0.08624279750198328,0.0367551668219292,0.0717584446054575,0.21912489842465377,1159.3199999999972,99.98299999999902,42.61099999999885,83.19099999999878,4,4,1,0,1197.0,0.0417,Gujarati
8o7jKmq6HsM__000030000_001770000,whisper__pyannote31,False,0.16811957493520976,0.06544198363568335,0.06240055226735195,0.040277039032174465,0.1431383550421604,1767.2599999999961,115.65299999999749,110.27800000000016,71.18000000000049,6,6,1,0,1740.0,0.0471,Devanagari (hi/mr)
8pkp-lpMJP0__000326000_000926000,whisper__pyannote31,False,0.4521709166092347,0.14315414656558756,0.04822105444521041,0.26079571559843673,0.7023658104853004,696.4799999999989,99.70400000000026,33.58500000000009,181.6389999999989,8,6,0,-2,600.0,0.2032,Telugu
8r2Nltl0W4o__000259000_000320000,whisper__pyannote31,False,0.18062818615359327,0.06163459957243883,0.033481335306693,0.08551225127446144,0.5748319396622398,60.81,3.7480000000000055,2.0360000000000014,5.2,2,1,0,-1,61.0,0.0227,Punjabi
90uAd6xpTPo__000016000_000408000,whisper__pyannote31,False,0.1120878219500187,0.025471646524853675,0.03593809810247662,0.05067807732268839,0.1401800675936449,365.74000000000007,9.315999999999985,13.143999999999801,18.535000000000057,4,4,1,0,392.0,0.0067,Devanagari (hi/mr)
9Aw8kg8w5Xo__000000000_000083000,whisper__pyannote31,False,0.08459941377625795,0.0459208597948216,0.020139228138739453,0.018539325842696897,0.5332445303969247,81.88000000000001,3.7599999999999927,1.6489999999999867,1.518000000000022,4,2,0,-2,83.0,0.0216,Telugu
9_GMxc_JjyI__000236000_000368000,whisper__pyannote31,False,0.23200987152500505,0.08468461929302455,0.07696886114538691,0.07035639108659358,0.5541611390121646,137.77,11.666999999999993,10.603999999999955,9.693,2,2,1,0,132.0,0.0602,Kannada
ARCKJrGkITw__000014000_000496000,whisper__pyannote31,False,0.35118441312329757,0.09678431837024762,0.0564550515219709,0.19794504323107903,0.4128653676616427,506.5799999999995,49.02899999999999,28.59899999999999,100.2749999999999,3,3,1,0,482.0,0.0844,Telugu
ARZl7LT0UC0__000073000_000130000,whisper__pyannote31,False,0.3878275020341744,0.10112286411716832,0.048510984540276796,0.2381936533767292,0.6042745062513287,61.44999999999996,6.21399999999999,2.981000000000007,14.637,3,3,1,0,57.0,0.0905,Telugu
A_dohDOK6Ic__000000000_000600000,whisper__pyannote31,False,0.061941821452042696,0.05463837293763641,0.00473522188786283,0.0025682266265434554,0.06205796933929486,578.22,31.593000000000128,2.7380000000000457,1.4849999999999568,3,3,1,0,600.0,0.0048,Devanagari (hi/mr)
B2ScTgeIIck__000117000_000180000,whisper__pyannote31,False,0.33131191834283985,0.15214650255178624,0.06781747223056152,0.11134794356049213,0.34098093014456066,66.61999999999999,10.135999999999997,4.518000000000008,7.417999999999985,2,2,1,0,63.0,0.0879,Odia
BGAAfht5dYw__000000000_000612000,whisper__pyannote31,False,0.2888214317290962,0.08860628923403299,0.020070142347704975,0.18014500014735824,0.3920522058806192,678.6199999999985,60.12999999999934,13.61999999999952,122.24999999999999,4,5,0,1,612.0,0.135,Gujarati
BYLcUGNB_zM__000020000_001387000,whisper__pyannote31,False,0.11568047115030733,0.038736187378400185,0.022010802202507816,0.054933481569399326,0.15009991974678782,1331.2099999999994,51.56600000000009,29.301000000000414,73.12800000000004,4,4,1,0,1367.0,0.0054,Kannada
Bngfppo1QtA__000028000_000927000,whisper__pyannote31,False,0.5285989210964517,0.15425329304894958,0.1270244398576076,0.24732118818989451,0.538958756972427,1002.8699999999984,154.69599999999983,127.38899999999875,248.03099999999912,5,6,0,1,899.0,0.1261,Telugu
CO_8ppdzq9U__000000000_000695000,whisper__pyannote31,False,0.1730462642180458,0.07583008860410302,0.008218107122052861,0.08899806849188993,0.22593706231676877,652.3399999999989,49.46700000000048,5.3609999999999545,58.05699999999938,4,4,1,0,695.0,0.0186,Tamil
Cku_X_SL7qU__000060000_000660000,whisper__pyannote31,False,0.6472894296823062,0.22678337597453593,0.3203227301114044,0.10018332359636592,0.5282673696083071,496.3899999999996,112.5729999999998,159.00499999999988,49.73000000000004,3,3,1,0,600.0,0.1022,Gujarati
DPmew0didIM__000191000_000512000,whisper__pyannote31,False,0.4207562767911809,0.14288426209430416,0.08935088793631277,0.18852112676056387,0.6234585990269753,326.5999999999998,46.66599999999971,29.181999999999732,61.571000000000126,5,4,0,-1,321.0,0.062,Telugu
EmsKkNN2Me4__000035000_000095000,whisper__pyannote31,False,0.5542772375144218,0.09182462502060337,0.11457062798747294,0.3478819845063455,0.6233521467523248,60.67,5.571000000000007,6.950999999999984,21.10599999999998,2,2,1,0,60.0,0.0471,Malayalam
ExGJodnzocM__000212000_000527000,whisper__pyannote31,False,0.3542812863231307,0.08785031641482634,0.03299108872529991,0.2334398811830045,0.46616738187923734,309.72000000000014,27.209000000000024,10.217999999999893,72.30100000000019,4,4,1,0,315.0,0.0133,Devanagari (hi/mr)
F2uXav-wriA__000000000_000907000,whisper__pyannote31,False,0.13777300707573045,0.056414160222568475,0.009142588008499796,0.07221625884466219,0.18993450702991144,912.9799999999992,51.50500000000052,8.347000000000136,65.93199999999963,4,4,1,0,907.0,0.0336,Devanagari (hi/mr)
FDMf9ApmoNU__000016000_000686000,whisper__pyannote31,False,0.4068553379257792,0.18083076727722885,0.11141233611631353,0.11461223453223682,0.4334954492103939,630.0199999999985,113.92699999999945,70.19199999999968,72.20799999999967,4,4,1,0,670.0,0.0882,Bengali
G6qzg93FxwE__000021000_000116000,whisper__pyannote31,False,0.06784908094163172,0.04353434376007735,0.02069224981188864,0.0036224873696657353,0.07913717308237296,93.02999999999999,4.049999999999995,1.9249999999999998,0.3370000000000033,2,2,1,0,95.0,0.0061,Gujarati
GEc_sS2KWo8__000096000_000290000,whisper__pyannote31,False,0.3462389233126788,0.1964754480644945,0.08323672463188764,0.06652675061629672,0.6492306529545322,150.08999999999997,29.488999999999972,12.493000000000013,9.984999999999973,4,2,0,-2,194.0,0.0378,Gujarati
GfFLEIAAumk__000090000_000163000,whisper__pyannote31,False,0.14496534855279236,0.052561489332789764,0.026892240793586097,0.0655116184264165,0.18633623007184885,73.59,3.867999999999999,1.979000000000001,4.820999999999991,2,2,1,0,73.0,0.0285,Bengali
Gq45evw6ytY__000597000_001464000,whisper__pyannote31,False,0.36194182203724296,0.12948036860330078,0.08064719881794219,0.15181425461599996,0.3723676516062598,886.5899999999993,114.79600000000036,71.50099999999931,134.5969999999993,3,3,1,0,867.0,0.0869,Odia
HZv_WvIr6lE__000021000_000105000,whisper__pyannote31,False,0.2970521296195944,0.07457461796900398,0.10640511542213038,0.11607239622846005,0.2710911283770358,92.27,6.880999999999998,9.81799999999997,10.710000000000008,3,3,1,0,84.0,0.1276,Tamil
HpYG46tGyYs__000103000_000998000,whisper__pyannote31,False,0.08944997271344572,0.0347410099508849,0.041034334614446846,0.013674628148113975,0.10434665327060907,861.23,29.920000000000602,35.34000000000006,11.7770000000002,4,4,1,0,895.0,0.0022,Devanagari (hi/mr)
IAm1rt-MYcA__000004000_000558000,whisper__pyannote31,False,0.3454018425862672,0.12901611801414217,0.09942026844894078,0.11696545612318429,0.40183841743662385,541.6299999999998,69.87899999999979,53.84899999999977,63.35200000000028,4,4,1,0,554.0,0.0445,Bengali
Iare1Emeueg__000016000_000069000,whisper__pyannote31,False,0.5799121590383729,0.3624133148404995,0.15314378178455876,0.06435506241331466,0.5458118194194803,43.25999999999999,15.678000000000004,6.625000000000011,2.783999999999992,2,2,1,0,53.0,0.0,Devanagari (hi/mr)
IfTL8SSN270__000062000_000671000,whisper__pyannote31,False,0.32405326424246006,0.12547976983098855,0.08255204410568463,0.11602145030578692,0.33475424079741295,663.8599999999988,83.3009999999999,54.8029999999997,77.02199999999957,4,4,1,0,609.0,0.1121,Devanagari (hi/mr)
Ig6szCD8m20__000046000_000106000,whisper__pyannote31,False,0.2487915407854986,0.03185632762672039,0.05006713662302806,0.16686807653575017,0.3452789218843467,59.57999999999999,1.8980000000000006,2.983000000000011,9.941999999999993,2,2,1,0,60.0,0.0204,Devanagari (hi/mr)
Iqhnt8ENm3U__000027000_000088000,whisper__pyannote31,False,0.7355318509615387,0.23969350961538463,0.07258112980769257,0.4232572115384616,0.7883934533247728,66.55999999999997,15.953999999999995,4.8310000000000155,28.17199999999999,3,4,0,1,61.0,0.1772,Devanagari (hi/mr)
J4-VpEkBzWw__000000000_000600000,whisper__pyannote31,False,0.1865783310542122,0.04259128275255034,0.017187721035507503,0.12679932726615434,0.23142155733127992,636.2099999999999,27.09700000000005,10.935000000000226,80.67100000000005,7,7,1,0,600.0,0.0685,Kannada
JBYGLQJwFDc__000103000_000407000,whisper__pyannote31,False,0.47006867973756,0.18551586540306253,0.12577600429728023,0.15877681003721728,0.6590413160549079,260.62999999999994,48.35100000000018,32.781000000000134,41.38199999999993,3,2,0,-1,304.0,0.012,Tamil
JSB1CeS4pP8__000000000_000632000,whisper__pyannote31,False,0.19021362675084982,0.07958745824010749,0.02706500750911794,0.0835611610016244,0.21714302710023564,652.5399999999992,51.93399999999967,17.6609999999998,54.52699999999992,4,4,1,0,632.0,0.088,Punjabi
Jc5AVwg2cZM__000153000_000214000,whisper__pyannote31,False,0.8493858669644283,0.27490827883235,0.2819269420960285,0.29255064603605,0.73417102378925,62.689999999999976,17.234000000000012,17.674000000000017,18.339999999999968,3,3,1,0,61.0,0.2816,Devanagari (hi/mr)
KAtdcDieQMw__000057000_000599000,whisper__pyannote31,False,0.2732672246378057,0.1155807998350142,0.02572739615378034,0.13195902864901116,0.3273889278515504,581.8699999999981,67.25299999999949,14.970000000000116,76.78299999999986,3,3,1,0,542.0,0.1073,Odia
KPkRi3GM7fs__000047000_000642000,whisper__pyannote31,False,0.1545977409742918,0.0732450973598509,0.026070611877208924,0.05528203173723199,0.19710438398913274,577.2399999999999,42.28000000000032,15.049000000000076,31.91099999999979,3,3,1,0,595.0,0.0031,Odia
Kdi-ECuOaKg__000002000_000078000,whisper__pyannote31,False,0.9599079519304524,0.3747634875990797,0.4228074661211966,0.16233699821017616,0.7910023234923788,39.11,14.657000000000005,16.535999999999998,6.3489999999999895,6,5,0,-1,76.0,0.0,Malayalam
L7xRazDdtgw__000019000_000083000,whisper__pyannote31,False,0.916686196390907,0.3108975861260836,0.1742676353409893,0.4315209749238341,0.8340045890325563,42.669999999999995,13.265999999999986,7.436000000000012,18.413,3,5,0,2,64.0,0.0012,Gujarati
LBIWBxQ5H1s__000090000_001020000,whisper__pyannote31,False,0.407543011591039,0.12708456780498,0.08982795363584437,0.19063049015021463,0.4583580075208317,961.9499999999974,122.2490000000002,86.41000000000025,183.37699999999847,4,4,1,0,930.0,0.0724,Malayalam
LK23jX9tgZM__000059000_000221000,whisper__pyannote31,False,0.3304172951231779,0.19671526730350317,0.053706496843751964,0.07999553097592281,0.537656079836617,179.00999999999985,35.21400000000007,9.614000000000031,14.31999999999993,3,2,0,-1,162.0,0.1712,Gujarati
LctYmmr9-Vg__000000000_000061000,whisper__pyannote31,False,0.2668338557993731,0.15400208986415878,0.0031556948798328066,0.10967607105538149,0.3419454768597089,47.85,7.368999999999998,0.1509999999999998,5.248000000000005,2,2,1,0,61.0,0.0,Devanagari (hi/mr)
LqQHdo7t5Ps__000198000_000498000,whisper__pyannote31,False,0.15776317133807852,0.03036133910022805,0.02414262847801638,0.1032592037598341,0.24406194680629267,293.63000000000005,8.914999999999964,7.088999999999951,30.320000000000093,3,3,1,0,300.0,0.0019,Devanagari (hi/mr)
Md3p6RTanBg__000315000_000426000,whisper__pyannote31,False,0.0895513160219039,0.041485603250308915,0.009998233527645124,0.03806747924394986,0.08420143329349451,113.21999999999997,4.696999999999974,1.1319999999999806,4.310000000000002,3,3,1,0,111.0,0.0528,Bengali
MmtWBUK2DKE__000000000_000310000,whisper__pyannote31,False,0.11272875550481119,0.044110259337791675,0.021497308758766733,0.0471211874082528,0.3139769258911907,306.54999999999995,13.522000000000036,6.589999999999941,14.444999999999894,5,4,0,-1,310.0,0.0432,Devanagari (hi/mr)
NLgHpYyf5bY__000313000_000383000,whisper__pyannote31,False,0.20287414719117422,0.07414719117433584,0.03215270721439962,0.09657424880243876,0.3423943949261173,68.89,5.107999999999996,2.2149999999999896,6.653000000000006,2,2,1,0,70.0,0.0097,Devanagari (hi/mr)
NuhdqCEuIBo__000197000_000540000,whisper__pyannote31,False,0.23934490812392614,0.07621915186988167,0.053192447308438556,0.1099333089456059,0.3383472747733764,355.36999999999955,27.085999999999814,18.902999999999786,39.06699999999992,3,3,1,0,343.0,0.0562,Punjabi
O4_aeGFzZ8A__000000000_000335000,whisper__pyannote31,False,0.1746792183179541,0.08336595519930437,0.0649827570137005,0.026330506104949213,0.1512431075202636,321.86999999999995,26.833000000000094,20.915999999999777,8.475000000000001,8,8,1,0,335.0,0.0004,Kannada
OXUt5KnlUMo__000091000_000181000,whisper__pyannote31,False,0.2812666435104781,0.0742040060206091,0.04191270116938749,0.16514993632048147,0.4204162822247627,86.37,6.409000000000009,3.6199999999999974,14.263999999999985,2,2,1,0,90.0,0.0,Odia
OxYCBQKZ3iY__000000000_001822000,whisper__pyannote31,False,0.4077619602993676,0.08377044664677909,0.04762317804333584,0.2763683356092527,0.5035916289239084,1706.2699999999916,142.93499999999904,81.25800000000224,471.55899999999735,7,6,0,-1,1822.0,0.0659,Punjabi
PCUA2q2C-2A__000045000_000107000,whisper__pyannote31,False,0.04567616537637936,0.019123702849612935,0.026190084005929638,0.0003623785208367981,0.06188969085372095,60.71000000000001,1.1610000000000014,1.5899999999999885,0.022000000000002018,3,3,1,0,62.0,0.0063,Devanagari (hi/mr)
PEDfT9-Yf2o__000000000_000469000,whisper__pyannote31,False,0.09709885742672549,0.03390710382513606,0.006458022851465272,0.05673373075012415,0.14336562330147445,402.5999999999999,13.650999999999772,2.599999999999918,22.84099999999998,3,3,1,0,469.0,0.011,Bengali
PQB3-4sZUeY__000000000_001132000,whisper__pyannote31,False,0.4121672095163887,0.08058928697868645,0.04830683990653568,0.2832710826311666,0.5320388342764819,1129.8399999999915,91.0529999999984,54.57899999999986,320.0509999999949,4,4,1,0,1132.0,0.1069,Telugu
PRAzUz0GANs__000223000_000283000,whisper__pyannote31,False,0.39012916600223263,0.10033487482060295,0.08145431350661778,0.20833997767501192,0.47957092867887663,62.710000000000015,6.292000000000012,5.108000000000002,13.065000000000001,2,2,1,0,60.0,0.0822,Kannada
PSIzXy5-y2E__000002000_000918000,whisper__pyannote31,False,0.32961227242076874,0.17151944257136417,0.08672173522139845,0.07137109462800614,0.3028380176981245,889.7999999999993,152.6179999999997,77.16500000000028,63.50599999999981,3,4,0,1,916.0,0.0434,Devanagari (hi/mr)
PVDfS7lcJHY__000000000_000360000,whisper__pyannote31,False,0.347788439035807,0.090202043841174,0.03438905790883363,0.2231973372857993,0.4716535574472432,384.56999999999925,34.68900000000022,13.225000000000122,85.83499999999967,6,6,1,0,360.0,0.1127,Kannada
Pjre5dpnKGA__000000000_000330000,whisper__pyannote31,False,0.2951172282301062,0.07294068579259333,0.04158548574492765,0.18059105669258524,0.5191506444740376,335.6699999999996,24.483999999999774,13.958999999999849,60.619000000000014,4,3,0,-1,330.0,0.0933,Kannada
QhpjuNTZoA8__000000000_000586000,whisper__pyannote31,False,0.3458977252285397,0.06502477554825041,0.016561186609756456,0.26431176307053283,0.5218125526250654,611.4899999999991,39.76199999999959,10.12699999999996,161.62399999999988,3,3,1,0,586.0,0.0512,Kannada
QuA_B6IZ6Ls__000061000_001863000,whisper__pyannote31,False,0.481558597173784,0.35483455807571834,0.04041612887716897,0.0863079102208967,0.39502758399374804,2703.9699999999975,959.4619999999992,109.28399999999849,233.37399999999784,4,5,0,1,1802.0,0.3694,Devanagari (hi/mr)
RL2fhIEEbZg__000000000_000065000,whisper__pyannote31,False,0.2146173820070263,0.05113792576752719,0.013624560867573198,0.14985489537192592,0.5284846857578385,65.47,3.3480000000000047,0.8920000000000172,9.81099999999999,3,2,0,-1,65.0,0.0563,Telugu
RL2fhIEEbZg__000066000_001034000,whisper__pyannote31,False,0.3123925169060656,0.11377264425687382,0.0798963423663552,0.11872353028283655,0.32907190622871524,1012.9499999999994,115.24600000000027,80.93099999999946,120.26099999999921,3,3,1,0,968.0,0.0719,Telugu
RWTmftezCwI__000000000_000060000,whisper__pyannote31,False,0.2409717436250859,0.09908683666436914,0.03905926946933141,0.1028256374913853,0.3434009514094942,58.03999999999999,5.750999999999984,2.2669999999999946,5.968000000000003,2,2,1,0,60.0,0.0244,Malayalam
RZUZyvRzi80__000000000_000336000,whisper__pyannote31,False,0.022160425163762248,0.011002966258805834,0.00888332715362772,0.002274131751328694,0.02423862544765461,323.63999999999993,3.560999999999919,2.8750000000000746,0.7360000000000184,4,4,1,0,336.0,0.0001,Punjabi
SZ7ay4OjfAE__000000000_000897000,whisper__pyannote31,False,0.45113683544554045,0.13119674173075707,0.03375116154925935,0.28618893216552405,0.6119126477260334,1011.5799999999954,132.71599999999864,34.14199999999961,289.5029999999995,5,5,1,0,897.0,0.1794,Telugu
T3I2T-cfhG4__000160000_000210000,whisper__pyannote31,False,0.199489035554609,0.042154566744730525,0.06429635937832642,0.09303810943155207,0.25738513277147734,46.970000000000006,1.9799999999999929,3.0199999999999925,4.370000000000001,2,2,1,0,50.0,0.0,Devanagari (hi/mr)
TU3M6wSQV_g__000099000_000171000,whisper__pyannote31,False,0.22862508383635163,0.04963112005365528,0.05624413145539913,0.12274983232729723,0.48072225164183124,74.54999999999998,3.7000000000000006,4.193000000000004,9.151000000000007,2,2,1,0,72.0,0.0451,Telugu
Tlha36rSd5o__000240000_000374000,whisper__pyannote31,False,0.1618053889821697,0.09901655073159024,0.06278883825057946,0.0,0.11599909423772824,125.07000000000001,12.383999999999991,7.852999999999974,0.0,2,2,1,0,134.0,0.0,Tamil
TrPnW5kLAyQ__000093000_000513000,whisper__pyannote31,False,0.2672554037959587,0.15497301269543495,0.05480576742771627,0.05747662367280748,0.3049368302697443,394.62999999999937,61.15699999999939,21.627999999999638,22.68199999999998,4,4,1,0,420.0,0.0501,Devanagari (hi/mr)
U_EHjxThUgc__000181000_000289000,whisper__pyannote31,False,0.2161514476614702,0.06615590200445465,0.04181737193763935,0.10817817371937621,0.31398347954722355,112.25,7.426000000000035,4.694000000000017,12.14299999999998,3,3,1,0,108.0,0.0529,Bengali
VHlIFsHPWbk__000023000_000470000,whisper__pyannote31,False,0.16054191363251444,0.03292259013325015,0.026409376531930696,0.10120994696733361,0.24541683669222897,448.7800000000001,14.775000000000004,11.85199999999986,45.420999999999985,4,4,1,0,447.0,0.0269,Odia
VKY0uuZ6Om8__000575000_000935000,whisper__pyannote31,False,0.4032381906192617,0.17939051434294292,0.09309678803920124,0.1307508882371175,0.45847946586985494,419.36999999999955,75.2309999999999,39.04199999999978,54.83299999999991,3,3,1,0,360.0,0.1718,Devanagari (hi/mr)
VY_4x1scS-Y__000013000_000121000,whisper__pyannote31,False,0.29574794619481776,0.07551683668863407,0.04198790286178566,0.17824320664439802,0.3600740551434193,110.76999999999998,8.364999999999995,4.650999999999996,19.743999999999964,4,4,1,0,108.0,0.0427,Tamil
0AEEA8NyVwY__000011000_000609000,whisper__pyannote31+rule,False,0.15847394540942888,0.12048741580999647,0.02776497695852502,0.010221552640907395,0.16574002739333307,564.2,67.97900000000001,15.664999999999818,5.766999999999952,3,3,1,0,598.0,0.0047,Devanagari (hi/mr)
0SoItGfM_sY__000007000_000088000,whisper__pyannote31+rule,False,0.45182429532121854,0.1510087280011445,0.11538131349263098,0.1854342538274431,0.7220082368878638,69.89000000000001,10.553999999999991,8.06399999999998,12.96,5,3,0,-2,81.0,0.0,Kannada
0VEwL9XZ0LY__000261000_000557000,whisper__pyannote31+rule,False,0.20310372239311544,0.10442055784052842,0.05890851277088469,0.03977465178170235,0.21099209523786866,289.32999999999987,30.212000000000074,17.04400000000006,11.507999999999935,2,2,1,0,296.0,0.0355,Devanagari (hi/mr)
0esIFSOAcFs__000000000_000913000,whisper__pyannote31+rule,False,0.08597960197929845,0.04683225653103944,0.0050444045895544475,0.034102940858704564,0.11114068662473646,925.5799999999991,43.34699999999944,4.6689999999998015,31.564999999999742,3,3,1,0,913.0,0.0232,Gujarati
0p6cktLGIfY__000012000_000930000,whisper__pyannote31+rule,False,0.43664862263923865,0.16119932635630918,0.13643810898592518,0.13901118729700426,0.5966494347060535,831.2999999999986,134.0049999999996,113.42099999999941,115.55999999999945,6,5,0,-1,918.0,0.0329,Gujarati
13VBh0Z6QmE__000000000_000904000,whisper__pyannote31+rule,False,0.13913852189204917,0.044551787888352845,0.01192677097894158,0.08265996302475474,0.20267747987340043,887.0799999999984,39.52099999999997,10.579999999999478,73.32599999999931,4,5,0,1,904.0,0.029,Tamil
1LFl5JEipII__000000000_000597000,whisper__pyannote31+rule,False,0.39560264990198124,0.06440546204285845,0.05126580139255141,0.2799313864665714,0.5472812361366797,591.7199999999982,38.110000000000085,30.335000000000427,165.6409999999991,5,5,1,0,597.0,0.1006,Bengali
2HGP34TNvjg__000084000_000194000,whisper__pyannote31+rule,False,0.3473818395763874,0.12907432829966653,0.07095508923318297,0.14735242204353788,0.41252301420709103,101.98,13.162999999999993,7.236,15.026999999999992,2,2,1,0,110.0,0.0128,Odia
2LN6vb7EBn0__000098000_000394000,whisper__pyannote31+rule,False,0.3093178094607308,0.09925750339875165,0.08480147802140345,0.12525882804057567,0.35402393245888103,286.86999999999983,28.473999999999872,24.32699999999999,35.93299999999992,3,3,1,0,296.0,0.0238,Tamil
2T4pjueLrsk__000677000_001290000,whisper__pyannote31+rule,False,0.4411758213457922,0.19884662080129464,0.10980280342886584,0.1325263971156317,0.6001646018946025,543.6199999999991,108.09699999999961,59.690999999999946,72.04399999999958,4,3,0,-1,613.0,0.0342,Gujarati
2gGHQgj9yno__000000000_000099000,whisper__pyannote31+rule,False,0.40968548219121004,0.1412934805248906,0.09632368256613207,0.17206831910018744,0.6942066999111287,96.02000000000001,13.566999999999997,9.249000000000002,16.522,4,2,0,-2,99.0,0.0798,Gujarati
2iMXYxBTwbM__000339000_000401000,whisper__pyannote31+rule,False,0.8239320728291315,0.26570378151260493,0.25535714285714267,0.30287114845938384,0.8292352897907264,57.12,15.176999999999992,14.585999999999988,17.300000000000004,3,2,0,-1,62.0,0.1275,Devanagari (hi/mr)
37dND_0r6S8__000060000_000222000,whisper__pyannote31+rule,False,0.4484744356893177,0.10704425617631344,0.09601279696664478,0.24541738254635956,0.5263323187404175,168.78999999999996,18.06799999999994,16.205999999999968,41.42400000000002,2,2,1,0,162.0,0.0896,Tamil
4Qg2jWP6_T0__000136000_000202000,whisper__pyannote31+rule,False,0.8170904958090638,0.20579627788038043,0.1525074584458019,0.45878675948288145,0.8149427769580289,70.38999999999999,14.485999999999976,10.734999999999994,32.29400000000002,3,4,0,1,66.0,0.2093,Punjabi
6-726qTlYeg__000102000_000162000,whisper__pyannote31+rule,False,0.5256568557071075,0.1163675520459441,0.1380330222541282,0.2712562814070351,0.5382319591239577,69.64999999999998,8.105000000000004,9.614000000000026,18.89299999999999,2,2,1,0,60.0,0.161,Malayalam
6ZeRgvDHwcI__000006000_000100000,whisper__pyannote31+rule,False,0.6449763033175351,0.3941232227488148,0.1467456556082146,0.10410742496050568,0.6031910289612126,63.29999999999999,24.947999999999972,9.288999999999982,6.590000000000009,2,2,1,0,94.0,0.0125,Gujarati
6f6TLzlP8Wk__000082000_000144000,whisper__pyannote31+rule,False,0.5696383087111566,0.11725250466972338,0.15316692137884202,0.2992188826625911,0.5933485005040513,58.890000000000015,6.905000000000012,9.020000000000008,17.620999999999995,2,2,1,0,62.0,0.051,Punjabi
7L4gi7Ncc0s__000090000_000148000,whisper__pyannote31+rule,False,0.15863121968744393,0.06225974492545366,0.04167415124842824,0.054697323513562025,0.2362327089747383,55.67,3.466000000000005,2.3200000000000003,3.044999999999998,2,2,1,0,58.0,0.0,Malayalam
7WhVNRHbjIY__000091000_001089000,whisper__pyannote31+rule,False,0.11609443351928388,0.025145483003571965,0.028033069791708495,0.0629158807240034,0.16872938753837388,996.6799999999996,25.062000000000097,27.940000000000012,62.706999999999695,5,5,1,0,998.0,0.0133,Tamil
7YfsQPYY-W0__000351000_000411000,whisper__pyannote31+rule,False,0.5866459143968871,0.14908949416342412,0.11064591439688723,0.32691050583657577,0.6251258690139507,64.24999999999999,9.578999999999997,7.109000000000003,21.003999999999987,2,2,1,0,60.0,0.1219,Odia
7c9ePKgqams__000299000_000869000,whisper__pyannote31+rule,False,0.33902804886864724,0.06504012144870919,0.03499421672811374,0.23899371069182432,0.6064493667750412,553.32,35.98799999999977,19.362999999999897,132.24000000000024,4,3,0,-1,570.0,0.0055,Telugu
7k-xDqNjESc__000073000_000981000,whisper__pyannote31+rule,False,0.35619269376887003,0.1309996769126219,0.059905970431935095,0.16528704642431302,0.6773742023751601,897.5899999999988,117.58400000000015,53.77100000000055,148.35999999999893,4,2,0,-2,908.0,0.0421,Malayalam
83gP2vLH7UY__000255000_002005000,whisper__pyannote31+rule,False,0.3348758575469008,0.13334572963662417,0.0950034742271071,0.10652665368316955,0.32417907306394755,2043.61999999999,272.5079999999965,194.15099999999964,217.69999999999789,5,5,1,0,1750.0,0.2022,Devanagari (hi/mr)
86mMTUeDiR8__000181000_001079000,whisper__pyannote31+rule,False,0.5688343558282214,0.1848205065905373,0.13728482050659083,0.2467290287310933,0.6690480485369331,823.1499999999991,152.13500000000062,113.00600000000011,203.0949999999992,5,4,0,-1,898.0,0.0517,Bengali
87Zbup3ohcw__000106000_000445000,whisper__pyannote31+rule,False,0.24911760112447243,0.11496486022177085,0.05557394971107267,0.0785787911916289,0.40006003109578264,320.15000000000003,36.80599999999994,17.791999999999916,25.156999999999996,4,5,0,1,339.0,0.0152,Tamil
8Ve4SWhlrrA__000000000_000070000,whisper__pyannote31+rule,False,0.08069268139789999,0.048080238207177516,0.0004074596458235634,0.03220498354489892,0.5392110676653947,63.809999999999995,3.067999999999997,0.026000000000001577,2.0549999999999997,2,1,0,-1,70.0,0.0,Odia
8mvORuRHw2U__000000000_001197000,whisper__pyannote31+rule,False,0.1952049477279761,0.08624279750198328,0.0367551668219292,0.0722069834040636,0.21957303079255538,1159.3199999999972,99.98299999999902,42.61099999999885,83.71099999999882,4,4,1,0,1197.0,0.0417,Gujarati
8o7jKmq6HsM__000030000_001770000,whisper__pyannote31+rule,False,0.1689717415660394,0.06544198363568335,0.06240055226735195,0.0411292056630041,0.14522671189428735,1767.2599999999961,115.65299999999749,110.27800000000016,72.68600000000046,6,6,1,0,1740.0,0.0471,Devanagari (hi/mr)
8pkp-lpMJP0__000326000_000926000,whisper__pyannote31+rule,False,0.45788967378819173,0.14315414656558756,0.04822105444521041,0.26651447277739376,0.7066124662344712,696.4799999999989,99.70400000000026,33.58500000000009,185.6219999999989,8,6,0,-2,600.0,0.2032,Telugu
8r2Nltl0W4o__000259000_000320000,whisper__pyannote31+rule,False,0.18062818615359327,0.06163459957243883,0.033481335306693,0.08551225127446144,0.5748319396622398,60.81,3.7480000000000055,2.0360000000000014,5.2,2,1,0,-1,61.0,0.0227,Punjabi
90uAd6xpTPo__000016000_000408000,whisper__pyannote31+rule,False,0.11781866899983545,0.025471646524853675,0.03593809810247662,0.05640892437250514,0.151544959087319,365.74000000000007,9.315999999999985,13.143999999999801,20.631000000000032,4,4,1,0,392.0,0.0067,Devanagari (hi/mr)
9Aw8kg8w5Xo__000000000_000083000,whisper__pyannote31+rule,False,0.09741084513922814,0.0459208597948216,0.020139228138739453,0.03135075720566709,0.5453281954405065,81.88000000000001,3.7599999999999927,1.6489999999999867,2.5670000000000215,4,2,0,-2,83.0,0.0216,Telugu
9_GMxc_JjyI__000236000_000368000,whisper__pyannote31+rule,False,0.23200987152500505,0.08468461929302455,0.07696886114538691,0.07035639108659358,0.5541611390121646,137.77,11.666999999999993,10.603999999999955,9.693,2,2,1,0,132.0,0.0602,Kannada
ARCKJrGkITw__000014000_000496000,whisper__pyannote31+rule,False,0.3519503336096965,0.09678431837024762,0.0564550515219709,0.198710963717478,0.41393129385964383,506.5799999999995,49.02899999999999,28.59899999999999,100.66299999999991,3,3,1,0,482.0,0.0844,Telugu
ARZl7LT0UC0__000073000_000130000,whisper__pyannote31+rule,False,0.3878275020341744,0.10112286411716832,0.048510984540276796,0.2381936533767292,0.6042745062513287,61.44999999999996,6.21399999999999,2.981000000000007,14.637,3,3,1,0,57.0,0.0905,Telugu
A_dohDOK6Ic__000000000_000600000,whisper__pyannote31+rule,False,0.061941821452042696,0.05463837293763641,0.00473522188786283,0.0025682266265434554,0.06205796933929486,578.22,31.593000000000128,2.7380000000000457,1.4849999999999568,3,3,1,0,600.0,0.0048,Devanagari (hi/mr)
B2ScTgeIIck__000117000_000180000,whisper__pyannote31+rule,False,0.3334734314019812,0.15214650255178624,0.06781747223056152,0.1135094566196335,0.34494415834705505,66.61999999999999,10.135999999999997,4.518000000000008,7.561999999999983,2,2,1,0,63.0,0.0879,Odia
BGAAfht5dYw__000000000_000612000,whisper__pyannote31+rule,False,0.2888214317290962,0.08860628923403299,0.020070142347704975,0.18014500014735824,0.3920522058806192,678.6199999999985,60.12999999999934,13.61999999999952,122.24999999999999,4,5,0,1,612.0,0.135,Gujarati
BYLcUGNB_zM__000020000_001387000,whisper__pyannote31+rule,False,0.1171235192043334,0.038736187378400185,0.022010802202507816,0.0563765296234254,0.15299189138084063,1331.2099999999994,51.56600000000009,29.301000000000414,75.04900000000009,4,4,1,0,1367.0,0.0054,Kannada
Bngfppo1QtA__000028000_000927000,whisper__pyannote31+rule,False,0.5347063926530842,0.15425329304894958,0.1270244398576076,0.25342865974652706,0.5484517201208614,1002.8699999999984,154.69599999999983,127.38899999999875,254.15599999999918,5,6,0,1,899.0,0.1261,Telugu
CO_8ppdzq9U__000000000_000695000,whisper__pyannote31+rule,False,0.1718260416347303,0.07583008860410302,0.008218107122052861,0.0877778459085744,0.22401320186148482,652.3399999999989,49.46700000000048,5.3609999999999545,57.26099999999933,4,4,1,0,695.0,0.0186,Tamil
Cku_X_SL7qU__000060000_000660000,whisper__pyannote31+rule,False,0.6411571546566206,0.22678337597453593,0.3203227301114044,0.09405104857068028,0.519760583959044,496.3899999999996,112.5729999999998,159.00499999999988,46.68599999999994,3,3,1,0,600.0,0.1022,Gujarati
DPmew0didIM__000191000_000512000,whisper__pyannote31+rule,False,0.4207562767911809,0.14288426209430416,0.08935088793631277,0.18852112676056387,0.6234585990269753,326.5999999999998,46.66599999999971,29.181999999999732,61.571000000000126,5,4,0,-1,321.0,0.062,Telugu
EmsKkNN2Me4__000035000_000095000,whisper__pyannote31+rule,False,0.5246579858249543,0.09182462502060337,0.11457062798747294,0.3182627328168779,0.6061988553826532,60.67,5.571000000000007,6.950999999999984,19.308999999999983,2,2,1,0,60.0,0.0471,Malayalam
ExGJodnzocM__000212000_000527000,whisper__pyannote31+rule,False,0.3542812863231307,0.08785031641482634,0.03299108872529991,0.2334398811830045,0.46616738187923734,309.72000000000014,27.209000000000024,10.217999999999893,72.30100000000019,4,4,1,0,315.0,0.0133,Devanagari (hi/mr)
F2uXav-wriA__000000000_000907000,whisper__pyannote31+rule,False,0.1411213827247043,0.056414160222568475,0.009142588008499796,0.07556463449363603,0.19507440585984656,912.9799999999992,51.50500000000052,8.347000000000136,68.98899999999976,4,4,1,0,907.0,0.0336,Devanagari (hi/mr)
FDMf9ApmoNU__000016000_000686000,whisper__pyannote31+rule,False,0.40788387670232595,0.18083076727722885,0.11141233611631353,0.1156407733087836,0.43583423698928747,630.0199999999985,113.92699999999945,70.19199999999968,72.85599999999967,4,4,1,0,670.0,0.0882,Bengali
G6qzg93FxwE__000021000_000116000,whisper__pyannote31+rule,False,0.06784908094163172,0.04353434376007735,0.02069224981188864,0.0036224873696657353,0.07913717308237296,93.02999999999999,4.049999999999995,1.9249999999999998,0.3370000000000033,2,2,1,0,95.0,0.0061,Gujarati
GEc_sS2KWo8__000096000_000290000,whisper__pyannote31+rule,False,0.3462389233126788,0.1964754480644945,0.08323672463188764,0.06652675061629672,0.6492306529545322,150.08999999999997,29.488999999999972,12.493000000000013,9.984999999999973,4,2,0,-2,194.0,0.0378,Gujarati
GfFLEIAAumk__000090000_000163000,whisper__pyannote31+rule,False,0.14496534855279236,0.052561489332789764,0.026892240793586097,0.0655116184264165,0.18633623007184885,73.59,3.867999999999999,1.979000000000001,4.820999999999991,2,2,1,0,73.0,0.0285,Bengali
Gq45evw6ytY__000597000_001464000,whisper__pyannote31+rule,False,0.35959462660305125,0.12948036860330078,0.08064719881794219,0.1494670591818083,0.36978216777852596,886.5899999999993,114.79600000000036,71.50099999999931,132.51599999999934,3,3,1,0,867.0,0.0869,Odia
HZv_WvIr6lE__000021000_000105000,whisper__pyannote31+rule,False,0.3230519128644194,0.07457461796900398,0.10640511542213038,0.14207217947328507,0.30546559968322656,92.27,6.880999999999998,9.81799999999997,13.109000000000012,3,3,1,0,84.0,0.1276,Tamil
HpYG46tGyYs__000103000_000998000,whisper__pyannote31+rule,False,0.08944997271344572,0.0347410099508849,0.041034334614446846,0.013674628148113975,0.10434665327060907,861.23,29.920000000000602,35.34000000000006,11.7770000000002,4,4,1,0,895.0,0.0022,Devanagari (hi/mr)
IAm1rt-MYcA__000004000_000558000,whisper__pyannote31+rule,False,0.34621235899045455,0.12901611801414217,0.09942026844894078,0.11777597252737158,0.4039435389465601,541.6299999999998,69.87899999999979,53.84899999999977,63.791000000000246,4,4,1,0,554.0,0.0445,Bengali
Iare1Emeueg__000016000_000069000,whisper__pyannote31+rule,False,0.5814378178455851,0.3624133148404995,0.15314378178455876,0.06588072122052686,0.5479405324932899,43.25999999999999,15.678000000000004,6.625000000000011,2.8499999999999917,2,2,1,0,53.0,0.0,Devanagari (hi/mr)
IfTL8SSN270__000062000_000671000,whisper__pyannote31+rule,False,0.32405326424246006,0.12547976983098855,0.08255204410568463,0.11602145030578692,0.33475424079741295,663.8599999999988,83.3009999999999,54.8029999999997,77.02199999999957,4,4,1,0,609.0,0.1121,Devanagari (hi/mr)
Ig6szCD8m20__000046000_000106000,whisper__pyannote31+rule,False,0.2487915407854986,0.03185632762672039,0.05006713662302806,0.16686807653575017,0.3452789218843467,59.57999999999999,1.8980000000000006,2.983000000000011,9.941999999999993,2,2,1,0,60.0,0.0204,Devanagari (hi/mr)
Iqhnt8ENm3U__000027000_000088000,whisper__pyannote31+rule,False,0.7355318509615387,0.23969350961538463,0.07258112980769257,0.4232572115384616,0.7883934533247728,66.55999999999997,15.953999999999995,4.8310000000000155,28.17199999999999,3,4,0,1,61.0,0.1772,Devanagari (hi/mr)
J4-VpEkBzWw__000000000_000600000,whisper__pyannote31+rule,False,0.1865783310542122,0.04259128275255034,0.017187721035507503,0.12679932726615434,0.23142155733127992,636.2099999999999,27.09700000000005,10.935000000000226,80.67100000000005,7,7,1,0,600.0,0.0685,Kannada
JBYGLQJwFDc__000103000_000407000,whisper__pyannote31+rule,False,0.4706480451214376,0.18551586540306253,0.12577600429728023,0.15935617542109484,0.6599659248764275,260.62999999999994,48.35100000000018,32.781000000000134,41.53299999999994,3,2,0,-1,304.0,0.012,Tamil
JSB1CeS4pP8__000000000_000632000,whisper__pyannote31+rule,False,0.19064884911269742,0.07958745824010749,0.02706500750911794,0.083996383363472,0.21796366624437222,652.5399999999992,51.93399999999967,17.6609999999998,54.81099999999994,4,4,1,0,632.0,0.088,Punjabi
Jc5AVwg2cZM__000153000_000214000,whisper__pyannote31+rule,False,0.8451906205136388,0.27490827883235,0.2819269420960285,0.28835539958526046,0.7348381813958013,62.689999999999976,17.234000000000012,17.674000000000017,18.076999999999973,3,3,1,0,61.0,0.2816,Devanagari (hi/mr)
KAtdcDieQMw__000057000_000599000,whisper__pyannote31+rule,False,0.2727207108116934,0.1155807998350142,0.02572739615378034,0.13141251482289887,0.3270674174745451,581.8699999999981,67.25299999999949,14.970000000000116,76.46499999999992,3,3,1,0,542.0,0.1073,Odia
KPkRi3GM7fs__000047000_000642000,whisper__pyannote31+rule,False,0.15410227981428903,0.0732450973598509,0.026070611877208924,0.05478657057722922,0.196139781322225,577.2399999999999,42.28000000000032,15.049000000000076,31.62499999999979,3,3,1,0,595.0,0.0031,Odia
Kdi-ECuOaKg__000002000_000078000,whisper__pyannote31+rule,False,0.9599079519304524,0.3747634875990797,0.4228074661211966,0.16233699821017616,0.7910023234923788,39.11,14.657000000000005,16.535999999999998,6.3489999999999895,6,5,0,-1,76.0,0.0,Malayalam
L7xRazDdtgw__000019000_000083000,whisper__pyannote31+rule,False,0.9119287555659713,0.3108975861260836,0.1742676353409893,0.4267635340988985,0.8313530738810412,42.669999999999995,13.265999999999986,7.436000000000012,18.209999999999997,3,4,0,1,64.0,0.0012,Gujarati
LBIWBxQ5H1s__000090000_001020000,whisper__pyannote31+rule,False,0.4056219138208846,0.12708456780498,0.08982795363584437,0.18870939238006026,0.4556417555927707,961.9499999999974,122.2490000000002,86.41000000000025,181.5289999999985,4,4,1,0,930.0,0.0724,Malayalam
LK23jX9tgZM__000059000_000221000,whisper__pyannote31+rule,False,0.3332439528517964,0.19671526730350317,0.053706496843751964,0.08282218870454132,0.5409339673766703,179.00999999999985,35.21400000000007,9.614000000000031,14.82599999999993,3,2,0,-1,162.0,0.1712,Gujarati
LctYmmr9-Vg__000000000_000061000,whisper__pyannote31+rule,False,0.2724764890282132,0.15400208986415878,0.0031556948798328066,0.11531870428422161,0.3507350382713633,47.85,7.368999999999998,0.1509999999999998,5.518000000000004,2,2,1,0,61.0,0.0,Devanagari (hi/mr)
LqQHdo7t5Ps__000198000_000498000,whisper__pyannote31+rule,False,0.15776317133807852,0.03036133910022805,0.02414262847801638,0.1032592037598341,0.24406194680629267,293.63000000000005,8.914999999999964,7.088999999999951,30.320000000000093,3,3,1,0,300.0,0.0019,Devanagari (hi/mr)
Md3p6RTanBg__000315000_000426000,whisper__pyannote31+rule,False,0.0895513160219039,0.041485603250308915,0.009998233527645124,0.03806747924394986,0.08420143329349451,113.21999999999997,4.696999999999974,1.1319999999999806,4.310000000000002,3,3,1,0,111.0,0.0528,Bengali
MmtWBUK2DKE__000000000_000310000,whisper__pyannote31+rule,False,0.12190507258196003,0.044110259337791675,0.021497308758766733,0.056297504485401634,0.32721861087767723,306.54999999999995,13.522000000000036,6.589999999999941,17.257999999999868,5,4,0,-1,310.0,0.0432,Devanagari (hi/mr)
NLgHpYyf5bY__000313000_000383000,whisper__pyannote31+rule,False,0.20287414719117422,0.07414719117433584,0.03215270721439962,0.09657424880243876,0.3423943949261173,68.89,5.107999999999996,2.2149999999999896,6.653000000000006,2,2,1,0,70.0,0.0097,Devanagari (hi/mr)
NuhdqCEuIBo__000197000_000540000,whisper__pyannote31+rule,False,0.23770999240228394,0.07621915186988167,0.053192447308438556,0.1082983932239637,0.33574118047480456,355.36999999999955,27.085999999999814,18.902999999999786,38.48599999999993,3,3,1,0,343.0,0.0562,Punjabi
O4_aeGFzZ8A__000000000_000335000,whisper__pyannote31+rule,False,0.17588467393668208,0.08336595519930437,0.0649827570137005,0.0275359617236772,0.15372595448057605,321.86999999999995,26.833000000000094,20.915999999999777,8.862999999999978,8,8,1,0,335.0,0.0004,Kannada
OXUt5KnlUMo__000091000_000181000,whisper__pyannote31+rule,False,0.2812666435104781,0.0742040060206091,0.04191270116938749,0.16514993632048147,0.4204162822247627,86.37,6.409000000000009,3.6199999999999974,14.263999999999985,2,2,1,0,90.0,0.0,Odia
OxYCBQKZ3iY__000000000_001822000,whisper__pyannote31+rule,False,0.40927520263498857,0.08377044664677909,0.04762317804333584,0.27788157794487367,0.5053628721594935,1706.2699999999916,142.93499999999904,81.25800000000224,474.14099999999723,7,6,0,-1,1822.0,0.0659,Punjabi
PCUA2q2C-2A__000045000_000107000,whisper__pyannote31+rule,False,0.04567616537637936,0.019123702849612935,0.026190084005929638,0.0003623785208367981,0.06188969085372095,60.71000000000001,1.1610000000000014,1.5899999999999885,0.022000000000002018,3,3,1,0,62.0,0.0063,Devanagari (hi/mr)
PEDfT9-Yf2o__000000000_000469000,whisper__pyannote31+rule,False,0.09709885742672549,0.03390710382513606,0.006458022851465272,0.05673373075012415,0.14336562330147445,402.5999999999999,13.650999999999772,2.599999999999918,22.84099999999998,3,3,1,0,469.0,0.011,Bengali
PQB3-4sZUeY__000000000_001132000,whisper__pyannote31+rule,False,0.4177281739007263,0.08058928697868645,0.04830683990653568,0.2888320470155042,0.5372848645494004,1129.8399999999915,91.0529999999984,54.57899999999986,326.33399999999483,4,4,1,0,1132.0,0.1069,Telugu
PRAzUz0GANs__000223000_000283000,whisper__pyannote31+rule,False,0.39012916600223263,0.10033487482060295,0.08145431350661778,0.20833997767501192,0.47957092867887663,62.710000000000015,6.292000000000012,5.108000000000002,13.065000000000001,2,2,1,0,60.0,0.0822,Kannada
PSIzXy5-y2E__000002000_000918000,whisper__pyannote31+rule,False,0.35148235558552504,0.17151944257136417,0.08672173522139845,0.09324117779276238,0.3378567275531834,889.7999999999993,152.6179999999997,77.16500000000028,82.9659999999999,3,4,0,1,916.0,0.0434,Devanagari (hi/mr)
PVDfS7lcJHY__000000000_000360000,whisper__pyannote31+rule,False,0.35824167251735767,0.090202043841174,0.03438905790883363,0.23365057076735005,0.48267138418893457,384.56999999999925,34.68900000000022,13.225000000000122,89.85499999999963,6,6,1,0,360.0,0.1127,Kannada
Pjre5dpnKGA__000000000_000330000,whisper__pyannote31+rule,False,0.30296124169571237,0.07294068579259333,0.04158548574492765,0.18843507015819136,0.5329019637630664,335.6699999999996,24.483999999999774,13.958999999999849,63.252000000000024,4,3,0,-1,330.0,0.0933,Kannada
QhpjuNTZoA8__000000000_000586000,whisper__pyannote31+rule,False,0.34556901993491257,0.06502477554825041,0.016561186609756456,0.2639830577769057,0.5219202032772082,611.4899999999991,39.76199999999959,10.12699999999996,161.42299999999986,3,3,1,0,586.0,0.0512,Kannada
QuA_B6IZ6Ls__000061000_001863000,whisper__pyannote31+rule,False,0.4810397304703814,0.35483455807571834,0.04041612887716897,0.08578904351749408,0.39398920770612134,2703.9699999999975,959.4619999999992,109.28399999999849,231.97099999999827,4,5,0,1,1802.0,0.3694,Devanagari (hi/mr)
RL2fhIEEbZg__000000000_000065000,whisper__pyannote31+rule,False,0.2146173820070263,0.05113792576752719,0.013624560867573198,0.14985489537192592,0.5284846857578385,65.47,3.3480000000000047,0.8920000000000172,9.81099999999999,3,2,0,-1,65.0,0.0563,Telugu
RL2fhIEEbZg__000066000_001034000,whisper__pyannote31+rule,False,0.3113924675452881,0.11377264425687382,0.0798963423663552,0.11772348092205905,0.3263830017835019,1012.9499999999994,115.24600000000027,80.93099999999946,119.24799999999964,3,3,1,0,968.0,0.0719,Telugu
RWTmftezCwI__000000000_000060000,whisper__pyannote31+rule,False,0.2409717436250859,0.09908683666436914,0.03905926946933141,0.1028256374913853,0.3434009514094942,58.03999999999999,5.750999999999984,2.2669999999999946,5.968000000000003,2,2,1,0,60.0,0.0244,Malayalam
RZUZyvRzi80__000000000_000336000,whisper__pyannote31+rule,False,0.019886293412433552,0.011002966258805834,0.00888332715362772,0.0,0.019047527385568665,323.63999999999993,3.560999999999919,2.8750000000000746,0.0,4,4,1,0,336.0,0.0001,Punjabi
SZ7ay4OjfAE__000000000_000897000,whisper__pyannote31+rule,False,0.4570691393661398,0.13119674173075707,0.03375116154925935,0.2921212360861234,0.6201254188576716,1011.5799999999954,132.71599999999864,34.14199999999961,295.50399999999934,5,5,1,0,897.0,0.1794,Telugu
T3I2T-cfhG4__000160000_000210000,whisper__pyannote31+rule,False,0.199489035554609,0.042154566744730525,0.06429635937832642,0.09303810943155207,0.25738513277147734,46.970000000000006,1.9799999999999929,3.0199999999999925,4.370000000000001,2,2,1,0,50.0,0.0,Devanagari (hi/mr)
TU3M6wSQV_g__000099000_000171000,whisper__pyannote31+rule,False,0.22627766599597604,0.04963112005365528,0.05624413145539913,0.12040241448692164,0.48256456305408363,74.54999999999998,3.7000000000000006,4.193000000000004,8.976000000000006,2,2,1,0,72.0,0.0451,Telugu
Tlha36rSd5o__000240000_000374000,whisper__pyannote31+rule,False,0.1618053889821697,0.09901655073159024,0.06278883825057946,0.0,0.11599909423772824,125.07000000000001,12.383999999999991,7.852999999999974,0.0,2,2,1,0,134.0,0.0,Tamil
TrPnW5kLAyQ__000093000_000513000,whisper__pyannote31+rule,False,0.26870486278285816,0.15497301269543495,0.05480576742771627,0.0589260826597069,0.3089709510828022,394.62999999999937,61.15699999999939,21.627999999999638,23.254000000000097,4,4,1,0,420.0,0.0501,Devanagari (hi/mr)
U_EHjxThUgc__000181000_000289000,whisper__pyannote31+rule,False,0.2161514476614702,0.06615590200445465,0.04181737193763935,0.10817817371937621,0.31398347954722355,112.25,7.426000000000035,4.694000000000017,12.14299999999998,3,3,1,0,108.0,0.0529,Bengali
VHlIFsHPWbk__000023000_000470000,whisper__pyannote31+rule,False,0.16388876509648345,0.03292259013325015,0.026409376531930696,0.10455679843130261,0.2515965812491475,448.7800000000001,14.775000000000004,11.85199999999986,46.922999999999995,4,4,1,0,447.0,0.0269,Odia
VKY0uuZ6Om8__000575000_000935000,whisper__pyannote31+rule,False,0.40207215585282624,0.17939051434294292,0.09309678803920124,0.12958485347068213,0.4565735199534764,419.36999999999955,75.2309999999999,39.04199999999978,54.34399999999991,3,3,1,0,360.0,0.1718,Devanagari (hi/mr)
VY_4x1scS-Y__000013000_000121000,whisper__pyannote31+rule,False,0.280328608829105,0.07551683668863407,0.04198790286178566,0.16282386927868528,0.33274128374854894,110.76999999999998,8.364999999999995,4.650999999999996,18.035999999999966,4,4,1,0,108.0,0.0427,Tamil
0AEEA8NyVwY__000011000_000609000,whisper__sortformer,False,0.07772066643034342,0.04369018078695484,0.025753278979085265,0.008277206664303314,0.10138894718352293,564.2,24.64999999999992,14.529999999999907,4.669999999999931,3,3,1,0,598.0,0.0047,Devanagari (hi/mr)
0SoItGfM_sY__000007000_000088000,whisper__sortformer,False,0.37687795106596067,0.06710545142366586,0.12419516382887372,0.1855773358134211,0.7010512217439484,69.89000000000001,4.690000000000008,8.679999999999986,12.970000000000002,5,3,0,-2,81.0,0.0,Kannada
0VEwL9XZ0LY__000261000_000557000,whisper__sortformer,False,0.25009504717796266,0.14184495213078485,0.060622818235233064,0.047627276811944744,0.2619948378317515,289.32999999999987,41.039999999999964,17.539999999999974,13.779999999999966,2,2,1,0,296.0,0.0355,Devanagari (hi/mr)
0esIFSOAcFs__000000000_000913000,whisper__sortformer,True,1.0,1.0,0.0,0.0,1.0,925.5799999999994,925.5799999999994,0.0,0.0,3,0,0,-3,913.0,0.0232,Gujarati
0p6cktLGIfY__000012000_000930000,whisper__sortformer,True,1.0,1.0,0.0,0.0,1.0,831.3,831.3,0.0,0.0,6,0,0,-6,918.0,0.0329,Gujarati
13VBh0Z6QmE__000000000_000904000,whisper__sortformer,True,1.0,1.0,0.0,0.0,1.0,887.0799999999995,887.0799999999995,0.0,0.0,4,0,0,-4,904.0,0.029,Tamil
1LFl5JEipII__000000000_000597000,whisper__sortformer,False,0.5064219563306969,0.18177516392888432,0.013114310822686888,0.3115324815791257,0.6488181261043531,591.7199999999984,107.55999999999915,7.7600000000002645,184.33999999999978,5,4,0,-1,597.0,0.1006,Bengali
2HGP34TNvjg__000084000_000194000,whisper__sortformer,False,0.34751912139635194,0.12953520298097648,0.06373798784075299,0.15424593057462246,0.39705154726411923,101.98,13.209999999999983,6.49999999999999,15.73,2,3,0,1,110.0,0.0128,Odia
2LN6vb7EBn0__000098000_000394000,whisper__sortformer,False,0.3616272179035801,0.1371352877610072,0.11789312232021451,0.10659880782235842,0.38076375245295485,286.8699999999999,39.34000000000012,33.81999999999992,30.57999999999995,3,3,1,0,296.0,0.0238,Tamil
2T4pjueLrsk__000677000_001290000,whisper__sortformer,False,0.47869835546889267,0.181542253780214,0.10696810271881091,0.19018799896986774,0.6682512459228781,543.6199999999991,98.68999999999977,58.14999999999989,103.38999999999933,4,3,0,-1,613.0,0.0342,Gujarati
2gGHQgj9yno__000000000_000099000,whisper__sortformer,False,0.4131430951885023,0.2844199125182253,0.06259112684857306,0.0661320558217039,0.48445102159063425,96.01999999999998,27.309999999999988,6.009999999999984,6.350000000000007,4,4,1,0,99.0,0.0798,Gujarati
2iMXYxBTwbM__000339000_000401000,whisper__sortformer,False,0.845413165266106,0.2787114845938374,0.2645308123249297,0.30217086834733903,0.8333881470643357,57.120000000000005,15.919999999999991,15.109999999999987,17.260000000000005,3,2,0,-1,62.0,0.1275,Devanagari (hi/mr)
37dND_0r6S8__000060000_000222000,whisper__sortformer,False,0.49991113217607663,0.0995912080099533,0.13608626103442137,0.26423366313170193,0.551640600238259,168.79,16.810000000000016,22.96999999999998,44.599999999999966,2,2,1,0,162.0,0.0896,Tamil
4Qg2jWP6_T0__000136000_000202000,whisper__sortformer,False,0.8771132263105548,0.16678505469526905,0.24506321920727342,0.4652649524080123,0.8055006225737932,70.39000000000001,11.739999999999991,17.24999999999998,32.74999999999999,3,2,0,-1,66.0,0.2093,Punjabi
6-726qTlYeg__000102000_000162000,whisper__sortformer,False,0.5272074659009333,0.11457286432160783,0.1458722182340274,0.266762383345298,0.5311911555872949,69.64999999999999,7.979999999999984,10.160000000000007,18.580000000000005,2,2,1,0,60.0,0.161,Malayalam
6ZeRgvDHwcI__000006000_000100000,whisper__sortformer,False,0.647709320695103,0.38120063191153264,0.16097946287519768,0.10552922590837276,0.596963460475255,63.29999999999999,24.130000000000013,10.190000000000012,6.679999999999994,2,2,1,0,94.0,0.0125,Gujarati
6f6TLzlP8Wk__000082000_000144000,whisper__sortformer,False,0.6091017150619802,0.11784683307862116,0.11614875191034132,0.37510613007301763,0.65142136028912,58.89000000000001,6.940000000000001,6.840000000000002,22.09000000000001,2,3,0,1,62.0,0.051,Punjabi
7L4gi7Ncc0s__000090000_000148000,whisper__sortformer,False,0.1841207113346507,0.0905335009879649,0.04167415124842825,0.05191305909825754,0.25435201296866417,55.669999999999995,5.040000000000005,2.3200000000000003,2.889999999999997,2,2,1,0,58.0,0.0,Malayalam
7WhVNRHbjIY__000091000_001089000,whisper__sortformer,True,1.0,1.0,0.0,0.0,1.0,996.6799999999998,996.6799999999998,0.0,0.0,5,0,0,-5,998.0,0.0133,Tamil
7YfsQPYY-W0__000351000_000411000,whisper__sortformer,False,0.6020233463035014,0.1626459143968869,0.1374319066147857,0.30194552529182883,0.6066435442706628,64.24999999999999,10.44999999999998,8.829999999999979,19.4,2,2,1,0,60.0,0.1219,Odia
7c9ePKgqams__000299000_000869000,whisper__sortformer,False,0.39841321477626035,0.10220125786163586,0.03330803151883153,0.26290392539579294,0.6332298933828602,553.32,56.55000000000036,18.429999999999865,145.47000000000017,4,3,0,-1,570.0,0.0055,Telugu
7k-xDqNjESc__000073000_000981000,whisper__sortformer,True,1.0,1.0,0.0,0.0,1.0,897.5899999999995,897.5899999999995,0.0,0.0,4,0,0,-4,908.0,0.0421,Malayalam
83gP2vLH7UY__000255000_002005000,whisper__sortformer,True,1.0,1.0,0.0,0.0,1.0,2043.6199999999963,2043.6199999999963,0.0,0.0,5,0,0,-5,1750.0,0.2022,Devanagari (hi/mr)
86mMTUeDiR8__000181000_001079000,whisper__sortformer,True,1.0,1.0,0.0,0.0,1.0,823.15,823.15,0.0,0.0,5,0,0,-5,898.0,0.0517,Bengali
87Zbup3ohcw__000106000_000445000,whisper__sortformer,False,0.15764485397469916,0.07218491332188033,0.04547868186787426,0.039981258784944594,0.3073561931336718,320.15000000000003,23.10999999999999,14.559999999999945,12.800000000000013,4,4,1,0,339.0,0.0152,Tamil
8Ve4SWhlrrA__000000000_000070000,whisper__sortformer,False,0.02099984328475153,0.005328318445384713,0.015671524839366815,0.0,0.07539604020368369,63.809999999999995,0.3399999999999985,0.9999999999999964,0.0,2,2,1,0,70.0,0.0,Odia
8mvORuRHw2U__000000000_001197000,whisper__sortformer,True,1.0,1.0,0.0,0.0,1.0,1159.319999999999,1159.319999999999,0.0,0.0,4,0,0,-4,1197.0,0.0417,Gujarati
8o7jKmq6HsM__000030000_001770000,whisper__sortformer,True,1.0,1.0,0.0,0.0,1.0,1767.2599999999993,1767.2599999999993,0.0,0.0,6,0,0,-6,1740.0,0.0471,Devanagari (hi/mr)
8pkp-lpMJP0__000326000_000926000,whisper__sortformer,False,0.521924534803584,0.24633873190902827,0.019584194808178412,0.2560016080863774,0.8232053153739378,696.4799999999996,171.5699999999999,13.640000000000093,178.3,8,4,0,-4,600.0,0.2032,Telugu
8r2Nltl0W4o__000259000_000320000,whisper__sortformer,False,0.274954777174807,0.05377405032067114,0.038480513073507666,0.18270021378062817,0.6193638301360879,60.81,3.270000000000012,2.340000000000001,11.11,2,2,1,0,61.0,0.0227,Punjabi
90uAd6xpTPo__000016000_000408000,whisper__sortformer,False,0.4410783616776939,0.06277683600371771,0.025865368841252973,0.35243615683272317,0.5384682486181044,365.74000000000007,22.95999999999972,9.459999999999864,128.9000000000002,4,4,1,0,392.0,0.0067,Devanagari (hi/mr)
9Aw8kg8w5Xo__000000000_000083000,whisper__sortformer,False,0.09697117733268215,0.02979970688812903,0.0346849047386419,0.03248656570591121,0.4738940073041168,81.88000000000002,2.4400000000000057,2.84,2.660000000000011,4,3,0,-1,83.0,0.0216,Telugu
9_GMxc_JjyI__000236000_000368000,whisper__sortformer,False,0.21172969441823308,0.06401974305001076,0.06039050591565633,0.08731944545256598,0.42616717031600393,137.77,8.819999999999984,8.319999999999974,12.030000000000015,2,2,1,0,132.0,0.0602,Kannada
ARCKJrGkITw__000014000_000496000,whisper__sortformer,False,0.4452011528287733,0.10097121876110385,0.048185873899483075,0.29604406016818646,0.5689585680804734,506.5799999999997,51.149999999999956,24.41000000000012,149.9699999999998,3,3,1,0,482.0,0.0844,Telugu
ARZl7LT0UC0__000073000_000130000,whisper__sortformer,False,0.3438567941415786,0.07339300244100881,0.06346623270952001,0.20699755899104977,0.544414582720641,61.44999999999999,4.509999999999991,3.900000000000004,12.720000000000006,3,3,1,0,57.0,0.0905,Telugu
A_dohDOK6Ic__000000000_000600000,whisper__sortformer,False,0.4324305627615787,0.031095430804883646,0.01810729480128658,0.3832278371554085,0.5948346277907172,578.22,17.979999999999823,10.469999999999928,221.59000000000032,3,3,1,0,600.0,0.0048,Devanagari (hi/mr)
B2ScTgeIIck__000117000_000180000,whisper__sortformer,False,0.35004503152206534,0.13059141398979274,0.0762533773641551,0.1432002401681175,0.3760285777827197,66.61999999999998,8.699999999999989,5.080000000000012,9.539999999999985,2,2,1,0,63.0,0.0879,Odia
BGAAfht5dYw__000000000_000612000,whisper__sortformer,True,1.0,1.0,0.0,0.0,1.0,678.6199999999995,678.6199999999995,0.0,0.0,4,0,0,-4,612.0,0.135,Gujarati
BYLcUGNB_zM__000020000_001387000,whisper__sortformer,True,1.0,1.0,0.0,0.0,1.0,1331.2099999999998,1331.2099999999998,0.0,0.0,4,0,0,-4,1367.0,0.0054,Kannada
Bngfppo1QtA__000028000_000927000,whisper__sortformer,True,1.0,1.0,0.0,0.0,1.0,1002.8700000000006,1002.8700000000006,0.0,0.0,5,0,0,-5,899.0,0.1261,Telugu
CO_8ppdzq9U__000000000_000695000,whisper__sortformer,True,1.0,1.0,0.0,0.0,1.0,652.34,652.34,0.0,0.0,4,0,0,-4,695.0,0.0186,Tamil
Cku_X_SL7qU__000060000_000660000,whisper__sortformer,False,0.7071053002679341,0.21783275247285336,0.36175184834505175,0.12752069945002903,0.5510384601604638,496.3899999999995,108.12999999999957,179.57000000000005,63.29999999999984,3,3,1,0,600.0,0.1022,Gujarati
DPmew0didIM__000191000_000512000,whisper__sortformer,False,0.4338028169014078,0.12033067973055678,0.0832210655235759,0.23025107164727512,0.5873601961001529,326.59999999999985,39.29999999999983,27.17999999999988,75.20000000000002,5,4,0,-1,321.0,0.062,Telugu
EmsKkNN2Me4__000035000_000095000,whisper__sortformer,False,0.5168946761166965,0.05554639854953018,0.0984011867479806,0.36294709081918575,0.6131815649564849,60.669999999999995,3.3699999999999957,5.969999999999982,22.019999999999996,2,2,1,0,60.0,0.0471,Malayalam
ExGJodnzocM__000212000_000527000,whisper__sortformer,False,0.47833527056696323,0.0540811055146585,0.03367557794136603,0.39057858711093874,0.6457396710023943,309.7200000000001,16.750000000000036,10.42999999999989,120.96999999999997,4,4,1,0,315.0,0.0133,Devanagari (hi/mr)
F2uXav-wriA__000000000_000907000,whisper__sortformer,True,1.0,1.0,0.0,0.0,1.0,912.9799999999997,912.9799999999997,0.0,0.0,4,0,0,-4,907.0,0.0336,Devanagari (hi/mr)
FDMf9ApmoNU__000016000_000686000,whisper__sortformer,True,1.0,1.0,0.0,0.0,1.0,630.0199999999991,630.0199999999991,0.0,0.0,4,0,0,-4,670.0,0.0882,Bengali
G6qzg93FxwE__000021000_000116000,whisper__sortformer,False,0.06578523057078359,0.041706976244222246,0.021175964742556144,0.0029022895840051933,0.07586374512981155,93.03,3.8799999999999955,1.969999999999998,0.2700000000000031,2,2,1,0,95.0,0.0061,Gujarati
GEc_sS2KWo8__000096000_000290000,whisper__sortformer,False,0.2265973749083886,0.13365314144846444,0.06742621094010268,0.025518022519821503,0.46438863843702927,150.08999999999997,20.060000000000024,10.12000000000001,3.830000000000009,4,3,0,-1,194.0,0.0378,Gujarati
GfFLEIAAumk__000090000_000163000,whisper__sortformer,False,0.19377632830547614,0.04402772115776597,0.045794265525207045,0.10395434162250312,0.25708845466960817,73.59,3.239999999999998,3.369999999999987,7.650000000000006,2,2,1,0,73.0,0.0285,Bengali
Gq45evw6ytY__000597000_001464000,whisper__sortformer,True,1.0,1.0,0.0,0.0,1.0,886.5900000000001,886.5900000000001,0.0,0.0,3,0,0,-3,867.0,0.0869,Odia
HZv_WvIr6lE__000021000_000105000,whisper__sortformer,False,0.300314295003793,0.12116614284166018,0.08084968028611653,0.09829847187601624,0.29347770423924374,92.27000000000001,11.179999999999986,7.459999999999973,9.07000000000002,3,3,1,0,84.0,0.1276,Tamil
HpYG46tGyYs__000103000_000998000,whisper__sortformer,True,1.0,1.0,0.0,0.0,1.0,861.23,861.23,0.0,0.0,4,0,0,-4,895.0,0.0022,Devanagari (hi/mr)
IAm1rt-MYcA__000004000_000558000,whisper__sortformer,False,0.39497442903827346,0.16330336207374063,0.06768458172553225,0.16398648523900058,0.5404037947973135,541.6299999999997,88.45000000000009,36.66000000000001,88.81999999999982,4,3,0,-1,554.0,0.0445,Bengali
Iare1Emeueg__000016000_000069000,whisper__sortformer,False,0.5469255663430421,0.31576514100785946,0.16273693943596873,0.06842348589921392,0.5070886063113492,43.25999999999999,13.659999999999997,7.040000000000006,2.9599999999999937,2,3,0,1,53.0,0.0,Devanagari (hi/mr)
IfTL8SSN270__000062000_000671000,whisper__sortformer,False,0.3045069743620643,0.13242249871960862,0.04080679661374479,0.13127767902871088,0.368575844771619,663.8599999999996,87.90999999999931,27.090000000000597,87.14999999999995,4,4,1,0,609.0,0.1121,Devanagari (hi/mr)
Ig6szCD8m20__000046000_000106000,whisper__sortformer,False,0.26636455186304153,0.028197381671702156,0.052534407519302107,0.18563276267203727,0.36731247055801575,59.579999999999984,1.680000000000014,3.1300000000000185,11.059999999999977,2,2,1,0,60.0,0.0204,Devanagari (hi/mr)
Iqhnt8ENm3U__000027000_000088000,whisper__sortformer,False,0.713641826923077,0.21874999999999978,0.058293269230769426,0.4365985576923077,0.8144522091011002,66.55999999999996,14.559999999999976,3.8800000000000106,29.059999999999985,3,2,0,-1,61.0,0.1772,Devanagari (hi/mr)
J4-VpEkBzWw__000000000_000600000,whisper__sortformer,False,0.48883230379905973,0.07601263733672795,0.012040049669134441,0.40077961679319735,0.6846128523111669,636.2099999999996,48.35999999999966,7.660000000000018,254.9799999999999,7,4,0,-3,600.0,0.0685,Kannada
JBYGLQJwFDc__000103000_000407000,whisper__sortformer,False,0.4502935195487852,0.15305221962168547,0.1097724743889805,0.18746882553811925,0.6557095273147248,260.62999999999994,39.88999999999987,28.609999999999978,48.86000000000001,3,3,1,0,304.0,0.012,Tamil
JSB1CeS4pP8__000000000_000632000,whisper__sortformer,True,1.0,1.0,0.0,0.0,1.0,652.5399999999998,652.5399999999998,0.0,0.0,4,0,0,-4,632.0,0.088,Punjabi
Jc5AVwg2cZM__000153000_000214000,whisper__sortformer,False,0.8467060137182965,0.3265273568352212,0.248524485563886,0.2716541713191893,0.7360530592614783,62.689999999999976,20.47000000000001,15.580000000000009,17.02999999999997,3,3,1,0,61.0,0.2816,Devanagari (hi/mr)
KAtdcDieQMw__000057000_000599000,whisper__sortformer,False,0.27815491432794215,0.0799147575919011,0.03846219946036052,0.1597779572756805,0.3531244990053118,581.8699999999993,46.49999999999944,22.379999999999953,92.97000000000011,3,3,1,0,542.0,0.1073,Odia
KPkRi3GM7fs__000047000_000642000,whisper__sortformer,False,0.12388261381747605,0.0587797103457832,0.023092647772157214,0.04201025569953565,0.15616439241141686,577.24,33.92999999999989,13.33000000000003,24.249999999999957,3,3,1,0,595.0,0.0031,Odia
Kdi-ECuOaKg__000002000_000078000,whisper__sortformer,False,0.8460751725901309,0.4518026080286376,0.18997698798261323,0.20429557657887995,0.8805370241574377,39.11,17.670000000000016,7.430000000000003,7.989999999999995,6,2,0,-4,76.0,0.0,Malayalam
L7xRazDdtgw__000019000_000083000,whisper__sortformer,False,0.8493086477618937,0.3006796344035621,0.17225216779939054,0.376376845558941,0.8399800325539785,42.66999999999999,12.829999999999991,7.3499999999999925,16.06000000000001,3,3,1,0,64.0,0.0012,Gujarati
LBIWBxQ5H1s__000090000_001020000,whisper__sortformer,True,1.0,1.0,0.0,0.0,1.0,961.9499999999989,961.9499999999989,0.0,0.0,4,0,0,-4,930.0,0.0724,Malayalam
LK23jX9tgZM__000059000_000221000,whisper__sortformer,False,0.5214792469694431,0.23847829730182704,0.04737165521479229,0.23562929445282374,0.5379018863981994,179.00999999999996,42.69000000000005,8.479999999999965,42.17999999999997,3,4,0,1,162.0,0.1712,Gujarati
LctYmmr9-Vg__000000000_000061000,whisper__sortformer,False,0.2971786833855798,0.08087774294670833,0.08819226750261228,0.12810867293625916,0.3479811567012379,47.85000000000001,3.8699999999999943,4.219999999999998,6.130000000000003,2,2,1,0,61.0,0.0,Devanagari (hi/mr)
LqQHdo7t5Ps__000198000_000498000,whisper__sortformer,False,0.3282362156455402,0.03354561863569783,0.023601130674658372,0.271089466335184,0.5620383088031083,293.63000000000005,9.849999999999955,6.929999999999939,79.6000000000001,3,2,0,-1,300.0,0.0019,Devanagari (hi/mr)
Md3p6RTanBg__000315000_000426000,whisper__sortformer,False,0.07428016251545701,0.016516516516516654,0.01457339692633839,0.04319024907260196,0.0697091431189757,113.21999999999998,1.8700000000000152,1.6500000000000323,4.8899999999999935,3,3,1,0,111.0,0.0528,Bengali
MmtWBUK2DKE__000000000_000310000,whisper__sortformer,False,0.5264394062958733,0.04641983363236002,0.020877507747512437,0.45914206491600074,0.758923331215233,306.54999999999995,14.229999999999961,6.399999999999936,140.75,5,3,0,-2,310.0,0.0432,Devanagari (hi/mr)
NLgHpYyf5bY__000313000_000383000,whisper__sortformer,False,0.16431993032370423,0.03861228044708938,0.03149949194367828,0.09420815793293655,0.2982385087264556,68.89,2.6599999999999873,2.169999999999997,6.489999999999999,2,2,1,0,70.0,0.0097,Devanagari (hi/mr)
NuhdqCEuIBo__000197000_000540000,whisper__sortformer,False,0.245518755100318,0.06978641978782614,0.05343726257140487,0.12229507274108703,0.34688348621753473,355.3699999999996,24.79999999999975,18.990000000000126,43.46000000000005,3,4,0,1,343.0,0.0562,Punjabi
O4_aeGFzZ8A__000000000_000335000,whisper__sortformer,False,0.53105290955976,0.08804796967719854,0.010159381116599812,0.43284555876596165,0.6327829741428478,321.86999999999995,28.33999999999989,3.269999999999981,139.32000000000005,8,4,0,-4,335.0,0.0004,Kannada
OXUt5KnlUMo__000091000_000181000,whisper__sortformer,False,0.3276600671529465,0.12701169387518815,0.042028482111844366,0.158619891165914,0.44742511779153266,86.36999999999999,10.969999999999999,3.6299999999999972,13.699999999999989,2,2,1,0,90.0,0.0,Odia
OxYCBQKZ3iY__000000000_001822000,whisper__sortformer,True,1.0,1.0,0.0,0.0,1.0,1706.2699999999975,1706.2699999999975,0.0,0.0,7,0,0,-7,1822.0,0.0659,Punjabi
PCUA2q2C-2A__000045000_000107000,whisper__sortformer,False,0.02866084664799866,0.0136715532861144,0.014989293361884261,0.0,0.04515465706958702,60.71000000000001,0.8300000000000054,0.9099999999999936,0.0,3,3,1,0,62.0,0.0063,Devanagari (hi/mr)
PEDfT9-Yf2o__000000000_000469000,whisper__sortformer,False,0.3890958768007948,0.030625931445603535,0.007973174366616983,0.3504967709885743,0.5517003815815301,402.6,12.329999999999984,3.2099999999999973,141.11,3,2,0,-1,469.0,0.011,Bengali
PQB3-4sZUeY__000000000_001132000,whisper__sortformer,True,1.0,1.0,0.0,0.0,1.0,1129.8399999999963,1129.8399999999963,0.0,0.0,4,0,0,-4,1132.0,0.1069,Telugu
PRAzUz0GANs__000223000_000283000,whisper__sortformer,False,0.38558443629405187,0.08627013235528634,0.10030298198054524,0.1990113219582203,0.46834962696166693,62.71000000000001,5.410000000000007,6.289999999999993,12.479999999999997,2,2,1,0,60.0,0.0822,Kannada
PSIzXy5-y2E__000002000_000918000,whisper__sortformer,True,1.0,1.0,0.0,0.0,1.0,889.7999999999994,889.7999999999994,0.0,0.0,3,0,0,-3,916.0,0.0434,Devanagari (hi/mr)
PVDfS7lcJHY__000000000_000360000,whisper__sortformer,False,0.5062797410094381,0.09639337441818092,0.039576670047065284,0.3703096965441919,0.7077856998495625,384.5699999999996,37.0699999999998,15.21999999999988,142.4099999999997,6,4,0,-2,360.0,0.1127,Kannada
Pjre5dpnKGA__000000000_000330000,whisper__sortformer,False,0.36413739684809515,0.07745702624601503,0.0631572675544437,0.22352310304763645,0.5643770833339623,335.6699999999997,25.999999999999837,21.2000000000001,75.03000000000006,4,3,0,-1,330.0,0.0933,Kannada
QhpjuNTZoA8__000000000_000586000,whisper__sortformer,False,0.47529804248638546,0.06340250862646951,0.011365680550786086,0.4005298533091299,0.6392810621507109,611.4899999999996,38.76999999999981,6.950000000000179,244.91999999999965,3,3,1,0,586.0,0.0512,Kannada
QuA_B6IZ6Ls__000061000_001863000,whisper__sortformer,True,1.0,1.0,0.0,0.0,1.0,2703.9699999999975,2703.9699999999975,0.0,0.0,4,0,0,-4,1802.0,0.3694,Devanagari (hi/mr)
RL2fhIEEbZg__000000000_000065000,whisper__sortformer,False,0.16771040171070717,0.014204979379868638,0.07667634030853818,0.07682908202230036,0.4472419023738607,65.47,0.9299999999999997,5.019999999999994,5.030000000000005,3,2,0,-1,65.0,0.0563,Telugu
RL2fhIEEbZg__000066000_001034000,whisper__sortformer,True,1.0,1.0,0.0,0.0,1.0,1012.9500000000005,1012.9500000000005,0.0,0.0,3,0,0,-3,968.0,0.0719,Telugu
RWTmftezCwI__000000000_000060000,whisper__sortformer,False,0.1619572708476912,0.022226050999310746,0.03652653342522399,0.10320468642315647,0.2765809071298789,58.03999999999999,1.2899999999999956,2.12,5.990000000000001,2,2,1,0,60.0,0.0244,Malayalam
RZUZyvRzi80__000000000_000336000,whisper__sortformer,False,0.31513409961685784,0.1404029168211589,0.007013966135211876,0.16771721666048708,0.37612019251941387,323.63999999999993,45.439999999999856,2.269999999999971,54.28000000000003,4,3,0,-1,336.0,0.0001,Punjabi
SZ7ay4OjfAE__000000000_000897000,whisper__sortformer,True,1.0,1.0,0.0,0.0,1.0,1011.579999999999,1011.579999999999,0.0,0.0,5,0,0,-5,897.0,0.1794,Telugu
T3I2T-cfhG4__000160000_000210000,whisper__sortformer,False,0.10964445390674894,0.027464338939748856,0.06450926123057253,0.017670853736427544,0.12761006639981531,46.970000000000006,1.290000000000004,3.0299999999999923,0.8300000000000018,2,2,1,0,50.0,0.0,Devanagari (hi/mr)
TU3M6wSQV_g__000099000_000171000,whisper__sortformer,False,0.22991281019450016,0.048692152917504915,0.02830315224681402,0.15291750503018123,0.5291325042588969,74.54999999999997,3.62999999999999,2.1099999999999843,11.400000000000006,2,2,1,0,72.0,0.0451,Telugu
Tlha36rSd5o__000240000_000374000,whisper__sortformer,False,0.16782601743023895,0.08531222515391372,0.06644279203645957,0.016071000239865657,0.15806509376144576,125.07000000000002,10.669999999999991,8.31,2.009999999999998,2,2,1,0,134.0,0.0,Tamil
TrPnW5kLAyQ__000093000_000513000,whisper__sortformer,False,0.2324962623216688,0.16506601120036532,0.035729670830905245,0.031700580290398246,0.27840003266437635,394.62999999999965,65.14000000000011,14.100000000000126,12.509999999999849,4,4,1,0,420.0,0.0501,Devanagari (hi/mr)
U_EHjxThUgc__000181000_000289000,whisper__sortformer,False,0.22031180400890887,0.053986636971047074,0.04953229398663707,0.11679287305122475,0.3125602014746163,112.25,6.060000000000034,5.560000000000011,13.109999999999978,3,3,1,0,108.0,0.0529,Bengali
VHlIFsHPWbk__000023000_000470000,whisper__sortformer,False,0.18750835598734367,0.037902758589955336,0.016466865724853792,0.13313873167253454,0.2913002850685829,448.78,17.010000000000154,7.389999999999885,59.75000000000004,4,4,1,0,447.0,0.0269,Odia
VKY0uuZ6Om8__000575000_000935000,whisper__sortformer,False,0.38622219042849953,0.1639602260533652,0.08474616686935155,0.1375157975057828,0.4600979009811635,419.3699999999995,68.75999999999968,35.539999999999914,57.67000000000006,3,3,1,0,360.0,0.1718,Devanagari (hi/mr)
VY_4x1scS-Y__000013000_000121000,whisper__sortformer,False,0.49264241220547056,0.08702717342240666,0.022208179109867172,0.3834070596731967,0.6449644504576592,110.76999999999992,9.63999999999998,2.459999999999985,42.46999999999997,4,3,0,-1,108.0,0.0427,Tamil
0AEEA8NyVwY__000011000_000609000,whisper__sortformer_stream,False,0.05907479617157041,0.02915632754342448,0.02850053172633804,0.0014179369018078895,0.06541252548567858,564.2,16.45000000000009,16.079999999999924,0.8000000000000114,3,3,1,0,598.0,0.0047,Devanagari (hi/mr)
0SoItGfM_sY__000007000_000088000,whisper__sortformer_stream,False,0.3768779510659608,0.06825010731148969,0.12533981971669747,0.18328802403777364,0.700864507567303,69.89000000000001,4.770000000000016,8.759999999999987,12.810000000000002,5,3,0,-2,81.0,0.0,Kannada
0VEwL9XZ0LY__000261000_000557000,whisper__sortformer_stream,False,0.5550063940828814,0.12152213735181283,0.06435558013341197,0.36912867659765664,0.7232236912145561,289.32999999999987,35.15999999999999,18.620000000000076,106.79999999999994,2,3,0,1,296.0,0.0355,Devanagari (hi/mr)
0esIFSOAcFs__000000000_000913000,whisper__sortformer_stream,False,0.4046867909851117,0.03214200825428319,0.006320361286976596,0.3662244214438519,0.5685194257134643,925.5799999999988,29.7499999999994,5.84999999999979,338.97,3,3,1,0,913.0,0.0232,Gujarati
0p6cktLGIfY__000012000_000930000,whisper__sortformer_stream,False,0.4306989053290022,0.14770840851678055,0.13362203777216405,0.14936845904005763,0.6829775481978674,831.2999999999992,122.78999999999954,111.07999999999987,124.16999999999977,6,4,0,-2,918.0,0.0329,Gujarati
13VBh0Z6QmE__000000000_000904000,whisper__sortformer_stream,False,0.39313252468773985,0.03040312034991232,0.025206294809939012,0.3375231095278885,0.46948771575234516,887.079999999999,26.97000000000019,22.360000000000674,299.409999999999,4,4,1,0,904.0,0.029,Tamil
1LFl5JEipII__000000000_000597000,whisper__sortformer_stream,False,0.6625261948218754,0.1377002636382072,0.04346650442777047,0.48135942675589766,0.8016672422377308,591.7199999999983,81.47999999999973,25.72000000000027,284.82999999999896,5,4,0,-1,597.0,0.1006,Bengali
2HGP34TNvjg__000084000_000194000,whisper__sortformer_stream,False,0.5727593645812903,0.06305157874092955,0.07727005295155903,0.4324377328888018,0.6334503621323762,101.98,6.429999999999995,7.87999999999999,44.10000000000001,2,3,0,1,110.0,0.0128,Odia
2LN6vb7EBn0__000098000_000394000,whisper__sortformer_stream,False,0.5417785059434583,0.03586990622930219,0.09777948199532907,0.40812911771882704,0.6549535273120684,286.8699999999999,10.289999999999914,28.05000000000004,117.07999999999987,3,4,0,1,296.0,0.0238,Tamil
2T4pjueLrsk__000677000_001290000,whisper__sortformer_stream,False,0.6870792097420999,0.17256539494499826,0.12183142636400474,0.3926823884330969,0.7196393336795139,543.619999999999,93.80999999999977,66.23000000000013,213.46999999999974,4,4,1,0,613.0,0.0342,Gujarati
2gGHQgj9yno__000000000_000099000,whisper__sortformer_stream,False,0.36586127890022896,0.1522599458446157,0.08873151426786051,0.12486981878775275,0.4943324852551029,96.02000000000001,14.620000000000001,8.519999999999968,11.99000000000002,4,3,0,-1,99.0,0.0798,Gujarati
2iMXYxBTwbM__000339000_000401000,whisper__sortformer_stream,False,0.8401610644257701,0.25227591036414554,0.27871148459383727,0.30917366946778724,0.8276265247029672,57.120000000000005,14.409999999999993,15.919999999999987,17.660000000000007,3,2,0,-1,62.0,0.1275,Devanagari (hi/mr)
37dND_0r6S8__000060000_000222000,whisper__sortformer_stream,False,0.46803720599561605,0.10480478701344866,0.13419041412405971,0.2290420048581077,0.5037651012482012,168.78999999999996,17.689999999999994,22.650000000000034,38.65999999999999,2,3,0,1,162.0,0.0896,Tamil
4Qg2jWP6_T0__000136000_000202000,whisper__sortformer_stream,False,0.8418809489984374,0.1643699389117772,0.22346924279016894,0.4540417672964912,0.8072550026738847,70.38999999999999,11.569999999999995,15.72999999999999,31.960000000000008,3,2,0,-1,66.0,0.2093,Punjabi
6-726qTlYeg__000102000_000162000,whisper__sortformer_stream,False,0.5279253409906675,0.11414213926776734,0.14773869346733665,0.26604450825556347,0.5294011962166172,69.64999999999999,7.949999999999994,10.289999999999996,18.529999999999994,2,2,1,0,60.0,0.161,Malayalam
6ZeRgvDHwcI__000006000_000100000,whisper__sortformer_stream,False,0.6439178515007906,0.3837282780410745,0.16603475513428165,0.09415481832543439,0.586415922867644,63.29999999999998,24.29000000000001,10.510000000000025,5.9599999999999955,2,2,1,0,94.0,0.0125,Gujarati
6f6TLzlP8Wk__000082000_000144000,whisper__sortformer_stream,False,0.5459330956019699,0.10918661912039408,0.12922397690609608,0.3075224995754797,0.5914351447403314,58.89000000000001,6.430000000000009,7.609999999999999,18.110000000000003,2,2,1,0,62.0,0.051,Punjabi
7L4gi7Ncc0s__000090000_000148000,whisper__sortformer_stream,False,0.16687623495599058,0.07328902460930481,0.04167415124842824,0.05191305909825753,0.24190388018858106,55.67,4.079999999999999,2.3200000000000003,2.889999999999997,2,2,1,0,58.0,0.0,Malayalam
7WhVNRHbjIY__000091000_001089000,whisper__sortformer_stream,False,0.3211963719548902,0.014748966569009089,0.025855841393426313,0.2805915639924548,0.42022374854931177,996.6799999999997,14.699999999999974,25.77000000000013,279.65999999999974,5,4,0,-1,998.0,0.0133,Tamil
7YfsQPYY-W0__000351000_000411000,whisper__sortformer_stream,False,0.5883268482490274,0.13525291828793773,0.13867704280155638,0.31439688715953323,0.5989414877977065,64.24999999999997,8.689999999999996,8.909999999999993,20.200000000000003,2,2,1,0,60.0,0.1219,Odia
7c9ePKgqams__000299000_000869000,whisper__sortformer_stream,False,0.5707547169811319,0.033109231547748356,0.04227210294223959,0.49537338249114404,0.7866692036889911,553.3199999999999,18.320000000000118,23.390000000000008,274.0999999999998,4,4,1,0,570.0,0.0055,Telugu
7k-xDqNjESc__000073000_000981000,whisper__sortformer_stream,False,0.42991789124210517,0.09916554328813912,0.097561247340101,0.23319110061386508,0.6984988307245366,897.5899999999988,89.01000000000067,87.57000000000114,209.30999999999887,4,3,0,-1,908.0,0.0421,Malayalam
83gP2vLH7UY__000255000_002005000,whisper__sortformer_stream,False,0.7327291766571091,0.13365498478190616,0.09680371106174422,0.5022704808134587,0.7931977418295441,2043.6199999999933,273.13999999999817,197.83000000000106,1026.449999999997,5,4,0,-1,1750.0,0.2022,Devanagari (hi/mr)
86mMTUeDiR8__000181000_001079000,whisper__sortformer_stream,False,0.5748891453562525,0.12518981959545578,0.11892121727510113,0.3307781084856955,0.7213478373308367,823.1499999999985,103.04999999999924,97.88999999999932,272.27999999999975,5,4,0,-1,898.0,0.0517,Bengali
87Zbup3ohcw__000106000_000445000,whisper__sortformer_stream,False,0.3931282211463373,0.05731688271122932,0.05697329376854576,0.2788380446665622,0.6251951204839301,320.15,18.350000000000065,18.239999999999924,89.26999999999988,4,3,0,-1,339.0,0.0152,Tamil
8Ve4SWhlrrA__000000000_000070000,whisper__sortformer_stream,False,0.04889515749882451,0.001253721987149323,0.024134148252624877,0.023507287259050307,0.38098091483356533,63.809999999999995,0.0799999999999983,1.5399999999999934,1.5,2,2,1,0,70.0,0.0,Odia
8mvORuRHw2U__000000000_001197000,whisper__sortformer_stream,False,0.611487768691991,0.05955215126108392,0.06089776765690152,0.49103784977400555,0.6935498932988916,1159.3199999999968,69.03999999999962,70.59999999999887,569.2699999999985,4,4,1,0,1197.0,0.0417,Gujarati
8o7jKmq6HsM__000030000_001770000,whisper__sortformer_stream,False,0.6103063499428488,0.0615359369872001,0.024563448502201095,0.5242069644534477,0.7390902361096418,1767.2599999999984,108.74999999999915,43.40999999999987,926.4099999999992,6,4,0,-2,1740.0,0.0471,Devanagari (hi/mr)
8pkp-lpMJP0__000326000_000926000,whisper__sortformer_stream,False,0.5434039742706186,0.16090914311968796,0.050970594991960036,0.33152423615897053,0.7955420212550004,696.4799999999987,112.07000000000005,35.500000000000256,230.89999999999935,8,4,0,-4,600.0,0.2032,Telugu
8r2Nltl0W4o__000259000_000320000,whisper__sortformer_stream,False,0.2553856273639206,0.04982733103108058,0.03584936688044731,0.1697089294523927,0.610983606557377,60.81,3.03000000000001,2.180000000000001,10.32,2,2,1,0,61.0,0.0227,Punjabi
90uAd6xpTPo__000016000_000408000,whisper__sortformer_stream,False,0.5539454257122544,0.03119702520916492,0.02753322032044603,0.49521518018264343,0.764247591676548,365.7400000000001,11.409999999999982,10.069999999999935,181.12000000000006,4,2,0,-2,392.0,0.0067,Devanagari (hi/mr)
9Aw8kg8w5Xo__000000000_000083000,whisper__sortformer_stream,False,0.17256961406936971,0.02650219833903282,0.022594040058622235,0.12347337567171467,0.5735179717605652,81.88000000000002,2.170000000000008,1.8499999999999892,10.11,4,3,0,-1,83.0,0.0216,Telugu
9_GMxc_JjyI__000236000_000368000,whisper__sortformer_stream,False,0.1940916019452709,0.06786673441242642,0.041010379618204036,0.08521448791464044,0.42640600589353866,137.77,9.349999999999989,5.64999999999997,11.740000000000014,2,2,1,0,132.0,0.0602,Kannada
ARCKJrGkITw__000014000_000496000,whisper__sortformer_stream,False,0.48063484543408774,0.09518733467566845,0.050455999052469724,0.33499151170594954,0.5727522827096351,506.5799999999995,48.22000000000007,25.560000000000088,169.69999999999973,3,3,1,0,482.0,0.0844,Telugu
ARZl7LT0UC0__000073000_000130000,whisper__sortformer_stream,False,0.34304312449145685,0.06981285598047196,0.05988608624898318,0.21334418226200172,0.5563788142842866,61.44999999999999,4.290000000000001,3.6800000000000157,13.110000000000003,3,3,1,0,57.0,0.0905,Telugu
A_dohDOK6Ic__000000000_000600000,whisper__sortformer_stream,False,0.36678081007228985,0.019681090242467846,0.01942167341150369,0.3276780464183183,0.5074922310812003,578.2200000000001,11.379999999999761,11.229999999999666,189.47000000000006,3,3,1,0,600.0,0.0048,Devanagari (hi/mr)
B2ScTgeIIck__000117000_000180000,whisper__sortformer_stream,False,0.32377664365055536,0.08210747523266286,0.08661062743920762,0.1550585409786849,0.3555825091845109,66.62,5.47,5.770000000000012,10.32999999999999,2,2,1,0,63.0,0.0879,Odia
BGAAfht5dYw__000000000_000612000,whisper__sortformer_stream,False,0.4154313164952399,0.07942589372550167,0.044664171406678534,0.29134125136305966,0.6175233344282961,678.6199999999995,53.899999999999906,30.310000000000166,197.7099999999994,4,4,1,0,612.0,0.135,Gujarati
BYLcUGNB_zM__000020000_001387000,whisper__sortformer_stream,False,0.14573207833474866,0.027719142734805614,0.01473095905229113,0.1032819765476519,0.2158450413490171,1331.2099999999991,36.90000000000056,19.61000000000046,137.48999999999958,4,4,1,0,1367.0,0.0054,Kannada
Bngfppo1QtA__000028000_000927000,whisper__sortformer_stream,False,0.6321557131033927,0.13208092773739413,0.14968041720262787,0.3503943681633706,0.6748996385991647,1002.8699999999983,132.46000000000024,150.10999999999916,351.3999999999989,5,4,0,-1,899.0,0.1261,Telugu
CO_8ppdzq9U__000000000_000695000,whisper__sortformer_stream,False,0.6307600331115679,0.02103197718980921,0.03743446668915031,0.5722935892326083,0.8036610144874882,652.3399999999991,13.720000000000121,24.420000000000282,373.3299999999992,4,4,1,0,695.0,0.0186,Tamil
Cku_X_SL7qU__000060000_000660000,whisper__sortformer_stream,False,0.6619794919317474,0.15904832893490972,0.3696891557041843,0.1332420072926534,0.5175949812609552,496.38999999999953,78.94999999999976,183.50999999999988,66.14000000000016,3,4,0,1,600.0,0.1022,Gujarati
DPmew0didIM__000191000_000512000,whisper__sortformer_stream,False,0.48842620943049575,0.0997244335578687,0.08894672382118822,0.2997550520514388,0.6569677908408579,326.5999999999999,32.56999999999991,29.050000000000065,97.89999999999989,5,4,0,-1,321.0,0.062,Telugu
EmsKkNN2Me4__000035000_000095000,whisper__sortformer_stream,False,0.5620570298335253,0.04961265864512951,0.09906049118180278,0.4133838800065931,0.6406633578275156,60.669999999999995,3.010000000000007,6.009999999999974,25.080000000000002,2,3,0,1,60.0,0.0471,Malayalam
ExGJodnzocM__000212000_000527000,whisper__sortformer_stream,False,0.4226075164664852,0.03106031254035894,0.0346764819837268,0.3568707219423995,0.5824671141163688,309.72,9.619999999999973,10.739999999999867,110.52999999999997,4,4,1,0,315.0,0.0133,Devanagari (hi/mr)
F2uXav-wriA__000000000_000907000,whisper__sortformer_stream,False,0.4010493110473392,0.05730684133277752,0.013954303489671012,0.32978816622489066,0.5150133826376416,912.9799999999991,52.31999999999917,12.739999999999828,301.0900000000004,4,4,1,0,907.0,0.0336,Devanagari (hi/mr)
FDMf9ApmoNU__000016000_000686000,whisper__sortformer_stream,False,0.4368591473286555,0.13750357131519653,0.11294879527634047,0.1864067807371185,0.5063385570554447,630.0199999999985,86.62999999999991,71.15999999999985,117.43999999999912,4,4,1,0,670.0,0.0882,Bengali
G6qzg93FxwE__000021000_000116000,whisper__sortformer_stream,False,0.06320541760722345,0.03912716328066212,0.021175964742556144,0.0029022895840051933,0.07438604632860794,93.03,3.639999999999997,1.969999999999998,0.2700000000000031,2,2,1,0,95.0,0.0061,Gujarati
GEc_sS2KWo8__000096000_000290000,whisper__sortformer_stream,False,0.4000932773669131,0.12159371044040244,0.10227197015124267,0.17622759677526798,0.6366281323082836,150.08999999999997,18.25,15.35000000000001,26.449999999999967,4,3,0,-1,194.0,0.0378,Gujarati
GfFLEIAAumk__000090000_000163000,whisper__sortformer_stream,False,0.19160211985324085,0.04402772115776607,0.04035874439461877,0.107215654300856,0.2592160556226438,73.59,3.240000000000005,2.9699999999999953,7.8899999999999935,2,2,1,0,73.0,0.0285,Bengali
Gq45evw6ytY__000597000_001464000,whisper__sortformer_stream,False,0.5636427209871522,0.10804317666565191,0.08666914808423208,0.36893039623726814,0.6862977508733071,886.5899999999982,95.79000000000013,76.83999999999916,327.0899999999989,3,3,1,0,867.0,0.0869,Odia
HZv_WvIr6lE__000021000_000105000,whisper__sortformer_stream,False,0.2525197789097214,0.11054513926519997,0.05202124200715269,0.0899533976373687,0.27350464455639206,92.27000000000001,10.200000000000003,4.799999999999979,8.300000000000011,3,3,1,0,84.0,0.1276,Tamil
HpYG46tGyYs__000103000_000998000,whisper__sortformer_stream,False,0.2190355654122591,0.024999129152491233,0.04080210861210118,0.1532343276476667,0.2911252551033728,861.2299999999998,21.53000000000002,35.13999999999989,131.96999999999997,4,4,1,0,895.0,0.0022,Devanagari (hi/mr)
IAm1rt-MYcA__000004000_000558000,whisper__sortformer_stream,False,0.4609604342447795,0.0836548935620256,0.10691800675738058,0.2703875339253733,0.6202883089032056,541.6299999999995,45.30999999999989,57.91,146.44999999999982,4,4,1,0,554.0,0.0445,Bengali
Iare1Emeueg__000016000_000069000,whisper__sortformer_stream,False,0.48520573277854856,0.2454923717059641,0.16458622283865024,0.07512713823393419,0.47826339723839795,43.25999999999999,10.620000000000005,7.120000000000008,3.249999999999992,2,2,1,0,53.0,0.0,Devanagari (hi/mr)
IfTL8SSN270__000062000_000671000,whisper__sortformer_stream,False,0.44613322085982005,0.10979724640737433,0.05126080800168727,0.2850751664507584,0.5413884161176081,663.8599999999994,72.88999999999946,34.030000000000086,189.25000000000034,4,4,1,0,609.0,0.1121,Devanagari (hi/mr)
Ig6szCD8m20__000046000_000106000,whisper__sortformer_stream,False,0.26015441423296426,0.02148371936891574,0.06461899966431724,0.1740516951997313,0.3397760347640376,59.57999999999998,1.2799999999999994,3.850000000000019,10.369999999999987,2,2,1,0,60.0,0.0204,Devanagari (hi/mr)
Iqhnt8ENm3U__000027000_000088000,whisper__sortformer_stream,False,0.5679086538461537,0.17893629807692296,0.09179687499999997,0.2971754807692307,0.6461871161999244,66.55999999999997,11.909999999999988,6.109999999999996,19.77999999999999,3,3,1,0,61.0,0.1772,Devanagari (hi/mr)
J4-VpEkBzWw__000000000_000600000,whisper__sortformer_stream,False,0.5517832162336338,0.03685889879127949,0.023435658037440937,0.49148865940491343,0.7241037532975119,636.2099999999987,23.449999999999875,14.910000000000267,312.6899999999993,7,4,0,-3,600.0,0.0685,Kannada
JBYGLQJwFDc__000103000_000407000,whisper__sortformer_stream,False,0.44722403407128886,0.1393546406783563,0.11909603652687736,0.1887733568660552,0.6656048813477651,260.62999999999994,36.31999999999999,31.04000000000004,49.19999999999995,3,2,0,-1,304.0,0.012,Tamil
JSB1CeS4pP8__000000000_000632000,whisper__sortformer_stream,False,0.3128390596745014,0.049790051184600816,0.04833420173475904,0.21471480675514149,0.40152135182459125,652.5399999999986,32.48999999999935,31.539999999999594,140.10999999999973,4,4,1,0,632.0,0.088,Punjabi
Jc5AVwg2cZM__000153000_000214000,whisper__sortformer_stream,False,0.8459084383474232,0.3035571861540914,0.25745732971765806,0.28489392247567386,0.7436591847011588,62.69,19.029999999999987,16.139999999999983,17.859999999999992,3,4,0,1,61.0,0.2816,Devanagari (hi/mr)
KAtdcDieQMw__000057000_000599000,whisper__sortformer_stream,False,0.6593569010260013,0.06016807878048252,0.055699726743086465,0.5434890955024323,0.7761190318437879,581.8699999999991,35.00999999999931,32.40999999999967,316.2399999999998,3,4,0,1,542.0,0.1073,Odia
KPkRi3GM7fs__000047000_000642000,whisper__sortformer_stream,False,0.4367334211073384,0.017323816783313784,0.027302335250502362,0.3921072690735222,0.6215119242402293,577.24,10.00000000000005,15.759999999999984,226.33999999999997,3,2,0,-1,595.0,0.0031,Odia
Kdi-ECuOaKg__000002000_000078000,whisper__sortformer_stream,False,0.9457939145998469,0.3807210432114551,0.24776272053183354,0.31731015085655817,0.9040692145757324,39.11,14.89000000000001,9.69000000000001,12.40999999999999,6,3,0,-3,76.0,0.0,Malayalam
L7xRazDdtgw__000019000_000083000,whisper__sortformer_stream,False,0.8418092336536208,0.24630888211858448,0.18912584954300427,0.40637450199203207,0.8358634884575434,42.66999999999999,10.509999999999996,8.06999999999999,17.340000000000003,3,3,1,0,64.0,0.0012,Gujarati
LBIWBxQ5H1s__000090000_001020000,whisper__sortformer_stream,False,0.5257965590727166,0.10069130412183545,0.07254015281459522,0.3525651021362859,0.6228302494755307,961.9499999999986,96.85999999999947,69.77999999999977,339.1499999999997,4,4,1,0,930.0,0.0724,Malayalam
LK23jX9tgZM__000059000_000221000,whisper__sortformer_stream,False,0.4730461985363945,0.19848053181386519,0.06094631584827652,0.21361935087425282,0.639322571689341,179.01000000000005,35.530000000000015,10.909999999999982,38.24000000000001,3,4,0,1,162.0,0.1712,Gujarati
LctYmmr9-Vg__000000000_000061000,whisper__sortformer_stream,False,0.2739811912225702,0.09467084639498426,0.05350052246603942,0.12580982236154653,0.3372935308419179,47.85000000000001,4.529999999999998,2.5599999999999867,6.020000000000003,2,2,1,0,61.0,0.0,Devanagari (hi/mr)
LqQHdo7t5Ps__000198000_000498000,whisper__sortformer_stream,False,0.15141504614651083,0.014201546163539193,0.023601130674658372,0.11361236930831325,0.2516316338915181,293.63000000000005,4.170000000000014,6.929999999999939,33.36000000000003,3,3,1,0,300.0,0.0019,Devanagari (hi/mr)
Md3p6RTanBg__000315000_000426000,whisper__sortformer_stream,False,0.07843137254901995,0.020049461225931955,0.01598657481010445,0.04239533651298355,0.07314374179483737,113.21999999999998,2.2700000000000156,1.8100000000000254,4.799999999999997,3,3,1,0,111.0,0.0528,Bengali
MmtWBUK2DKE__000000000_000310000,whisper__sortformer_stream,False,0.59067036372533,0.03510030990050585,0.019474800195726425,0.5360952536290976,0.8322187506623593,306.55000000000007,10.760000000000069,5.969999999999937,164.33999999999992,5,2,0,-3,310.0,0.0432,Devanagari (hi/mr)
NLgHpYyf5bY__000313000_000383000,whisper__sortformer_stream,False,0.1503846712149802,0.023515749745971697,0.031499491943678175,0.09536942952533031,0.2771133213381312,68.89,1.6199999999999901,2.1699999999999897,6.570000000000006,2,2,1,0,70.0,0.0097,Devanagari (hi/mr)
NuhdqCEuIBo__000197000_000540000,whisper__sortformer_stream,False,0.3079044376283875,0.05974055210062719,0.07108084531614964,0.17708304021161067,0.45877075977764487,355.36999999999915,21.229999999999833,25.260000000000037,62.929999999999936,3,4,0,1,343.0,0.0562,Punjabi
O4_aeGFzZ8A__000000000_000335000,whisper__sortformer_stream,False,0.4343057756236989,0.04110355112312407,0.017895423618230863,0.375306800882344,0.6896157626225464,321.87,13.229999999999944,5.759999999999968,120.80000000000007,8,4,0,-4,335.0,0.0004,Kannada
OXUt5KnlUMo__000091000_000181000,whisper__sortformer_stream,False,0.27671645247192284,0.06865809887692471,0.04202848211184436,0.1660298714831538,0.4178362317140463,86.37,5.929999999999987,3.6299999999999972,14.339999999999995,2,2,1,0,90.0,0.0,Odia
OxYCBQKZ3iY__000000000_001822000,whisper__sortformer_stream,False,0.6964255364039698,0.0917557010320744,0.04662802487296935,0.5580418104989261,0.8310316056997022,1706.2699999999893,156.5599999999966,79.56000000000091,952.1699999999967,7,4,0,-3,1822.0,0.0659,Punjabi
PCUA2q2C-2A__000045000_000107000,whisper__sortformer_stream,False,0.03261406687530874,0.01762477351342448,0.014989293361884261,0.0,0.05247011843747366,60.71000000000001,1.0700000000000003,0.9099999999999936,0.0,3,3,1,0,62.0,0.0063,Devanagari (hi/mr)
PEDfT9-Yf2o__000000000_000469000,whisper__sortformer_stream,False,0.23402881271733697,0.026626924987580708,0.008941877794336549,0.1984600099354197,0.35389141075968295,402.6,10.719999999999994,3.599999999999895,79.89999999999998,3,3,1,0,469.0,0.011,Bengali
PQB3-4sZUeY__000000000_001132000,whisper__sortformer_stream,False,0.6558716278411096,0.06754938752389576,0.09813778942151076,0.49018445089570317,0.7401243973514317,1129.8399999999933,76.31999999999793,110.87999999999906,553.829999999998,4,4,1,0,1132.0,0.1069,Telugu
PRAzUz0GANs__000223000_000283000,whisper__sortformer_stream,False,0.6199968107159941,0.08260245574868441,0.10556530059001742,0.43182905437729224,0.6370679184840811,62.71,5.18,6.619999999999993,27.08,2,3,0,1,60.0,0.0822,Kannada
PSIzXy5-y2E__000002000_000918000,whisper__sortformer_stream,False,0.5487525286581258,0.12328613171499207,0.08287255563047911,0.34259384131265463,0.6476620200368255,889.7999999999989,109.69999999999982,73.74000000000022,304.83999999999975,3,4,0,1,916.0,0.0434,Devanagari (hi/mr)
PVDfS7lcJHY__000000000_000360000,whisper__sortformer_stream,False,0.6149725667628773,0.072054502431287,0.0657617598876666,0.4771563044439237,0.7707911698631272,384.5699999999994,27.709999999999997,25.289999999999907,183.49999999999946,6,4,0,-2,360.0,0.1127,Kannada
Pjre5dpnKGA__000000000_000330000,whisper__sortformer_stream,False,0.5473530550838618,0.05454762117555923,0.07075401435934112,0.42205141954896147,0.672721865609217,335.66999999999973,18.309999999999953,23.750000000000014,141.6699999999998,4,4,1,0,330.0,0.0933,Kannada
QhpjuNTZoA8__000000000_000586000,whisper__sortformer_stream,False,0.3322376490212428,0.04268262767992922,0.027146805344322986,0.2624082159969906,0.45168897770441063,611.4899999999993,26.099999999999888,16.600000000000044,160.4599999999996,3,3,1,0,586.0,0.0512,Kannada
QuA_B6IZ6Ls__000061000_001863000,whisper__sortformer_stream,False,0.601304748203568,0.358524687773904,0.03471192357903366,0.20806813685063033,0.6095525375043428,2703.969999999993,969.4400000000007,93.8599999999994,562.6099999999974,4,4,1,0,1802.0,0.3694,Devanagari (hi/mr)
RL2fhIEEbZg__000000000_000065000,whisper__sortformer_stream,False,0.16618298457308694,0.008859019398197518,0.07744004887734841,0.079883916297541,0.44449508303027807,65.46999999999997,0.5799999999999912,5.0699999999999985,5.2300000000000075,3,2,0,-1,65.0,0.0563,Telugu
RL2fhIEEbZg__000066000_001034000,whisper__sortformer_stream,False,0.2911298682067228,0.08160323806703165,0.08010267041808536,0.12942395972160584,0.31397159738153285,1012.9499999999989,82.65999999999963,81.13999999999947,131.10000000000048,3,4,0,1,968.0,0.0719,Telugu
RWTmftezCwI__000000000_000060000,whisper__sortformer_stream,False,0.15334252239834636,0.02997932460372167,0.02911784975878736,0.09424534803583733,0.2700096105470921,58.03999999999999,1.7400000000000055,1.6900000000000182,5.469999999999998,2,2,1,0,60.0,0.0244,Malayalam
RZUZyvRzi80__000000000_000336000,whisper__sortformer_stream,False,0.18208503275244098,0.041929304165121035,0.010876282288963158,0.12927944629835678,0.34790084902282664,323.6399999999999,13.569999999999766,3.520000000000035,41.840000000000174,4,3,0,-1,336.0,0.0001,Punjabi
SZ7ay4OjfAE__000000000_000897000,whisper__sortformer_stream,False,0.6646928567191924,0.14627612250143318,0.04483085865675517,0.4735858755610041,0.7870280216081555,1011.5799999999967,147.9699999999993,45.35000000000025,479.069999999999,5,4,0,-1,897.0,0.1794,Telugu
T3I2T-cfhG4__000160000_000210000,whisper__sortformer_stream,False,0.10623802427081092,0.022354694485841955,0.06450926123057253,0.019374068554396422,0.1247265640245089,46.970000000000006,1.0499999999999967,3.0299999999999923,0.9100000000000001,2,2,1,0,50.0,0.0,Devanagari (hi/mr)
TU3M6wSQV_g__000099000_000171000,whisper__sortformer_stream,False,0.23313212608987238,0.0519114688128771,0.028303152246814064,0.1529175050301812,0.5311662405774992,74.54999999999998,3.869999999999987,2.109999999999988,11.400000000000006,2,2,1,0,72.0,0.0451,Telugu
Tlha36rSd5o__000240000_000374000,whisper__sortformer_stream,False,0.12425041976493136,0.051731030622851046,0.07251938914208031,0.0,0.08755388905872734,125.07000000000001,6.469999999999981,9.069999999999984,0.0,2,2,1,0,134.0,0.0,Tamil
TrPnW5kLAyQ__000093000_000513000,whisper__sortformer_stream,False,0.33259002103235885,0.11978308795580682,0.050046879355345686,0.1627600537212063,0.4602220343484964,394.6299999999995,47.26999999999998,19.750000000000043,64.22999999999956,4,4,1,0,420.0,0.0501,Devanagari (hi/mr)
U_EHjxThUgc__000181000_000289000,whisper__sortformer_stream,False,0.2886414253897551,0.05612472160356373,0.04668151447661479,0.18583518930957668,0.45321905132533,112.25000000000001,6.300000000000029,5.240000000000011,20.859999999999985,3,3,1,0,108.0,0.0529,Bengali
VHlIFsHPWbk__000023000_000470000,whisper__sortformer_stream,False,0.649070814207407,0.028499487499443192,0.04235928517313582,0.578212041534828,0.7815003418429605,448.7800000000001,12.790000000000118,19.0099999999999,259.4900000000001,4,4,1,0,447.0,0.0269,Odia
VKY0uuZ6Om8__000575000_000935000,whisper__sortformer_stream,False,0.5598397596394589,0.15683048382096912,0.08143167131649863,0.32157760450199113,0.6199548779739169,419.3699999999996,65.76999999999975,34.15,134.8599999999999,3,4,0,1,360.0,0.1718,Devanagari (hi/mr)
VY_4x1scS-Y__000013000_000121000,whisper__sortformer_stream,False,0.675453642683037,0.15103367337726853,0.026270650898257704,0.4981493184075107,0.8569538153900702,110.76999999999998,16.730000000000032,2.9100000000000055,55.17999999999995,4,3,0,-1,108.0,0.0427,Tamil
0AEEA8NyVwY__000011000_000609000,whisper__sortformer_stream+rule,False,0.05907479617157041,0.02915632754342448,0.02850053172633804,0.0014179369018078895,0.06541252548567858,564.2,16.45000000000009,16.079999999999924,0.8000000000000114,3,3,1,0,598.0,0.0047,Devanagari (hi/mr)
0SoItGfM_sY__000007000_000088000,whisper__sortformer_stream+rule,False,0.3768779510659608,0.06825010731148969,0.12533981971669747,0.18328802403777364,0.700864507567303,69.89000000000001,4.770000000000016,8.759999999999987,12.810000000000002,5,3,0,-2,81.0,0.0,Kannada
0VEwL9XZ0LY__000261000_000557000,whisper__sortformer_stream+rule,False,0.5533473887948018,0.12152213735181283,0.06435558013341197,0.36746967130957703,0.7172673706207363,289.32999999999987,35.15999999999999,18.620000000000076,106.31999999999988,2,3,0,1,296.0,0.0355,Devanagari (hi/mr)
0esIFSOAcFs__000000000_000913000,whisper__sortformer_stream+rule,False,0.40656669331662276,0.03214200825428319,0.006320361286976596,0.368104323775363,0.5704728512706202,925.5799999999988,29.7499999999994,5.84999999999979,340.71000000000004,3,3,1,0,913.0,0.0232,Gujarati
0p6cktLGIfY__000012000_000930000,whisper__sortformer_stream+rule,False,0.43041020089017146,0.14770840851678055,0.13362203777216405,0.14907975460122685,0.6822936396577038,831.2999999999992,122.78999999999954,111.07999999999987,123.92999999999975,6,4,0,-2,918.0,0.0329,Gujarati
13VBh0Z6QmE__000000000_000904000,whisper__sortformer_stream+rule,False,0.3979347973125316,0.03040312034991232,0.025206294809939012,0.34232538215268027,0.4793359547524848,887.079999999999,26.97000000000019,22.360000000000674,303.6699999999993,4,4,1,0,904.0,0.029,Tamil
1LFl5JEipII__000000000_000597000,whisper__sortformer_stream+rule,False,0.6737139187453524,0.1377002636382072,0.04346650442777047,0.49254715067937477,0.8096576422683983,591.7199999999983,81.47999999999973,25.72000000000027,291.4499999999988,5,4,0,-1,597.0,0.1006,Bengali
2HGP34TNvjg__000084000_000194000,whisper__sortformer_stream+rule,False,0.5711904294959795,0.06305157874092955,0.07727005295155903,0.43086879780349097,0.6304123721836106,101.98,6.429999999999995,7.87999999999999,43.94000000000001,2,3,0,1,110.0,0.0128,Odia
2LN6vb7EBn0__000098000_000394000,whisper__sortformer_stream+rule,False,0.5455432774427439,0.03586990622930219,0.09777948199532907,0.4118938892181127,0.6558244848125662,286.8699999999999,10.289999999999914,28.05000000000004,118.15999999999995,3,4,0,1,296.0,0.0238,Tamil
2T4pjueLrsk__000677000_001290000,whisper__sortformer_stream+rule,False,0.6779735844891654,0.17256539494499826,0.12183142636400474,0.38357676318016254,0.7261981502597924,543.619999999999,93.80999999999977,66.23000000000013,208.51999999999956,4,4,1,0,613.0,0.0342,Gujarati
2gGHQgj9yno__000000000_000099000,whisper__sortformer_stream+rule,False,0.37086023745053104,0.1522599458446157,0.08873151426786051,0.1298687773380548,0.4982776165683371,96.02000000000001,14.620000000000001,8.519999999999968,12.470000000000024,4,3,0,-1,99.0,0.0798,Gujarati
2iMXYxBTwbM__000339000_000401000,whisper__sortformer_stream+rule,False,0.8403361344537814,0.25227591036414554,0.27871148459383727,0.3093487394957985,0.8290664235905862,57.120000000000005,14.409999999999993,15.919999999999987,17.670000000000012,3,2,0,-1,62.0,0.1275,Devanagari (hi/mr)
37dND_0r6S8__000060000_000222000,whisper__sortformer_stream+rule,False,0.4708217311452103,0.10480478701344866,0.13419041412405971,0.2318265300077019,0.507741037467826,168.78999999999996,17.689999999999994,22.650000000000034,39.129999999999995,2,3,0,1,162.0,0.0896,Tamil
4Qg2jWP6_T0__000136000_000202000,whisper__sortformer_stream+rule,False,0.8418809489984374,0.1643699389117772,0.22346924279016894,0.4540417672964912,0.8072550026738847,70.38999999999999,11.569999999999995,15.72999999999999,31.960000000000008,3,2,0,-1,66.0,0.2093,Punjabi
6-726qTlYeg__000102000_000162000,whisper__sortformer_stream+rule,False,0.5279253409906675,0.11414213926776734,0.14773869346733665,0.26604450825556347,0.5294011962166172,69.64999999999999,7.949999999999994,10.289999999999996,18.529999999999994,2,2,1,0,60.0,0.161,Malayalam
6ZeRgvDHwcI__000006000_000100000,whisper__sortformer_stream+rule,False,0.6439178515007906,0.3837282780410745,0.16603475513428165,0.09415481832543439,0.586415922867644,63.29999999999998,24.29000000000001,10.510000000000025,5.9599999999999955,2,2,1,0,94.0,0.0125,Gujarati
6f6TLzlP8Wk__000082000_000144000,whisper__sortformer_stream+rule,False,0.5459330956019699,0.10918661912039408,0.12922397690609608,0.3075224995754797,0.5914351447403314,58.89000000000001,6.430000000000009,7.609999999999999,18.110000000000003,2,2,1,0,62.0,0.051,Punjabi
7L4gi7Ncc0s__000090000_000148000,whisper__sortformer_stream+rule,False,0.16687623495599058,0.07328902460930481,0.04167415124842824,0.05191305909825753,0.24190388018858106,55.67,4.079999999999999,2.3200000000000003,2.889999999999997,2,2,1,0,58.0,0.0,Malayalam
7WhVNRHbjIY__000091000_001089000,whisper__sortformer_stream+rule,False,0.3197515752297627,0.014748966569009089,0.025855841393426313,0.2791467672673273,0.4175033321390642,996.6799999999997,14.699999999999974,25.77000000000013,278.2199999999997,5,4,0,-1,998.0,0.0133,Tamil
7YfsQPYY-W0__000351000_000411000,whisper__sortformer_stream+rule,False,0.5970428015564204,0.13525291828793773,0.13867704280155638,0.32311284046692623,0.6061295276852061,64.24999999999997,8.689999999999996,8.909999999999993,20.76,2,2,1,0,60.0,0.1219,Odia
7c9ePKgqams__000299000_000869000,whisper__sortformer_stream+rule,False,0.5654413359358057,0.033109231547748356,0.04227210294223959,0.49006000144581774,0.7832352031410088,553.3199999999999,18.320000000000118,23.390000000000008,271.15999999999985,4,4,1,0,570.0,0.0055,Telugu
7k-xDqNjESc__000073000_000981000,whisper__sortformer_stream+rule,False,0.42670929934602786,0.09916554328813912,0.097561247340101,0.22998250871778775,0.6964997809596998,897.5899999999988,89.01000000000067,87.57000000000114,206.4299999999988,4,3,0,-1,908.0,0.0421,Malayalam
83gP2vLH7UY__000255000_002005000,whisper__sortformer_stream+rule,False,0.732244742173203,0.13365498478190616,0.09680371106174422,0.5017860463295527,0.7923785295763804,2043.6199999999933,273.13999999999817,197.83000000000106,1025.459999999997,5,4,0,-1,1750.0,0.2022,Devanagari (hi/mr)
86mMTUeDiR8__000181000_001079000,whisper__sortformer_stream+rule,False,0.5811698961307163,0.12518981959545578,0.11892121727510113,0.3370588592601594,0.7270360677855353,823.1499999999985,103.04999999999924,97.88999999999932,277.4499999999997,5,4,0,-1,898.0,0.0517,Bengali
87Zbup3ohcw__000106000_000445000,whisper__sortformer_stream+rule,False,0.3931282211463373,0.05731688271122932,0.05697329376854576,0.2788380446665622,0.6253772319176579,320.15,18.350000000000065,18.239999999999924,89.26999999999988,4,3,0,-1,339.0,0.0152,Tamil
8Ve4SWhlrrA__000000000_000070000,whisper__sortformer_stream+rule,False,0.04889515749882451,0.001253721987149323,0.024134148252624877,0.023507287259050307,0.38098091483356533,63.809999999999995,0.0799999999999983,1.5399999999999934,1.5,2,2,1,0,70.0,0.0,Odia
8mvORuRHw2U__000000000_001197000,whisper__sortformer_stream+rule,False,0.6111513645930367,0.05955215126108392,0.06089776765690152,0.4907014456750512,0.6936041659122425,1159.3199999999968,69.03999999999962,70.59999999999887,568.8799999999987,4,4,1,0,1197.0,0.0417,Gujarati
8o7jKmq6HsM__000030000_001770000,whisper__sortformer_stream+rule,False,0.6103006914658846,0.0615359369872001,0.024563448502201095,0.5242013059764835,0.7382044022923036,1767.2599999999984,108.74999999999915,43.40999999999987,926.3999999999994,6,4,0,-2,1740.0,0.0471,Devanagari (hi/mr)
8pkp-lpMJP0__000326000_000926000,whisper__sortformer_stream+rule,False,0.5476539168389621,0.16090914311968796,0.050970594991960036,0.3357741787273142,0.7983087112254404,696.4799999999987,112.07000000000005,35.500000000000256,233.85999999999933,8,4,0,-4,600.0,0.2032,Telugu
8r2Nltl0W4o__000259000_000320000,whisper__sortformer_stream+rule,False,0.26837691169215605,0.04982733103108058,0.03584936688044731,0.18270021378062817,0.6173962944745041,60.81,3.03000000000001,2.180000000000001,11.11,2,2,1,0,61.0,0.0227,Punjabi
90uAd6xpTPo__000016000_000408000,whisper__sortformer_stream+rule,False,0.5539454257122544,0.03119702520916492,0.02753322032044603,0.49521518018264343,0.764247591676548,365.7400000000001,11.409999999999982,10.069999999999935,181.12000000000006,4,2,0,-2,392.0,0.0067,Devanagari (hi/mr)
9Aw8kg8w5Xo__000000000_000083000,whisper__sortformer_stream+rule,False,0.17256961406936971,0.02650219833903282,0.022594040058622235,0.12347337567171467,0.5757384641875261,81.88000000000002,2.170000000000008,1.8499999999999892,10.11,4,3,0,-1,83.0,0.0216,Telugu
9_GMxc_JjyI__000236000_000368000,whisper__sortformer_stream+rule,False,0.1940916019452709,0.06786673441242642,0.041010379618204036,0.08521448791464044,0.42640600589353866,137.77,9.349999999999989,5.64999999999997,11.740000000000014,2,2,1,0,132.0,0.0602,Kannada
ARCKJrGkITw__000014000_000496000,whisper__sortformer_stream+rule,False,0.48189821943227157,0.09518733467566845,0.050455999052469724,0.3362548857041335,0.5740049783621664,506.5799999999995,48.22000000000007,25.560000000000088,170.33999999999975,3,3,1,0,482.0,0.0844,Telugu
ARZl7LT0UC0__000073000_000130000,whisper__sortformer_stream+rule,False,0.34304312449145685,0.06981285598047196,0.05988608624898318,0.21334418226200172,0.5563788142842866,61.44999999999999,4.290000000000001,3.6800000000000157,13.110000000000003,3,3,1,0,57.0,0.0905,Telugu
A_dohDOK6Ic__000000000_000600000,whisper__sortformer_stream+rule,False,0.36678081007228985,0.019681090242467846,0.01942167341150369,0.3276780464183183,0.5074922310812003,578.2200000000001,11.379999999999761,11.229999999999666,189.47000000000006,3,3,1,0,600.0,0.0048,Devanagari (hi/mr)
B2ScTgeIIck__000117000_000180000,whisper__sortformer_stream+rule,False,0.3125187631341939,0.08210747523266286,0.08661062743920762,0.14380066046232345,0.3402609195742361,66.62,5.47,5.770000000000012,9.57999999999999,2,2,1,0,63.0,0.0879,Odia
BGAAfht5dYw__000000000_000612000,whisper__sortformer_stream+rule,False,0.41628599216056067,0.07942589372550167,0.044664171406678534,0.29219592702838043,0.6181435158172819,678.6199999999995,53.899999999999906,30.310000000000166,198.2899999999994,4,4,1,0,612.0,0.135,Gujarati
BYLcUGNB_zM__000020000_001387000,whisper__sortformer_stream+rule,False,0.14756499725813418,0.027719142734805614,0.01473095905229113,0.10511489547103742,0.21893028463392217,1331.2099999999991,36.90000000000056,19.61000000000046,139.92999999999964,4,4,1,0,1367.0,0.0054,Kannada
Bngfppo1QtA__000028000_000927000,whisper__sortformer_stream+rule,False,0.6339405905052492,0.13208092773739413,0.14968041720262787,0.35217924556522723,0.6765943305031326,1002.8699999999983,132.46000000000024,150.10999999999916,353.1899999999988,5,4,0,-1,899.0,0.1261,Telugu
CO_8ppdzq9U__000000000_000695000,whisper__sortformer_stream+rule,False,0.6319557286077815,0.02103197718980921,0.03743446668915031,0.5734892847288219,0.8043470245423574,652.3399999999991,13.720000000000121,24.420000000000282,374.10999999999916,4,4,1,0,695.0,0.0186,Tamil
Cku_X_SL7qU__000060000_000660000,whisper__sortformer_stream+rule,False,0.6594814561131368,0.15904832893490972,0.3696891557041843,0.13074397147404276,0.5141505625313102,496.38999999999953,78.94999999999976,183.50999999999988,64.90000000000002,3,4,0,1,600.0,0.1022,Gujarati
DPmew0didIM__000191000_000512000,whisper__sortformer_stream+rule,False,0.48842620943049575,0.0997244335578687,0.08894672382118822,0.2997550520514388,0.6588928374812084,326.5999999999999,32.56999999999991,29.050000000000065,97.89999999999989,5,4,0,-1,321.0,0.062,Telugu
EmsKkNN2Me4__000035000_000095000,whisper__sortformer_stream+rule,False,0.5269490687324869,0.04961265864512951,0.09906049118180278,0.3782759189055547,0.6149755103934442,60.669999999999995,3.010000000000007,6.009999999999974,22.95,2,3,0,1,60.0,0.0471,Malayalam
ExGJodnzocM__000212000_000527000,whisper__sortformer_stream+rule,False,0.42438331396099627,0.03106031254035894,0.0346764819837268,0.3586465194369105,0.5843487480827666,309.72,9.619999999999973,10.739999999999867,111.07999999999993,4,4,1,0,315.0,0.0133,Devanagari (hi/mr)
F2uXav-wriA__000000000_000907000,whisper__sortformer_stream+rule,False,0.4035028149576111,0.05730684133277752,0.013954303489671012,0.33224167013516254,0.5163592977735949,912.9799999999991,52.31999999999917,12.739999999999828,303.3300000000004,4,4,1,0,907.0,0.0336,Devanagari (hi/mr)
FDMf9ApmoNU__000016000_000686000,whisper__sortformer_stream+rule,False,0.44035109996508,0.13750357131519653,0.11294879527634047,0.18989873337354296,0.5096706955499396,630.0199999999985,86.62999999999991,71.15999999999985,119.63999999999925,4,4,1,0,670.0,0.0882,Bengali
G6qzg93FxwE__000021000_000116000,whisper__sortformer_stream+rule,False,0.06320541760722345,0.03912716328066212,0.021175964742556144,0.0029022895840051933,0.07438604632860794,93.03,3.639999999999997,1.969999999999998,0.2700000000000031,2,2,1,0,95.0,0.0061,Gujarati
GEc_sS2KWo8__000096000_000290000,whisper__sortformer_stream+rule,False,0.4000932773669131,0.12159371044040244,0.10227197015124267,0.17622759677526798,0.6366281323082836,150.08999999999997,18.25,15.35000000000001,26.449999999999967,4,3,0,-1,194.0,0.0378,Gujarati
GfFLEIAAumk__000090000_000163000,whisper__sortformer_stream+rule,False,0.18942791140100543,0.04402772115776607,0.04035874439461877,0.10504144584862059,0.2566822481759923,73.59,3.240000000000005,2.9699999999999953,7.72999999999999,2,2,1,0,73.0,0.0285,Bengali
Gq45evw6ytY__000597000_001464000,whisper__sortformer_stream+rule,False,0.5640487711343454,0.10804317666565191,0.08666914808423208,0.36933644638446134,0.6865975331766778,886.5899999999982,95.79000000000013,76.83999999999916,327.4499999999989,3,3,1,0,867.0,0.0869,Odia
HZv_WvIr6lE__000021000_000105000,whisper__sortformer_stream+rule,False,0.3031321122791806,0.11054513926519997,0.05202124200715269,0.14056573100682793,0.33367882132398785,92.27000000000001,10.200000000000003,4.799999999999979,12.970000000000013,3,3,1,0,84.0,0.1276,Tamil
HpYG46tGyYs__000103000_000998000,whisper__sortformer_stream+rule,False,0.21721259129384715,0.024999129152491233,0.04080210861210118,0.15141135352925475,0.28736223131177946,861.2299999999998,21.53000000000002,35.13999999999989,130.40000000000003,4,4,1,0,895.0,0.0022,Devanagari (hi/mr)
IAm1rt-MYcA__000004000_000558000,whisper__sortformer_stream+rule,False,0.4597788157967614,0.0836548935620256,0.10691800675738058,0.26920591547735523,0.6192707717511481,541.6299999999995,45.30999999999989,57.91,145.80999999999977,4,4,1,0,554.0,0.0445,Bengali
Iare1Emeueg__000016000_000069000,whisper__sortformer_stream+rule,False,0.48520573277854856,0.2454923717059641,0.16458622283865024,0.07512713823393419,0.47826339723839795,43.25999999999999,10.620000000000005,7.120000000000008,3.249999999999992,2,2,1,0,53.0,0.0,Devanagari (hi/mr)
IfTL8SSN270__000062000_000671000,whisper__sortformer_stream+rule,False,0.44143343476034125,0.10979724640737433,0.05126080800168727,0.2803753803512796,0.5353702948923209,663.8599999999994,72.88999999999946,34.030000000000086,186.13000000000034,4,4,1,0,609.0,0.1121,Devanagari (hi/mr)
Ig6szCD8m20__000046000_000106000,whisper__sortformer_stream+rule,False,0.24135615978516298,0.02148371936891574,0.06461899966431724,0.15525344075193,0.31462200944100127,59.57999999999998,1.2799999999999994,3.850000000000019,9.249999999999986,2,2,1,0,60.0,0.0204,Devanagari (hi/mr)
Iqhnt8ENm3U__000027000_000088000,whisper__sortformer_stream+rule,False,0.5754206730769229,0.17893629807692296,0.09179687499999997,0.3046875,0.6537205916022747,66.55999999999997,11.909999999999988,6.109999999999996,20.27999999999999,3,3,1,0,61.0,0.1772,Devanagari (hi/mr)
J4-VpEkBzWw__000000000_000600000,whisper__sortformer_stream+rule,False,0.5517832162336338,0.03685889879127949,0.023435658037440937,0.49148865940491343,0.7241037532975119,636.2099999999987,23.449999999999875,14.910000000000267,312.6899999999993,7,4,0,-3,600.0,0.0685,Kannada
JBYGLQJwFDc__000103000_000407000,whisper__sortformer_stream+rule,False,0.44722403407128886,0.1393546406783563,0.11909603652687736,0.1887733568660552,0.6656048813477651,260.62999999999994,36.31999999999999,31.04000000000004,49.19999999999995,3,2,0,-1,304.0,0.012,Tamil
JSB1CeS4pP8__000000000_000632000,whisper__sortformer_stream+rule,False,0.31489257363533124,0.049790051184600816,0.04833420173475904,0.21676832071597135,0.40431955796208585,652.5399999999986,32.48999999999935,31.539999999999594,141.44999999999965,4,4,1,0,632.0,0.088,Punjabi
Jc5AVwg2cZM__000153000_000214000,whisper__sortformer_stream+rule,False,0.8262880842239586,0.3035571861540914,0.25745732971765806,0.26527356835220917,0.7125020913733303,62.69,19.029999999999987,16.139999999999983,16.629999999999992,3,4,0,1,61.0,0.2816,Devanagari (hi/mr)
KAtdcDieQMw__000057000_000599000,whisper__sortformer_stream+rule,False,0.658377300771649,0.06016807878048252,0.055699726743086465,0.54250949524808,0.774503368191427,581.8699999999991,35.00999999999931,32.40999999999967,315.66999999999985,3,4,0,1,542.0,0.1073,Odia
KPkRi3GM7fs__000047000_000642000,whisper__sortformer_stream+rule,False,0.4380500311828702,0.017323816783313784,0.027302335250502362,0.3934238791490541,0.6227329975962527,577.24,10.00000000000005,15.759999999999984,227.09999999999997,3,2,0,-1,595.0,0.0031,Odia
Kdi-ECuOaKg__000002000_000078000,whisper__sortformer_stream+rule,False,0.9457939145998469,0.3807210432114551,0.24776272053183354,0.31731015085655817,0.9040692145757324,39.11,14.89000000000001,9.69000000000001,12.40999999999999,6,3,0,-3,76.0,0.0,Malayalam
L7xRazDdtgw__000019000_000083000,whisper__sortformer_stream+rule,False,0.8418092336536208,0.24630888211858448,0.18912584954300427,0.40637450199203207,0.8358634884575434,42.66999999999999,10.509999999999996,8.06999999999999,17.340000000000003,3,3,1,0,64.0,0.0012,Gujarati
LBIWBxQ5H1s__000090000_001020000,whisper__sortformer_stream+rule,False,0.5245906751910179,0.10069130412183545,0.07254015281459522,0.3513592182545872,0.6213283350492655,961.9499999999986,96.85999999999947,69.77999999999977,337.98999999999967,4,4,1,0,930.0,0.0724,Malayalam
LK23jX9tgZM__000059000_000221000,whisper__sortformer_stream+rule,False,0.4699737444835482,0.19848053181386519,0.06094631584827652,0.21054689682140648,0.6377474722773565,179.01000000000005,35.530000000000015,10.909999999999982,37.68999999999998,3,4,0,1,162.0,0.1712,Gujarati
LctYmmr9-Vg__000000000_000061000,whisper__sortformer_stream+rule,False,0.28192267502612295,0.09467084639498426,0.05350052246603942,0.13375130616509928,0.3478393272406312,47.85000000000001,4.529999999999998,2.5599999999999867,6.400000000000002,2,2,1,0,61.0,0.0,Devanagari (hi/mr)
LqQHdo7t5Ps__000198000_000498000,whisper__sortformer_stream+rule,False,0.15141504614651083,0.014201546163539193,0.023601130674658372,0.11361236930831325,0.2516316338915181,293.63000000000005,4.170000000000014,6.929999999999939,33.36000000000003,3,3,1,0,300.0,0.0019,Devanagari (hi/mr)
Md3p6RTanBg__000315000_000426000,whisper__sortformer_stream+rule,False,0.07843137254901995,0.020049461225931955,0.01598657481010445,0.04239533651298355,0.07314374179483737,113.21999999999998,2.2700000000000156,1.8100000000000254,4.799999999999997,3,3,1,0,111.0,0.0528,Bengali
MmtWBUK2DKE__000000000_000310000,whisper__sortformer_stream+rule,False,0.5982384602838032,0.03510030990050585,0.019474800195726425,0.543663350187571,0.836917285195122,306.55000000000007,10.760000000000069,5.969999999999937,166.6599999999999,5,2,0,-3,310.0,0.0432,Devanagari (hi/mr)
NLgHpYyf5bY__000313000_000383000,whisper__sortformer_stream+rule,False,0.1503846712149802,0.023515749745971697,0.031499491943678175,0.09536942952533031,0.2771133213381312,68.89,1.6199999999999901,2.1699999999999897,6.570000000000006,2,2,1,0,70.0,0.0097,Devanagari (hi/mr)
NuhdqCEuIBo__000197000_000540000,whisper__sortformer_stream+rule,False,0.3058502405943105,0.05974055210062719,0.07108084531614964,0.17502884317753367,0.4565305059794393,355.36999999999915,21.229999999999833,25.260000000000037,62.19999999999999,3,4,0,1,343.0,0.0562,Punjabi
O4_aeGFzZ8A__000000000_000335000,whisper__sortformer_stream+rule,False,0.4343057756236989,0.04110355112312407,0.017895423618230863,0.375306800882344,0.6894020415734413,321.87,13.229999999999944,5.759999999999968,120.80000000000007,8,4,0,-4,335.0,0.0004,Kannada
OXUt5KnlUMo__000091000_000181000,whisper__sortformer_stream+rule,False,0.27671645247192284,0.06865809887692471,0.04202848211184436,0.1660298714831538,0.4178362317140463,86.37,5.929999999999987,3.6299999999999972,14.339999999999995,2,2,1,0,90.0,0.0,Odia
OxYCBQKZ3iY__000000000_001822000,whisper__sortformer_stream+rule,False,0.7007917855907926,0.0917557010320744,0.04662802487296935,0.5624080596857489,0.8341619894778132,1706.2699999999893,156.5599999999966,79.56000000000091,959.6199999999967,7,4,0,-3,1822.0,0.0659,Punjabi
PCUA2q2C-2A__000045000_000107000,whisper__sortformer_stream+rule,False,0.03261406687530874,0.01762477351342448,0.014989293361884261,0.0,0.05247011843747366,60.71000000000001,1.0700000000000003,0.9099999999999936,0.0,3,3,1,0,62.0,0.0063,Devanagari (hi/mr)
PEDfT9-Yf2o__000000000_000469000,whisper__sortformer_stream+rule,False,0.2366120218579232,0.026626924987580708,0.008941877794336549,0.20104321907600595,0.35798474841585276,402.6,10.719999999999994,3.599999999999895,80.94,3,3,1,0,469.0,0.011,Bengali
PQB3-4sZUeY__000000000_001132000,whisper__sortformer_stream+rule,False,0.6623769737307933,0.06754938752389576,0.09813778942151076,0.49668979678538683,0.7445928150316689,1129.8399999999933,76.31999999999793,110.87999999999906,561.1799999999981,4,4,1,0,1132.0,0.1069,Telugu
PRAzUz0GANs__000223000_000283000,whisper__sortformer_stream+rule,False,0.6199968107159941,0.08260245574868441,0.10556530059001742,0.43182905437729224,0.6370679184840811,62.71,5.18,6.619999999999993,27.08,2,3,0,1,60.0,0.0822,Kannada
PSIzXy5-y2E__000002000_000918000,whisper__sortformer_stream+rule,False,0.5570240503483935,0.12328613171499207,0.08287255563047911,0.35086536300292237,0.6537819406213409,889.7999999999989,109.69999999999982,73.74000000000022,312.19999999999993,3,4,0,1,916.0,0.0434,Devanagari (hi/mr)
PVDfS7lcJHY__000000000_000360000,whisper__sortformer_stream+rule,False,0.6243336713732214,0.072054502431287,0.0657617598876666,0.4865174090542677,0.7777911333123803,384.5699999999994,27.709999999999997,25.289999999999907,187.09999999999945,6,4,0,-2,360.0,0.1127,Kannada
Pjre5dpnKGA__000000000_000330000,whisper__sortformer_stream+rule,False,0.5494980188875976,0.05454762117555923,0.07075401435934112,0.4241963833526974,0.6760059456668837,335.66999999999973,18.309999999999953,23.750000000000014,142.38999999999982,4,4,1,0,330.0,0.0933,Kannada
QhpjuNTZoA8__000000000_000586000,whisper__sortformer_stream+rule,False,0.33488691556689354,0.04268262767992922,0.027146805344322986,0.26505748254264133,0.45539789273495623,611.4899999999993,26.099999999999888,16.600000000000044,162.0799999999996,3,3,1,0,586.0,0.0512,Kannada
QuA_B6IZ6Ls__000061000_001863000,whisper__sortformer_stream+rule,False,0.601338032596516,0.358524687773904,0.03471192357903366,0.20810142124357828,0.6092726774904235,2703.969999999993,969.4400000000007,93.8599999999994,562.6999999999969,4,4,1,0,1802.0,0.3694,Devanagari (hi/mr)
RL2fhIEEbZg__000000000_000065000,whisper__sortformer_stream+rule,False,0.16618298457308694,0.008859019398197518,0.07744004887734841,0.079883916297541,0.44449508303027807,65.46999999999997,0.5799999999999912,5.0699999999999985,5.2300000000000075,3,2,0,-1,65.0,0.0563,Telugu
RL2fhIEEbZg__000066000_001034000,whisper__sortformer_stream+rule,False,0.2901229083370353,0.08160323806703165,0.08010267041808536,0.1284169998519183,0.31137473789922654,1012.9499999999989,82.65999999999963,81.13999999999947,130.0800000000005,3,4,0,1,968.0,0.0719,Telugu
RWTmftezCwI__000000000_000060000,whisper__sortformer_stream+rule,False,0.15334252239834636,0.02997932460372167,0.02911784975878736,0.09424534803583733,0.2700096105470921,58.03999999999999,1.7400000000000055,1.6900000000000182,5.469999999999998,2,2,1,0,60.0,0.0244,Malayalam
RZUZyvRzi80__000000000_000336000,whisper__sortformer_stream+rule,False,0.18208503275244098,0.041929304165121035,0.010876282288963158,0.12927944629835678,0.34790084902282664,323.6399999999999,13.569999999999766,3.520000000000035,41.840000000000174,4,3,0,-1,336.0,0.0001,Punjabi
SZ7ay4OjfAE__000000000_000897000,whisper__sortformer_stream+rule,False,0.6669764131358875,0.14627612250143318,0.04483085865675517,0.47586943197769904,0.7904754079155495,1011.5799999999967,147.9699999999993,45.35000000000025,481.37999999999926,5,4,0,-1,897.0,0.1794,Telugu
T3I2T-cfhG4__000160000_000210000,whisper__sortformer_stream+rule,False,0.10623802427081092,0.022354694485841955,0.06450926123057253,0.019374068554396422,0.1247265640245089,46.970000000000006,1.0499999999999967,3.0299999999999923,0.9100000000000001,2,2,1,0,50.0,0.0,Devanagari (hi/mr)
TU3M6wSQV_g__000099000_000171000,whisper__sortformer_stream+rule,False,0.22562038900067047,0.0519114688128771,0.028303152246814064,0.1454057679409793,0.529461540104211,74.54999999999998,3.869999999999987,2.109999999999988,10.840000000000005,2,2,1,0,72.0,0.0451,Telugu
Tlha36rSd5o__000240000_000374000,whisper__sortformer_stream+rule,False,0.12425041976493136,0.051731030622851046,0.07251938914208031,0.0,0.08755388905872734,125.07000000000001,6.469999999999981,9.069999999999984,0.0,2,2,1,0,134.0,0.0,Tamil
TrPnW5kLAyQ__000093000_000513000,whisper__sortformer_stream+rule,False,0.3366951321491013,0.11978308795580682,0.050046879355345686,0.16686516483794875,0.46805212027398546,394.6299999999995,47.26999999999998,19.750000000000043,65.84999999999962,4,4,1,0,420.0,0.0501,Devanagari (hi/mr)
U_EHjxThUgc__000181000_000289000,whisper__sortformer_stream+rule,False,0.2808017817371939,0.05612472160356373,0.04668151447661479,0.17799554565701542,0.44605584416212274,112.25000000000001,6.300000000000029,5.240000000000011,19.979999999999983,3,3,1,0,108.0,0.0529,Bengali
VHlIFsHPWbk__000023000_000470000,whisper__sortformer_stream+rule,False,0.6488925531440797,0.028499487499443192,0.04235928517313582,0.5780337804715007,0.7812412812840662,448.7800000000001,12.790000000000118,19.0099999999999,259.41000000000014,4,4,1,0,447.0,0.0269,Odia
VKY0uuZ6Om8__000575000_000935000,whisper__sortformer_stream+rule,False,0.5579321362996872,0.15683048382096912,0.08143167131649863,0.3196699811622194,0.6175976113432176,419.3699999999996,65.76999999999975,34.15,134.05999999999983,3,4,0,1,360.0,0.1718,Devanagari (hi/mr)
VY_4x1scS-Y__000013000_000121000,whisper__sortformer_stream+rule,False,0.6703981222352623,0.15103367337726853,0.026270650898257704,0.493093797959736,0.8571369816280147,110.76999999999998,16.730000000000032,2.9100000000000055,54.61999999999995,4,3,0,-1,108.0,0.0427,Tamil
0AEEA8NyVwY__000011000_000609000,whisper__sortformer+rule,False,0.07772066643034342,0.04369018078695484,0.025753278979085265,0.008277206664303314,0.10138894718352293,564.2,24.64999999999992,14.529999999999907,4.669999999999931,3,3,1,0,598.0,0.0047,Devanagari (hi/mr)
0SoItGfM_sY__000007000_000088000,whisper__sortformer+rule,False,0.37687795106596067,0.06710545142366586,0.12419516382887372,0.1855773358134211,0.7010512217439484,69.89000000000001,4.690000000000008,8.679999999999986,12.970000000000002,5,3,0,-2,81.0,0.0,Kannada
0VEwL9XZ0LY__000261000_000557000,whisper__sortformer+rule,False,0.24373552690699188,0.14184495213078485,0.060622818235233064,0.04126775654097395,0.24895444824621543,289.32999999999987,41.039999999999964,17.539999999999974,11.939999999999987,2,2,1,0,296.0,0.0355,Devanagari (hi/mr)
0esIFSOAcFs__000000000_000913000,whisper__sortformer+rule,True,1.0,1.0,0.0,0.0,1.0,925.5799999999994,925.5799999999994,0.0,0.0,3,0,0,-3,913.0,0.0232,Gujarati
0p6cktLGIfY__000012000_000930000,whisper__sortformer+rule,True,1.0,1.0,0.0,0.0,1.0,831.3,831.3,0.0,0.0,6,0,0,-6,918.0,0.0329,Gujarati
13VBh0Z6QmE__000000000_000904000,whisper__sortformer+rule,True,1.0,1.0,0.0,0.0,1.0,887.0799999999995,887.0799999999995,0.0,0.0,4,0,0,-4,904.0,0.029,Tamil
1LFl5JEipII__000000000_000597000,whisper__sortformer+rule,False,0.5133678090988983,0.18177516392888432,0.013114310822686888,0.31847833434732703,0.659631944042208,591.7199999999984,107.55999999999915,7.7600000000002645,188.44999999999985,5,4,0,-1,597.0,0.1006,Bengali
2HGP34TNvjg__000084000_000194000,whisper__sortformer+rule,False,0.34751912139635194,0.12953520298097648,0.06373798784075299,0.15424593057462246,0.39705154726411923,101.98,13.209999999999983,6.49999999999999,15.73,2,3,0,1,110.0,0.0128,Odia
2LN6vb7EBn0__000098000_000394000,whisper__sortformer+rule,False,0.35692125352947335,0.1371352877610072,0.11789312232021451,0.10189284344825167,0.37235455763710806,286.8699999999999,39.34000000000012,33.81999999999992,29.229999999999944,3,3,1,0,296.0,0.0238,Tamil
2T4pjueLrsk__000677000_001290000,whisper__sortformer+rule,False,0.4591258599757169,0.181542253780214,0.10696810271881091,0.170615503476692,0.6548640041704537,543.6199999999991,98.68999999999977,58.14999999999989,92.74999999999915,4,3,0,-1,613.0,0.0342,Gujarati
2gGHQgj9yno__000000000_000099000,whisper__sortformer+rule,False,0.4131430951885023,0.2844199125182253,0.06259112684857306,0.0661320558217039,0.48445102159063425,96.01999999999998,27.309999999999988,6.009999999999984,6.350000000000007,4,4,1,0,99.0,0.0798,Gujarati
2iMXYxBTwbM__000339000_000401000,whisper__sortformer+rule,False,0.8457633053221286,0.2787114845938374,0.2645308123249297,0.30252100840336155,0.8346366642769903,57.120000000000005,15.919999999999991,15.109999999999987,17.280000000000012,3,2,0,-1,62.0,0.1275,Devanagari (hi/mr)
37dND_0r6S8__000060000_000222000,whisper__sortformer+rule,False,0.5056579181231114,0.0995912080099533,0.13608626103442137,0.2699804490787368,0.5549521712528953,168.79,16.810000000000016,22.96999999999998,45.56999999999998,2,2,1,0,162.0,0.0896,Tamil
4Qg2jWP6_T0__000136000_000202000,whisper__sortformer+rule,False,0.8771132263105548,0.16678505469526905,0.24506321920727342,0.4652649524080123,0.8055006225737932,70.39000000000001,11.739999999999991,17.24999999999998,32.74999999999999,3,2,0,-1,66.0,0.2093,Punjabi
6-726qTlYeg__000102000_000162000,whisper__sortformer+rule,False,0.5272074659009333,0.11457286432160783,0.1458722182340274,0.266762383345298,0.5311911555872949,69.64999999999999,7.979999999999984,10.160000000000007,18.580000000000005,2,2,1,0,60.0,0.161,Malayalam
6ZeRgvDHwcI__000006000_000100000,whisper__sortformer+rule,False,0.647709320695103,0.38120063191153264,0.16097946287519768,0.10552922590837276,0.596963460475255,63.29999999999999,24.130000000000013,10.190000000000012,6.679999999999994,2,2,1,0,94.0,0.0125,Gujarati
6f6TLzlP8Wk__000082000_000144000,whisper__sortformer+rule,False,0.5916114790286978,0.11784683307862116,0.11614875191034132,0.3576158940397352,0.6331612265383728,58.89000000000001,6.940000000000001,6.840000000000002,21.06000000000001,2,3,0,1,62.0,0.051,Punjabi
7L4gi7Ncc0s__000090000_000148000,whisper__sortformer+rule,False,0.1841207113346507,0.0905335009879649,0.04167415124842825,0.05191305909825754,0.25435201296866417,55.669999999999995,5.040000000000005,2.3200000000000003,2.889999999999997,2,2,1,0,58.0,0.0,Malayalam
7WhVNRHbjIY__000091000_001089000,whisper__sortformer+rule,True,1.0,1.0,0.0,0.0,1.0,996.6799999999998,996.6799999999998,0.0,0.0,5,0,0,-5,998.0,0.0133,Tamil
7YfsQPYY-W0__000351000_000411000,whisper__sortformer+rule,False,0.6082490272373535,0.1626459143968869,0.1374319066147857,0.30817120622568095,0.6118565178078366,64.24999999999999,10.44999999999998,8.829999999999979,19.799999999999997,2,2,1,0,60.0,0.1219,Odia
7c9ePKgqams__000299000_000869000,whisper__sortformer+rule,False,0.39295525193378233,0.10220125786163586,0.03330803151883153,0.257445962553315,0.6296035308387857,553.32,56.55000000000036,18.429999999999865,142.45000000000024,4,3,0,-1,570.0,0.0055,Telugu
7k-xDqNjESc__000073000_000981000,whisper__sortformer+rule,True,1.0,1.0,0.0,0.0,1.0,897.5899999999995,897.5899999999995,0.0,0.0,4,0,0,-4,908.0,0.0421,Malayalam
83gP2vLH7UY__000255000_002005000,whisper__sortformer+rule,True,1.0,1.0,0.0,0.0,1.0,2043.6199999999963,2043.6199999999963,0.0,0.0,5,0,0,-5,1750.0,0.2022,Devanagari (hi/mr)
86mMTUeDiR8__000181000_001079000,whisper__sortformer+rule,True,1.0,1.0,0.0,0.0,1.0,823.15,823.15,0.0,0.0,5,0,0,-5,898.0,0.0517,Bengali
87Zbup3ohcw__000106000_000445000,whisper__sortformer+rule,False,0.15764485397469916,0.07218491332188033,0.04547868186787426,0.039981258784944594,0.3073561931336718,320.15000000000003,23.10999999999999,14.559999999999945,12.800000000000013,4,4,1,0,339.0,0.0152,Tamil
8Ve4SWhlrrA__000000000_000070000,whisper__sortformer+rule,False,0.04341012380504615,0.005328318445384713,0.015671524839366815,0.02241028052029462,0.37792522311727517,63.809999999999995,0.3399999999999985,0.9999999999999964,1.4299999999999997,2,2,1,0,70.0,0.0,Odia
8mvORuRHw2U__000000000_001197000,whisper__sortformer+rule,True,1.0,1.0,0.0,0.0,1.0,1159.319999999999,1159.319999999999,0.0,0.0,4,0,0,-4,1197.0,0.0417,Gujarati
8o7jKmq6HsM__000030000_001770000,whisper__sortformer+rule,True,1.0,1.0,0.0,0.0,1.0,1767.2599999999993,1767.2599999999993,0.0,0.0,6,0,0,-6,1740.0,0.0471,Devanagari (hi/mr)
8pkp-lpMJP0__000326000_000926000,whisper__sortformer+rule,False,0.5222260509993112,0.24633873190902827,0.019584194808178412,0.25630312428210444,0.8240199723662568,696.4799999999996,171.5699999999999,13.640000000000093,178.51,8,4,0,-4,600.0,0.2032,Telugu
8r2Nltl0W4o__000259000_000320000,whisper__sortformer+rule,False,0.274954777174807,0.05377405032067114,0.038480513073507666,0.18270021378062817,0.6193638301360879,60.81,3.270000000000012,2.340000000000001,11.11,2,2,1,0,61.0,0.0227,Punjabi
90uAd6xpTPo__000016000_000408000,whisper__sortformer+rule,False,0.441515830918138,0.06277683600371771,0.025865368841252973,0.3528736260731673,0.5389926636226603,365.74000000000007,22.95999999999972,9.459999999999864,129.06000000000023,4,4,1,0,392.0,0.0067,Devanagari (hi/mr)
9Aw8kg8w5Xo__000000000_000083000,whisper__sortformer+rule,False,0.09697117733268215,0.02979970688812903,0.0346849047386419,0.03248656570591121,0.4269532375550245,81.88000000000002,2.4400000000000057,2.84,2.660000000000011,4,3,0,-1,83.0,0.0216,Telugu
9_GMxc_JjyI__000236000_000368000,whisper__sortformer+rule,False,0.21172969441823308,0.06401974305001076,0.06039050591565633,0.08731944545256598,0.42616717031600393,137.77,8.819999999999984,8.319999999999974,12.030000000000015,2,2,1,0,132.0,0.0602,Kannada
ARCKJrGkITw__000014000_000496000,whisper__sortformer+rule,False,0.4452011528287733,0.10097121876110385,0.048185873899483075,0.29604406016818646,0.5689585680804734,506.5799999999997,51.149999999999956,24.41000000000012,149.9699999999998,3,3,1,0,482.0,0.0844,Telugu
ARZl7LT0UC0__000073000_000130000,whisper__sortformer+rule,False,0.3438567941415786,0.07339300244100881,0.06346623270952001,0.20699755899104977,0.544414582720641,61.44999999999999,4.509999999999991,3.900000000000004,12.720000000000006,3,3,1,0,57.0,0.0905,Telugu
A_dohDOK6Ic__000000000_000600000,whisper__sortformer+rule,False,0.4321538514752172,0.031095430804883646,0.01810729480128658,0.3829511258690469,0.5944949509195794,578.22,17.979999999999823,10.469999999999928,221.43000000000032,3,3,1,0,600.0,0.0048,Devanagari (hi/mr)
B2ScTgeIIck__000117000_000180000,whisper__sortformer+rule,False,0.295556889822876,0.13059141398979274,0.0762533773641551,0.08871209846892812,0.30091357024839016,66.61999999999998,8.699999999999989,5.080000000000012,5.9099999999999895,2,2,1,0,63.0,0.0879,Odia
BGAAfht5dYw__000000000_000612000,whisper__sortformer+rule,True,1.0,1.0,0.0,0.0,1.0,678.6199999999995,678.6199999999995,0.0,0.0,4,0,0,-4,612.0,0.135,Gujarati
BYLcUGNB_zM__000020000_001387000,whisper__sortformer+rule,True,1.0,1.0,0.0,0.0,1.0,1331.2099999999998,1331.2099999999998,0.0,0.0,4,0,0,-4,1367.0,0.0054,Kannada
Bngfppo1QtA__000028000_000927000,whisper__sortformer+rule,True,1.0,1.0,0.0,0.0,1.0,1002.8700000000006,1002.8700000000006,0.0,0.0,5,0,0,-5,899.0,0.1261,Telugu
CO_8ppdzq9U__000000000_000695000,whisper__sortformer+rule,True,1.0,1.0,0.0,0.0,1.0,652.34,652.34,0.0,0.0,4,0,0,-4,695.0,0.0186,Tamil
Cku_X_SL7qU__000060000_000660000,whisper__sortformer+rule,False,0.6989463929571507,0.21783275247285336,0.36175184834505175,0.11936179213924554,0.5416459986778236,496.3899999999995,108.12999999999957,179.57000000000005,59.25000000000003,3,3,1,0,600.0,0.1022,Gujarati
DPmew0didIM__000191000_000512000,whisper__sortformer+rule,False,0.4320881812614813,0.12033067973055678,0.0832210655235759,0.22853643600734858,0.5859700332916635,326.59999999999985,39.29999999999983,27.17999999999988,74.64000000000001,5,4,0,-1,321.0,0.062,Telugu
EmsKkNN2Me4__000035000_000095000,whisper__sortformer+rule,False,0.49579693423438226,0.05554639854953018,0.0984011867479806,0.3418493489368715,0.6026901068537005,60.669999999999995,3.3699999999999957,5.969999999999982,20.739999999999995,2,2,1,0,60.0,0.0471,Malayalam
ExGJodnzocM__000212000_000527000,whisper__sortformer+rule,False,0.47652718584527914,0.0540811055146585,0.03367557794136603,0.3887705023892546,0.6439667811953835,309.7200000000001,16.750000000000036,10.42999999999989,120.40999999999997,4,4,1,0,315.0,0.0133,Devanagari (hi/mr)
F2uXav-wriA__000000000_000907000,whisper__sortformer+rule,True,1.0,1.0,0.0,0.0,1.0,912.9799999999997,912.9799999999997,0.0,0.0,4,0,0,-4,907.0,0.0336,Devanagari (hi/mr)
FDMf9ApmoNU__000016000_000686000,whisper__sortformer+rule,True,1.0,1.0,0.0,0.0,1.0,630.0199999999991,630.0199999999991,0.0,0.0,4,0,0,-4,670.0,0.0882,Bengali
G6qzg93FxwE__000021000_000116000,whisper__sortformer+rule,False,0.06578523057078359,0.041706976244222246,0.021175964742556144,0.0029022895840051933,0.07586374512981155,93.03,3.8799999999999955,1.969999999999998,0.2700000000000031,2,2,1,0,95.0,0.0061,Gujarati
GEc_sS2KWo8__000096000_000290000,whisper__sortformer+rule,False,0.2265973749083886,0.13365314144846444,0.06742621094010268,0.025518022519821503,0.46438863843702927,150.08999999999997,20.060000000000024,10.12000000000001,3.830000000000009,4,3,0,-1,194.0,0.0378,Gujarati
GfFLEIAAumk__000090000_000163000,whisper__sortformer+rule,False,0.1926892240793584,0.04402772115776597,0.045794265525207045,0.10286723739638538,0.25572598452204853,73.59,3.239999999999998,3.369999999999987,7.57,2,2,1,0,73.0,0.0285,Bengali
Gq45evw6ytY__000597000_001464000,whisper__sortformer+rule,True,1.0,1.0,0.0,0.0,1.0,886.5900000000001,886.5900000000001,0.0,0.0,3,0,0,-3,867.0,0.0869,Odia
HZv_WvIr6lE__000021000_000105000,whisper__sortformer+rule,False,0.310068277880134,0.12116614284166018,0.08084968028611653,0.10805245475235734,0.30434088392172276,92.27000000000001,11.179999999999986,7.459999999999973,9.970000000000013,3,3,1,0,84.0,0.1276,Tamil
HpYG46tGyYs__000103000_000998000,whisper__sortformer+rule,True,1.0,1.0,0.0,0.0,1.0,861.23,861.23,0.0,0.0,4,0,0,-4,895.0,0.0022,Devanagari (hi/mr)
IAm1rt-MYcA__000004000_000558000,whisper__sortformer+rule,False,0.39331277809574816,0.16330336207374063,0.06768458172553225,0.16232483429647526,0.5378474705306254,541.6299999999997,88.45000000000009,36.66000000000001,87.91999999999985,4,3,0,-1,554.0,0.0445,Bengali
Iare1Emeueg__000016000_000069000,whisper__sortformer+rule,False,0.5469255663430421,0.31576514100785946,0.16273693943596873,0.06842348589921392,0.5070886063113492,43.25999999999999,13.659999999999997,7.040000000000006,2.9599999999999937,2,3,0,1,53.0,0.0,Devanagari (hi/mr)
IfTL8SSN270__000062000_000671000,whisper__sortformer+rule,False,0.300259090772151,0.13242249871960862,0.04080679661374479,0.12702979543879758,0.36145646214890104,663.8599999999996,87.90999999999931,27.090000000000597,84.33000000000011,4,4,1,0,609.0,0.1121,Devanagari (hi/mr)
Ig6szCD8m20__000046000_000106000,whisper__sortformer+rule,False,0.2529372272574692,0.028197381671702156,0.052534407519302107,0.17220543806646493,0.35008747756675673,59.579999999999984,1.680000000000014,3.1300000000000185,10.259999999999978,2,2,1,0,60.0,0.0204,Devanagari (hi/mr)
Iqhnt8ENm3U__000027000_000088000,whisper__sortformer+rule,False,0.713641826923077,0.21874999999999978,0.058293269230769426,0.4365985576923077,0.8144522091011002,66.55999999999996,14.559999999999976,3.8800000000000106,29.059999999999985,3,2,0,-1,61.0,0.1772,Devanagari (hi/mr)
J4-VpEkBzWw__000000000_000600000,whisper__sortformer+rule,False,0.48883230379905973,0.07601263733672795,0.012040049669134441,0.40077961679319735,0.6846128523111669,636.2099999999996,48.35999999999966,7.660000000000018,254.9799999999999,7,4,0,-3,600.0,0.0685,Kannada
JBYGLQJwFDc__000103000_000407000,whisper__sortformer+rule,False,0.4502935195487852,0.15305221962168547,0.1097724743889805,0.18746882553811925,0.6557095273147248,260.62999999999994,39.88999999999987,28.609999999999978,48.86000000000001,3,3,1,0,304.0,0.012,Tamil
JSB1CeS4pP8__000000000_000632000,whisper__sortformer+rule,True,1.0,1.0,0.0,0.0,1.0,652.5399999999998,652.5399999999998,0.0,0.0,4,0,0,-4,632.0,0.088,Punjabi
Jc5AVwg2cZM__000153000_000214000,whisper__sortformer+rule,False,0.8513319508693573,0.3265273568352212,0.248524485563886,0.27628010847025,0.7460352180209305,62.689999999999976,20.47000000000001,15.580000000000009,17.319999999999965,3,3,1,0,61.0,0.2816,Devanagari (hi/mr)
KAtdcDieQMw__000057000_000599000,whisper__sortformer+rule,False,0.27755340539983114,0.0799147575919011,0.03846219946036052,0.15917644834756947,0.35217428802722184,581.8699999999993,46.49999999999944,22.379999999999953,92.62000000000015,3,3,1,0,542.0,0.1073,Odia
KPkRi3GM7fs__000047000_000642000,whisper__sortformer+rule,False,0.12525119534335777,0.0587797103457832,0.023092647772157214,0.04337883722541737,0.15844286226437254,577.24,33.92999999999989,13.33000000000003,25.03999999999992,3,3,1,0,595.0,0.0031,Odia
Kdi-ECuOaKg__000002000_000078000,whisper__sortformer+rule,False,0.8460751725901309,0.4518026080286376,0.18997698798261323,0.20429557657887995,0.8805370241574377,39.11,17.670000000000016,7.430000000000003,7.989999999999995,6,2,0,-4,76.0,0.0,Malayalam
L7xRazDdtgw__000019000_000083000,whisper__sortformer+rule,False,0.8493086477618937,0.3006796344035621,0.17225216779939054,0.376376845558941,0.8399800325539785,42.66999999999999,12.829999999999991,7.3499999999999925,16.06000000000001,3,3,1,0,64.0,0.0012,Gujarati
LBIWBxQ5H1s__000090000_001020000,whisper__sortformer+rule,True,1.0,1.0,0.0,0.0,1.0,961.9499999999989,961.9499999999989,0.0,0.0,4,0,0,-4,930.0,0.0724,Malayalam
LK23jX9tgZM__000059000_000221000,whisper__sortformer+rule,False,0.5305290207250991,0.23847829730182704,0.04737165521479229,0.24467906820847982,0.5427179912188209,179.00999999999996,42.69000000000005,8.479999999999965,43.79999999999996,3,4,0,1,162.0,0.1712,Gujarati
LctYmmr9-Vg__000000000_000061000,whisper__sortformer+rule,False,0.30512016718913254,0.08087774294670833,0.08819226750261228,0.1360501567398119,0.3581569803202377,47.85000000000001,3.8699999999999943,4.219999999999998,6.510000000000002,2,2,1,0,61.0,0.0,Devanagari (hi/mr)
LqQHdo7t5Ps__000198000_000498000,whisper__sortformer+rule,False,0.3282362156455402,0.03354561863569783,0.023601130674658372,0.271089466335184,0.5620383088031083,293.63000000000005,9.849999999999955,6.929999999999939,79.6000000000001,3,2,0,-1,300.0,0.0019,Devanagari (hi/mr)
Md3p6RTanBg__000315000_000426000,whisper__sortformer+rule,False,0.07428016251545701,0.016516516516516654,0.01457339692633839,0.04319024907260196,0.0697091431189757,113.21999999999998,1.8700000000000152,1.6500000000000323,4.8899999999999935,3,3,1,0,111.0,0.0528,Bengali
MmtWBUK2DKE__000000000_000310000,whisper__sortformer+rule,False,0.5256564997553415,0.04641983363236002,0.020877507747512437,0.458359158375469,0.7594377016856048,306.54999999999995,14.229999999999961,6.399999999999936,140.51,5,3,0,-2,310.0,0.0432,Devanagari (hi/mr)
NLgHpYyf5bY__000313000_000383000,whisper__sortformer+rule,False,0.16431993032370423,0.03861228044708938,0.03149949194367828,0.09420815793293655,0.2982385087264556,68.89,2.6599999999999873,2.169999999999997,6.489999999999999,2,2,1,0,70.0,0.0097,Devanagari (hi/mr)
NuhdqCEuIBo__000197000_000540000,whisper__sortformer+rule,False,0.24323944058305447,0.06978641978782614,0.05343726257140487,0.12001575822382349,0.3439748020120217,355.3699999999996,24.79999999999975,18.990000000000126,42.650000000000105,3,4,0,1,343.0,0.0562,Punjabi
O4_aeGFzZ8A__000000000_000335000,whisper__sortformer+rule,False,0.53105290955976,0.08804796967719854,0.010159381116599812,0.43284555876596165,0.6409912841398789,321.86999999999995,28.33999999999989,3.269999999999981,139.32000000000005,8,4,0,-4,335.0,0.0004,Kannada
OXUt5KnlUMo__000091000_000181000,whisper__sortformer+rule,False,0.3276600671529465,0.12701169387518815,0.042028482111844366,0.158619891165914,0.44742511779153266,86.36999999999999,10.969999999999999,3.6299999999999972,13.699999999999989,2,2,1,0,90.0,0.0,Odia
OxYCBQKZ3iY__000000000_001822000,whisper__sortformer+rule,True,1.0,1.0,0.0,0.0,1.0,1706.2699999999975,1706.2699999999975,0.0,0.0,7,0,0,-7,1822.0,0.0659,Punjabi
PCUA2q2C-2A__000045000_000107000,whisper__sortformer+rule,False,0.02866084664799866,0.0136715532861144,0.014989293361884261,0.0,0.04515465706958702,60.71000000000001,0.8300000000000054,0.9099999999999936,0.0,3,3,1,0,62.0,0.0063,Devanagari (hi/mr)
PEDfT9-Yf2o__000000000_000469000,whisper__sortformer+rule,False,0.3890958768007948,0.030625931445603535,0.007973174366616983,0.3504967709885743,0.5517003815815301,402.6,12.329999999999984,3.2099999999999973,141.11,3,2,0,-1,469.0,0.011,Bengali
PQB3-4sZUeY__000000000_001132000,whisper__sortformer+rule,True,1.0,1.0,0.0,0.0,1.0,1129.8399999999963,1129.8399999999963,0.0,0.0,4,0,0,-4,1132.0,0.1069,Telugu
PRAzUz0GANs__000223000_000283000,whisper__sortformer+rule,False,0.38558443629405187,0.08627013235528634,0.10030298198054524,0.1990113219582203,0.46834962696166693,62.71000000000001,5.410000000000007,6.289999999999993,12.479999999999997,2,2,1,0,60.0,0.0822,Kannada
PSIzXy5-y2E__000002000_000918000,whisper__sortformer+rule,True,1.0,1.0,0.0,0.0,1.0,889.7999999999994,889.7999999999994,0.0,0.0,3,0,0,-3,916.0,0.0434,Devanagari (hi/mr)
PVDfS7lcJHY__000000000_000360000,whisper__sortformer+rule,False,0.5137166185609892,0.09639337441818092,0.039576670047065284,0.3777465740957429,0.7157018090504019,384.5699999999996,37.0699999999998,15.21999999999988,145.2699999999997,6,4,0,-2,360.0,0.1127,Kannada
Pjre5dpnKGA__000000000_000330000,whisper__sortformer+rule,False,0.36926147704590845,0.07745702624601503,0.0631572675544437,0.2286471832454497,0.5679771057828559,335.6699999999997,25.999999999999837,21.2000000000001,76.75000000000003,4,3,0,-1,330.0,0.0933,Kannada
QhpjuNTZoA8__000000000_000586000,whisper__sortformer+rule,False,0.47346645080050354,0.06340250862646951,0.011365680550786086,0.39869826162324795,0.6372680717023033,611.4899999999996,38.76999999999981,6.950000000000179,243.7999999999997,3,3,1,0,586.0,0.0512,Kannada
QuA_B6IZ6Ls__000061000_001863000,whisper__sortformer+rule,True,1.0,1.0,0.0,0.0,1.0,2703.9699999999975,2703.9699999999975,0.0,0.0,4,0,0,-4,1802.0,0.3694,Devanagari (hi/mr)
RL2fhIEEbZg__000000000_000065000,whisper__sortformer+rule,False,0.16771040171070717,0.014204979379868638,0.07667634030853818,0.07682908202230036,0.4472419023738607,65.47,0.9299999999999997,5.019999999999994,5.030000000000005,3,2,0,-1,65.0,0.0563,Telugu
RL2fhIEEbZg__000066000_001034000,whisper__sortformer+rule,True,1.0,1.0,0.0,0.0,1.0,1012.9500000000005,1012.9500000000005,0.0,0.0,3,0,0,-3,968.0,0.0719,Telugu
RWTmftezCwI__000000000_000060000,whisper__sortformer+rule,False,0.1619572708476912,0.022226050999310746,0.03652653342522399,0.10320468642315647,0.2765809071298789,58.03999999999999,1.2899999999999956,2.12,5.990000000000001,2,2,1,0,60.0,0.0244,Malayalam
RZUZyvRzi80__000000000_000336000,whisper__sortformer+rule,False,0.312167840810777,0.1404029168211589,0.007013966135211876,0.16475095785440624,0.36895527457035315,323.63999999999993,45.439999999999856,2.269999999999971,53.32000000000002,4,3,0,-1,336.0,0.0001,Punjabi
SZ7ay4OjfAE__000000000_000897000,whisper__sortformer+rule,True,1.0,1.0,0.0,0.0,1.0,1011.579999999999,1011.579999999999,0.0,0.0,5,0,0,-5,897.0,0.1794,Telugu
T3I2T-cfhG4__000160000_000210000,whisper__sortformer+rule,False,0.10964445390674894,0.027464338939748856,0.06450926123057253,0.017670853736427544,0.12761006639981531,46.970000000000006,1.290000000000004,3.0299999999999923,0.8300000000000018,2,2,1,0,50.0,0.0,Devanagari (hi/mr)
TU3M6wSQV_g__000099000_000171000,whisper__sortformer+rule,False,0.22347417840375564,0.048692152917504915,0.02830315224681402,0.14647887323943673,0.5283388906515025,74.54999999999997,3.62999999999999,2.1099999999999843,10.920000000000003,2,2,1,0,72.0,0.0451,Telugu
Tlha36rSd5o__000240000_000374000,whisper__sortformer+rule,False,0.16782601743023895,0.08531222515391372,0.06644279203645957,0.016071000239865657,0.15806509376144576,125.07000000000002,10.669999999999991,8.31,2.009999999999998,2,2,1,0,134.0,0.0,Tamil
TrPnW5kLAyQ__000093000_000513000,whisper__sortformer+rule,False,0.23363657096520832,0.16506601120036532,0.035729670830905245,0.03284088893393774,0.28073568773103413,394.62999999999965,65.14000000000011,14.100000000000126,12.959999999999837,4,4,1,0,420.0,0.0501,Devanagari (hi/mr)
U_EHjxThUgc__000181000_000289000,whisper__sortformer+rule,False,0.22031180400890887,0.053986636971047074,0.04953229398663707,0.11679287305122475,0.3125602014746163,112.25,6.060000000000034,5.560000000000011,13.109999999999978,3,3,1,0,108.0,0.0529,Bengali
VHlIFsHPWbk__000023000_000470000,whisper__sortformer+rule,False,0.19053879406390678,0.037902758589955336,0.016466865724853792,0.13616916974909765,0.29781638871811367,448.78,17.010000000000154,7.389999999999885,61.110000000000035,4,4,1,0,447.0,0.0269,Odia
VKY0uuZ6Om8__000575000_000935000,whisper__sortformer+rule,False,0.380690082743162,0.1639602260533652,0.08474616686935155,0.13198368982044528,0.4521881894809228,419.3699999999995,68.75999999999968,35.539999999999914,55.350000000000065,3,3,1,0,360.0,0.1718,Devanagari (hi/mr)
VY_4x1scS-Y__000013000_000121000,whisper__sortformer+rule,False,0.4975173783515388,0.08702717342240666,0.022208179109867172,0.38828202581926496,0.6502121488909268,110.76999999999992,9.63999999999998,2.459999999999985,43.00999999999995,4,3,0,-1,108.0,0.0427,Tamil
