asr,diar,method,clip_id,language,duration,n_speakers,speakers,overlap_frac_of_speech,overlap,hyp_missing,WER,cpWER,WDER,DER,JER,DER_ctrl,JER_ctrl,n_units,n_applied,n_words_relabelled,rogue,wer_errors,wer_len,cp_errors,cp_len,wder_errors,wder_len,err_miss_sec,err_fa_sec,err_conf_sec,ref_speech_sec,sys,sys_ctrl
indicconformer,pyannote31,baseline,0AEEA8NyVwY__000011000_000609000,Devanagari (hi/mr),598.0000,3,3,0.0047,low (<=2.2%),False,57.0893,57.5394,3.4356,15.2164,15.2446,15.2714,14.9164,,,,,761.0000,1333.0000,767.0000,1333.0000,28.0000,815.0000,67.9790,15.6650,2.2070,564.2000,pyannote31,indicconformer__pyannote31
indicconformer,pyannote31,baseline,0SoItGfM_sY__000007000_000088000,Kannada,81.0000,5,5+,0.0000,low (<=2.2%),False,64.8485,64.8485,2.6087,43.8189,62.3965,45.0136,67.3810,,,,,107.0000,165.0000,107.0000,165.0000,3.0000,115.0000,10.5540,8.0640,12.0070,69.8900,pyannote31,indicconformer__pyannote31
indicconformer,pyannote31,baseline,0VEwL9XZ0LY__000261000_000557000,Devanagari (hi/mr),296.0000,2,2,0.0355,mid (2.2%-7.0%],False,30.6987,32.1879,2.2636,20.8319,22.4821,20.5845,21.5993,,,,,268.0000,873.0000,281.0000,873.0000,17.0000,751.0000,30.2120,17.0440,13.0170,289.3300,pyannote31,indicconformer__pyannote31
indicconformer,pyannote31,baseline,0esIFSOAcFs__000000000_000913000,Gujarati,913.0000,3,3,0.0232,mid (2.2%-7.0%],False,71.5429,71.6521,1.6115,6.1930,7.3644,6.4478,7.5162,,,,,1966.0000,2748.0000,1969.0000,2748.0000,18.0000,1117.0000,43.3470,4.6690,9.3050,925.5800,pyannote31,indicconformer__pyannote31
indicconformer,pyannote31,baseline,0p6cktLGIfY__000012000_000930000,Gujarati,918.0000,6,5+,0.0329,mid (2.2%-7.0%],False,81.1843,81.4180,5.8278,40.8738,57.5351,41.4497,57.2100,,,,,2084.0000,2567.0000,2090.0000,2567.0000,44.0000,755.0000,134.0050,113.4210,92.3580,831.3000,pyannote31,indicconformer__pyannote31
indicconformer,pyannote31,baseline,13VBh0Z6QmE__000000000_000904000,Tamil,904.0000,4,4,0.0290,mid (2.2%-7.0%],False,98.8395,98.9196,53.8462,10.8629,15.4333,17.2247,26.8287,,,,,2470.0000,2499.0000,2472.0000,2499.0000,56.0000,104.0000,39.5210,10.5800,46.2620,887.0800,pyannote31,indicconformer__pyannote31
indicconformer,pyannote31,baseline,1LFl5JEipII__000000000_000597000,Bengali,597.0000,5,5+,0.1006,high (>7.0%),False,93.9623,94.2138,21.5385,31.8872,45.4623,35.2888,50.0067,,,,,1494.0000,1590.0000,1498.0000,1590.0000,42.0000,195.0000,38.1100,30.3350,120.2380,591.7200,pyannote31,indicconformer__pyannote31
indicconformer,pyannote31,baseline,2HGP34TNvjg__000084000_000194000,Odia,110.0000,2,2,0.0128,low (<=2.2%),False,58.7838,59.1216,2.0202,30.8286,36.5238,30.7129,36.1000,,,,,174.0000,296.0000,175.0000,296.0000,4.0000,198.0000,13.1630,7.2360,11.0400,101.9800,pyannote31,indicconformer__pyannote31
indicconformer,pyannote31,baseline,2LN6vb7EBn0__000098000_000394000,Tamil,296.0000,3,3,0.0238,mid (2.2%-7.0%],False,98.9348,99.2011,50.0000,29.1219,34.2267,29.8836,35.2904,,,,,743.0000,751.0000,745.0000,751.0000,15.0000,30.0000,28.4740,24.3270,30.7410,286.8700,pyannote31,indicconformer__pyannote31
indicconformer,pyannote31,baseline,2T4pjueLrsk__000677000_001290000,Gujarati,613.0000,4,4,0.0342,mid (2.2%-7.0%],False,92.1348,92.1780,13.6095,44.1064,60.3299,44.0939,60.2611,,,,,2132.0000,2314.0000,2133.0000,2314.0000,46.0000,338.0000,108.0970,59.6910,71.9830,543.6200,pyannote31,indicconformer__pyannote31
indicconformer,pyannote31,baseline,2gGHQgj9yno__000000000_000099000,Gujarati,99.0000,4,4,0.0798,high (>7.0%),False,93.3333,93.6842,23.3333,35.1156,64.5733,35.5322,64.1655,,,,,266.0000,285.0000,267.0000,285.0000,7.0000,30.0000,13.5670,9.2490,10.9020,96.0200,pyannote31,indicconformer__pyannote31
indicconformer,pyannote31,baseline,2iMXYxBTwbM__000339000_000401000,Devanagari (hi/mr),62.0000,3,3,0.1275,high (>7.0%),False,96.2766,96.2766,50.0000,80.3239,80.8918,79.1912,80.4753,,,,,181.0000,188.0000,181.0000,188.0000,13.0000,26.0000,15.1770,14.5860,16.1180,57.1200,pyannote31,indicconformer__pyannote31
indicconformer,pyannote31,baseline,37dND_0r6S8__000060000_000222000,Tamil,162.0000,2,2,0.0896,high (>7.0%),False,99.8205,99.8205,0.0000,44.6981,52.7356,44.6981,52.7356,,,,,556.0000,557.0000,556.0000,557.0000,0.0000,1.0000,18.0680,16.2060,41.1720,168.7900,pyannote31,indicconformer__pyannote31
indicconformer,pyannote31,baseline,4Qg2jWP6_T0__000136000_000202000,Punjabi,66.0000,3,3,0.2093,high (>7.0%),False,93.2331,94.7368,57.1429,74.5504,76.0283,76.0690,77.3325,,,,,248.0000,266.0000,252.0000,266.0000,28.0000,49.0000,14.4860,10.7350,27.2550,70.3900,pyannote31,indicconformer__pyannote31
indicconformer,pyannote31,baseline,6-726qTlYeg__000102000_000162000,Malayalam,60.0000,2,2,0.1610,high (>7.0%),False,96.2617,95.3271,15.3846,44.2053,49.2353,47.3826,48.1976,,,,,206.0000,214.0000,204.0000,214.0000,8.0000,52.0000,8.1050,9.6140,13.0700,69.6500,pyannote31,indicconformer__pyannote31
indicconformer,pyannote31,baseline,6ZeRgvDHwcI__000006000_000100000,Gujarati,94.0000,2,2,0.0125,low (<=2.2%),False,89.4180,89.9471,54.0000,64.9779,60.3702,69.9036,65.4538,,,,,169.0000,189.0000,170.0000,189.0000,27.0000,50.0000,24.9480,9.2890,6.8940,63.3000,pyannote31,indicconformer__pyannote31
indicconformer,pyannote31,baseline,6f6TLzlP8Wk__000082000_000144000,Punjabi,62.0000,2,2,0.0510,mid (2.2%-7.0%],False,100.0000,100.0000,36.8421,57.3034,60.1244,61.9103,64.8017,,,,,236.0000,236.0000,236.0000,236.0000,28.0000,76.0000,6.9050,9.0200,17.8210,58.8900,pyannote31,indicconformer__pyannote31
indicconformer,pyannote31,baseline,7L4gi7Ncc0s__000090000_000148000,Malayalam,58.0000,2,2,0.0000,low (<=2.2%),False,49.6000,52.8000,1.8692,15.8631,23.6233,15.8631,23.6233,,,,,62.0000,125.0000,66.0000,125.0000,2.0000,107.0000,3.4660,2.3200,3.0450,55.6700,pyannote31,indicconformer__pyannote31
indicconformer,pyannote31,baseline,7WhVNRHbjIY__000091000_001089000,Tamil,998.0000,5,5+,0.0133,low (<=2.2%),False,95.4472,95.5278,12.7273,11.7092,18.3738,14.1259,23.9430,,,,,2369.0000,2482.0000,2371.0000,2482.0000,35.0000,275.0000,25.0620,27.9400,63.7010,996.6800,pyannote31,indicconformer__pyannote31
indicconformer,pyannote31,baseline,7YfsQPYY-W0__000351000_000411000,Odia,60.0000,2,2,0.1219,high (>7.0%),False,100.0000,100.0000,50.0000,58.0327,63.1111,58.7595,62.9746,,,,,208.0000,208.0000,208.0000,208.0000,7.0000,14.0000,9.5790,7.1090,20.5980,64.2500,pyannote31,indicconformer__pyannote31
indicconformer,pyannote31,baseline,7c9ePKgqams__000299000_000869000,Telugu,570.0000,4,4,0.0055,low (<=2.2%),False,54.9277,56.2418,4.5161,33.9619,60.7773,33.2621,59.6742,,,,,836.0000,1522.0000,856.0000,1522.0000,49.0000,1085.0000,35.9880,19.3630,132.5670,553.3200,pyannote31,indicconformer__pyannote31
indicconformer,pyannote31,baseline,7k-xDqNjESc__000073000_000981000,Malayalam,908.0000,4,4,0.0421,mid (2.2%-7.0%],False,57.7937,66.6816,12.3253,35.0069,67.3777,34.7812,66.6269,,,,,1294.0000,2239.0000,1493.0000,2239.0000,194.0000,1574.0000,117.5840,53.7710,142.8630,897.5900,pyannote31,indicconformer__pyannote31
indicconformer,pyannote31,baseline,83gP2vLH7UY__000255000_002005000,Devanagari (hi/mr),1750.0000,5,5+,0.2022,high (>7.0%),False,66.9598,67.1323,5.5947,30.2992,32.0949,32.7789,32.0697,,,,,3883.0000,5799.0000,3893.0000,5799.0000,151.0000,2699.0000,272.5080,194.1510,152.5410,2043.6200,pyannote31,indicconformer__pyannote31
indicconformer,pyannote31,baseline,86mMTUeDiR8__000181000_001079000,Bengali,898.0000,5,5+,0.0517,mid (2.2%-7.0%],False,86.4187,89.3439,25.7874,54.2008,65.4720,54.8152,65.8031,,,,,2068.0000,2393.0000,2138.0000,2393.0000,131.0000,508.0000,152.1350,113.0060,181.0130,823.1500,pyannote31,indicconformer__pyannote31
indicconformer,pyannote31,baseline,87Zbup3ohcw__000106000_000445000,Tamil,339.0000,4,4,0.0152,low (<=2.2%),False,75.9680,77.7036,3.6913,22.1955,34.9101,22.2867,34.9344,,,,,569.0000,749.0000,582.0000,749.0000,11.0000,298.0000,36.8060,17.7920,16.4610,320.1500,pyannote31,indicconformer__pyannote31
indicconformer,pyannote31,baseline,8Ve4SWhlrrA__000000000_000070000,Odia,70.0000,2,2,0.0000,low (<=2.2%),False,24.8120,25.5639,0.8000,8.0693,53.9211,8.0693,53.9211,,,,,33.0000,133.0000,34.0000,133.0000,1.0000,125.0000,3.0680,0.0260,2.0550,63.8100,pyannote31,indicconformer__pyannote31
indicconformer,pyannote31,baseline,8mvORuRHw2U__000000000_001197000,Gujarati,1197.0000,4,4,0.0417,mid (2.2%-7.0%],False,83.5052,83.4765,6.3939,15.8094,18.0173,15.9192,17.6318,,,,,2916.0000,3492.0000,2915.0000,3492.0000,50.0000,782.0000,99.9830,42.6110,40.6880,1159.3200,pyannote31,indicconformer__pyannote31
indicconformer,pyannote31,baseline,8o7jKmq6HsM__000030000_001770000,Devanagari (hi/mr),1740.0000,6,5+,0.0471,mid (2.2%-7.0%],False,81.6273,81.6492,4.3919,14.5114,14.7593,16.2027,15.6639,,,,,3732.0000,4572.0000,3733.0000,4572.0000,65.0000,1480.0000,115.6530,110.2780,30.5240,1767.2600,pyannote31,indicconformer__pyannote31
indicconformer,pyannote31,baseline,8pkp-lpMJP0__000326000_000926000,Telugu,600.0000,8,5+,0.2032,high (>7.0%),False,80.8469,81.3681,13.0360,37.5965,67.0980,41.0039,68.1807,,,,,1241.0000,1535.0000,1249.0000,1535.0000,76.0000,583.0000,99.7040,33.5850,128.5630,696.4800,pyannote31,indicconformer__pyannote31
indicconformer,pyannote31,baseline,8r2Nltl0W4o__000259000_000320000,Punjabi,61.0000,2,2,0.0227,mid (2.2%-7.0%],False,51.7787,51.7787,0.0000,18.0628,57.4832,18.0628,57.4832,,,,,131.0000,253.0000,131.0000,253.0000,0.0000,159.0000,3.7480,2.0360,5.2000,60.8100,pyannote31,indicconformer__pyannote31
indicconformer,pyannote31,baseline,90uAd6xpTPo__000016000_000408000,Devanagari (hi/mr),392.0000,4,4,0.0067,low (<=2.2%),False,100.0000,100.0000,83.8748,7.9166,8.9609,7.9166,8.1817,,,,,1212.0000,1212.0000,1212.0000,1212.0000,697.0000,831.0000,9.3160,13.1440,6.4940,365.7400,pyannote31,indicconformer__pyannote31
indicconformer,pyannote31,baseline,9Aw8kg8w5Xo__000000000_000083000,Telugu,83.0000,4,4,0.0216,low (<=2.2%),False,57.7889,57.7889,0.8333,7.8078,53.6016,8.2743,53.3001,,,,,115.0000,199.0000,115.0000,199.0000,1.0000,120.0000,3.7600,1.6490,0.9840,81.8800,pyannote31,indicconformer__pyannote31
indicconformer,pyannote31,baseline,9_GMxc_JjyI__000236000_000368000,Kannada,132.0000,2,2,0.0602,mid (2.2%-7.0%],False,57.4124,58.4906,3.0888,22.8635,54.5549,23.2460,55.5839,,,,,213.0000,371.0000,217.0000,371.0000,8.0000,259.0000,11.6670,10.6040,9.2280,137.7700,pyannote31,indicconformer__pyannote31
indicconformer,pyannote31,baseline,ARCKJrGkITw__000014000_000496000,Telugu,482.0000,3,3,0.0844,high (>7.0%),False,57.0182,57.8909,5.3669,34.9293,42.0685,35.5671,41.7095,,,,,784.0000,1375.0000,796.0000,1375.0000,49.0000,913.0000,49.0290,28.5990,99.3170,506.5800,pyannote31,indicconformer__pyannote31
indicconformer,pyannote31,baseline,ARZl7LT0UC0__000073000_000130000,Telugu,57.0000,3,3,0.0905,high (>7.0%),False,90.1961,90.8497,29.1667,28.4849,44.8092,27.4142,41.2319,,,,,138.0000,153.0000,139.0000,153.0000,14.0000,48.0000,6.2140,2.9810,8.3090,61.4500,pyannote31,indicconformer__pyannote31
indicconformer,pyannote31,baseline,A_dohDOK6Ic__000000000_000600000,Devanagari (hi/mr),600.0000,3,3,0.0048,low (<=2.2%),False,100.0000,100.0000,60.0273,5.9628,5.8605,6.1273,6.1594,,,,,1829.0000,1829.0000,1829.0000,1829.0000,440.0000,733.0000,31.5930,2.7380,0.1470,578.2200,pyannote31,indicconformer__pyannote31
indicconformer,pyannote31,baseline,B2ScTgeIIck__000117000_000180000,Odia,63.0000,2,2,0.0879,high (>7.0%),False,74.7126,74.7126,5.9701,33.3969,37.1565,32.7229,34.8089,,,,,130.0000,174.0000,130.0000,174.0000,4.0000,67.0000,10.1360,4.5180,7.5950,66.6200,pyannote31,indicconformer__pyannote31
indicconformer,pyannote31,baseline,BGAAfht5dYw__000000000_000612000,Gujarati,612.0000,4,4,0.1350,high (>7.0%),False,100.0000,100.0475,50.0000,19.1321,26.5565,27.8023,38.1878,,,,,2105.0000,2105.0000,2106.0000,2105.0000,117.0000,234.0000,60.1300,13.6200,56.0840,678.6200,pyannote31,indicconformer__pyannote31
indicconformer,pyannote31,baseline,BYLcUGNB_zM__000020000_001387000,Kannada,1367.0000,4,4,0.0054,low (<=2.2%),False,52.6316,52.7228,1.5513,11.5426,15.5262,11.5579,14.9686,,,,,1730.0000,3287.0000,1733.0000,3287.0000,39.0000,2514.0000,51.5660,29.3010,72.7890,1331.2100,pyannote31,indicconformer__pyannote31
indicconformer,pyannote31,baseline,Bngfppo1QtA__000028000_000927000,Telugu,899.0000,5,5+,0.1261,high (>7.0%),False,84.2020,84.7720,10.1429,48.0061,50.7558,50.6974,52.6394,,,,,2068.0000,2456.0000,2082.0000,2456.0000,71.0000,700.0000,154.6960,127.3890,199.3540,1002.8700,pyannote31,indicconformer__pyannote31
indicconformer,pyannote31,baseline,CO_8ppdzq9U__000000000_000695000,Tamil,695.0000,4,4,0.0186,low (<=2.2%),False,80.3268,80.8297,7.9946,12.5674,15.7276,13.9565,17.9228,,,,,1278.0000,1591.0000,1286.0000,1591.0000,59.0000,738.0000,49.4670,5.3610,27.1540,652.3400,pyannote31,indicconformer__pyannote31
indicconformer,pyannote31,baseline,Cku_X_SL7qU__000060000_000660000,Gujarati,600.0000,3,3,0.1022,high (>7.0%),False,100.0000,100.0000,73.3645,63.5277,53.3355,65.8813,55.4718,,,,,1778.0000,1778.0000,1778.0000,1778.0000,157.0000,214.0000,112.5730,159.0050,43.7670,496.3900,pyannote31,indicconformer__pyannote31
indicconformer,pyannote31,baseline,DPmew0didIM__000191000_000512000,Telugu,321.0000,5,5+,0.0620,mid (2.2%-7.0%],False,65.1042,65.4948,5.6471,36.9418,55.6994,38.4862,56.2543,,,,,500.0000,768.0000,503.0000,768.0000,24.0000,425.0000,46.6660,29.1820,44.8040,326.6000,pyannote31,indicconformer__pyannote31
indicconformer,pyannote31,baseline,EmsKkNN2Me4__000035000_000095000,Malayalam,60.0000,2,2,0.0471,mid (2.2%-7.0%],False,87.1508,88.2682,28.3019,53.2174,61.4521,50.1121,54.1358,,,,,156.0000,179.0000,158.0000,179.0000,15.0000,53.0000,5.5710,6.9510,19.7650,60.6700,pyannote31,indicconformer__pyannote31
indicconformer,pyannote31,baseline,ExGJodnzocM__000212000_000527000,Devanagari (hi/mr),315.0000,4,4,0.0133,low (<=2.2%),False,100.0000,100.0000,73.3333,34.4776,45.3326,37.8587,49.0320,,,,,1161.0000,1161.0000,1161.0000,1161.0000,198.0000,270.0000,27.2090,10.2180,69.3570,309.7200,pyannote31,indicconformer__pyannote31
indicconformer,pyannote31,baseline,F2uXav-wriA__000000000_000907000,Devanagari (hi/mr),907.0000,4,4,0.0336,mid (2.2%-7.0%],False,100.0000,100.0000,87.6446,10.8368,15.1658,14.7393,20.5327,,,,,2765.0000,2765.0000,2765.0000,2765.0000,1440.0000,1643.0000,51.5050,8.3470,39.0860,912.9800,pyannote31,indicconformer__pyannote31
indicconformer,pyannote31,baseline,FDMf9ApmoNU__000016000_000686000,Bengali,670.0000,4,4,0.0882,high (>7.0%),False,86.5868,86.5868,7.6271,36.5152,39.2917,37.2315,39.3800,,,,,1446.0000,1670.0000,1446.0000,1670.0000,27.0000,354.0000,113.9270,70.1920,45.9340,630.0200,pyannote31,indicconformer__pyannote31
indicconformer,pyannote31,baseline,G6qzg93FxwE__000021000_000116000,Gujarati,95.0000,2,2,0.0061,low (<=2.2%),False,61.0487,61.0487,0.7692,6.7849,7.9137,6.7849,7.9137,,,,,163.0000,267.0000,163.0000,267.0000,1.0000,130.0000,4.0500,1.9250,0.3370,93.0300,pyannote31,indicconformer__pyannote31
indicconformer,pyannote31,baseline,GEc_sS2KWo8__000096000_000290000,Gujarati,194.0000,4,4,0.0378,mid (2.2%-7.0%],False,83.5907,88.8031,18.5185,33.9776,65.5401,34.6239,65.0003,,,,,433.0000,518.0000,460.0000,518.0000,30.0000,162.0000,29.4890,12.4930,9.0150,150.0900,pyannote31,indicconformer__pyannote31
indicconformer,pyannote31,baseline,GfFLEIAAumk__000090000_000163000,Bengali,73.0000,2,2,0.0285,mid (2.2%-7.0%],False,88.4259,88.4259,0.0000,14.4965,19.2887,14.4965,19.2887,,,,,191.0000,216.0000,191.0000,216.0000,0.0000,53.0000,3.8680,1.9790,4.8210,73.5900,pyannote31,indicconformer__pyannote31
indicconformer,pyannote31,baseline,Gq45evw6ytY__000597000_001464000,Odia,867.0000,3,3,0.0869,high (>7.0%),False,88.9416,89.1241,12.1905,35.2810,37.3061,35.5871,37.8137,,,,,2437.0000,2740.0000,2442.0000,2740.0000,64.0000,525.0000,114.7960,71.5010,126.5010,886.5900,pyannote31,indicconformer__pyannote31
indicconformer,pyannote31,baseline,HZv_WvIr6lE__000021000_000105000,Tamil,84.0000,3,3,0.1276,high (>7.0%),False,92.3077,92.3077,12.5000,26.7378,28.3632,28.1305,28.9415,,,,,240.0000,260.0000,240.0000,260.0000,6.0000,48.0000,6.8810,9.8180,7.9720,92.2700,pyannote31,indicconformer__pyannote31
indicconformer,pyannote31,baseline,HpYG46tGyYs__000103000_000998000,Devanagari (hi/mr),895.0000,4,4,0.0022,low (<=2.2%),False,19.2790,19.5925,0.3767,8.9450,10.5098,8.9450,10.4359,,,,,492.0000,2552.0000,500.0000,2552.0000,9.0000,2389.0000,29.9200,35.3400,11.7770,861.2300,pyannote31,indicconformer__pyannote31
indicconformer,pyannote31,baseline,IAm1rt-MYcA__000004000_000558000,Bengali,554.0000,4,4,0.0445,mid (2.2%-7.0%],False,78.0806,78.0213,4.2553,32.7225,38.9283,32.7960,38.7056,,,,,1318.0000,1688.0000,1317.0000,1688.0000,24.0000,564.0000,69.8790,53.8490,53.5070,541.6300,pyannote31,indicconformer__pyannote31
indicconformer,pyannote31,baseline,Iare1Emeueg__000016000_000069000,Devanagari (hi/mr),53.0000,2,2,0.0000,low (<=2.2%),False,100.0000,100.0000,73.3333,54.2857,48.9915,63.9390,59.9923,,,,,139.0000,139.0000,139.0000,139.0000,11.0000,15.0000,15.6780,6.6250,1.1810,43.2600,pyannote31,indicconformer__pyannote31
indicconformer,pyannote31,baseline,IfTL8SSN270__000062000_000671000,Devanagari (hi/mr),609.0000,4,4,0.1121,high (>7.0%),False,100.0000,100.0000,68.3962,29.3426,32.6175,30.0664,31.9559,,,,,2214.0000,2214.0000,2214.0000,2214.0000,725.0000,1060.0000,83.3010,54.8030,56.6900,663.8600,pyannote31,indicconformer__pyannote31
indicconformer,pyannote31,baseline,Ig6szCD8m20__000046000_000106000,Devanagari (hi/mr),60.0000,2,2,0.0204,low (<=2.2%),False,50.2591,53.3679,3.5461,25.1057,34.8921,23.1672,31.4099,,,,,97.0000,193.0000,103.0000,193.0000,5.0000,141.0000,1.8980,2.9830,10.0770,59.5800,pyannote31,indicconformer__pyannote31
indicconformer,pyannote31,baseline,Iqhnt8ENm3U__000027000_000088000,Devanagari (hi/mr),61.0000,3,3,0.1772,high (>7.0%),False,87.0056,86.4407,32.6531,72.2476,77.4364,73.7455,79.4393,,,,,154.0000,177.0000,153.0000,177.0000,16.0000,49.0000,15.9540,4.8310,27.3030,66.5600,pyannote31,indicconformer__pyannote31
indicconformer,pyannote31,baseline,J4-VpEkBzWw__000000000_000600000,Kannada,600.0000,7,5+,0.0685,mid (2.2%-7.0%],False,60.8247,60.8247,4.0331,8.7034,9.8341,9.9813,11.7069,,,,,944.0000,1552.0000,944.0000,1552.0000,39.0000,967.0000,27.0970,10.9350,17.3400,636.2100,pyannote31,indicconformer__pyannote31
indicconformer,pyannote31,baseline,JBYGLQJwFDc__000103000_000407000,Tamil,304.0000,3,3,0.0120,low (<=2.2%),False,91.7647,92.3529,12.6050,48.8440,67.7456,48.2139,67.3693,,,,,624.0000,680.0000,628.0000,680.0000,15.0000,119.0000,48.3510,32.7810,46.1700,260.6300,pyannote31,indicconformer__pyannote31
indicconformer,pyannote31,baseline,JSB1CeS4pP8__000000000_000632000,Punjabi,632.0000,4,4,0.0880,high (>7.0%),False,70.5460,70.5939,4.0892,13.4055,15.4406,15.3520,17.4680,,,,,1473.0000,2088.0000,1474.0000,2088.0000,33.0000,807.0000,51.9340,17.6610,17.8810,652.5400,pyannote31,indicconformer__pyannote31
indicconformer,pyannote31,baseline,Jc5AVwg2cZM__000153000_000214000,Devanagari (hi/mr),61.0000,3,3,0.2816,high (>7.0%),False,89.5349,90.6977,15.6863,77.6408,68.6414,87.0617,77.2930,,,,,154.0000,172.0000,156.0000,172.0000,8.0000,51.0000,17.2340,17.6740,13.7650,62.6900,pyannote31,indicconformer__pyannote31
indicconformer,pyannote31,baseline,KAtdcDieQMw__000057000_000599000,Odia,542.0000,3,3,0.1073,high (>7.0%),False,71.4696,72.2158,7.5269,19.5090,23.2327,21.7959,25.8742,,,,,1245.0000,1742.0000,1258.0000,1742.0000,70.0000,930.0000,67.2530,14.9700,31.2940,581.8700,pyannote31,indicconformer__pyannote31
indicconformer,pyannote31,baseline,KPkRi3GM7fs__000047000_000642000,Odia,595.0000,3,3,0.0031,low (<=2.2%),False,44.5572,48.9566,4.2654,12.6852,14.9579,12.6407,14.8670,,,,,790.0000,1773.0000,868.0000,1773.0000,63.0000,1477.0000,42.2800,15.0490,15.8950,577.2400,pyannote31,indicconformer__pyannote31
indicconformer,pyannote31,baseline,Kdi-ECuOaKg__000002000_000078000,Malayalam,76.0000,6,5+,0.0000,low (<=2.2%),False,59.3407,68.1319,9.6774,95.9473,79.0042,95.9473,79.0042,,,,,54.0000,91.0000,62.0000,91.0000,6.0000,62.0000,14.6570,16.5360,6.3320,39.1100,pyannote31,indicconformer__pyannote31
indicconformer,pyannote31,baseline,L7xRazDdtgw__000019000_000083000,Gujarati,64.0000,3,3,0.0012,low (<=2.2%),False,100.0000,100.9804,66.6667,88.5681,77.7895,90.3867,78.9038,,,,,102.0000,102.0000,103.0000,102.0000,14.0000,21.0000,13.2660,7.4360,17.0900,42.6700,pyannote31,indicconformer__pyannote31
indicconformer,pyannote31,baseline,LBIWBxQ5H1s__000090000_001020000,Malayalam,930.0000,4,4,0.0724,high (>7.0%),False,81.8515,82.0962,9.9099,37.0501,42.2803,38.8374,43.4594,,,,,2007.0000,2452.0000,2013.0000,2452.0000,88.0000,888.0000,122.2490,86.4100,147.7440,961.9500,pyannote31,indicconformer__pyannote31
indicconformer,pyannote31,baseline,LK23jX9tgZM__000059000_000221000,Gujarati,162.0000,3,3,0.1712,high (>7.0%),False,85.5839,85.5839,1.1111,31.7586,54.6427,31.7586,54.6427,,,,,469.0000,548.0000,469.0000,548.0000,1.0000,90.0000,35.2140,9.6140,12.0230,179.0100,pyannote31,indicconformer__pyannote31
indicconformer,pyannote31,baseline,LctYmmr9-Vg__000000000_000061000,Devanagari (hi/mr),61.0000,2,2,0.0000,low (<=2.2%),False,78.4173,79.8561,11.1111,15.7158,15.6575,15.7158,15.6575,,,,,109.0000,139.0000,111.0000,139.0000,6.0000,54.0000,7.3690,0.1510,0.0000,47.8500,pyannote31,indicconformer__pyannote31
indicconformer,pyannote31,baseline,LqQHdo7t5Ps__000198000_000498000,Devanagari (hi/mr),300.0000,3,3,0.0019,low (<=2.2%),False,48.6994,48.8439,3.4043,15.7879,24.4666,15.7879,24.4284,,,,,337.0000,692.0000,338.0000,692.0000,16.0000,470.0000,8.9150,7.0890,30.3540,293.6300,pyannote31,indicconformer__pyannote31
indicconformer,pyannote31,baseline,Md3p6RTanBg__000315000_000426000,Bengali,111.0000,3,3,0.0528,mid (2.2%-7.0%],False,63.7584,65.1007,1.3793,5.1484,4.8286,6.1676,5.7321,,,,,190.0000,298.0000,194.0000,298.0000,2.0000,145.0000,4.6970,1.1320,0.0000,113.2200,pyannote31,indicconformer__pyannote31
indicconformer,pyannote31,baseline,MmtWBUK2DKE__000000000_000310000,Devanagari (hi/mr),310.0000,5,5+,0.0432,mid (2.2%-7.0%],False,100.0000,100.0923,82.4261,8.7164,28.5830,11.6350,32.1060,,,,,1083.0000,1083.0000,1084.0000,1083.0000,530.0000,643.0000,13.5220,6.5900,6.6080,306.5500,pyannote31,indicconformer__pyannote31
indicconformer,pyannote31,baseline,NLgHpYyf5bY__000313000_000383000,Devanagari (hi/mr),70.0000,2,2,0.0097,low (<=2.2%),False,100.0000,100.0000,32.2917,21.1932,36.2465,21.1932,36.2465,,,,,240.0000,240.0000,240.0000,240.0000,62.0000,192.0000,5.1080,2.2150,7.2770,68.8900,pyannote31,indicconformer__pyannote31
indicconformer,pyannote31,baseline,NuhdqCEuIBo__000197000_000540000,Punjabi,343.0000,3,3,0.0562,mid (2.2%-7.0%],False,72.2425,72.5347,7.9523,22.2323,33.6919,22.5137,35.6268,,,,,989.0000,1369.0000,993.0000,1369.0000,40.0000,503.0000,27.0860,18.9030,33.0180,355.3700,pyannote31,indicconformer__pyannote31
indicconformer,pyannote31,baseline,O4_aeGFzZ8A__000000000_000335000,Kannada,335.0000,8,5+,0.0004,low (<=2.2%),False,61.6809,61.6809,1.3216,14.9567,16.3028,15.0247,11.4708,,,,,433.0000,702.0000,433.0000,702.0000,6.0000,454.0000,26.8330,20.9160,0.3920,321.8700,pyannote31,indicconformer__pyannote31
indicconformer,pyannote31,baseline,OXUt5KnlUMo__000091000_000181000,Odia,90.0000,2,2,0.0000,low (<=2.2%),False,75.0000,74.5968,7.9646,29.3262,42.8562,27.4389,39.0269,,,,,186.0000,248.0000,185.0000,248.0000,9.0000,113.0000,6.4090,3.6200,15.3000,86.3700,pyannote31,indicconformer__pyannote31
indicconformer,pyannote31,baseline,OxYCBQKZ3iY__000000000_001822000,Punjabi,1822.0000,7,5+,0.0659,mid (2.2%-7.0%],False,100.0000,100.0000,81.2407,31.0498,39.3142,36.9344,45.2456,,,,,5525.0000,5525.0000,5525.0000,5525.0000,1087.0000,1338.0000,142.9350,81.2580,305.6010,1706.2700,pyannote31,indicconformer__pyannote31
indicconformer,pyannote31,baseline,PCUA2q2C-2A__000045000_000107000,Devanagari (hi/mr),62.0000,3,3,0.0063,low (<=2.2%),False,29.8701,31.8182,1.3889,4.5676,6.6937,4.5676,6.1890,,,,,46.0000,154.0000,49.0000,154.0000,2.0000,144.0000,1.1610,1.5900,0.0220,60.7100,pyannote31,indicconformer__pyannote31
indicconformer,pyannote31,baseline,PEDfT9-Yf2o__000000000_000469000,Bengali,469.0000,3,3,0.0110,low (<=2.2%),False,38.7250,40.9134,2.3438,6.1331,7.9750,6.3383,8.1751,,,,,407.0000,1051.0000,430.0000,1051.0000,18.0000,768.0000,13.6510,2.6000,8.4410,402.6000,pyannote31,indicconformer__pyannote31
indicconformer,pyannote31,baseline,PQB3-4sZUeY__000000000_001132000,Telugu,1132.0000,4,4,0.1069,high (>7.0%),False,89.5833,91.1045,32.0290,34.1657,46.8812,37.0485,49.0956,,,,,2709.0000,3024.0000,2755.0000,3024.0000,221.0000,690.0000,91.0530,54.5790,240.3860,1129.8400,pyannote31,indicconformer__pyannote31
indicconformer,pyannote31,baseline,PRAzUz0GANs__000223000_000283000,Kannada,60.0000,2,2,0.0822,high (>7.0%),False,85.5670,85.5670,10.8434,38.5664,49.6199,35.0359,41.7102,,,,,166.0000,194.0000,166.0000,194.0000,9.0000,83.0000,6.2920,5.1080,12.7850,62.7100,pyannote31,indicconformer__pyannote31
indicconformer,pyannote31,baseline,PSIzXy5-y2E__000002000_000918000,Devanagari (hi/mr),916.0000,3,3,0.0434,mid (2.2%-7.0%],False,69.7984,70.9677,5.5994,32.2778,30.1979,32.5973,29.7835,,,,,1731.0000,2480.0000,1760.0000,2480.0000,71.0000,1268.0000,152.6180,77.1650,57.4250,889.8000,pyannote31,indicconformer__pyannote31
indicconformer,pyannote31,baseline,PVDfS7lcJHY__000000000_000360000,Kannada,360.0000,6,5+,0.1127,high (>7.0%),False,83.7838,84.7490,14.2029,22.1505,29.8449,32.3047,41.9134,,,,,868.0000,1036.0000,878.0000,1036.0000,49.0000,345.0000,34.6890,13.2250,37.2700,384.5700,pyannote31,indicconformer__pyannote31
indicconformer,pyannote31,baseline,Pjre5dpnKGA__000000000_000330000,Kannada,330.0000,4,4,0.0933,high (>7.0%),False,83.3550,83.3550,11.6788,22.1998,44.7925,26.7143,49.5259,,,,,641.0000,769.0000,641.0000,769.0000,32.0000,274.0000,24.4840,13.9590,36.0750,335.6700,pyannote31,indicconformer__pyannote31
indicconformer,pyannote31,baseline,QhpjuNTZoA8__000000000_000586000,Kannada,586.0000,3,3,0.0512,mid (2.2%-7.0%],False,73.6005,91.7939,37.1122,32.5650,50.4342,32.7247,50.6914,,,,,1157.0000,1572.0000,1443.0000,1572.0000,311.0000,838.0000,39.7620,10.1270,149.2430,611.4900,pyannote31,indicconformer__pyannote31
indicconformer,pyannote31,baseline,QuA_B6IZ6Ls__000061000_001863000,Devanagari (hi/mr),1802.0000,4,4,0.3694,high (>7.0%),False,100.0000,100.3617,65.2848,47.8408,39.1046,48.5394,40.9295,,,,,6635.0000,6635.0000,6659.0000,6635.0000,1811.0000,2774.0000,959.4620,109.2840,224.8540,2703.9700,pyannote31,indicconformer__pyannote31
indicconformer,pyannote31,baseline,RL2fhIEEbZg__000000000_000065000,Telugu,65.0000,3,3,0.0563,mid (2.2%-7.0%],False,67.6829,67.6829,6.9444,14.2279,43.2578,14.2814,44.3120,,,,,111.0000,164.0000,111.0000,164.0000,5.0000,72.0000,3.3480,0.8920,5.0750,65.4700,pyannote31,indicconformer__pyannote31
indicconformer,pyannote31,baseline,RL2fhIEEbZg__000066000_001034000,Telugu,968.0000,3,3,0.0719,high (>7.0%),False,69.2218,69.6109,7.5243,28.3998,31.7081,30.1824,31.9944,,,,,1779.0000,2570.0000,1789.0000,2570.0000,93.0000,1236.0000,115.2460,80.9310,91.4990,1012.9500,pyannote31,indicconformer__pyannote31
indicconformer,pyannote31,baseline,RWTmftezCwI__000000000_000060000,Malayalam,60.0000,2,2,0.0244,mid (2.2%-7.0%],False,75.6303,75.6303,1.6949,14.0955,15.5870,16.4524,18.4325,,,,,90.0000,119.0000,90.0000,119.0000,1.0000,59.0000,5.7510,2.2670,0.1630,58.0400,pyannote31,indicconformer__pyannote31
indicconformer,pyannote31,baseline,RZUZyvRzi80__000000000_000336000,Punjabi,336.0000,4,4,0.0001,low (<=2.2%),False,30.1382,31.5207,1.5819,2.2160,2.4239,4.6101,6.5967,,,,,327.0000,1085.0000,342.0000,1085.0000,14.0000,885.0000,3.5610,2.8750,0.7360,323.6400,pyannote31,indicconformer__pyannote31
indicconformer,pyannote31,baseline,SZ7ay4OjfAE__000000000_000897000,Telugu,897.0000,5,5+,0.1794,high (>7.0%),False,83.6035,84.8541,22.2222,37.4261,51.8001,41.3516,56.1123,,,,,1805.0000,2159.0000,1832.0000,2159.0000,160.0000,720.0000,132.7160,34.1420,211.7370,1011.5800,pyannote31,indicconformer__pyannote31
indicconformer,pyannote31,baseline,T3I2T-cfhG4__000160000_000210000,Devanagari (hi/mr),50.0000,2,2,0.0000,low (<=2.2%),False,45.6897,45.6897,0.0000,12.5548,14.2157,12.5548,14.2157,,,,,53.0000,116.0000,53.0000,116.0000,0.0000,88.0000,1.9800,3.0200,0.8970,46.9700,pyannote31,indicconformer__pyannote31
indicconformer,pyannote31,baseline,TU3M6wSQV_g__000099000_000171000,Telugu,72.0000,2,2,0.0451,mid (2.2%-7.0%],False,68.5185,68.5185,7.7670,23.3924,46.9092,24.8853,46.0125,,,,,148.0000,216.0000,148.0000,216.0000,8.0000,103.0000,3.7000,4.1930,9.5460,74.5500,pyannote31,indicconformer__pyannote31
indicconformer,pyannote31,baseline,Tlha36rSd5o__000240000_000374000,Tamil,134.0000,2,2,0.0000,low (<=2.2%),False,77.9874,77.9874,0.0000,16.9273,13.9174,16.9409,13.9233,,,,,248.0000,318.0000,248.0000,318.0000,0.0000,149.0000,12.3840,7.8530,0.9340,125.0700,pyannote31,indicconformer__pyannote31
indicconformer,pyannote31,baseline,TrPnW5kLAyQ__000093000_000513000,Devanagari (hi/mr),420.0000,4,4,0.0501,mid (2.2%-7.0%],False,68.8808,68.9718,4.5375,23.4346,26.1312,25.1438,28.5670,,,,,757.0000,1099.0000,758.0000,1099.0000,26.0000,573.0000,61.1570,21.6280,9.6950,394.6300,pyannote31,indicconformer__pyannote31
indicconformer,pyannote31,baseline,U_EHjxThUgc__000181000_000289000,Bengali,108.0000,3,3,0.0529,mid (2.2%-7.0%],False,44.1472,45.4849,1.4706,15.1323,18.4213,15.1323,18.4213,,,,,132.0000,299.0000,136.0000,299.0000,3.0000,204.0000,7.4260,4.6940,4.8660,112.2500,pyannote31,indicconformer__pyannote31
indicconformer,pyannote31,baseline,VHlIFsHPWbk__000023000_000470000,Odia,447.0000,4,4,0.0269,mid (2.2%-7.0%],False,53.6494,53.9503,3.0371,9.6252,12.8717,9.9013,13.0857,,,,,713.0000,1329.0000,717.0000,1329.0000,27.0000,889.0000,14.7750,11.8520,16.5690,448.7800,pyannote31,indicconformer__pyannote31
indicconformer,pyannote31,baseline,VKY0uuZ6Om8__000575000_000935000,Devanagari (hi/mr),360.0000,3,3,0.1718,high (>7.0%),False,70.2878,70.9378,5.3419,39.1258,47.8105,41.8654,49.3476,,,,,757.0000,1077.0000,764.0000,1077.0000,25.0000,468.0000,75.2310,39.0420,49.8090,419.3700,pyannote31,indicconformer__pyannote31
indicconformer,pyannote31,baseline,VY_4x1scS-Y__000013000_000121000,Tamil,108.0000,4,4,0.0427,mid (2.2%-7.0%],False,94.9405,94.9405,11.8644,32.5891,39.3740,30.2275,37.1959,,,,,319.0000,336.0000,319.0000,336.0000,7.0000,59.0000,8.3650,4.6510,23.0830,110.7700,pyannote31,indicconformer__pyannote31
indicconformer,pyannote31,rule,0AEEA8NyVwY__000011000_000609000,Devanagari (hi/mr),598.0000,3,3,0.0047,low (<=2.2%),False,57.0893,57.3893,3.8037,16.5753,17.1920,15.2714,14.9164,91.0000,10.0000,12.0000,False,761.0000,1333.0000,765.0000,1333.0000,31.0000,815.0000,67.9790,15.6650,9.8740,564.2000,indicconformer__pyannote31+rule,indicconformer__pyannote31
indicconformer,pyannote31,rule,0SoItGfM_sY__000007000_000088000,Kannada,81.0000,5,5+,0.0000,low (<=2.2%),False,64.8485,64.8485,1.7391,42.9704,62.9902,45.0136,67.3810,10.0000,1.0000,1.0000,False,107.0000,165.0000,107.0000,165.0000,2.0000,115.0000,10.5540,8.0640,11.4140,69.8900,indicconformer__pyannote31+rule,indicconformer__pyannote31
indicconformer,pyannote31,rule,0VEwL9XZ0LY__000261000_000557000,Devanagari (hi/mr),296.0000,2,2,0.0355,mid (2.2%-7.0%],False,30.6987,31.5006,1.4647,20.3104,21.0992,20.5845,21.5993,23.0000,5.0000,6.0000,False,268.0000,873.0000,275.0000,873.0000,11.0000,751.0000,30.2120,17.0440,11.5080,289.3300,indicconformer__pyannote31+rule,indicconformer__pyannote31
indicconformer,pyannote31,rule,0esIFSOAcFs__000000000_000913000,Gujarati,913.0000,3,3,0.0232,mid (2.2%-7.0%],False,71.5429,71.7977,2.1486,6.5354,7.6930,6.4478,7.5162,60.0000,3.0000,6.0000,False,1966.0000,2748.0000,1973.0000,2748.0000,24.0000,1117.0000,43.3470,4.6690,12.4740,925.5800,indicconformer__pyannote31+rule,indicconformer__pyannote31
indicconformer,pyannote31,rule,0p6cktLGIfY__000012000_000930000,Gujarati,918.0000,6,5+,0.0329,mid (2.2%-7.0%],False,81.1843,81.4180,5.4305,43.9190,60.1464,41.4497,57.2100,70.0000,10.0000,12.0000,False,2084.0000,2567.0000,2090.0000,2567.0000,41.0000,755.0000,134.0050,113.4210,117.6730,831.3000,indicconformer__pyannote31+rule,indicconformer__pyannote31
indicconformer,pyannote31,rule,13VBh0Z6QmE__000000000_000904000,Tamil,904.0000,4,4,0.0290,mid (2.2%-7.0%],False,98.8395,98.9596,55.7692,21.3470,34.9095,17.2247,26.8287,49.0000,12.0000,13.0000,False,2470.0000,2499.0000,2473.0000,2499.0000,58.0000,104.0000,39.5210,10.5800,139.2640,887.0800,indicconformer__pyannote31+rule,indicconformer__pyannote31
indicconformer,pyannote31,rule,1LFl5JEipII__000000000_000597000,Bengali,597.0000,5,5+,0.1006,high (>7.0%),False,93.9623,94.4654,22.5641,40.4680,54.9541,35.2888,50.0067,55.0000,16.0000,22.0000,False,1494.0000,1590.0000,1502.0000,1590.0000,44.0000,195.0000,38.1100,30.3350,171.0120,591.7200,indicconformer__pyannote31+rule,indicconformer__pyannote31
indicconformer,pyannote31,rule,2HGP34TNvjg__000084000_000194000,Odia,110.0000,2,2,0.0128,low (<=2.2%),False,58.7838,59.1216,2.0202,30.7129,36.1000,30.7129,36.1000,5.0000,0.0000,0.0000,False,174.0000,296.0000,175.0000,296.0000,4.0000,198.0000,13.1630,7.2360,10.9220,101.9800,indicconformer__pyannote31+rule,indicconformer__pyannote31
indicconformer,pyannote31,rule,2LN6vb7EBn0__000098000_000394000,Tamil,296.0000,3,3,0.0238,mid (2.2%-7.0%],False,98.9348,99.2011,43.3333,29.8836,35.2904,29.8836,35.2904,12.0000,1.0000,2.0000,False,743.0000,751.0000,745.0000,751.0000,13.0000,30.0000,28.4740,24.3270,32.9260,286.8700,indicconformer__pyannote31+rule,indicconformer__pyannote31
indicconformer,pyannote31,rule,2T4pjueLrsk__000677000_001290000,Gujarati,613.0000,4,4,0.0342,mid (2.2%-7.0%],False,92.1348,92.0916,12.1302,46.2838,61.5917,44.0939,60.2611,59.0000,15.0000,19.0000,False,2132.0000,2314.0000,2131.0000,2314.0000,41.0000,338.0000,108.0970,59.6910,83.8200,543.6200,indicconformer__pyannote31+rule,indicconformer__pyannote31
indicconformer,pyannote31,rule,2gGHQgj9yno__000000000_000099000,Gujarati,99.0000,4,4,0.0798,high (>7.0%),False,93.3333,93.3333,26.6667,39.0294,66.5912,35.5322,64.1655,6.0000,2.0000,3.0000,False,266.0000,285.0000,266.0000,285.0000,8.0000,30.0000,13.5670,9.2490,14.6600,96.0200,indicconformer__pyannote31+rule,indicconformer__pyannote31
indicconformer,pyannote31,rule,2iMXYxBTwbM__000339000_000401000,Devanagari (hi/mr),62.0000,3,3,0.1275,high (>7.0%),False,96.2766,96.2766,50.0000,79.1912,80.4753,79.1912,80.4753,7.0000,0.0000,0.0000,False,181.0000,188.0000,181.0000,188.0000,13.0000,26.0000,15.1770,14.5860,15.4710,57.1200,indicconformer__pyannote31+rule,indicconformer__pyannote31
indicconformer,pyannote31,rule,37dND_0r6S8__000060000_000222000,Tamil,162.0000,2,2,0.0896,high (>7.0%),False,99.8205,99.8205,0.0000,44.6981,52.7356,44.6981,52.7356,1.0000,0.0000,0.0000,False,556.0000,557.0000,556.0000,557.0000,0.0000,1.0000,18.0680,16.2060,41.1720,168.7900,indicconformer__pyannote31+rule,indicconformer__pyannote31
indicconformer,pyannote31,rule,4Qg2jWP6_T0__000136000_000202000,Punjabi,66.0000,3,3,0.2093,high (>7.0%),False,93.2331,94.3609,55.1020,74.2265,76.9781,76.0690,77.3325,14.0000,2.0000,4.0000,False,248.0000,266.0000,251.0000,266.0000,27.0000,49.0000,14.4860,10.7350,27.0270,70.3900,indicconformer__pyannote31+rule,indicconformer__pyannote31
indicconformer,pyannote31,rule,6-726qTlYeg__000102000_000162000,Malayalam,60.0000,2,2,0.1610,high (>7.0%),False,96.2617,95.3271,21.1538,57.1945,58.1972,47.3826,48.1976,11.0000,2.0000,3.0000,False,206.0000,214.0000,204.0000,214.0000,11.0000,52.0000,8.1050,9.6140,22.1170,69.6500,indicconformer__pyannote31+rule,indicconformer__pyannote31
indicconformer,pyannote31,rule,6ZeRgvDHwcI__000006000_000100000,Gujarati,94.0000,2,2,0.0125,low (<=2.2%),False,89.4180,90.4762,54.0000,67.8404,63.4160,69.9036,65.4538,11.0000,3.0000,6.0000,False,169.0000,189.0000,171.0000,189.0000,27.0000,50.0000,24.9480,9.2890,8.7060,63.3000,indicconformer__pyannote31+rule,indicconformer__pyannote31
indicconformer,pyannote31,rule,6f6TLzlP8Wk__000082000_000144000,Punjabi,62.0000,2,2,0.0510,mid (2.2%-7.0%],False,100.0000,100.0000,36.8421,58.0489,60.4695,61.9103,64.8017,26.0000,11.0000,20.0000,False,236.0000,236.0000,236.0000,236.0000,28.0000,76.0000,6.9050,9.0200,18.2600,58.8900,indicconformer__pyannote31+rule,indicconformer__pyannote31
indicconformer,pyannote31,rule,7L4gi7Ncc0s__000090000_000148000,Malayalam,58.0000,2,2,0.0000,low (<=2.2%),False,49.6000,52.8000,1.8692,15.8631,23.6233,15.8631,23.6233,5.0000,0.0000,0.0000,False,62.0000,125.0000,66.0000,125.0000,2.0000,107.0000,3.4660,2.3200,3.0450,55.6700,indicconformer__pyannote31+rule,indicconformer__pyannote31
indicconformer,pyannote31,rule,7WhVNRHbjIY__000091000_001089000,Tamil,998.0000,5,5+,0.0133,low (<=2.2%),False,95.4472,95.5681,13.4545,14.1259,23.9430,14.1259,23.9430,60.0000,6.0000,6.0000,False,2369.0000,2482.0000,2372.0000,2482.0000,37.0000,275.0000,25.0620,27.9400,87.7880,996.6800,indicconformer__pyannote31+rule,indicconformer__pyannote31
indicconformer,pyannote31,rule,7YfsQPYY-W0__000351000_000411000,Odia,60.0000,2,2,0.1219,high (>7.0%),False,100.0000,100.0000,57.1429,58.7595,62.9746,58.7595,62.9746,10.0000,1.0000,1.0000,False,208.0000,208.0000,208.0000,208.0000,8.0000,14.0000,9.5790,7.1090,21.0650,64.2500,indicconformer__pyannote31+rule,indicconformer__pyannote31
indicconformer,pyannote31,rule,7c9ePKgqams__000299000_000869000,Telugu,570.0000,4,4,0.0055,low (<=2.2%),False,54.9277,56.2418,4.5161,32.8107,59.3507,33.2621,59.6742,55.0000,6.0000,6.0000,False,836.0000,1522.0000,856.0000,1522.0000,49.0000,1085.0000,35.9880,19.3630,126.1970,553.3200,indicconformer__pyannote31+rule,indicconformer__pyannote31
indicconformer,pyannote31,rule,7k-xDqNjESc__000073000_000981000,Malayalam,908.0000,4,4,0.0421,mid (2.2%-7.0%],False,57.7937,66.5476,12.1347,34.7342,66.5593,34.7812,66.6269,58.0000,4.0000,5.0000,False,1294.0000,2239.0000,1490.0000,2239.0000,191.0000,1574.0000,117.5840,53.7710,140.4160,897.5900,indicconformer__pyannote31+rule,indicconformer__pyannote31
indicconformer,pyannote31,rule,83gP2vLH7UY__000255000_002005000,Devanagari (hi/mr),1750.0000,5,5+,0.2022,high (>7.0%),False,66.9598,67.1323,5.5947,32.5304,31.7052,32.7789,32.0697,183.0000,20.0000,29.0000,False,3883.0000,5799.0000,3893.0000,5799.0000,151.0000,2699.0000,272.5080,194.1510,198.1380,2043.6200,indicconformer__pyannote31+rule,indicconformer__pyannote31
indicconformer,pyannote31,rule,86mMTUeDiR8__000181000_001079000,Bengali,898.0000,5,5+,0.0517,mid (2.2%-7.0%],False,86.4187,89.3857,25.9843,56.3674,67.0872,54.8152,65.8031,81.0000,21.0000,31.0000,False,2068.0000,2393.0000,2139.0000,2393.0000,132.0000,508.0000,152.1350,113.0060,198.8470,823.1500,indicconformer__pyannote31+rule,indicconformer__pyannote31
indicconformer,pyannote31,rule,87Zbup3ohcw__000106000_000445000,Tamil,339.0000,4,4,0.0152,low (<=2.2%),False,75.9680,77.7036,3.6913,22.1496,34.8802,22.2867,34.9344,28.0000,2.0000,2.0000,False,569.0000,749.0000,582.0000,749.0000,11.0000,298.0000,36.8060,17.7920,16.3140,320.1500,indicconformer__pyannote31+rule,indicconformer__pyannote31
indicconformer,pyannote31,rule,8Ve4SWhlrrA__000000000_000070000,Odia,70.0000,2,2,0.0000,low (<=2.2%),False,24.8120,25.5639,0.8000,8.0693,53.9211,8.0693,53.9211,4.0000,0.0000,0.0000,False,33.0000,133.0000,34.0000,133.0000,1.0000,125.0000,3.0680,0.0260,2.0550,63.8100,indicconformer__pyannote31+rule,indicconformer__pyannote31
indicconformer,pyannote31,rule,8mvORuRHw2U__000000000_001197000,Gujarati,1197.0000,4,4,0.0417,mid (2.2%-7.0%],False,83.5052,83.5624,6.5217,19.6757,23.8370,15.9192,17.6318,78.0000,12.0000,16.0000,False,2916.0000,3492.0000,2918.0000,3492.0000,51.0000,782.0000,99.9830,42.6110,85.5100,1159.3200,indicconformer__pyannote31+rule,indicconformer__pyannote31
indicconformer,pyannote31,rule,8o7jKmq6HsM__000030000_001770000,Devanagari (hi/mr),1740.0000,6,5+,0.0471,mid (2.2%-7.0%],False,81.6273,81.7585,4.7973,19.0741,20.9746,16.2027,15.6639,205.0000,18.0000,23.0000,False,3732.0000,4572.0000,3738.0000,4572.0000,71.0000,1480.0000,115.6530,110.2780,111.1580,1767.2600,indicconformer__pyannote31+rule,indicconformer__pyannote31
indicconformer,pyannote31,rule,8pkp-lpMJP0__000326000_000926000,Telugu,600.0000,8,5+,0.2032,high (>7.0%),False,80.8469,81.3681,12.1784,44.1448,70.8568,41.0039,68.1807,99.0000,24.0000,32.0000,False,1241.0000,1535.0000,1249.0000,1535.0000,71.0000,583.0000,99.7040,33.5850,174.1710,696.4800,indicconformer__pyannote31+rule,indicconformer__pyannote31
indicconformer,pyannote31,rule,8r2Nltl0W4o__000259000_000320000,Punjabi,61.0000,2,2,0.0227,mid (2.2%-7.0%],False,51.7787,51.7787,0.0000,18.0628,57.4832,18.0628,57.4832,2.0000,0.0000,0.0000,False,131.0000,253.0000,131.0000,253.0000,0.0000,159.0000,3.7480,2.0360,5.2000,60.8100,indicconformer__pyannote31+rule,indicconformer__pyannote31
indicconformer,pyannote31,rule,90uAd6xpTPo__000016000_000408000,Devanagari (hi/mr),392.0000,4,4,0.0067,low (<=2.2%),False,100.0000,100.0000,84.1155,7.7853,8.0297,7.9166,8.1817,42.0000,6.0000,12.0000,False,1212.0000,1212.0000,1212.0000,1212.0000,699.0000,831.0000,9.3160,13.1440,6.0140,365.7400,indicconformer__pyannote31+rule,indicconformer__pyannote31
indicconformer,pyannote31,rule,9Aw8kg8w5Xo__000000000_000083000,Telugu,83.0000,4,4,0.0216,low (<=2.2%),False,57.7889,57.7889,0.8333,8.2743,53.3001,8.2743,53.3001,5.0000,0.0000,0.0000,False,115.0000,199.0000,115.0000,199.0000,1.0000,120.0000,3.7600,1.6490,1.3660,81.8800,indicconformer__pyannote31+rule,indicconformer__pyannote31
indicconformer,pyannote31,rule,9_GMxc_JjyI__000236000_000368000,Kannada,132.0000,2,2,0.0602,mid (2.2%-7.0%],False,57.4124,58.4906,3.0888,23.2460,55.5839,23.2460,55.5839,8.0000,0.0000,0.0000,False,213.0000,371.0000,217.0000,371.0000,8.0000,259.0000,11.6670,10.6040,9.7550,137.7700,indicconformer__pyannote31+rule,indicconformer__pyannote31
indicconformer,pyannote31,rule,ARCKJrGkITw__000014000_000496000,Telugu,482.0000,3,3,0.0844,high (>7.0%),False,57.0182,57.8909,5.4765,35.8455,42.0690,35.5671,41.7095,50.0000,9.0000,11.0000,False,784.0000,1375.0000,796.0000,1375.0000,50.0000,913.0000,49.0290,28.5990,103.9580,506.5800,indicconformer__pyannote31+rule,indicconformer__pyannote31
indicconformer,pyannote31,rule,ARZl7LT0UC0__000073000_000130000,Telugu,57.0000,3,3,0.0905,high (>7.0%),False,90.1961,90.8497,22.9167,27.4142,41.2319,27.4142,41.2319,10.0000,2.0000,3.0000,False,138.0000,153.0000,139.0000,153.0000,11.0000,48.0000,6.2140,2.9810,7.6510,61.4500,indicconformer__pyannote31+rule,indicconformer__pyannote31
indicconformer,pyannote31,rule,A_dohDOK6Ic__000000000_000600000,Devanagari (hi/mr),600.0000,3,3,0.0048,low (<=2.2%),False,100.0000,100.0000,60.1637,7.4944,8.6213,6.1273,6.1594,62.0000,1.0000,1.0000,False,1829.0000,1829.0000,1829.0000,1829.0000,441.0000,733.0000,31.5930,2.7380,9.0030,578.2200,indicconformer__pyannote31+rule,indicconformer__pyannote31
indicconformer,pyannote31,rule,B2ScTgeIIck__000117000_000180000,Odia,63.0000,2,2,0.0879,high (>7.0%),False,74.7126,76.4368,11.9403,42.4617,47.7478,32.7229,34.8089,11.0000,5.0000,8.0000,False,130.0000,174.0000,133.0000,174.0000,8.0000,67.0000,10.1360,4.5180,13.6340,66.6200,indicconformer__pyannote31+rule,indicconformer__pyannote31
indicconformer,pyannote31,rule,BGAAfht5dYw__000000000_000612000,Gujarati,612.0000,4,4,0.1350,high (>7.0%),False,100.0000,100.1900,49.1453,34.6655,46.5605,27.8023,38.1878,74.0000,19.0000,21.0000,False,2105.0000,2105.0000,2109.0000,2105.0000,115.0000,234.0000,60.1300,13.6200,161.4970,678.6200,indicconformer__pyannote31+rule,indicconformer__pyannote31
indicconformer,pyannote31,rule,BYLcUGNB_zM__000020000_001387000,Kannada,1367.0000,4,4,0.0054,low (<=2.2%),False,52.6316,52.7837,1.5115,11.4642,14.7643,11.5579,14.9686,81.0000,7.0000,7.0000,False,1730.0000,3287.0000,1735.0000,3287.0000,38.0000,2514.0000,51.5660,29.3010,71.7450,1331.2100,indicconformer__pyannote31+rule,indicconformer__pyannote31
indicconformer,pyannote31,rule,Bngfppo1QtA__000028000_000927000,Telugu,899.0000,5,5+,0.1261,high (>7.0%),False,84.2020,84.6906,10.0000,52.3176,54.2308,50.6974,52.6394,94.0000,22.0000,27.0000,False,2068.0000,2456.0000,2080.0000,2456.0000,70.0000,700.0000,154.6960,127.3890,242.5930,1002.8700,indicconformer__pyannote31+rule,indicconformer__pyannote31
indicconformer,pyannote31,rule,CO_8ppdzq9U__000000000_000695000,Tamil,695.0000,4,4,0.0186,low (<=2.2%),False,80.3268,80.9554,9.4851,15.3287,20.4182,13.9565,17.9228,69.0000,11.0000,18.0000,False,1278.0000,1591.0000,1288.0000,1591.0000,70.0000,738.0000,49.4670,5.3610,45.1670,652.3400,indicconformer__pyannote31+rule,indicconformer__pyannote31
indicconformer,pyannote31,rule,Cku_X_SL7qU__000060000_000660000,Gujarati,600.0000,3,3,0.1022,high (>7.0%),False,100.0000,100.0000,36.9159,71.1453,60.6805,65.8813,55.4718,46.0000,11.0000,15.0000,False,1778.0000,1778.0000,1778.0000,1778.0000,79.0000,214.0000,112.5730,159.0050,81.5800,496.3900,indicconformer__pyannote31+rule,indicconformer__pyannote31
indicconformer,pyannote31,rule,DPmew0didIM__000191000_000512000,Telugu,321.0000,5,5+,0.0620,mid (2.2%-7.0%],False,65.1042,65.8854,6.3529,38.2575,55.7329,38.4862,56.2543,41.0000,6.0000,7.0000,False,500.0000,768.0000,506.0000,768.0000,27.0000,425.0000,46.6660,29.1820,49.1010,326.6000,indicconformer__pyannote31+rule,indicconformer__pyannote31
indicconformer,pyannote31,rule,EmsKkNN2Me4__000035000_000095000,Malayalam,60.0000,2,2,0.0471,mid (2.2%-7.0%],False,87.1508,87.1508,20.7547,51.2395,56.3622,50.1121,54.1358,15.0000,9.0000,14.0000,False,156.0000,179.0000,156.0000,179.0000,11.0000,53.0000,5.5710,6.9510,18.5650,60.6700,indicconformer__pyannote31+rule,indicconformer__pyannote31
indicconformer,pyannote31,rule,ExGJodnzocM__000212000_000527000,Devanagari (hi/mr),315.0000,4,4,0.0133,low (<=2.2%),False,100.0000,100.0000,74.8148,37.1926,48.1700,37.8587,49.0320,43.0000,13.0000,19.0000,False,1161.0000,1161.0000,1161.0000,1161.0000,202.0000,270.0000,27.2090,10.2180,77.7660,309.7200,indicconformer__pyannote31+rule,indicconformer__pyannote31
indicconformer,pyannote31,rule,F2uXav-wriA__000000000_000907000,Devanagari (hi/mr),907.0000,4,4,0.0336,mid (2.2%-7.0%],False,100.0000,100.0000,87.5837,16.2762,22.9806,14.7393,20.5327,117.0000,15.0000,20.0000,False,2765.0000,2765.0000,2765.0000,2765.0000,1439.0000,1643.0000,51.5050,8.3470,88.7460,912.9800,indicconformer__pyannote31+rule,indicconformer__pyannote31
indicconformer,pyannote31,rule,FDMf9ApmoNU__000016000_000686000,Bengali,670.0000,4,4,0.0882,high (>7.0%),False,86.5868,86.5269,8.1921,39.5684,41.6078,37.2315,39.3800,52.0000,7.0000,13.0000,False,1446.0000,1670.0000,1445.0000,1670.0000,29.0000,354.0000,113.9270,70.1920,65.1700,630.0200,indicconformer__pyannote31+rule,indicconformer__pyannote31
indicconformer,pyannote31,rule,G6qzg93FxwE__000021000_000116000,Gujarati,95.0000,2,2,0.0061,low (<=2.2%),False,61.0487,61.0487,0.7692,6.7849,7.9137,6.7849,7.9137,8.0000,0.0000,0.0000,False,163.0000,267.0000,163.0000,267.0000,1.0000,130.0000,4.0500,1.9250,0.3370,93.0300,indicconformer__pyannote31+rule,indicconformer__pyannote31
indicconformer,pyannote31,rule,GEc_sS2KWo8__000096000_000290000,Gujarati,194.0000,4,4,0.0378,mid (2.2%-7.0%],False,83.5907,88.8031,18.5185,34.6239,65.0003,34.6239,65.0003,14.0000,0.0000,0.0000,False,433.0000,518.0000,460.0000,518.0000,30.0000,162.0000,29.4890,12.4930,9.9850,150.0900,indicconformer__pyannote31+rule,indicconformer__pyannote31
indicconformer,pyannote31,rule,GfFLEIAAumk__000090000_000163000,Bengali,73.0000,2,2,0.0285,mid (2.2%-7.0%],False,88.4259,88.8889,3.7736,14.4965,19.2887,14.4965,19.2887,13.0000,1.0000,2.0000,False,191.0000,216.0000,192.0000,216.0000,2.0000,53.0000,3.8680,1.9790,4.8210,73.5900,indicconformer__pyannote31+rule,indicconformer__pyannote31
indicconformer,pyannote31,rule,Gq45evw6ytY__000597000_001464000,Odia,867.0000,3,3,0.0869,high (>7.0%),False,88.9416,89.0146,12.0000,37.5989,40.6159,35.5871,37.8137,79.0000,9.0000,13.0000,False,2437.0000,2740.0000,2439.0000,2740.0000,63.0000,525.0000,114.7960,71.5010,147.0510,886.5900,indicconformer__pyannote31+rule,indicconformer__pyannote31
indicconformer,pyannote31,rule,HZv_WvIr6lE__000021000_000105000,Tamil,84.0000,3,3,0.1276,high (>7.0%),False,92.3077,92.3077,16.6667,28.1305,28.9415,28.1305,28.9415,5.0000,1.0000,2.0000,False,240.0000,260.0000,240.0000,260.0000,8.0000,48.0000,6.8810,9.8180,9.2570,92.2700,indicconformer__pyannote31+rule,indicconformer__pyannote31
indicconformer,pyannote31,rule,HpYG46tGyYs__000103000_000998000,Devanagari (hi/mr),895.0000,4,4,0.0022,low (<=2.2%),False,19.2790,19.5925,0.3767,8.9450,10.4359,8.9450,10.4359,35.0000,1.0000,2.0000,False,492.0000,2552.0000,500.0000,2552.0000,9.0000,2389.0000,29.9200,35.3400,11.7770,861.2300,indicconformer__pyannote31+rule,indicconformer__pyannote31
indicconformer,pyannote31,rule,IAm1rt-MYcA__000004000_000558000,Bengali,554.0000,4,4,0.0445,mid (2.2%-7.0%],False,78.0806,78.2583,4.2553,36.6014,42.9281,32.7960,38.7056,51.0000,11.0000,19.0000,False,1318.0000,1688.0000,1321.0000,1688.0000,24.0000,564.0000,69.8790,53.8490,74.5160,541.6300,indicconformer__pyannote31+rule,indicconformer__pyannote31
indicconformer,pyannote31,rule,Iare1Emeueg__000016000_000069000,Devanagari (hi/mr),53.0000,2,2,0.0000,low (<=2.2%),False,100.0000,100.0000,66.6667,69.3227,65.3602,63.9390,59.9923,9.0000,3.0000,3.0000,False,139.0000,139.0000,139.0000,139.0000,10.0000,15.0000,15.6780,6.6250,7.6860,43.2600,indicconformer__pyannote31+rule,indicconformer__pyannote31
indicconformer,pyannote31,rule,IfTL8SSN270__000062000_000671000,Devanagari (hi/mr),609.0000,4,4,0.1121,high (>7.0%),False,100.0000,100.0000,68.3962,30.2675,31.9920,30.0664,31.9559,84.0000,17.0000,31.0000,False,2214.0000,2214.0000,2214.0000,2214.0000,725.0000,1060.0000,83.3010,54.8030,62.8300,663.8600,indicconformer__pyannote31+rule,indicconformer__pyannote31
indicconformer,pyannote31,rule,Ig6szCD8m20__000046000_000106000,Devanagari (hi/mr),60.0000,2,2,0.0204,low (<=2.2%),False,50.2591,53.3679,3.5461,23.1672,31.4099,23.1672,31.4099,5.0000,0.0000,0.0000,False,97.0000,193.0000,103.0000,193.0000,5.0000,141.0000,1.8980,2.9830,8.9220,59.5800,indicconformer__pyannote31+rule,indicconformer__pyannote31
indicconformer,pyannote31,rule,Iqhnt8ENm3U__000027000_000088000,Devanagari (hi/mr),61.0000,3,3,0.1772,high (>7.0%),False,87.0056,85.8757,34.6939,73.7455,79.4393,73.7455,79.4393,12.0000,2.0000,2.0000,False,154.0000,177.0000,152.0000,177.0000,17.0000,49.0000,15.9540,4.8310,28.3000,66.5600,indicconformer__pyannote31+rule,indicconformer__pyannote31
indicconformer,pyannote31,rule,J4-VpEkBzWw__000000000_000600000,Kannada,600.0000,7,5+,0.0685,mid (2.2%-7.0%],False,60.8247,60.8247,3.7229,10.6290,12.5538,9.9813,11.7069,62.0000,10.0000,15.0000,False,944.0000,1552.0000,944.0000,1552.0000,36.0000,967.0000,27.0970,10.9350,29.5910,636.2100,indicconformer__pyannote31+rule,indicconformer__pyannote31
indicconformer,pyannote31,rule,JBYGLQJwFDc__000103000_000407000,Tamil,304.0000,3,3,0.0120,low (<=2.2%),False,91.7647,92.5000,12.6050,51.6161,69.9952,48.2139,67.3693,22.0000,5.0000,6.0000,False,624.0000,680.0000,629.0000,680.0000,15.0000,119.0000,48.3510,32.7810,53.3950,260.6300,indicconformer__pyannote31+rule,indicconformer__pyannote31
indicconformer,pyannote31,rule,JSB1CeS4pP8__000000000_000632000,Punjabi,632.0000,4,4,0.0880,high (>7.0%),False,70.5460,70.6897,4.2131,17.8288,21.6172,15.3520,17.4680,54.0000,8.0000,13.0000,False,1473.0000,2088.0000,1476.0000,2088.0000,34.0000,807.0000,51.9340,17.6610,46.7450,652.5400,indicconformer__pyannote31+rule,indicconformer__pyannote31
indicconformer,pyannote31,rule,Jc5AVwg2cZM__000153000_000214000,Devanagari (hi/mr),61.0000,3,3,0.2816,high (>7.0%),False,89.5349,90.6977,19.6078,86.8528,77.4362,87.0617,77.2930,14.0000,3.0000,6.0000,False,154.0000,172.0000,156.0000,172.0000,10.0000,51.0000,17.2340,17.6740,19.5400,62.6900,indicconformer__pyannote31+rule,indicconformer__pyannote31
indicconformer,pyannote31,rule,KAtdcDieQMw__000057000_000599000,Odia,542.0000,3,3,0.1073,high (>7.0%),False,71.4696,72.3307,7.4194,22.2943,26.6862,21.7959,25.8742,48.0000,6.0000,9.0000,False,1245.0000,1742.0000,1260.0000,1742.0000,69.0000,930.0000,67.2530,14.9700,47.5010,581.8700,indicconformer__pyannote31+rule,indicconformer__pyannote31
indicconformer,pyannote31,rule,KPkRi3GM7fs__000047000_000642000,Odia,595.0000,3,3,0.0031,low (<=2.2%),False,44.5572,48.9002,3.9946,12.4186,14.4501,12.6407,14.8670,30.0000,5.0000,8.0000,False,790.0000,1773.0000,867.0000,1773.0000,59.0000,1477.0000,42.2800,15.0490,14.3560,577.2400,indicconformer__pyannote31+rule,indicconformer__pyannote31
indicconformer,pyannote31,rule,Kdi-ECuOaKg__000002000_000078000,Malayalam,76.0000,6,5+,0.0000,low (<=2.2%),False,59.3407,67.0330,9.6774,99.6574,80.7790,95.9473,79.0042,8.0000,2.0000,2.0000,False,54.0000,91.0000,61.0000,91.0000,6.0000,62.0000,14.6570,16.5360,7.7830,39.1100,indicconformer__pyannote31+rule,indicconformer__pyannote31
indicconformer,pyannote31,rule,L7xRazDdtgw__000019000_000083000,Gujarati,64.0000,3,3,0.0012,low (<=2.2%),False,100.0000,100.0000,76.1905,89.6203,78.4726,90.3867,78.9038,8.0000,1.0000,2.0000,False,102.0000,102.0000,102.0000,102.0000,16.0000,21.0000,13.2660,7.4360,17.5390,42.6700,indicconformer__pyannote31+rule,indicconformer__pyannote31
indicconformer,pyannote31,rule,LBIWBxQ5H1s__000090000_001020000,Malayalam,930.0000,4,4,0.0724,high (>7.0%),False,81.8515,82.0962,10.4730,40.0494,44.6422,38.8374,43.4594,83.0000,10.0000,13.0000,False,2007.0000,2452.0000,2013.0000,2452.0000,93.0000,888.0000,122.2490,86.4100,176.5960,961.9500,indicconformer__pyannote31+rule,indicconformer__pyannote31
indicconformer,pyannote31,rule,LK23jX9tgZM__000059000_000221000,Gujarati,162.0000,3,3,0.1712,high (>7.0%),False,85.5839,85.5839,1.1111,33.0574,56.1258,31.7586,54.6427,3.0000,2.0000,2.0000,False,469.0000,548.0000,469.0000,548.0000,1.0000,90.0000,35.2140,9.6140,14.3480,179.0100,indicconformer__pyannote31+rule,indicconformer__pyannote31
indicconformer,pyannote31,rule,LctYmmr9-Vg__000000000_000061000,Devanagari (hi/mr),61.0000,2,2,0.0000,low (<=2.2%),False,78.4173,81.2950,16.6667,19.8495,22.9499,15.7158,15.6575,8.0000,3.0000,7.0000,False,109.0000,139.0000,113.0000,139.0000,9.0000,54.0000,7.3690,0.1510,1.9780,47.8500,indicconformer__pyannote31+rule,indicconformer__pyannote31
indicconformer,pyannote31,rule,LqQHdo7t5Ps__000198000_000498000,Devanagari (hi/mr),300.0000,3,3,0.0019,low (<=2.2%),False,48.6994,48.9884,4.0426,15.7879,24.4284,15.7879,24.4284,28.0000,3.0000,5.0000,False,337.0000,692.0000,339.0000,692.0000,19.0000,470.0000,8.9150,7.0890,30.3540,293.6300,indicconformer__pyannote31+rule,indicconformer__pyannote31
indicconformer,pyannote31,rule,Md3p6RTanBg__000315000_000426000,Bengali,111.0000,3,3,0.0528,mid (2.2%-7.0%],False,63.7584,64.4295,0.6897,6.1676,5.7321,6.1676,5.7321,11.0000,1.0000,1.0000,False,190.0000,298.0000,192.0000,298.0000,1.0000,145.0000,4.6970,1.1320,1.1540,113.2200,indicconformer__pyannote31+rule,indicconformer__pyannote31
indicconformer,pyannote31,rule,MmtWBUK2DKE__000000000_000310000,Devanagari (hi/mr),310.0000,5,5+,0.0432,mid (2.2%-7.0%],False,100.0000,100.8310,81.6485,15.8764,37.9714,11.6350,32.1060,48.0000,14.0000,28.0000,False,1083.0000,1083.0000,1092.0000,1083.0000,525.0000,643.0000,13.5220,6.5900,28.5570,306.5500,indicconformer__pyannote31+rule,indicconformer__pyannote31
indicconformer,pyannote31,rule,NLgHpYyf5bY__000313000_000383000,Devanagari (hi/mr),70.0000,2,2,0.0097,low (<=2.2%),False,100.0000,100.0000,33.3333,20.2874,34.2394,21.1932,36.2465,7.0000,2.0000,6.0000,False,240.0000,240.0000,240.0000,240.0000,64.0000,192.0000,5.1080,2.2150,6.6530,68.8900,indicconformer__pyannote31+rule,indicconformer__pyannote31
indicconformer,pyannote31,rule,NuhdqCEuIBo__000197000_000540000,Punjabi,343.0000,3,3,0.0562,mid (2.2%-7.0%],False,72.2425,72.4617,8.1511,28.6001,51.0310,22.5137,35.6268,37.0000,9.0000,16.0000,False,989.0000,1369.0000,992.0000,1369.0000,41.0000,503.0000,27.0860,18.9030,55.6470,355.3700,indicconformer__pyannote31+rule,indicconformer__pyannote31
indicconformer,pyannote31,rule,O4_aeGFzZ8A__000000000_000335000,Kannada,335.0000,8,5+,0.0004,low (<=2.2%),False,61.6809,61.6809,1.3216,15.0247,11.4708,15.0247,11.4708,36.0000,0.0000,0.0000,False,433.0000,702.0000,433.0000,702.0000,6.0000,454.0000,26.8330,20.9160,0.6110,321.8700,indicconformer__pyannote31+rule,indicconformer__pyannote31
indicconformer,pyannote31,rule,OXUt5KnlUMo__000091000_000181000,Odia,90.0000,2,2,0.0000,low (<=2.2%),False,75.0000,74.5968,7.9646,27.4389,39.0269,27.4389,39.0269,10.0000,2.0000,2.0000,False,186.0000,248.0000,185.0000,248.0000,9.0000,113.0000,6.4090,3.6200,13.6700,86.3700,indicconformer__pyannote31+rule,indicconformer__pyannote31
indicconformer,pyannote31,rule,OxYCBQKZ3iY__000000000_001822000,Punjabi,1822.0000,7,5+,0.0659,mid (2.2%-7.0%],False,100.0000,100.0000,81.1659,40.3424,49.9477,36.9344,45.2456,304.0000,82.0000,120.0000,False,5525.0000,5525.0000,5525.0000,5525.0000,1086.0000,1338.0000,142.9350,81.2580,464.1570,1706.2700,indicconformer__pyannote31+rule,indicconformer__pyannote31
indicconformer,pyannote31,rule,PCUA2q2C-2A__000045000_000107000,Devanagari (hi/mr),62.0000,3,3,0.0063,low (<=2.2%),False,29.8701,31.8182,1.3889,4.5676,6.1890,4.5676,6.1890,3.0000,0.0000,0.0000,False,46.0000,154.0000,49.0000,154.0000,2.0000,144.0000,1.1610,1.5900,0.0220,60.7100,indicconformer__pyannote31+rule,indicconformer__pyannote31
indicconformer,pyannote31,rule,PEDfT9-Yf2o__000000000_000469000,Bengali,469.0000,3,3,0.0110,low (<=2.2%),False,38.7250,40.9134,2.3438,6.3383,8.1751,6.3383,8.1751,28.0000,2.0000,2.0000,False,407.0000,1051.0000,430.0000,1051.0000,18.0000,768.0000,13.6510,2.6000,9.2670,402.6000,indicconformer__pyannote31+rule,indicconformer__pyannote31
indicconformer,pyannote31,rule,PQB3-4sZUeY__000000000_001132000,Telugu,1132.0000,4,4,0.1069,high (>7.0%),False,89.5833,91.1706,31.0145,40.0227,52.3474,37.0485,49.0956,143.0000,42.0000,46.0000,False,2709.0000,3024.0000,2757.0000,3024.0000,214.0000,690.0000,91.0530,54.5790,306.5600,1129.8400,indicconformer__pyannote31+rule,indicconformer__pyannote31
indicconformer,pyannote31,rule,PRAzUz0GANs__000223000_000283000,Kannada,60.0000,2,2,0.0822,high (>7.0%),False,85.5670,85.5670,10.8434,35.0359,41.7102,35.0359,41.7102,8.0000,0.0000,0.0000,False,166.0000,194.0000,166.0000,194.0000,9.0000,83.0000,6.2920,5.1080,10.5710,62.7100,indicconformer__pyannote31+rule,indicconformer__pyannote31
indicconformer,pyannote31,rule,PSIzXy5-y2E__000002000_000918000,Devanagari (hi/mr),916.0000,3,3,0.0434,mid (2.2%-7.0%],False,69.7984,71.1290,5.7571,34.1069,32.0414,32.5973,29.7835,148.0000,25.0000,34.0000,False,1731.0000,2480.0000,1764.0000,2480.0000,73.0000,1268.0000,152.6180,77.1650,73.7000,889.8000,indicconformer__pyannote31+rule,indicconformer__pyannote31
indicconformer,pyannote31,rule,PVDfS7lcJHY__000000000_000360000,Kannada,360.0000,6,5+,0.1127,high (>7.0%),False,83.7838,84.6525,15.0725,32.9976,44.2116,32.3047,41.9134,54.0000,21.0000,25.0000,False,868.0000,1036.0000,877.0000,1036.0000,52.0000,345.0000,34.6890,13.2250,78.9850,384.5700,indicconformer__pyannote31+rule,indicconformer__pyannote31
indicconformer,pyannote31,rule,Pjre5dpnKGA__000000000_000330000,Kannada,330.0000,4,4,0.0933,high (>7.0%),False,83.3550,83.4850,10.9489,27.3936,50.1008,26.7143,49.5259,31.0000,3.0000,6.0000,False,641.0000,769.0000,642.0000,769.0000,30.0000,274.0000,24.4840,13.9590,53.5090,335.6700,indicconformer__pyannote31+rule,indicconformer__pyannote31
indicconformer,pyannote31,rule,QhpjuNTZoA8__000000000_000586000,Kannada,586.0000,3,3,0.0512,mid (2.2%-7.0%],False,73.6005,91.6667,36.6348,32.8453,50.9035,32.7247,50.6914,68.0000,10.0000,12.0000,False,1157.0000,1572.0000,1441.0000,1572.0000,307.0000,838.0000,39.7620,10.1270,150.9570,611.4900,indicconformer__pyannote31+rule,indicconformer__pyannote31
indicconformer,pyannote31,rule,QuA_B6IZ6Ls__000061000_001863000,Devanagari (hi/mr),1802.0000,4,4,0.3694,high (>7.0%),False,100.0000,100.4371,65.3929,49.3960,42.2139,48.5394,40.9295,216.0000,40.0000,64.0000,False,6635.0000,6635.0000,6664.0000,6635.0000,1814.0000,2774.0000,959.4620,109.2840,266.9070,2703.9700,indicconformer__pyannote31+rule,indicconformer__pyannote31
indicconformer,pyannote31,rule,RL2fhIEEbZg__000000000_000065000,Telugu,65.0000,3,3,0.0563,mid (2.2%-7.0%],False,67.6829,67.6829,8.3333,14.2814,44.3120,14.2814,44.3120,6.0000,1.0000,1.0000,False,111.0000,164.0000,111.0000,164.0000,6.0000,72.0000,3.3480,0.8920,5.1100,65.4700,indicconformer__pyannote31+rule,indicconformer__pyannote31
indicconformer,pyannote31,rule,RL2fhIEEbZg__000066000_001034000,Telugu,968.0000,3,3,0.0719,high (>7.0%),False,69.2218,69.5720,7.6861,33.8820,37.3700,30.1824,31.9944,124.0000,33.0000,47.0000,False,1779.0000,2570.0000,1788.0000,2570.0000,95.0000,1236.0000,115.2460,80.9310,147.0310,1012.9500,indicconformer__pyannote31+rule,indicconformer__pyannote31
indicconformer,pyannote31,rule,RWTmftezCwI__000000000_000060000,Malayalam,60.0000,2,2,0.0244,mid (2.2%-7.0%],False,75.6303,75.6303,1.6949,16.4524,18.4325,16.4524,18.4325,5.0000,0.0000,0.0000,False,90.0000,119.0000,90.0000,119.0000,1.0000,59.0000,5.7510,2.2670,1.5310,58.0400,indicconformer__pyannote31+rule,indicconformer__pyannote31
indicconformer,pyannote31,rule,RZUZyvRzi80__000000000_000336000,Punjabi,336.0000,4,4,0.0001,low (<=2.2%),False,30.1382,31.5207,1.4689,4.6101,6.5967,4.6101,6.5967,11.0000,1.0000,1.0000,False,327.0000,1085.0000,342.0000,1085.0000,13.0000,885.0000,3.5610,2.8750,8.4840,323.6400,indicconformer__pyannote31+rule,indicconformer__pyannote31
indicconformer,pyannote31,rule,SZ7ay4OjfAE__000000000_000897000,Telugu,897.0000,5,5+,0.1794,high (>7.0%),False,83.6035,84.8078,21.5278,42.5132,57.5710,41.3516,56.1123,113.0000,24.0000,26.0000,False,1805.0000,2159.0000,1831.0000,2159.0000,155.0000,720.0000,132.7160,34.1420,263.1970,1011.5800,indicconformer__pyannote31+rule,indicconformer__pyannote31
indicconformer,pyannote31,rule,T3I2T-cfhG4__000160000_000210000,Devanagari (hi/mr),50.0000,2,2,0.0000,low (<=2.2%),False,45.6897,45.6897,0.0000,12.5548,14.2157,12.5548,14.2157,6.0000,0.0000,0.0000,False,53.0000,116.0000,53.0000,116.0000,0.0000,88.0000,1.9800,3.0200,0.8970,46.9700,indicconformer__pyannote31+rule,indicconformer__pyannote31
indicconformer,pyannote31,rule,TU3M6wSQV_g__000099000_000171000,Telugu,72.0000,2,2,0.0451,mid (2.2%-7.0%],False,68.5185,69.9074,5.8252,24.0389,45.9017,24.8853,46.0125,9.0000,3.0000,6.0000,False,148.0000,216.0000,151.0000,216.0000,6.0000,103.0000,3.7000,4.1930,10.0280,74.5500,indicconformer__pyannote31+rule,indicconformer__pyannote31
indicconformer,pyannote31,rule,Tlha36rSd5o__000240000_000374000,Tamil,134.0000,2,2,0.0000,low (<=2.2%),False,77.9874,79.2453,1.3423,16.9409,13.9233,16.9409,13.9233,16.0000,1.0000,2.0000,False,248.0000,318.0000,252.0000,318.0000,2.0000,149.0000,12.3840,7.8530,0.9510,125.0700,indicconformer__pyannote31+rule,indicconformer__pyannote31
indicconformer,pyannote31,rule,TrPnW5kLAyQ__000093000_000513000,Devanagari (hi/mr),420.0000,4,4,0.0501,mid (2.2%-7.0%],False,68.8808,69.3358,5.5846,26.8449,31.9191,25.1438,28.5670,52.0000,8.0000,14.0000,False,757.0000,1099.0000,762.0000,1099.0000,32.0000,573.0000,61.1570,21.6280,23.1530,394.6300,indicconformer__pyannote31+rule,indicconformer__pyannote31
indicconformer,pyannote31,rule,U_EHjxThUgc__000181000_000289000,Bengali,108.0000,3,3,0.0529,mid (2.2%-7.0%],False,44.1472,45.4849,1.4706,15.1323,18.4213,15.1323,18.4213,5.0000,0.0000,0.0000,False,132.0000,299.0000,136.0000,299.0000,3.0000,204.0000,7.4260,4.6940,4.8660,112.2500,indicconformer__pyannote31+rule,indicconformer__pyannote31
indicconformer,pyannote31,rule,VHlIFsHPWbk__000023000_000470000,Odia,447.0000,4,4,0.0269,mid (2.2%-7.0%],False,53.6494,53.9503,3.1496,9.9013,13.0857,9.9013,13.0857,28.0000,1.0000,1.0000,False,713.0000,1329.0000,717.0000,1329.0000,28.0000,889.0000,14.7750,11.8520,17.8080,448.7800,indicconformer__pyannote31+rule,indicconformer__pyannote31
indicconformer,pyannote31,rule,VKY0uuZ6Om8__000575000_000935000,Devanagari (hi/mr),360.0000,3,3,0.1718,high (>7.0%),False,70.2878,70.3807,4.0598,41.9606,48.1091,41.8654,49.3476,54.0000,12.0000,18.0000,False,757.0000,1077.0000,758.0000,1077.0000,19.0000,468.0000,75.2310,39.0420,61.6970,419.3700,indicconformer__pyannote31+rule,indicconformer__pyannote31
indicconformer,pyannote31,rule,VY_4x1scS-Y__000013000_000121000,Tamil,108.0000,4,4,0.0427,mid (2.2%-7.0%],False,94.9405,94.9405,11.8644,30.2275,37.1959,30.2275,37.1959,6.0000,0.0000,0.0000,False,319.0000,336.0000,319.0000,336.0000,7.0000,59.0000,8.3650,4.6510,20.4670,110.7700,indicconformer__pyannote31+rule,indicconformer__pyannote31
indicconformer,pyannote31,llm,0AEEA8NyVwY__000011000_000609000,Devanagari (hi/mr),598.0000,3,3,0.0047,low (<=2.2%),False,57.0893,57.5394,3.4356,15.2714,14.9164,15.2714,14.9164,91.0000,8.0000,17.0000,False,761.0000,1333.0000,767.0000,1333.0000,28.0000,815.0000,67.9790,15.6650,2.5170,564.2000,indicconformer__pyannote31+llm,indicconformer__pyannote31
indicconformer,pyannote31,llm,0SoItGfM_sY__000007000_000088000,Kannada,81.0000,5,5+,0.0000,low (<=2.2%),False,64.8485,64.8485,2.6087,45.0136,67.3810,45.0136,67.3810,10.0000,0.0000,0.0000,False,107.0000,165.0000,107.0000,165.0000,3.0000,115.0000,10.5540,8.0640,12.8420,69.8900,indicconformer__pyannote31+llm,indicconformer__pyannote31
indicconformer,pyannote31,llm,0VEwL9XZ0LY__000261000_000557000,Devanagari (hi/mr),296.0000,2,2,0.0355,mid (2.2%-7.0%],False,30.6987,31.9588,2.3968,20.4434,21.2694,20.5845,21.5993,23.0000,5.0000,10.0000,False,268.0000,873.0000,279.0000,873.0000,18.0000,751.0000,30.2120,17.0440,11.8930,289.3300,indicconformer__pyannote31+llm,indicconformer__pyannote31
indicconformer,pyannote31,llm,0esIFSOAcFs__000000000_000913000,Gujarati,913.0000,3,3,0.0232,mid (2.2%-7.0%],False,71.5429,71.6521,1.6115,6.4478,7.5162,6.4478,7.5162,60.0000,0.0000,0.0000,False,1966.0000,2748.0000,1969.0000,2748.0000,18.0000,1117.0000,43.3470,4.6690,11.6640,925.5800,indicconformer__pyannote31+llm,indicconformer__pyannote31
indicconformer,pyannote31,llm,0p6cktLGIfY__000012000_000930000,Gujarati,918.0000,6,5+,0.0329,mid (2.2%-7.0%],False,81.1843,81.4180,5.8278,41.4497,57.2100,41.4497,57.2100,70.0000,0.0000,0.0000,False,2084.0000,2567.0000,2090.0000,2567.0000,44.0000,755.0000,134.0050,113.4210,97.1450,831.3000,indicconformer__pyannote31+llm,indicconformer__pyannote31
indicconformer,pyannote31,llm,13VBh0Z6QmE__000000000_000904000,Tamil,904.0000,4,4,0.0290,mid (2.2%-7.0%],False,98.8395,98.9196,53.8462,17.2247,26.8287,17.2247,26.8287,49.0000,0.0000,0.0000,False,2470.0000,2499.0000,2472.0000,2499.0000,56.0000,104.0000,39.5210,10.5800,102.6960,887.0800,indicconformer__pyannote31+llm,indicconformer__pyannote31
indicconformer,pyannote31,llm,1LFl5JEipII__000000000_000597000,Bengali,597.0000,5,5+,0.1006,high (>7.0%),False,93.9623,94.2138,21.5385,35.2888,50.0067,35.2888,50.0067,55.0000,1.0000,1.0000,False,1494.0000,1590.0000,1498.0000,1590.0000,42.0000,195.0000,38.1100,30.3350,140.3660,591.7200,indicconformer__pyannote31+llm,indicconformer__pyannote31
indicconformer,pyannote31,llm,2HGP34TNvjg__000084000_000194000,Odia,110.0000,2,2,0.0128,low (<=2.2%),False,58.7838,71.9595,32.3232,48.4497,56.4239,30.7129,36.1000,5.0000,3.0000,144.0000,False,174.0000,296.0000,213.0000,296.0000,64.0000,198.0000,13.1630,7.2360,29.0100,101.9800,indicconformer__pyannote31+llm,indicconformer__pyannote31
indicconformer,pyannote31,llm,2LN6vb7EBn0__000098000_000394000,Tamil,296.0000,3,3,0.0238,mid (2.2%-7.0%],False,98.9348,99.2011,50.0000,37.5358,44.5977,29.8836,35.2904,12.0000,3.0000,5.0000,False,743.0000,751.0000,745.0000,751.0000,15.0000,30.0000,28.4740,24.3270,54.8780,286.8700,indicconformer__pyannote31+llm,indicconformer__pyannote31
indicconformer,pyannote31,llm,2T4pjueLrsk__000677000_001290000,Gujarati,613.0000,4,4,0.0342,mid (2.2%-7.0%],False,92.1348,92.1780,13.6095,44.0939,60.2611,44.0939,60.2611,59.0000,0.0000,0.0000,False,2132.0000,2314.0000,2133.0000,2314.0000,46.0000,338.0000,108.0970,59.6910,71.9150,543.6200,indicconformer__pyannote31+llm,indicconformer__pyannote31
indicconformer,pyannote31,llm,2gGHQgj9yno__000000000_000099000,Gujarati,99.0000,4,4,0.0798,high (>7.0%),False,93.3333,93.6842,23.3333,35.5322,64.1655,35.5322,64.1655,6.0000,0.0000,0.0000,False,266.0000,285.0000,267.0000,285.0000,7.0000,30.0000,13.5670,9.2490,11.3020,96.0200,indicconformer__pyannote31+llm,indicconformer__pyannote31
indicconformer,pyannote31,llm,2iMXYxBTwbM__000339000_000401000,Devanagari (hi/mr),62.0000,3,3,0.1275,high (>7.0%),False,96.2766,96.2766,50.0000,79.1912,80.4753,79.1912,80.4753,7.0000,0.0000,0.0000,False,181.0000,188.0000,181.0000,188.0000,13.0000,26.0000,15.1770,14.5860,15.4710,57.1200,indicconformer__pyannote31+llm,indicconformer__pyannote31
indicconformer,pyannote31,llm,37dND_0r6S8__000060000_000222000,Tamil,162.0000,2,2,0.0896,high (>7.0%),False,99.8205,99.8205,0.0000,44.6981,52.7356,44.6981,52.7356,1.0000,0.0000,0.0000,False,556.0000,557.0000,556.0000,557.0000,0.0000,1.0000,18.0680,16.2060,41.1720,168.7900,indicconformer__pyannote31+llm,indicconformer__pyannote31
indicconformer,pyannote31,llm,4Qg2jWP6_T0__000136000_000202000,Punjabi,66.0000,3,3,0.2093,high (>7.0%),False,93.2331,94.7368,57.1429,76.0690,77.3325,76.0690,77.3325,14.0000,0.0000,0.0000,False,248.0000,266.0000,252.0000,266.0000,28.0000,49.0000,14.4860,10.7350,28.3240,70.3900,indicconformer__pyannote31+llm,indicconformer__pyannote31
indicconformer,pyannote31,llm,6-726qTlYeg__000102000_000162000,Malayalam,60.0000,2,2,0.1610,high (>7.0%),False,96.2617,95.3271,15.3846,47.3826,48.1976,47.3826,48.1976,11.0000,0.0000,0.0000,False,206.0000,214.0000,204.0000,214.0000,8.0000,52.0000,8.1050,9.6140,15.2830,69.6500,indicconformer__pyannote31+llm,indicconformer__pyannote31
indicconformer,pyannote31,llm,6ZeRgvDHwcI__000006000_000100000,Gujarati,94.0000,2,2,0.0125,low (<=2.2%),False,89.4180,89.9471,54.0000,69.9036,65.4538,69.9036,65.4538,11.0000,0.0000,0.0000,False,169.0000,189.0000,170.0000,189.0000,27.0000,50.0000,24.9480,9.2890,10.0120,63.3000,indicconformer__pyannote31+llm,indicconformer__pyannote31
indicconformer,pyannote31,llm,6f6TLzlP8Wk__000082000_000144000,Punjabi,62.0000,2,2,0.0510,mid (2.2%-7.0%],False,100.0000,100.0000,32.8947,65.6376,67.3237,61.9103,64.8017,26.0000,1.0000,3.0000,False,236.0000,236.0000,236.0000,236.0000,25.0000,76.0000,6.9050,9.0200,22.7290,58.8900,indicconformer__pyannote31+llm,indicconformer__pyannote31
indicconformer,pyannote31,llm,7L4gi7Ncc0s__000090000_000148000,Malayalam,58.0000,2,2,0.0000,low (<=2.2%),False,49.6000,52.8000,1.8692,15.8631,23.6233,15.8631,23.6233,5.0000,0.0000,0.0000,False,62.0000,125.0000,66.0000,125.0000,2.0000,107.0000,3.4660,2.3200,3.0450,55.6700,indicconformer__pyannote31+llm,indicconformer__pyannote31
indicconformer,pyannote31,llm,7WhVNRHbjIY__000091000_001089000,Tamil,998.0000,5,5+,0.0133,low (<=2.2%),False,95.4472,95.5278,12.7273,14.1259,23.9430,14.1259,23.9430,60.0000,3.0000,3.0000,False,2369.0000,2482.0000,2371.0000,2482.0000,35.0000,275.0000,25.0620,27.9400,87.7880,996.6800,indicconformer__pyannote31+llm,indicconformer__pyannote31
indicconformer,pyannote31,llm,7YfsQPYY-W0__000351000_000411000,Odia,60.0000,2,2,0.1219,high (>7.0%),False,100.0000,100.0000,50.0000,58.7595,62.9746,58.7595,62.9746,10.0000,0.0000,0.0000,False,208.0000,208.0000,208.0000,208.0000,7.0000,14.0000,9.5790,7.1090,21.0650,64.2500,indicconformer__pyannote31+llm,indicconformer__pyannote31
indicconformer,pyannote31,llm,7c9ePKgqams__000299000_000869000,Telugu,570.0000,4,4,0.0055,low (<=2.2%),False,54.9277,56.2418,4.5161,33.2621,59.6742,33.2621,59.6742,55.0000,0.0000,0.0000,False,836.0000,1522.0000,856.0000,1522.0000,49.0000,1085.0000,35.9880,19.3630,128.6950,553.3200,indicconformer__pyannote31+llm,indicconformer__pyannote31
indicconformer,pyannote31,llm,7k-xDqNjESc__000073000_000981000,Malayalam,908.0000,4,4,0.0421,mid (2.2%-7.0%],False,57.7937,66.6816,12.3253,34.7812,66.6269,34.7812,66.6269,58.0000,0.0000,0.0000,False,1294.0000,2239.0000,1493.0000,2239.0000,194.0000,1574.0000,117.5840,53.7710,140.8380,897.5900,indicconformer__pyannote31+llm,indicconformer__pyannote31
indicconformer,pyannote31,llm,83gP2vLH7UY__000255000_002005000,Devanagari (hi/mr),1750.0000,5,5+,0.2022,high (>7.0%),False,66.9598,67.1323,5.5947,32.7789,32.0697,32.7789,32.0697,183.0000,0.0000,0.0000,False,3883.0000,5799.0000,3893.0000,5799.0000,151.0000,2699.0000,272.5080,194.1510,203.2180,2043.6200,indicconformer__pyannote31+llm,indicconformer__pyannote31
indicconformer,pyannote31,llm,86mMTUeDiR8__000181000_001079000,Bengali,898.0000,5,5+,0.0517,mid (2.2%-7.0%],False,86.4187,89.3439,25.7874,54.8152,65.8031,54.8152,65.8031,81.0000,1.0000,9.0000,False,2068.0000,2393.0000,2138.0000,2393.0000,131.0000,508.0000,152.1350,113.0060,186.0700,823.1500,indicconformer__pyannote31+llm,indicconformer__pyannote31
indicconformer,pyannote31,llm,87Zbup3ohcw__000106000_000445000,Tamil,339.0000,4,4,0.0152,low (<=2.2%),False,75.9680,77.7036,3.6913,22.2867,34.9344,22.2867,34.9344,28.0000,4.0000,138.0000,False,569.0000,749.0000,582.0000,749.0000,11.0000,298.0000,36.8060,17.7920,16.7530,320.1500,indicconformer__pyannote31+llm,indicconformer__pyannote31
indicconformer,pyannote31,llm,8Ve4SWhlrrA__000000000_000070000,Odia,70.0000,2,2,0.0000,low (<=2.2%),False,24.8120,25.5639,0.8000,8.0693,53.9211,8.0693,53.9211,4.0000,0.0000,0.0000,False,33.0000,133.0000,34.0000,133.0000,1.0000,125.0000,3.0680,0.0260,2.0550,63.8100,indicconformer__pyannote31+llm,indicconformer__pyannote31
indicconformer,pyannote31,llm,8mvORuRHw2U__000000000_001197000,Gujarati,1197.0000,4,4,0.0417,mid (2.2%-7.0%],False,83.5052,83.4765,6.3939,15.9192,17.6318,15.9192,17.6318,78.0000,0.0000,0.0000,False,2916.0000,3492.0000,2915.0000,3492.0000,50.0000,782.0000,99.9830,42.6110,41.9600,1159.3200,indicconformer__pyannote31+llm,indicconformer__pyannote31
indicconformer,pyannote31,llm,8o7jKmq6HsM__000030000_001770000,Devanagari (hi/mr),1740.0000,6,5+,0.0471,mid (2.2%-7.0%],False,81.6273,81.6492,4.3919,16.2027,15.6639,16.2027,15.6639,205.0000,0.0000,0.0000,False,3732.0000,4572.0000,3733.0000,4572.0000,65.0000,1480.0000,115.6530,110.2780,60.4120,1767.2600,indicconformer__pyannote31+llm,indicconformer__pyannote31
indicconformer,pyannote31,llm,8pkp-lpMJP0__000326000_000926000,Telugu,600.0000,8,5+,0.2032,high (>7.0%),False,80.8469,81.3681,13.0360,41.0039,68.1807,41.0039,68.1807,99.0000,0.0000,0.0000,False,1241.0000,1535.0000,1249.0000,1535.0000,76.0000,583.0000,99.7040,33.5850,152.2950,696.4800,indicconformer__pyannote31+llm,indicconformer__pyannote31
indicconformer,pyannote31,llm,8r2Nltl0W4o__000259000_000320000,Punjabi,61.0000,2,2,0.0227,mid (2.2%-7.0%],False,51.7787,51.7787,0.0000,18.0628,57.4832,18.0628,57.4832,2.0000,0.0000,0.0000,False,131.0000,253.0000,131.0000,253.0000,0.0000,159.0000,3.7480,2.0360,5.2000,60.8100,indicconformer__pyannote31+llm,indicconformer__pyannote31
indicconformer,pyannote31,llm,90uAd6xpTPo__000016000_000408000,Devanagari (hi/mr),392.0000,4,4,0.0067,low (<=2.2%),False,100.0000,100.0000,83.8748,7.9166,8.1817,7.9166,8.1817,42.0000,2.0000,12.0000,False,1212.0000,1212.0000,1212.0000,1212.0000,697.0000,831.0000,9.3160,13.1440,6.4940,365.7400,indicconformer__pyannote31+llm,indicconformer__pyannote31
indicconformer,pyannote31,llm,9Aw8kg8w5Xo__000000000_000083000,Telugu,83.0000,4,4,0.0216,low (<=2.2%),False,57.7889,57.7889,0.8333,8.2743,53.3001,8.2743,53.3001,5.0000,0.0000,0.0000,False,115.0000,199.0000,115.0000,199.0000,1.0000,120.0000,3.7600,1.6490,1.3660,81.8800,indicconformer__pyannote31+llm,indicconformer__pyannote31
indicconformer,pyannote31,llm,9_GMxc_JjyI__000236000_000368000,Kannada,132.0000,2,2,0.0602,mid (2.2%-7.0%],False,57.4124,58.4906,3.0888,23.2460,55.5839,23.2460,55.5839,8.0000,0.0000,0.0000,False,213.0000,371.0000,217.0000,371.0000,8.0000,259.0000,11.6670,10.6040,9.7550,137.7700,indicconformer__pyannote31+llm,indicconformer__pyannote31
indicconformer,pyannote31,llm,ARCKJrGkITw__000014000_000496000,Telugu,482.0000,3,3,0.0844,high (>7.0%),False,57.0182,57.8909,5.3669,35.5671,41.7095,35.5671,41.7095,50.0000,0.0000,0.0000,False,784.0000,1375.0000,796.0000,1375.0000,49.0000,913.0000,49.0290,28.5990,102.5480,506.5800,indicconformer__pyannote31+llm,indicconformer__pyannote31
indicconformer,pyannote31,llm,ARZl7LT0UC0__000073000_000130000,Telugu,57.0000,3,3,0.0905,high (>7.0%),False,90.1961,90.8497,29.1667,27.4142,41.2319,27.4142,41.2319,10.0000,0.0000,0.0000,False,138.0000,153.0000,139.0000,153.0000,14.0000,48.0000,6.2140,2.9810,7.6510,61.4500,indicconformer__pyannote31+llm,indicconformer__pyannote31
indicconformer,pyannote31,llm,A_dohDOK6Ic__000000000_000600000,Devanagari (hi/mr),600.0000,3,3,0.0048,low (<=2.2%),False,100.0000,100.0000,60.0273,6.1273,6.1594,6.1273,6.1594,62.0000,12.0000,47.0000,False,1829.0000,1829.0000,1829.0000,1829.0000,440.0000,733.0000,31.5930,2.7380,1.0980,578.2200,indicconformer__pyannote31+llm,indicconformer__pyannote31
indicconformer,pyannote31,llm,B2ScTgeIIck__000117000_000180000,Odia,63.0000,2,2,0.0879,high (>7.0%),False,74.7126,85.0575,38.8060,53.7241,60.9670,32.7229,34.8089,11.0000,2.0000,39.0000,False,130.0000,174.0000,148.0000,174.0000,26.0000,67.0000,10.1360,4.5180,21.1370,66.6200,indicconformer__pyannote31+llm,indicconformer__pyannote31
indicconformer,pyannote31,llm,BGAAfht5dYw__000000000_000612000,Gujarati,612.0000,4,4,0.1350,high (>7.0%),False,100.0000,100.0475,50.0000,27.8023,38.1878,27.8023,38.1878,74.0000,3.0000,21.0000,False,2105.0000,2105.0000,2106.0000,2105.0000,117.0000,234.0000,60.1300,13.6200,114.9220,678.6200,indicconformer__pyannote31+llm,indicconformer__pyannote31
indicconformer,pyannote31,llm,BYLcUGNB_zM__000020000_001387000,Kannada,1367.0000,4,4,0.0054,low (<=2.2%),False,52.6316,52.7228,1.5513,11.5579,14.9686,11.5579,14.9686,81.0000,0.0000,0.0000,False,1730.0000,3287.0000,1733.0000,3287.0000,39.0000,2514.0000,51.5660,29.3010,72.9930,1331.2100,indicconformer__pyannote31+llm,indicconformer__pyannote31
indicconformer,pyannote31,llm,Bngfppo1QtA__000028000_000927000,Telugu,899.0000,5,5+,0.1261,high (>7.0%),False,84.2020,84.7720,10.1429,50.6974,52.6394,50.6974,52.6394,94.0000,0.0000,0.0000,False,2068.0000,2456.0000,2082.0000,2456.0000,71.0000,700.0000,154.6960,127.3890,226.3440,1002.8700,indicconformer__pyannote31+llm,indicconformer__pyannote31
indicconformer,pyannote31,llm,CO_8ppdzq9U__000000000_000695000,Tamil,695.0000,4,4,0.0186,low (<=2.2%),False,80.3268,87.1150,20.4607,25.7896,36.8948,13.9565,17.9228,69.0000,15.0000,191.0000,False,1278.0000,1591.0000,1386.0000,1591.0000,151.0000,738.0000,49.4670,5.3610,113.4080,652.3400,indicconformer__pyannote31+llm,indicconformer__pyannote31
indicconformer,pyannote31,llm,Cku_X_SL7qU__000060000_000660000,Gujarati,600.0000,3,3,0.1022,high (>7.0%),False,100.0000,100.0000,73.3645,65.8813,55.4718,65.8813,55.4718,46.0000,0.0000,0.0000,False,1778.0000,1778.0000,1778.0000,1778.0000,157.0000,214.0000,112.5730,159.0050,55.4500,496.3900,indicconformer__pyannote31+llm,indicconformer__pyannote31
indicconformer,pyannote31,llm,DPmew0didIM__000191000_000512000,Telugu,321.0000,5,5+,0.0620,mid (2.2%-7.0%],False,65.1042,65.4948,5.6471,38.4862,56.2543,38.4862,56.2543,41.0000,0.0000,0.0000,False,500.0000,768.0000,503.0000,768.0000,24.0000,425.0000,46.6660,29.1820,49.8480,326.6000,indicconformer__pyannote31+llm,indicconformer__pyannote31
indicconformer,pyannote31,llm,EmsKkNN2Me4__000035000_000095000,Malayalam,60.0000,2,2,0.0471,mid (2.2%-7.0%],False,87.1508,87.7095,24.5283,49.2220,53.2097,50.1121,54.1358,15.0000,3.0000,4.0000,False,156.0000,179.0000,157.0000,179.0000,13.0000,53.0000,5.5710,6.9510,17.3410,60.6700,indicconformer__pyannote31+llm,indicconformer__pyannote31
indicconformer,pyannote31,llm,ExGJodnzocM__000212000_000527000,Devanagari (hi/mr),315.0000,4,4,0.0133,low (<=2.2%),False,100.0000,100.0000,72.9630,38.2820,49.6033,37.8587,49.0320,43.0000,1.0000,1.0000,False,1161.0000,1161.0000,1161.0000,1161.0000,197.0000,270.0000,27.2090,10.2180,81.1400,309.7200,indicconformer__pyannote31+llm,indicconformer__pyannote31
indicconformer,pyannote31,llm,F2uXav-wriA__000000000_000907000,Devanagari (hi/mr),907.0000,4,4,0.0336,mid (2.2%-7.0%],False,100.0000,100.0000,89.1662,15.5119,22.1540,14.7393,20.5327,117.0000,15.0000,152.0000,False,2765.0000,2765.0000,2765.0000,2765.0000,1465.0000,1643.0000,51.5050,8.3470,81.7690,912.9800,indicconformer__pyannote31+llm,indicconformer__pyannote31
indicconformer,pyannote31,llm,FDMf9ApmoNU__000016000_000686000,Bengali,670.0000,4,4,0.0882,high (>7.0%),False,86.5868,86.5868,7.6271,37.2315,39.3800,37.2315,39.3800,52.0000,0.0000,0.0000,False,1446.0000,1670.0000,1446.0000,1670.0000,27.0000,354.0000,113.9270,70.1920,50.4470,630.0200,indicconformer__pyannote31+llm,indicconformer__pyannote31
indicconformer,pyannote31,llm,G6qzg93FxwE__000021000_000116000,Gujarati,95.0000,2,2,0.0061,low (<=2.2%),False,61.0487,61.0487,0.7692,6.7849,7.9137,6.7849,7.9137,8.0000,0.0000,0.0000,False,163.0000,267.0000,163.0000,267.0000,1.0000,130.0000,4.0500,1.9250,0.3370,93.0300,indicconformer__pyannote31+llm,indicconformer__pyannote31
indicconformer,pyannote31,llm,GEc_sS2KWo8__000096000_000290000,Gujarati,194.0000,4,4,0.0378,mid (2.2%-7.0%],False,83.5907,88.8031,18.5185,34.6239,65.0003,34.6239,65.0003,14.0000,0.0000,0.0000,False,433.0000,518.0000,460.0000,518.0000,30.0000,162.0000,29.4890,12.4930,9.9850,150.0900,indicconformer__pyannote31+llm,indicconformer__pyannote31
indicconformer,pyannote31,llm,GfFLEIAAumk__000090000_000163000,Bengali,73.0000,2,2,0.0285,mid (2.2%-7.0%],False,88.4259,88.8889,7.5472,14.4965,19.2887,14.4965,19.2887,13.0000,2.0000,4.0000,False,191.0000,216.0000,192.0000,216.0000,4.0000,53.0000,3.8680,1.9790,4.8210,73.5900,indicconformer__pyannote31+llm,indicconformer__pyannote31
indicconformer,pyannote31,llm,Gq45evw6ytY__000597000_001464000,Odia,867.0000,3,3,0.0869,high (>7.0%),False,88.9416,89.1241,12.1905,35.5871,37.8137,35.5871,37.8137,79.0000,2.0000,2.0000,False,2437.0000,2740.0000,2442.0000,2740.0000,64.0000,525.0000,114.7960,71.5010,129.2150,886.5900,indicconformer__pyannote31+llm,indicconformer__pyannote31
indicconformer,pyannote31,llm,HZv_WvIr6lE__000021000_000105000,Tamil,84.0000,3,3,0.1276,high (>7.0%),False,92.3077,93.4615,39.5833,40.5549,45.3352,28.1305,28.9415,5.0000,3.0000,17.0000,False,240.0000,260.0000,243.0000,260.0000,19.0000,48.0000,6.8810,9.8180,20.7210,92.2700,indicconformer__pyannote31+llm,indicconformer__pyannote31
indicconformer,pyannote31,llm,HpYG46tGyYs__000103000_000998000,Devanagari (hi/mr),895.0000,4,4,0.0022,low (<=2.2%),False,19.2790,19.5925,0.3767,8.9450,10.4359,8.9450,10.4359,35.0000,0.0000,0.0000,False,492.0000,2552.0000,500.0000,2552.0000,9.0000,2389.0000,29.9200,35.3400,11.7770,861.2300,indicconformer__pyannote31+llm,indicconformer__pyannote31
indicconformer,pyannote31,llm,IAm1rt-MYcA__000004000_000558000,Bengali,554.0000,4,4,0.0445,mid (2.2%-7.0%],False,78.0806,78.0213,4.2553,32.7960,38.7056,32.7960,38.7056,51.0000,0.0000,0.0000,False,1318.0000,1688.0000,1317.0000,1688.0000,24.0000,564.0000,69.8790,53.8490,53.9050,541.6300,indicconformer__pyannote31+llm,indicconformer__pyannote31
indicconformer,pyannote31,llm,Iare1Emeueg__000016000_000069000,Devanagari (hi/mr),53.0000,2,2,0.0000,low (<=2.2%),False,100.0000,100.0000,60.0000,67.2076,66.7601,63.9390,59.9923,9.0000,3.0000,5.0000,False,139.0000,139.0000,139.0000,139.0000,9.0000,15.0000,15.6780,6.6250,6.7710,43.2600,indicconformer__pyannote31+llm,indicconformer__pyannote31
indicconformer,pyannote31,llm,IfTL8SSN270__000062000_000671000,Devanagari (hi/mr),609.0000,4,4,0.1121,high (>7.0%),False,100.0000,100.0000,69.0566,31.4245,34.0243,30.0664,31.9559,84.0000,4.0000,140.0000,False,2214.0000,2214.0000,2214.0000,2214.0000,732.0000,1060.0000,83.3010,54.8030,70.5110,663.8600,indicconformer__pyannote31+llm,indicconformer__pyannote31
indicconformer,pyannote31,llm,Ig6szCD8m20__000046000_000106000,Devanagari (hi/mr),60.0000,2,2,0.0204,low (<=2.2%),False,50.2591,80.3109,41.8440,51.1413,63.1984,23.1672,31.4099,5.0000,3.0000,88.0000,False,97.0000,193.0000,155.0000,193.0000,59.0000,141.0000,1.8980,2.9830,25.5890,59.5800,indicconformer__pyannote31+llm,indicconformer__pyannote31
indicconformer,pyannote31,llm,Iqhnt8ENm3U__000027000_000088000,Devanagari (hi/mr),61.0000,3,3,0.1772,high (>7.0%),False,87.0056,86.4407,32.6531,73.7455,79.4393,73.7455,79.4393,12.0000,0.0000,0.0000,False,154.0000,177.0000,153.0000,177.0000,16.0000,49.0000,15.9540,4.8310,28.3000,66.5600,indicconformer__pyannote31+llm,indicconformer__pyannote31
indicconformer,pyannote31,llm,J4-VpEkBzWw__000000000_000600000,Kannada,600.0000,7,5+,0.0685,mid (2.2%-7.0%],False,60.8247,60.8247,4.0331,9.9813,11.7069,9.9813,11.7069,62.0000,0.0000,0.0000,False,944.0000,1552.0000,944.0000,1552.0000,39.0000,967.0000,27.0970,10.9350,25.4700,636.2100,indicconformer__pyannote31+llm,indicconformer__pyannote31
indicconformer,pyannote31,llm,JBYGLQJwFDc__000103000_000407000,Tamil,304.0000,3,3,0.0120,low (<=2.2%),False,91.7647,92.3529,12.6050,48.2139,67.3693,48.2139,67.3693,22.0000,0.0000,0.0000,False,624.0000,680.0000,628.0000,680.0000,15.0000,119.0000,48.3510,32.7810,44.5280,260.6300,indicconformer__pyannote31+llm,indicconformer__pyannote31
indicconformer,pyannote31,llm,JSB1CeS4pP8__000000000_000632000,Punjabi,632.0000,4,4,0.0880,high (>7.0%),False,70.5460,71.9349,11.7720,24.1564,32.1217,15.3520,17.4680,54.0000,11.0000,214.0000,False,1473.0000,2088.0000,1502.0000,2088.0000,95.0000,807.0000,51.9340,17.6610,88.0350,652.5400,indicconformer__pyannote31+llm,indicconformer__pyannote31
indicconformer,pyannote31,llm,Jc5AVwg2cZM__000153000_000214000,Devanagari (hi/mr),61.0000,3,3,0.2816,high (>7.0%),False,89.5349,90.6977,19.6078,87.3329,79.5005,87.0617,77.2930,14.0000,3.0000,7.0000,False,154.0000,172.0000,156.0000,172.0000,10.0000,51.0000,17.2340,17.6740,19.8410,62.6900,indicconformer__pyannote31+llm,indicconformer__pyannote31
indicconformer,pyannote31,llm,KAtdcDieQMw__000057000_000599000,Odia,542.0000,3,3,0.1073,high (>7.0%),False,71.4696,72.2158,7.5269,21.7959,25.8742,21.7959,25.8742,48.0000,0.0000,0.0000,False,1245.0000,1742.0000,1258.0000,1742.0000,70.0000,930.0000,67.2530,14.9700,44.6010,581.8700,indicconformer__pyannote31+llm,indicconformer__pyannote31
indicconformer,pyannote31,llm,KPkRi3GM7fs__000047000_000642000,Odia,595.0000,3,3,0.0031,low (<=2.2%),False,44.5572,48.9566,4.2654,12.6407,14.8670,12.6407,14.8670,30.0000,0.0000,0.0000,False,790.0000,1773.0000,868.0000,1773.0000,63.0000,1477.0000,42.2800,15.0490,15.6380,577.2400,indicconformer__pyannote31+llm,indicconformer__pyannote31
indicconformer,pyannote31,llm,Kdi-ECuOaKg__000002000_000078000,Malayalam,76.0000,6,5+,0.0000,low (<=2.2%),False,59.3407,68.1319,9.6774,95.9473,79.0042,95.9473,79.0042,8.0000,0.0000,0.0000,False,54.0000,91.0000,62.0000,91.0000,6.0000,62.0000,14.6570,16.5360,6.3320,39.1100,indicconformer__pyannote31+llm,indicconformer__pyannote31
indicconformer,pyannote31,llm,L7xRazDdtgw__000019000_000083000,Gujarati,64.0000,3,3,0.0012,low (<=2.2%),False,100.0000,100.9804,66.6667,90.3867,78.9038,90.3867,78.9038,8.0000,0.0000,0.0000,False,102.0000,102.0000,103.0000,102.0000,14.0000,21.0000,13.2660,7.4360,17.8660,42.6700,indicconformer__pyannote31+llm,indicconformer__pyannote31
indicconformer,pyannote31,llm,LBIWBxQ5H1s__000090000_001020000,Malayalam,930.0000,4,4,0.0724,high (>7.0%),False,81.8515,82.3002,11.5991,40.5681,45.8393,38.8374,43.4594,83.0000,6.0000,33.0000,False,2007.0000,2452.0000,2018.0000,2452.0000,103.0000,888.0000,122.2490,86.4100,181.5860,961.9500,indicconformer__pyannote31+llm,indicconformer__pyannote31
indicconformer,pyannote31,llm,LK23jX9tgZM__000059000_000221000,Gujarati,162.0000,3,3,0.1712,high (>7.0%),False,85.5839,85.5839,1.1111,31.7586,54.6427,31.7586,54.6427,3.0000,0.0000,0.0000,False,469.0000,548.0000,469.0000,548.0000,1.0000,90.0000,35.2140,9.6140,12.0230,179.0100,indicconformer__pyannote31+llm,indicconformer__pyannote31
indicconformer,pyannote31,llm,LctYmmr9-Vg__000000000_000061000,Devanagari (hi/mr),61.0000,2,2,0.0000,low (<=2.2%),False,78.4173,79.8561,11.1111,15.7158,15.6575,15.7158,15.6575,8.0000,0.0000,0.0000,False,109.0000,139.0000,111.0000,139.0000,6.0000,54.0000,7.3690,0.1510,0.0000,47.8500,indicconformer__pyannote31+llm,indicconformer__pyannote31
indicconformer,pyannote31,llm,LqQHdo7t5Ps__000198000_000498000,Devanagari (hi/mr),300.0000,3,3,0.0019,low (<=2.2%),False,48.6994,50.1445,7.2340,15.7879,24.4284,15.7879,24.4284,28.0000,1.0000,23.0000,False,337.0000,692.0000,347.0000,692.0000,34.0000,470.0000,8.9150,7.0890,30.3540,293.6300,indicconformer__pyannote31+llm,indicconformer__pyannote31
indicconformer,pyannote31,llm,Md3p6RTanBg__000315000_000426000,Bengali,111.0000,3,3,0.0528,mid (2.2%-7.0%],False,63.7584,66.1074,5.5172,28.6451,34.5732,6.1676,5.7321,11.0000,1.0000,6.0000,False,190.0000,298.0000,197.0000,298.0000,8.0000,145.0000,4.6970,1.1320,26.6030,113.2200,indicconformer__pyannote31+llm,indicconformer__pyannote31
indicconformer,pyannote31,llm,MmtWBUK2DKE__000000000_000310000,Devanagari (hi/mr),310.0000,5,5+,0.0432,mid (2.2%-7.0%],False,100.0000,100.0923,82.4261,11.6350,32.1060,11.6350,32.1060,48.0000,0.0000,0.0000,True,1083.0000,1083.0000,1084.0000,1083.0000,530.0000,643.0000,13.5220,6.5900,15.5550,306.5500,indicconformer__pyannote31+llm,indicconformer__pyannote31
indicconformer,pyannote31,llm,NLgHpYyf5bY__000313000_000383000,Devanagari (hi/mr),70.0000,2,2,0.0097,low (<=2.2%),False,100.0000,100.0000,32.2917,21.1932,36.2465,21.1932,36.2465,7.0000,0.0000,0.0000,True,240.0000,240.0000,240.0000,240.0000,62.0000,192.0000,5.1080,2.2150,7.2770,68.8900,indicconformer__pyannote31+llm,indicconformer__pyannote31
indicconformer,pyannote31,llm,NuhdqCEuIBo__000197000_000540000,Punjabi,343.0000,3,3,0.0562,mid (2.2%-7.0%],False,72.2425,72.5347,7.9523,22.5137,35.6268,22.5137,35.6268,37.0000,0.0000,0.0000,True,989.0000,1369.0000,993.0000,1369.0000,40.0000,503.0000,27.0860,18.9030,34.0180,355.3700,indicconformer__pyannote31+llm,indicconformer__pyannote31
indicconformer,pyannote31,llm,O4_aeGFzZ8A__000000000_000335000,Kannada,335.0000,8,5+,0.0004,low (<=2.2%),False,61.6809,61.6809,1.3216,15.0247,11.4708,15.0247,11.4708,36.0000,0.0000,0.0000,False,433.0000,702.0000,433.0000,702.0000,6.0000,454.0000,26.8330,20.9160,0.6110,321.8700,indicconformer__pyannote31+llm,indicconformer__pyannote31
indicconformer,pyannote31,llm,OXUt5KnlUMo__000091000_000181000,Odia,90.0000,2,2,0.0000,low (<=2.2%),False,75.0000,75.4032,7.9646,45.5216,63.9348,27.4389,39.0269,10.0000,3.0000,97.0000,False,186.0000,248.0000,187.0000,248.0000,9.0000,113.0000,6.4090,3.6200,29.2880,86.3700,indicconformer__pyannote31+llm,indicconformer__pyannote31
indicconformer,pyannote31,llm,OxYCBQKZ3iY__000000000_001822000,Punjabi,1822.0000,7,5+,0.0659,mid (2.2%-7.0%],False,100.0000,100.0000,81.2407,36.9344,45.2456,36.9344,45.2456,304.0000,25.0000,88.0000,False,5525.0000,5525.0000,5525.0000,5525.0000,1087.0000,1338.0000,142.9350,81.2580,406.0070,1706.2700,indicconformer__pyannote31+llm,indicconformer__pyannote31
indicconformer,pyannote31,llm,PCUA2q2C-2A__000045000_000107000,Devanagari (hi/mr),62.0000,3,3,0.0063,low (<=2.2%),False,29.8701,50.0000,12.5000,16.2873,40.4092,4.5676,6.1890,3.0000,1.0000,83.0000,False,46.0000,154.0000,77.0000,154.0000,18.0000,144.0000,1.1610,1.5900,7.1370,60.7100,indicconformer__pyannote31+llm,indicconformer__pyannote31
indicconformer,pyannote31,llm,PEDfT9-Yf2o__000000000_000469000,Bengali,469.0000,3,3,0.0110,low (<=2.2%),False,38.7250,40.9134,2.3438,6.3383,8.1751,6.3383,8.1751,28.0000,1.0000,10.0000,False,407.0000,1051.0000,430.0000,1051.0000,18.0000,768.0000,13.6510,2.6000,9.2670,402.6000,indicconformer__pyannote31+llm,indicconformer__pyannote31
indicconformer,pyannote31,llm,PQB3-4sZUeY__000000000_001132000,Telugu,1132.0000,4,4,0.1069,high (>7.0%),False,89.5833,91.1045,32.0290,37.6719,49.9908,37.0485,49.0956,143.0000,2.0000,27.0000,False,2709.0000,3024.0000,2755.0000,3024.0000,221.0000,690.0000,91.0530,54.5790,280.0000,1129.8400,indicconformer__pyannote31+llm,indicconformer__pyannote31
indicconformer,pyannote31,llm,PRAzUz0GANs__000223000_000283000,Kannada,60.0000,2,2,0.0822,high (>7.0%),False,85.5670,85.5670,10.8434,35.0359,41.7102,35.0359,41.7102,8.0000,0.0000,0.0000,True,166.0000,194.0000,166.0000,194.0000,9.0000,83.0000,6.2920,5.1080,10.5710,62.7100,indicconformer__pyannote31+llm,indicconformer__pyannote31
indicconformer,pyannote31,llm,PSIzXy5-y2E__000002000_000918000,Devanagari (hi/mr),916.0000,3,3,0.0434,mid (2.2%-7.0%],False,69.7984,70.9677,5.5994,32.5973,29.7835,32.5973,29.7835,148.0000,0.0000,0.0000,False,1731.0000,2480.0000,1760.0000,2480.0000,71.0000,1268.0000,152.6180,77.1650,60.2680,889.8000,indicconformer__pyannote31+llm,indicconformer__pyannote31
indicconformer,pyannote31,llm,PVDfS7lcJHY__000000000_000360000,Kannada,360.0000,6,5+,0.1127,high (>7.0%),False,83.7838,84.7490,14.2029,32.3047,41.9134,32.3047,41.9134,54.0000,0.0000,0.0000,False,868.0000,1036.0000,878.0000,1036.0000,49.0000,345.0000,34.6890,13.2250,76.3200,384.5700,indicconformer__pyannote31+llm,indicconformer__pyannote31
indicconformer,pyannote31,llm,Pjre5dpnKGA__000000000_000330000,Kannada,330.0000,4,4,0.0933,high (>7.0%),False,83.3550,83.3550,12.0438,26.7143,49.5259,26.7143,49.5259,31.0000,3.0000,7.0000,False,641.0000,769.0000,641.0000,769.0000,33.0000,274.0000,24.4840,13.9590,51.2290,335.6700,indicconformer__pyannote31+llm,indicconformer__pyannote31
indicconformer,pyannote31,llm,QhpjuNTZoA8__000000000_000586000,Kannada,586.0000,3,3,0.0512,mid (2.2%-7.0%],False,73.6005,91.7939,37.1122,32.7247,50.6914,32.7247,50.6914,68.0000,0.0000,0.0000,False,1157.0000,1572.0000,1443.0000,1572.0000,311.0000,838.0000,39.7620,10.1270,150.2190,611.4900,indicconformer__pyannote31+llm,indicconformer__pyannote31
indicconformer,pyannote31,llm,QuA_B6IZ6Ls__000061000_001863000,Devanagari (hi/mr),1802.0000,4,4,0.3694,high (>7.0%),False,100.0000,100.3617,63.3742,49.4875,41.5881,48.5394,40.9295,216.0000,25.0000,457.0000,False,6635.0000,6635.0000,6659.0000,6635.0000,1758.0000,2774.0000,959.4620,109.2840,269.3820,2703.9700,indicconformer__pyannote31+llm,indicconformer__pyannote31
indicconformer,pyannote31,llm,RL2fhIEEbZg__000000000_000065000,Telugu,65.0000,3,3,0.0563,mid (2.2%-7.0%],False,67.6829,67.6829,6.9444,14.2814,44.3120,14.2814,44.3120,6.0000,0.0000,0.0000,False,111.0000,164.0000,111.0000,164.0000,5.0000,72.0000,3.3480,0.8920,5.1100,65.4700,indicconformer__pyannote31+llm,indicconformer__pyannote31
indicconformer,pyannote31,llm,RL2fhIEEbZg__000066000_001034000,Telugu,968.0000,3,3,0.0719,high (>7.0%),False,69.2218,69.6109,7.6052,30.1824,31.9944,30.1824,31.9944,124.0000,1.0000,1.0000,False,1779.0000,2570.0000,1789.0000,2570.0000,94.0000,1236.0000,115.2460,80.9310,109.5560,1012.9500,indicconformer__pyannote31+llm,indicconformer__pyannote31
indicconformer,pyannote31,llm,RWTmftezCwI__000000000_000060000,Malayalam,60.0000,2,2,0.0244,mid (2.2%-7.0%],False,75.6303,75.6303,1.6949,16.4524,18.4325,16.4524,18.4325,5.0000,0.0000,0.0000,False,90.0000,119.0000,90.0000,119.0000,1.0000,59.0000,5.7510,2.2670,1.5310,58.0400,indicconformer__pyannote31+llm,indicconformer__pyannote31
indicconformer,pyannote31,llm,RZUZyvRzi80__000000000_000336000,Punjabi,336.0000,4,4,0.0001,low (<=2.2%),False,30.1382,31.5207,1.5819,4.6101,6.5967,4.6101,6.5967,11.0000,2.0000,18.0000,False,327.0000,1085.0000,342.0000,1085.0000,14.0000,885.0000,3.5610,2.8750,8.4840,323.6400,indicconformer__pyannote31+llm,indicconformer__pyannote31
indicconformer,pyannote31,llm,SZ7ay4OjfAE__000000000_000897000,Telugu,897.0000,5,5+,0.1794,high (>7.0%),False,83.6035,84.8541,22.2222,41.3516,56.1123,41.3516,56.1123,113.0000,0.0000,0.0000,False,1805.0000,2159.0000,1832.0000,2159.0000,160.0000,720.0000,132.7160,34.1420,251.4470,1011.5800,indicconformer__pyannote31+llm,indicconformer__pyannote31
indicconformer,pyannote31,llm,T3I2T-cfhG4__000160000_000210000,Devanagari (hi/mr),50.0000,2,2,0.0000,low (<=2.2%),False,45.6897,45.6897,0.0000,12.5548,14.2157,12.5548,14.2157,6.0000,0.0000,0.0000,False,53.0000,116.0000,53.0000,116.0000,0.0000,88.0000,1.9800,3.0200,0.8970,46.9700,indicconformer__pyannote31+llm,indicconformer__pyannote31
indicconformer,pyannote31,llm,TU3M6wSQV_g__000099000_000171000,Telugu,72.0000,2,2,0.0451,mid (2.2%-7.0%],False,68.5185,70.3704,16.5049,33.3481,53.6249,24.8853,46.0125,9.0000,1.0000,11.0000,False,148.0000,216.0000,152.0000,216.0000,17.0000,103.0000,3.7000,4.1930,16.9680,74.5500,indicconformer__pyannote31+llm,indicconformer__pyannote31
indicconformer,pyannote31,llm,Tlha36rSd5o__000240000_000374000,Tamil,134.0000,2,2,0.0000,low (<=2.2%),False,77.9874,77.9874,0.0000,16.9409,13.9233,16.9409,13.9233,16.0000,0.0000,0.0000,False,248.0000,318.0000,248.0000,318.0000,0.0000,149.0000,12.3840,7.8530,0.9510,125.0700,indicconformer__pyannote31+llm,indicconformer__pyannote31
indicconformer,pyannote31,llm,TrPnW5kLAyQ__000093000_000513000,Devanagari (hi/mr),420.0000,4,4,0.0501,mid (2.2%-7.0%],False,68.8808,68.9718,4.5375,25.1438,28.5670,25.1438,28.5670,52.0000,0.0000,0.0000,False,757.0000,1099.0000,758.0000,1099.0000,26.0000,573.0000,61.1570,21.6280,16.4400,394.6300,indicconformer__pyannote31+llm,indicconformer__pyannote31
indicconformer,pyannote31,llm,U_EHjxThUgc__000181000_000289000,Bengali,108.0000,3,3,0.0529,mid (2.2%-7.0%],False,44.1472,86.9565,43.6275,47.4771,58.2819,15.1323,18.4213,5.0000,2.0000,88.0000,False,132.0000,299.0000,260.0000,299.0000,89.0000,204.0000,7.4260,4.6940,41.1730,112.2500,indicconformer__pyannote31+llm,indicconformer__pyannote31
indicconformer,pyannote31,llm,VHlIFsHPWbk__000023000_000470000,Odia,447.0000,4,4,0.0269,mid (2.2%-7.0%],False,53.6494,53.9503,3.0371,9.9013,13.0857,9.9013,13.0857,28.0000,4.0000,68.0000,False,713.0000,1329.0000,717.0000,1329.0000,27.0000,889.0000,14.7750,11.8520,17.8080,448.7800,indicconformer__pyannote31+llm,indicconformer__pyannote31
indicconformer,pyannote31,llm,VKY0uuZ6Om8__000575000_000935000,Devanagari (hi/mr),360.0000,3,3,0.1718,high (>7.0%),False,70.2878,70.9378,5.3419,41.8654,49.3476,41.8654,49.3476,54.0000,3.0000,44.0000,False,757.0000,1077.0000,764.0000,1077.0000,25.0000,468.0000,75.2310,39.0420,61.2980,419.3700,indicconformer__pyannote31+llm,indicconformer__pyannote31
indicconformer,pyannote31,llm,VY_4x1scS-Y__000013000_000121000,Tamil,108.0000,4,4,0.0427,mid (2.2%-7.0%],False,94.9405,95.2381,6.7797,43.0595,63.8720,30.2275,37.1959,6.0000,2.0000,11.0000,False,319.0000,336.0000,320.0000,336.0000,4.0000,59.0000,8.3650,4.6510,34.6810,110.7700,indicconformer__pyannote31+llm,indicconformer__pyannote31
indicconformer,sortformer_stream,baseline,0AEEA8NyVwY__000011000_000609000,Devanagari (hi/mr),598.0000,3,3,0.0047,low (<=2.2%),False,57.0893,57.1643,2.8221,5.9075,6.6698,5.9075,6.6698,,,,,761.0000,1333.0000,762.0000,1333.0000,23.0000,815.0000,16.4500,16.0800,0.8000,564.2000,sortformer_stream,indicconformer__sortformer_stream
indicconformer,sortformer_stream,baseline,0SoItGfM_sY__000007000_000088000,Kannada,81.0000,5,5+,0.0000,low (<=2.2%),False,64.8485,70.9091,12.1739,38.7466,69.8914,41.0645,74.7974,,,,,107.0000,165.0000,117.0000,165.0000,14.0000,115.0000,4.7700,8.7600,13.5500,69.8900,sortformer_stream,indicconformer__sortformer_stream
indicconformer,sortformer_stream,baseline,0VEwL9XZ0LY__000261000_000557000,Devanagari (hi/mr),296.0000,2,2,0.0355,mid (2.2%-7.0%],False,30.6987,68.3849,43.6751,54.2840,70.9802,55.1412,71.5041,,,,,268.0000,873.0000,597.0000,873.0000,328.0000,751.0000,35.1600,18.6200,103.2800,289.3300,sortformer_stream,indicconformer__sortformer_stream
indicconformer,sortformer_stream,baseline,0esIFSOAcFs__000000000_000913000,Gujarati,913.0000,3,3,0.0232,mid (2.2%-7.0%],False,71.5429,78.5662,33.6616,38.4429,55.0307,38.5348,55.0721,,,,,1966.0000,2748.0000,2159.0000,2748.0000,376.0000,1117.0000,29.7500,5.8500,320.2200,925.5800,sortformer_stream,indicconformer__sortformer_stream
indicconformer,sortformer_stream,baseline,0p6cktLGIfY__000012000_000930000,Gujarati,918.0000,6,5+,0.0329,mid (2.2%-7.0%],False,81.1843,81.9634,10.4636,42.9051,67.9688,43.4608,68.2261,,,,,2084.0000,2567.0000,2104.0000,2567.0000,79.0000,755.0000,122.7900,111.0800,122.8000,831.3000,sortformer_stream,indicconformer__sortformer_stream
indicconformer,sortformer_stream,baseline,13VBh0Z6QmE__000000000_000904000,Tamil,904.0000,4,4,0.0290,mid (2.2%-7.0%],False,98.8395,99.1597,64.4231,38.9108,46.6829,43.1010,54.9344,,,,,2470.0000,2499.0000,2478.0000,2499.0000,67.0000,104.0000,26.9700,22.3600,295.8400,887.0800,sortformer_stream,indicconformer__sortformer_stream
indicconformer,sortformer_stream,baseline,1LFl5JEipII__000000000_000597000,Bengali,597.0000,5,5+,0.1006,high (>7.0%),False,93.9623,96.5409,56.9231,63.9694,77.0427,65.6239,78.3056,,,,,1494.0000,1590.0000,1535.0000,1590.0000,111.0000,195.0000,81.4800,25.7200,271.3200,591.7200,sortformer_stream,indicconformer__sortformer_stream
indicconformer,sortformer_stream,baseline,2HGP34TNvjg__000084000_000194000,Odia,110.0000,2,2,0.0128,low (<=2.2%),False,58.7838,87.1622,35.3535,56.8445,63.1952,56.8445,63.1952,,,,,174.0000,296.0000,258.0000,296.0000,70.0000,198.0000,6.4300,7.8800,43.6600,101.9800,sortformer_stream,indicconformer__sortformer_stream
indicconformer,sortformer_stream,baseline,2LN6vb7EBn0__000098000_000394000,Tamil,296.0000,3,3,0.0238,mid (2.2%-7.0%],False,98.9348,99.2011,50.0000,55.0737,67.0634,56.4681,69.5388,,,,,743.0000,751.0000,745.0000,751.0000,15.0000,30.0000,10.2900,28.0500,119.6500,286.8700,sortformer_stream,indicconformer__sortformer_stream
indicconformer,sortformer_stream,baseline,2T4pjueLrsk__000677000_001290000,Gujarati,613.0000,4,4,0.0342,mid (2.2%-7.0%],False,92.1348,93.6906,50.8876,68.0935,72.3583,67.7146,72.1839,,,,,2132.0000,2314.0000,2168.0000,2314.0000,172.0000,338.0000,93.8100,66.2300,210.1300,543.6200,sortformer_stream,indicconformer__sortformer_stream
indicconformer,sortformer_stream,baseline,2gGHQgj9yno__000000000_000099000,Gujarati,99.0000,4,4,0.0798,high (>7.0%),False,93.3333,94.0351,30.0000,30.9519,44.4393,33.1285,52.1974,,,,,266.0000,285.0000,268.0000,285.0000,9.0000,30.0000,14.6200,8.5200,6.5800,96.0200,sortformer_stream,indicconformer__sortformer_stream
indicconformer,sortformer_stream,baseline,2iMXYxBTwbM__000339000_000401000,Devanagari (hi/mr),62.0000,3,3,0.1275,high (>7.0%),False,96.2766,96.2766,46.1538,81.6001,80.7524,80.4097,80.2061,,,,,181.0000,188.0000,181.0000,188.0000,12.0000,26.0000,14.4100,15.9200,16.2800,57.1200,sortformer_stream,indicconformer__sortformer_stream
indicconformer,sortformer_stream,baseline,37dND_0r6S8__000060000_000222000,Tamil,162.0000,2,2,0.0896,high (>7.0%),False,99.8205,99.8205,0.0000,48.4448,53.7377,48.4448,53.7377,,,,,556.0000,557.0000,556.0000,557.0000,0.0000,1.0000,17.6900,22.6500,41.4300,168.7900,sortformer_stream,indicconformer__sortformer_stream
indicconformer,sortformer_stream,baseline,4Qg2jWP6_T0__000136000_000202000,Punjabi,66.0000,3,3,0.2093,high (>7.0%),False,93.2331,94.7368,42.8571,74.8544,74.9040,82.1281,79.2043,,,,,248.0000,266.0000,252.0000,266.0000,21.0000,49.0000,11.5700,15.7300,25.3900,70.3900,sortformer_stream,indicconformer__sortformer_stream
indicconformer,sortformer_stream,baseline,6-726qTlYeg__000102000_000162000,Malayalam,60.0000,2,2,0.1610,high (>7.0%),False,96.2617,95.3271,17.3077,45.1831,49.0809,53.8981,53.8810,,,,,206.0000,214.0000,204.0000,214.0000,9.0000,52.0000,7.9500,10.2900,13.2300,69.6500,sortformer_stream,indicconformer__sortformer_stream
indicconformer,sortformer_stream,baseline,6ZeRgvDHwcI__000006000_000100000,Gujarati,94.0000,2,2,0.0125,low (<=2.2%),False,89.4180,89.9471,54.0000,64.7709,58.8969,69.7630,63.6907,,,,,169.0000,189.0000,170.0000,189.0000,27.0000,50.0000,24.2900,10.5100,6.2000,63.3000,sortformer_stream,indicconformer__sortformer_stream
indicconformer,sortformer_stream,baseline,6f6TLzlP8Wk__000082000_000144000,Punjabi,62.0000,2,2,0.0510,mid (2.2%-7.0%],False,100.0000,100.0000,35.5263,55.1367,59.8394,60.4177,65.1010,,,,,236.0000,236.0000,236.0000,236.0000,27.0000,76.0000,6.4300,7.6100,18.4300,58.8900,sortformer_stream,indicconformer__sortformer_stream
indicconformer,sortformer_stream,baseline,7L4gi7Ncc0s__000090000_000148000,Malayalam,58.0000,2,2,0.0000,low (<=2.2%),False,49.6000,52.8000,1.8692,16.6876,24.1904,16.6876,24.1904,,,,,62.0000,125.0000,66.0000,125.0000,2.0000,107.0000,4.0800,2.3200,2.8900,55.6700,sortformer_stream,indicconformer__sortformer_stream
indicconformer,sortformer_stream,baseline,7WhVNRHbjIY__000091000_001089000,Tamil,998.0000,5,5+,0.0133,low (<=2.2%),False,95.4472,95.8501,25.4545,32.2150,42.4606,34.8858,48.0076,,,,,2369.0000,2482.0000,2379.0000,2482.0000,70.0000,275.0000,14.7000,25.7700,280.6100,996.6800,sortformer_stream,indicconformer__sortformer_stream
indicconformer,sortformer_stream,baseline,7YfsQPYY-W0__000351000_000411000,Odia,60.0000,2,2,0.1219,high (>7.0%),False,100.0000,100.0000,28.5714,56.0778,59.4626,58.3658,61.0983,,,,,208.0000,208.0000,208.0000,208.0000,4.0000,14.0000,8.6900,8.9100,18.4300,64.2500,sortformer_stream,indicconformer__sortformer_stream
indicconformer,sortformer_stream,baseline,7c9ePKgqams__000299000_000869000,Telugu,570.0000,4,4,0.0055,low (<=2.2%),False,54.9277,88.1078,59.8157,54.9483,76.5204,54.2218,76.0721,,,,,836.0000,1522.0000,1341.0000,1522.0000,649.0000,1085.0000,18.3200,23.3900,262.3300,553.3200,sortformer_stream,indicconformer__sortformer_stream
indicconformer,sortformer_stream,baseline,7k-xDqNjESc__000073000_000981000,Malayalam,908.0000,4,4,0.0421,mid (2.2%-7.0%],False,57.7937,70.5672,19.8221,44.7209,71.0072,45.5186,71.2761,,,,,1294.0000,2239.0000,1580.0000,2239.0000,312.0000,1574.0000,89.0100,87.5700,224.8300,897.5900,sortformer_stream,indicconformer__sortformer_stream
indicconformer,sortformer_stream,baseline,83gP2vLH7UY__000255000_002005000,Devanagari (hi/mr),1750.0000,5,5+,0.2022,high (>7.0%),False,66.9598,88.4635,68.3587,71.7330,79.6293,72.8854,79.1173,,,,,3883.0000,5799.0000,5130.0000,5799.0000,1845.0000,2699.0000,273.1400,197.8300,994.9800,2043.6200,sortformer_stream,indicconformer__sortformer_stream
indicconformer,sortformer_stream,baseline,86mMTUeDiR8__000181000_001079000,Bengali,898.0000,5,5+,0.0517,mid (2.2%-7.0%],False,86.4187,90.5558,31.2992,57.2642,72.1340,57.1621,72.0760,,,,,2068.0000,2393.0000,2167.0000,2393.0000,159.0000,508.0000,103.0500,97.8900,270.4300,823.1500,sortformer_stream,indicconformer__sortformer_stream
indicconformer,sortformer_stream,baseline,87Zbup3ohcw__000106000_000445000,Tamil,339.0000,4,4,0.0152,low (<=2.2%),False,75.9680,85.4473,46.6443,39.3128,62.5900,39.3128,62.5900,,,,,569.0000,749.0000,640.0000,749.0000,139.0000,298.0000,18.3500,18.2400,89.2700,320.1500,sortformer_stream,indicconformer__sortformer_stream
indicconformer,sortformer_stream,baseline,8Ve4SWhlrrA__000000000_000070000,Odia,70.0000,2,2,0.0000,low (<=2.2%),False,24.8120,25.5639,0.8000,4.8895,38.0981,4.8895,38.0981,,,,,33.0000,133.0000,34.0000,133.0000,1.0000,125.0000,0.0800,1.5400,1.5000,63.8100,sortformer_stream,indicconformer__sortformer_stream
indicconformer,sortformer_stream,baseline,8mvORuRHw2U__000000000_001197000,Gujarati,1197.0000,4,4,0.0417,mid (2.2%-7.0%],False,83.5052,88.6025,46.1637,57.5958,66.9783,57.2336,66.8043,,,,,2916.0000,3492.0000,3094.0000,3492.0000,361.0000,782.0000,69.0400,70.6000,528.0800,1159.3200,sortformer_stream,indicconformer__sortformer_stream
indicconformer,sortformer_stream,baseline,8o7jKmq6HsM__000030000_001770000,Devanagari (hi/mr),1740.0000,6,5+,0.0471,mid (2.2%-7.0%],False,81.6273,90.9886,54.3919,60.8167,74.0458,62.0701,75.5439,,,,,3732.0000,4572.0000,4160.0000,4572.0000,805.0000,1480.0000,108.7500,43.4100,922.6300,1767.2600,sortformer_stream,indicconformer__sortformer_stream
indicconformer,sortformer_stream,baseline,8pkp-lpMJP0__000326000_000926000,Telugu,600.0000,8,5+,0.2032,high (>7.0%),False,80.8469,82.9967,24.0137,44.9302,75.2414,47.8305,76.4621,,,,,1241.0000,1535.0000,1274.0000,1535.0000,140.0000,583.0000,112.0700,35.5000,165.3600,696.4800,sortformer_stream,indicconformer__sortformer_stream
indicconformer,sortformer_stream,baseline,8r2Nltl0W4o__000259000_000320000,Punjabi,61.0000,2,2,0.0227,mid (2.2%-7.0%],False,51.7787,51.7787,0.0000,25.5386,61.0984,17.1189,56.9016,,,,,131.0000,253.0000,131.0000,253.0000,0.0000,159.0000,3.0300,2.1800,10.3200,60.8100,sortformer_stream,indicconformer__sortformer_stream
indicconformer,sortformer_stream,baseline,90uAd6xpTPo__000016000_000408000,Devanagari (hi/mr),392.0000,4,4,0.0067,low (<=2.2%),False,100.0000,112.7888,38.9892,52.6412,75.4310,52.6412,75.4205,,,,,1212.0000,1212.0000,1367.0000,1212.0000,324.0000,831.0000,11.4100,10.0700,171.0500,365.7400,sortformer_stream,indicconformer__sortformer_stream
indicconformer,sortformer_stream,baseline,9Aw8kg8w5Xo__000000000_000083000,Telugu,83.0000,4,4,0.0216,low (<=2.2%),False,57.7889,74.3719,17.5000,16.2433,56.5729,26.3434,65.7713,,,,,115.0000,199.0000,148.0000,199.0000,21.0000,120.0000,2.1700,1.8500,9.2800,81.8800,sortformer_stream,indicconformer__sortformer_stream
indicconformer,sortformer_stream,baseline,9_GMxc_JjyI__000236000_000368000,Kannada,132.0000,2,2,0.0602,mid (2.2%-7.0%],False,57.4124,58.7601,3.4749,19.1479,47.1646,19.8374,44.7776,,,,,213.0000,371.0000,218.0000,371.0000,9.0000,259.0000,9.3500,5.6500,11.3800,137.7700,sortformer_stream,indicconformer__sortformer_stream
indicconformer,sortformer_stream,baseline,ARCKJrGkITw__000014000_000496000,Telugu,482.0000,3,3,0.0844,high (>7.0%),False,57.0182,80.8727,39.9781,48.1049,58.5320,47.7595,57.5068,,,,,784.0000,1375.0000,1112.0000,1375.0000,365.0000,913.0000,48.2200,25.5600,169.9100,506.5800,sortformer_stream,indicconformer__sortformer_stream
indicconformer,sortformer_stream,baseline,ARZl7LT0UC0__000073000_000130000,Telugu,57.0000,3,3,0.0905,high (>7.0%),False,90.1961,90.1961,27.0833,27.9089,43.4513,25.8910,38.3559,,,,,138.0000,153.0000,138.0000,153.0000,13.0000,48.0000,4.2900,3.6800,9.1800,61.4500,sortformer_stream,indicconformer__sortformer_stream
indicconformer,sortformer_stream,baseline,A_dohDOK6Ic__000000000_000600000,Devanagari (hi/mr),600.0000,3,3,0.0048,low (<=2.2%),False,100.0000,100.0000,60.0273,36.4982,50.9283,36.6764,51.0490,,,,,1829.0000,1829.0000,1829.0000,1829.0000,440.0000,733.0000,11.3800,11.2300,188.4300,578.2200,sortformer_stream,indicconformer__sortformer_stream
indicconformer,sortformer_stream,baseline,B2ScTgeIIck__000117000_000180000,Odia,63.0000,2,2,0.0879,high (>7.0%),False,74.7126,73.5632,5.9701,30.2612,35.1282,31.1018,34.9235,,,,,130.0000,174.0000,128.0000,174.0000,4.0000,67.0000,5.4700,5.7700,8.9200,66.6200,sortformer_stream,indicconformer__sortformer_stream
indicconformer,sortformer_stream,baseline,BGAAfht5dYw__000000000_000612000,Gujarati,612.0000,4,4,0.1350,high (>7.0%),False,100.0000,100.0000,52.9915,33.5180,55.4242,39.5405,60.0601,,,,,2105.0000,2105.0000,2105.0000,2105.0000,124.0000,234.0000,53.9000,30.3100,143.2500,678.6200,sortformer_stream,indicconformer__sortformer_stream
indicconformer,sortformer_stream,baseline,BYLcUGNB_zM__000020000_001387000,Kannada,1367.0000,4,4,0.0054,low (<=2.2%),False,52.6316,59.0204,8.4328,14.9834,22.2950,14.9473,22.1576,,,,,1730.0000,3287.0000,1940.0000,3287.0000,212.0000,2514.0000,36.9000,19.6100,142.9500,1331.2100,sortformer_stream,indicconformer__sortformer_stream
indicconformer,sortformer_stream,baseline,Bngfppo1QtA__000028000_000927000,Telugu,899.0000,5,5+,0.1261,high (>7.0%),False,84.2020,90.1466,27.7143,60.9501,67.3965,63.2285,67.9232,,,,,2068.0000,2456.0000,2214.0000,2456.0000,194.0000,700.0000,132.4600,150.1100,328.6800,1002.8700,sortformer_stream,indicconformer__sortformer_stream
indicconformer,sortformer_stream,baseline,CO_8ppdzq9U__000000000_000695000,Tamil,695.0000,4,4,0.0186,low (<=2.2%),False,80.3268,101.3828,74.7967,62.2559,79.8385,62.5011,79.8672,,,,,1278.0000,1591.0000,1613.0000,1591.0000,552.0000,738.0000,13.7200,24.4200,367.9800,652.3400,sortformer_stream,indicconformer__sortformer_stream
indicconformer,sortformer_stream,baseline,Cku_X_SL7qU__000060000_000660000,Gujarati,600.0000,3,3,0.1022,high (>7.0%),False,100.0000,100.1125,71.4953,65.1484,53.2323,67.4329,54.0956,,,,,1778.0000,1778.0000,1780.0000,1778.0000,153.0000,214.0000,78.9500,183.5100,60.9300,496.3900,sortformer_stream,indicconformer__sortformer_stream
indicconformer,sortformer_stream,baseline,DPmew0didIM__000191000_000512000,Telugu,321.0000,5,5+,0.0620,mid (2.2%-7.0%],False,65.1042,69.6615,20.7059,45.6736,63.6738,47.2229,64.0372,,,,,500.0000,768.0000,535.0000,768.0000,88.0000,425.0000,32.5700,29.0500,87.5500,326.6000,sortformer_stream,indicconformer__sortformer_stream
indicconformer,sortformer_stream,baseline,EmsKkNN2Me4__000035000_000095000,Malayalam,60.0000,2,2,0.0471,mid (2.2%-7.0%],False,87.1508,88.2682,28.3019,50.1566,60.0106,47.0579,56.6709,,,,,156.0000,179.0000,158.0000,179.0000,15.0000,53.0000,3.0100,6.0100,21.4100,60.6700,sortformer_stream,indicconformer__sortformer_stream
indicconformer,sortformer_stream,baseline,ExGJodnzocM__000212000_000527000,Devanagari (hi/mr),315.0000,4,4,0.0133,low (<=2.2%),False,100.0000,100.0000,81.4815,41.8604,57.7247,43.7686,58.6767,,,,,1161.0000,1161.0000,1161.0000,1161.0000,220.0000,270.0000,9.6200,10.7400,109.2900,309.7200,sortformer_stream,indicconformer__sortformer_stream
indicconformer,sortformer_stream,baseline,F2uXav-wriA__000000000_000907000,Devanagari (hi/mr),907.0000,4,4,0.0336,mid (2.2%-7.0%],False,100.0000,106.7993,70.4808,38.5846,49.0929,40.4719,51.6377,,,,,2765.0000,2765.0000,2953.0000,2765.0000,1158.0000,1643.0000,52.3200,12.7400,287.2100,912.9800,sortformer_stream,indicconformer__sortformer_stream
indicconformer,sortformer_stream,baseline,FDMf9ApmoNU__000016000_000686000,Bengali,670.0000,4,4,0.0882,high (>7.0%),False,86.5868,87.4850,15.5367,39.7114,53.3759,40.3940,53.7761,,,,,1446.0000,1670.0000,1461.0000,1670.0000,55.0000,354.0000,86.6300,71.1600,92.4000,630.0200,sortformer_stream,indicconformer__sortformer_stream
indicconformer,sortformer_stream,baseline,G6qzg93FxwE__000021000_000116000,Gujarati,95.0000,2,2,0.0061,low (<=2.2%),False,61.0487,61.0487,0.7692,6.6645,7.8049,6.6645,7.8049,,,,,163.0000,267.0000,163.0000,267.0000,1.0000,130.0000,3.6400,1.9700,0.5900,93.0300,sortformer_stream,indicconformer__sortformer_stream
indicconformer,sortformer_stream,baseline,GEc_sS2KWo8__000096000_000290000,Gujarati,194.0000,4,4,0.0378,mid (2.2%-7.0%],False,83.5907,89.3822,22.2222,39.9893,62.3871,43.2607,65.0582,,,,,433.0000,518.0000,463.0000,518.0000,36.0000,162.0000,18.2500,15.3500,26.4200,150.0900,sortformer_stream,indicconformer__sortformer_stream
indicconformer,sortformer_stream,baseline,GfFLEIAAumk__000090000_000163000,Bengali,73.0000,2,2,0.0285,mid (2.2%-7.0%],False,88.4259,88.4259,3.7736,19.1602,26.4371,19.1602,26.4371,,,,,191.0000,216.0000,191.0000,216.0000,2.0000,53.0000,3.2400,2.9700,7.8900,73.5900,sortformer_stream,indicconformer__sortformer_stream
indicconformer,sortformer_stream,baseline,Gq45evw6ytY__000597000_001464000,Odia,867.0000,3,3,0.0869,high (>7.0%),False,88.9416,91.0584,38.2857,59.2641,71.4243,59.3183,70.8189,,,,,2437.0000,2740.0000,2495.0000,2740.0000,201.0000,525.0000,95.7900,76.8400,352.8000,886.5900,sortformer_stream,indicconformer__sortformer_stream
indicconformer,sortformer_stream,baseline,HZv_WvIr6lE__000021000_000105000,Tamil,84.0000,3,3,0.1276,high (>7.0%),False,92.3077,92.6923,16.6667,22.9760,25.7238,24.1249,27.1284,,,,,240.0000,260.0000,241.0000,260.0000,8.0000,48.0000,10.2000,4.8000,6.2000,92.2700,sortformer_stream,indicconformer__sortformer_stream
indicconformer,sortformer_stream,baseline,HpYG46tGyYs__000103000_000998000,Devanagari (hi/mr),895.0000,4,4,0.0022,low (<=2.2%),False,19.2790,48.2759,16.2830,21.7863,28.9541,21.8049,28.9215,,,,,492.0000,2552.0000,1232.0000,2552.0000,389.0000,2389.0000,21.5300,35.1400,130.9600,861.2300,sortformer_stream,indicconformer__sortformer_stream
indicconformer,sortformer_stream,baseline,IAm1rt-MYcA__000004000_000558000,Bengali,554.0000,4,4,0.0445,mid (2.2%-7.0%],False,78.0806,80.3318,15.4255,44.7076,62.1500,45.7988,62.9053,,,,,1318.0000,1688.0000,1356.0000,1688.0000,87.0000,564.0000,45.3100,57.9100,138.9300,541.6300,sortformer_stream,indicconformer__sortformer_stream
indicconformer,sortformer_stream,baseline,Iare1Emeueg__000016000_000069000,Devanagari (hi/mr),53.0000,2,2,0.0000,low (<=2.2%),False,100.0000,100.0000,73.3333,45.0069,42.6782,76.1211,73.3383,,,,,139.0000,139.0000,139.0000,139.0000,11.0000,15.0000,10.6200,7.1200,1.7300,43.2600,sortformer_stream,indicconformer__sortformer_stream
indicconformer,sortformer_stream,baseline,IfTL8SSN270__000062000_000671000,Devanagari (hi/mr),609.0000,4,4,0.1121,high (>7.0%),False,100.0000,100.0000,69.8113,43.1070,54.0863,45.4026,56.5727,,,,,2214.0000,2214.0000,2214.0000,2214.0000,740.0000,1060.0000,72.8900,34.0300,179.2500,663.8600,sortformer_stream,indicconformer__sortformer_stream
indicconformer,sortformer_stream,baseline,Ig6szCD8m20__000046000_000106000,Devanagari (hi/mr),60.0000,2,2,0.0204,low (<=2.2%),False,50.2591,51.2953,4.9645,26.0154,35.7523,26.0154,33.9776,,,,,97.0000,193.0000,99.0000,193.0000,7.0000,141.0000,1.2800,3.8500,10.3700,59.5800,sortformer_stream,indicconformer__sortformer_stream
indicconformer,sortformer_stream,baseline,Iqhnt8ENm3U__000027000_000088000,Devanagari (hi/mr),61.0000,3,3,0.1772,high (>7.0%),False,87.0056,87.5706,38.7755,56.5805,64.3841,56.5204,63.6292,,,,,154.0000,177.0000,155.0000,177.0000,19.0000,49.0000,11.9100,6.1100,19.6400,66.5600,sortformer_stream,indicconformer__sortformer_stream
indicconformer,sortformer_stream,baseline,J4-VpEkBzWw__000000000_000600000,Kannada,600.0000,7,5+,0.0685,mid (2.2%-7.0%],False,60.8247,93.0412,60.0827,53.9130,72.5775,56.0177,73.4527,,,,,944.0000,1552.0000,1444.0000,1552.0000,581.0000,967.0000,23.4500,14.9100,304.6400,636.2100,sortformer_stream,indicconformer__sortformer_stream
indicconformer,sortformer_stream,baseline,JBYGLQJwFDc__000103000_000407000,Tamil,304.0000,3,3,0.0120,low (<=2.2%),False,91.7647,92.3529,12.6050,44.5766,66.1466,44.0510,65.8786,,,,,624.0000,680.0000,628.0000,680.0000,15.0000,119.0000,36.3200,31.0400,48.8200,260.6300,sortformer_stream,indicconformer__sortformer_stream
indicconformer,sortformer_stream,baseline,JSB1CeS4pP8__000000000_000632000,Punjabi,632.0000,4,4,0.0880,high (>7.0%),False,70.5460,72.8927,14.7460,24.9671,34.4099,27.1922,36.2456,,,,,1473.0000,2088.0000,1522.0000,2088.0000,119.0000,807.0000,32.4900,31.5400,98.8900,652.5400,sortformer_stream,indicconformer__sortformer_stream
indicconformer,sortformer_stream,baseline,Jc5AVwg2cZM__000153000_000214000,Devanagari (hi/mr),61.0000,3,3,0.2816,high (>7.0%),False,89.5349,90.6977,17.6471,78.3059,69.3093,85.9946,72.2461,,,,,154.0000,172.0000,156.0000,172.0000,9.0000,51.0000,19.0300,16.1400,13.9200,62.6900,sortformer_stream,indicconformer__sortformer_stream
indicconformer,sortformer_stream,baseline,KAtdcDieQMw__000057000_000599000,Odia,542.0000,3,3,0.1073,high (>7.0%),False,71.4696,91.4466,49.3548,60.9827,73.2733,61.8832,74.0873,,,,,1245.0000,1742.0000,1593.0000,1742.0000,459.0000,930.0000,35.0100,32.4100,287.4200,581.8700,sortformer_stream,indicconformer__sortformer_stream
indicconformer,sortformer_stream,baseline,KPkRi3GM7fs__000047000_000642000,Odia,595.0000,3,3,0.0031,low (<=2.2%),False,44.5572,90.2989,37.2376,40.6434,58.8368,40.5741,58.7513,,,,,790.0000,1773.0000,1601.0000,1773.0000,550.0000,1477.0000,10.0000,15.7600,208.8500,577.2400,sortformer_stream,indicconformer__sortformer_stream
indicconformer,sortformer_stream,baseline,Kdi-ECuOaKg__000002000_000078000,Malayalam,76.0000,6,5+,0.0000,low (<=2.2%),False,59.3407,76.9231,43.5484,94.5794,90.4069,93.5566,90.0159,,,,,54.0000,91.0000,70.0000,91.0000,27.0000,62.0000,14.8900,9.6900,12.4100,39.1100,sortformer_stream,indicconformer__sortformer_stream
indicconformer,sortformer_stream,baseline,L7xRazDdtgw__000019000_000083000,Gujarati,64.0000,3,3,0.0012,low (<=2.2%),False,100.0000,100.0000,71.4286,80.3609,81.0662,84.7434,83.3852,,,,,102.0000,102.0000,102.0000,102.0000,15.0000,21.0000,10.5100,8.0700,15.7100,42.6700,sortformer_stream,indicconformer__sortformer_stream
indicconformer,sortformer_stream,baseline,LBIWBxQ5H1s__000090000_001020000,Malayalam,930.0000,4,4,0.0724,high (>7.0%),False,81.8515,90.2936,52.7027,48.7021,58.6743,48.8445,58.7632,,,,,2007.0000,2452.0000,2214.0000,2452.0000,468.0000,888.0000,96.8600,69.7800,301.8500,961.9500,sortformer_stream,indicconformer__sortformer_stream
indicconformer,sortformer_stream,baseline,LK23jX9tgZM__000059000_000221000,Gujarati,162.0000,3,3,0.1712,high (>7.0%),False,85.5839,85.5839,2.2222,48.1705,63.7532,48.1705,63.7532,,,,,469.0000,548.0000,469.0000,548.0000,2.0000,90.0000,35.5300,10.9100,39.7900,179.0100,sortformer_stream,indicconformer__sortformer_stream
indicconformer,sortformer_stream,baseline,LctYmmr9-Vg__000000000_000061000,Devanagari (hi/mr),61.0000,2,2,0.0000,low (<=2.2%),False,78.4173,79.8561,12.9630,14.8171,14.2335,14.8171,14.2335,,,,,109.0000,139.0000,111.0000,139.0000,7.0000,54.0000,4.5300,2.5600,0.0000,47.8500,sortformer_stream,indicconformer__sortformer_stream
indicconformer,sortformer_stream,baseline,LqQHdo7t5Ps__000198000_000498000,Devanagari (hi/mr),300.0000,3,3,0.0019,low (<=2.2%),False,48.6994,48.9884,4.0426,15.1415,25.1632,15.1415,25.1632,,,,,337.0000,692.0000,339.0000,692.0000,19.0000,470.0000,4.1700,6.9300,33.3600,293.6300,sortformer_stream,indicconformer__sortformer_stream
indicconformer,sortformer_stream,baseline,Md3p6RTanBg__000315000_000426000,Bengali,111.0000,3,3,0.0528,mid (2.2%-7.0%],False,63.7584,72.1477,10.3448,8.6557,14.3195,9.8481,15.3088,,,,,190.0000,298.0000,215.0000,298.0000,15.0000,145.0000,2.2700,1.8100,5.7200,113.2200,sortformer_stream,indicconformer__sortformer_stream
indicconformer,sortformer_stream,baseline,MmtWBUK2DKE__000000000_000310000,Devanagari (hi/mr),310.0000,5,5+,0.0432,mid (2.2%-7.0%],False,100.0000,108.5873,78.0715,55.4330,81.3343,58.9561,83.4345,,,,,1083.0000,1083.0000,1176.0000,1083.0000,502.0000,643.0000,10.7600,5.9700,153.2000,306.5500,sortformer_stream,indicconformer__sortformer_stream
indicconformer,sortformer_stream,baseline,NLgHpYyf5bY__000313000_000383000,Devanagari (hi/mr),70.0000,2,2,0.0097,low (<=2.2%),False,100.0000,100.0000,31.7708,16.8965,31.8738,16.8965,31.8738,,,,,240.0000,240.0000,240.0000,240.0000,61.0000,192.0000,1.6200,2.1700,7.8500,68.8900,sortformer_stream,indicconformer__sortformer_stream
indicconformer,sortformer_stream,baseline,NuhdqCEuIBo__000197000_000540000,Punjabi,343.0000,3,3,0.0562,mid (2.2%-7.0%],False,72.2425,72.6077,7.3559,29.6395,46.8564,29.2906,45.5179,,,,,989.0000,1369.0000,994.0000,1369.0000,37.0000,503.0000,21.2300,25.2600,58.8400,355.3700,sortformer_stream,indicconformer__sortformer_stream
indicconformer,sortformer_stream,baseline,O4_aeGFzZ8A__000000000_000335000,Kannada,335.0000,8,5+,0.0004,low (<=2.2%),False,61.6809,88.1766,35.6828,42.7098,69.7703,42.7098,69.7305,,,,,433.0000,702.0000,619.0000,702.0000,162.0000,454.0000,13.2300,5.7600,118.4800,321.8700,sortformer_stream,indicconformer__sortformer_stream
indicconformer,sortformer_stream,baseline,OXUt5KnlUMo__000091000_000181000,Odia,90.0000,2,2,0.0000,low (<=2.2%),False,75.0000,74.5968,7.9646,28.5979,42.1191,26.4212,37.9741,,,,,186.0000,248.0000,185.0000,248.0000,9.0000,113.0000,5.9300,3.6300,15.1400,86.3700,sortformer_stream,indicconformer__sortformer_stream
indicconformer,sortformer_stream,baseline,OxYCBQKZ3iY__000000000_001822000,Punjabi,1822.0000,7,5+,0.0659,mid (2.2%-7.0%],False,100.0000,100.0000,81.7638,66.5024,81.0582,68.2149,82.1104,,,,,5525.0000,5525.0000,5525.0000,5525.0000,1094.0000,1338.0000,156.5600,79.5600,898.5900,1706.2700,sortformer_stream,indicconformer__sortformer_stream
indicconformer,sortformer_stream,baseline,PCUA2q2C-2A__000045000_000107000,Devanagari (hi/mr),62.0000,3,3,0.0063,low (<=2.2%),False,29.8701,31.1688,0.6944,3.2614,5.2470,3.2614,5.2470,,,,,46.0000,154.0000,48.0000,154.0000,1.0000,144.0000,1.0700,0.9100,0.0000,60.7100,sortformer_stream,indicconformer__sortformer_stream
indicconformer,sortformer_stream,baseline,PEDfT9-Yf2o__000000000_000469000,Bengali,469.0000,3,3,0.0110,low (<=2.2%),False,38.7250,56.5176,19.1406,19.7938,30.4883,19.8336,30.5409,,,,,407.0000,1051.0000,594.0000,1051.0000,147.0000,768.0000,10.7200,3.6000,65.3700,402.6000,sortformer_stream,indicconformer__sortformer_stream
indicconformer,sortformer_stream,baseline,PQB3-4sZUeY__000000000_001132000,Telugu,1132.0000,4,4,0.1069,high (>7.0%),False,89.5833,95.0397,63.1884,60.0085,71.0473,64.7587,73.8576,,,,,2709.0000,3024.0000,2874.0000,3024.0000,436.0000,690.0000,76.3200,110.8800,490.8000,1129.8400,sortformer_stream,indicconformer__sortformer_stream
indicconformer,sortformer_stream,baseline,PRAzUz0GANs__000223000_000283000,Kannada,60.0000,2,2,0.0822,high (>7.0%),False,85.5670,90.7216,40.9639,63.0043,65.7127,62.2070,58.1604,,,,,166.0000,194.0000,176.0000,194.0000,34.0000,83.0000,5.1800,6.6200,27.7100,62.7100,sortformer_stream,indicconformer__sortformer_stream
indicconformer,sortformer_stream,baseline,PSIzXy5-y2E__000002000_000918000,Devanagari (hi/mr),916.0000,3,3,0.0434,mid (2.2%-7.0%],False,69.7984,83.2258,33.4385,54.4044,64.8173,55.6664,65.4770,,,,,1731.0000,2480.0000,2064.0000,2480.0000,424.0000,1268.0000,109.7000,73.7400,300.6500,889.8000,sortformer_stream,indicconformer__sortformer_stream
indicconformer,sortformer_stream,baseline,PVDfS7lcJHY__000000000_000360000,Kannada,360.0000,6,5+,0.1127,high (>7.0%),False,83.7838,90.9266,41.7391,53.4857,72.4994,60.3219,77.2839,,,,,868.0000,1036.0000,942.0000,1036.0000,144.0000,345.0000,27.7100,25.2900,152.6900,384.5700,sortformer_stream,indicconformer__sortformer_stream
indicconformer,sortformer_stream,baseline,Pjre5dpnKGA__000000000_000330000,Kannada,330.0000,4,4,0.0933,high (>7.0%),False,83.3550,87.6463,37.2263,43.0423,58.3987,50.2458,67.1868,,,,,641.0000,769.0000,674.0000,769.0000,102.0000,274.0000,18.3100,23.7500,102.4200,335.6700,sortformer_stream,indicconformer__sortformer_stream
indicconformer,sortformer_stream,baseline,QhpjuNTZoA8__000000000_000586000,Kannada,586.0000,3,3,0.0512,mid (2.2%-7.0%],False,73.6005,80.7888,29.4749,27.8386,38.8942,30.4339,41.8028,,,,,1157.0000,1572.0000,1270.0000,1572.0000,247.0000,838.0000,26.1000,16.6000,127.5300,611.4900,sortformer_stream,indicconformer__sortformer_stream
indicconformer,sortformer_stream,baseline,QuA_B6IZ6Ls__000061000_001863000,Devanagari (hi/mr),1802.0000,4,4,0.3694,high (>7.0%),False,100.0000,100.0000,68.0966,59.9141,60.6506,60.3269,61.6469,,,,,6635.0000,6635.0000,6635.0000,6635.0000,1889.0000,2774.0000,969.4400,93.8600,556.7600,2703.9700,sortformer_stream,indicconformer__sortformer_stream
indicconformer,sortformer_stream,baseline,RL2fhIEEbZg__000000000_000065000,Telugu,65.0000,3,3,0.0563,mid (2.2%-7.0%],False,67.6829,67.6829,5.5556,10.2490,40.4081,11.3487,40.0014,,,,,111.0000,164.0000,111.0000,164.0000,4.0000,72.0000,0.5800,5.0700,1.0600,65.4700,sortformer_stream,indicconformer__sortformer_stream
indicconformer,sortformer_stream,baseline,RL2fhIEEbZg__000066000_001034000,Telugu,968.0000,3,3,0.0719,high (>7.0%),False,69.2218,72.2957,12.1359,28.5651,32.3358,31.6195,34.3983,,,,,1779.0000,2570.0000,1858.0000,2570.0000,150.0000,1236.0000,82.6600,81.1400,125.5500,1012.9500,sortformer_stream,indicconformer__sortformer_stream
indicconformer,sortformer_stream,baseline,RWTmftezCwI__000000000_000060000,Malayalam,60.0000,2,2,0.0244,mid (2.2%-7.0%],False,75.6303,75.6303,1.6949,5.9269,6.6959,16.1440,25.8149,,,,,90.0000,119.0000,90.0000,119.0000,1.0000,59.0000,1.7400,1.6900,0.0100,58.0400,sortformer_stream,indicconformer__sortformer_stream
indicconformer,sortformer_stream,baseline,RZUZyvRzi80__000000000_000336000,Punjabi,336.0000,4,4,0.0001,low (<=2.2%),False,30.1382,60.0000,20.6780,18.2085,34.7850,17.8655,34.3328,,,,,327.0000,1085.0000,651.0000,1085.0000,183.0000,885.0000,13.5700,3.5200,41.8400,323.6400,sortformer_stream,indicconformer__sortformer_stream
indicconformer,sortformer_stream,baseline,SZ7ay4OjfAE__000000000_000897000,Telugu,897.0000,5,5+,0.1794,high (>7.0%),False,83.6035,92.9134,74.3056,57.3084,71.9834,61.2744,75.1769,,,,,1805.0000,2159.0000,2006.0000,2159.0000,535.0000,720.0000,147.9700,45.3500,386.4000,1011.5800,sortformer_stream,indicconformer__sortformer_stream
indicconformer,sortformer_stream,baseline,T3I2T-cfhG4__000160000_000210000,Devanagari (hi/mr),50.0000,2,2,0.0000,low (<=2.2%),False,45.6897,45.6897,0.0000,10.6238,12.4727,10.6238,12.4727,,,,,53.0000,116.0000,53.0000,116.0000,0.0000,88.0000,1.0500,3.0300,0.9100,46.9700,sortformer_stream,indicconformer__sortformer_stream
indicconformer,sortformer_stream,baseline,TU3M6wSQV_g__000099000_000171000,Telugu,72.0000,2,2,0.0451,mid (2.2%-7.0%],False,68.5185,70.8333,11.6505,21.9316,46.3497,18.9940,36.1338,,,,,148.0000,216.0000,153.0000,216.0000,12.0000,103.0000,3.8700,2.1100,10.3700,74.5500,sortformer_stream,indicconformer__sortformer_stream
indicconformer,sortformer_stream,baseline,Tlha36rSd5o__000240000_000374000,Tamil,134.0000,2,2,0.0000,low (<=2.2%),False,77.9874,78.6164,0.6711,13.2006,11.6457,13.2006,10.8592,,,,,248.0000,318.0000,250.0000,318.0000,1.0000,149.0000,6.4700,9.0700,0.9700,125.0700,sortformer_stream,indicconformer__sortformer_stream
indicconformer,sortformer_stream,baseline,TrPnW5kLAyQ__000093000_000513000,Devanagari (hi/mr),420.0000,4,4,0.0501,mid (2.2%-7.0%],False,68.8808,75.1592,15.3578,31.8400,42.3737,33.8646,45.2791,,,,,757.0000,1099.0000,826.0000,1099.0000,88.0000,573.0000,47.2700,19.7500,58.6300,394.6300,sortformer_stream,indicconformer__sortformer_stream
indicconformer,sortformer_stream,baseline,U_EHjxThUgc__000181000_000289000,Bengali,108.0000,3,3,0.0529,mid (2.2%-7.0%],False,44.1472,64.8829,17.6471,28.8552,46.7863,28.8552,46.7863,,,,,132.0000,299.0000,194.0000,299.0000,36.0000,204.0000,6.3000,5.2400,20.8500,112.2500,sortformer_stream,indicconformer__sortformer_stream
indicconformer,sortformer_stream,baseline,VHlIFsHPWbk__000023000_000470000,Odia,447.0000,4,4,0.0269,mid (2.2%-7.0%],False,53.6494,77.6524,48.3690,61.8566,74.2735,63.3874,76.9460,,,,,713.0000,1329.0000,1032.0000,1329.0000,430.0000,889.0000,12.7900,19.0100,245.8000,448.7800,sortformer_stream,indicconformer__sortformer_stream
indicconformer,sortformer_stream,baseline,VKY0uuZ6Om8__000575000_000935000,Devanagari (hi/mr),360.0000,3,3,0.1718,high (>7.0%),False,70.2878,80.3157,28.2051,53.5255,61.0832,54.0048,60.5842,,,,,757.0000,1077.0000,865.0000,1077.0000,132.0000,468.0000,65.7700,34.1500,124.5500,419.3700,sortformer_stream,indicconformer__sortformer_stream
indicconformer,sortformer_stream,baseline,VY_4x1scS-Y__000013000_000121000,Tamil,108.0000,4,4,0.0427,mid (2.2%-7.0%],False,94.9405,94.9405,10.1695,65.9745,84.3615,66.2634,84.1845,,,,,319.0000,336.0000,319.0000,336.0000,6.0000,59.0000,16.7300,2.9100,53.4400,110.7700,sortformer_stream,indicconformer__sortformer_stream
indicconformer,sortformer_stream,rule,0AEEA8NyVwY__000011000_000609000,Devanagari (hi/mr),598.0000,3,3,0.0047,low (<=2.2%),False,57.0893,57.0893,2.9448,7.6515,9.8273,5.9075,6.6698,90.0000,10.0000,12.0000,False,761.0000,1333.0000,761.0000,1333.0000,24.0000,815.0000,16.4500,16.0800,10.6400,564.2000,indicconformer__sortformer_stream+rule,indicconformer__sortformer_stream
indicconformer,sortformer_stream,rule,0SoItGfM_sY__000007000_000088000,Kannada,81.0000,5,5+,0.0000,low (<=2.2%),False,64.8485,70.9091,12.1739,40.5781,73.6219,41.0645,74.7974,10.0000,1.0000,1.0000,False,107.0000,165.0000,117.0000,165.0000,14.0000,115.0000,4.7700,8.7600,14.8300,69.8900,indicconformer__sortformer_stream+rule,indicconformer__sortformer_stream
indicconformer,sortformer_stream,rule,0VEwL9XZ0LY__000261000_000557000,Devanagari (hi/mr),296.0000,2,2,0.0355,mid (2.2%-7.0%],False,30.6987,68.2703,43.5419,55.0306,71.6207,55.1412,71.5041,49.0000,17.0000,24.0000,False,268.0000,873.0000,596.0000,873.0000,327.0000,751.0000,35.1600,18.6200,105.4400,289.3300,indicconformer__sortformer_stream+rule,indicconformer__sortformer_stream
indicconformer,sortformer_stream,rule,0esIFSOAcFs__000000000_000913000,Gujarati,913.0000,3,3,0.0232,mid (2.2%-7.0%],False,71.5429,78.5662,33.5721,37.7277,53.8302,38.5348,55.0721,71.0000,8.0000,12.0000,False,1966.0000,2748.0000,2159.0000,2748.0000,375.0000,1117.0000,29.7500,5.8500,313.6000,925.5800,indicconformer__sortformer_stream+rule,indicconformer__sortformer_stream
indicconformer,sortformer_stream,rule,0p6cktLGIfY__000012000_000930000,Gujarati,918.0000,6,5+,0.0329,mid (2.2%-7.0%],False,81.1843,82.0023,9.9338,48.2966,73.7643,43.4608,68.2261,76.0000,19.0000,26.0000,False,2084.0000,2567.0000,2105.0000,2567.0000,75.0000,755.0000,122.7900,111.0800,167.6200,831.3000,indicconformer__sortformer_stream+rule,indicconformer__sortformer_stream
indicconformer,sortformer_stream,rule,13VBh0Z6QmE__000000000_000904000,Tamil,904.0000,4,4,0.0290,mid (2.2%-7.0%],False,98.8395,99.0796,62.5000,50.4295,63.0265,43.1010,54.9344,51.0000,15.0000,16.0000,False,2470.0000,2499.0000,2476.0000,2499.0000,65.0000,104.0000,26.9700,22.3600,398.0200,887.0800,indicconformer__sortformer_stream+rule,indicconformer__sortformer_stream
indicconformer,sortformer_stream,rule,1LFl5JEipII__000000000_000597000,Bengali,597.0000,5,5+,0.1006,high (>7.0%),False,93.9623,96.5409,60.0000,68.1741,80.4996,65.6239,78.3056,59.0000,23.0000,31.0000,False,1494.0000,1590.0000,1535.0000,1590.0000,117.0000,195.0000,81.4800,25.7200,296.2000,591.7200,indicconformer__sortformer_stream+rule,indicconformer__sortformer_stream
indicconformer,sortformer_stream,rule,2HGP34TNvjg__000084000_000194000,Odia,110.0000,2,2,0.0128,low (<=2.2%),False,58.7838,88.5135,36.3636,56.2169,62.3509,56.8445,63.1952,8.0000,1.0000,2.0000,False,174.0000,296.0000,262.0000,296.0000,72.0000,198.0000,6.4300,7.8800,43.0200,101.9800,indicconformer__sortformer_stream+rule,indicconformer__sortformer_stream
indicconformer,sortformer_stream,rule,2LN6vb7EBn0__000098000_000394000,Tamil,296.0000,3,3,0.0238,mid (2.2%-7.0%],False,98.9348,99.2011,43.3333,58.0507,70.5442,56.4681,69.5388,12.0000,2.0000,4.0000,False,743.0000,751.0000,745.0000,751.0000,13.0000,30.0000,10.2900,28.0500,128.1900,286.8700,indicconformer__sortformer_stream+rule,indicconformer__sortformer_stream
indicconformer,sortformer_stream,rule,2T4pjueLrsk__000677000_001290000,Gujarati,613.0000,4,4,0.0342,mid (2.2%-7.0%],False,92.1348,93.7770,51.1834,71.3476,77.3707,67.7146,72.1839,66.0000,19.0000,23.0000,False,2132.0000,2314.0000,2170.0000,2314.0000,173.0000,338.0000,93.8100,66.2300,227.8200,543.6200,indicconformer__sortformer_stream+rule,indicconformer__sortformer_stream
indicconformer,sortformer_stream,rule,2gGHQgj9yno__000000000_000099000,Gujarati,99.0000,4,4,0.0798,high (>7.0%),False,93.3333,93.3333,26.6667,35.8675,58.5563,33.1285,52.1974,6.0000,3.0000,5.0000,False,266.0000,285.0000,266.0000,285.0000,8.0000,30.0000,14.6200,8.5200,11.3000,96.0200,indicconformer__sortformer_stream+rule,indicconformer__sortformer_stream
indicconformer,sortformer_stream,rule,2iMXYxBTwbM__000339000_000401000,Devanagari (hi/mr),62.0000,3,3,0.1275,high (>7.0%),False,96.2766,96.2766,46.1538,80.4097,80.2061,80.4097,80.2061,7.0000,0.0000,0.0000,False,181.0000,188.0000,181.0000,188.0000,12.0000,26.0000,14.4100,15.9200,15.6000,57.1200,indicconformer__sortformer_stream+rule,indicconformer__sortformer_stream
indicconformer,sortformer_stream,rule,37dND_0r6S8__000060000_000222000,Tamil,162.0000,2,2,0.0896,high (>7.0%),False,99.8205,99.8205,0.0000,48.4448,53.7377,48.4448,53.7377,1.0000,0.0000,0.0000,False,556.0000,557.0000,556.0000,557.0000,0.0000,1.0000,17.6900,22.6500,41.4300,168.7900,indicconformer__sortformer_stream+rule,indicconformer__sortformer_stream
indicconformer,sortformer_stream,rule,4Qg2jWP6_T0__000136000_000202000,Punjabi,66.0000,3,3,0.2093,high (>7.0%),False,93.2331,93.6090,42.8571,82.8101,78.9832,82.1281,79.2043,19.0000,10.0000,18.0000,False,248.0000,266.0000,249.0000,266.0000,21.0000,49.0000,11.5700,15.7300,30.9900,70.3900,indicconformer__sortformer_stream+rule,indicconformer__sortformer_stream
indicconformer,sortformer_stream,rule,6-726qTlYeg__000102000_000162000,Malayalam,60.0000,2,2,0.1610,high (>7.0%),False,96.2617,95.3271,23.0769,60.2872,60.8292,53.8981,53.8810,11.0000,2.0000,3.0000,False,206.0000,214.0000,204.0000,214.0000,12.0000,52.0000,7.9500,10.2900,23.7500,69.6500,indicconformer__sortformer_stream+rule,indicconformer__sortformer_stream
indicconformer,sortformer_stream,rule,6ZeRgvDHwcI__000006000_000100000,Gujarati,94.0000,2,2,0.0125,low (<=2.2%),False,89.4180,90.4762,54.0000,67.9147,61.9096,69.7630,63.6907,11.0000,3.0000,6.0000,False,169.0000,189.0000,171.0000,189.0000,27.0000,50.0000,24.2900,10.5100,8.1900,63.3000,indicconformer__sortformer_stream+rule,indicconformer__sortformer_stream
indicconformer,sortformer_stream,rule,6f6TLzlP8Wk__000082000_000144000,Punjabi,62.0000,2,2,0.0510,mid (2.2%-7.0%],False,100.0000,100.0000,36.8421,55.2216,60.1367,60.4177,65.1010,26.0000,11.0000,19.0000,False,236.0000,236.0000,236.0000,236.0000,28.0000,76.0000,6.4300,7.6100,18.4800,58.8900,indicconformer__sortformer_stream+rule,indicconformer__sortformer_stream
indicconformer,sortformer_stream,rule,7L4gi7Ncc0s__000090000_000148000,Malayalam,58.0000,2,2,0.0000,low (<=2.2%),False,49.6000,52.8000,1.8692,16.6876,24.1904,16.6876,24.1904,5.0000,0.0000,0.0000,False,62.0000,125.0000,66.0000,125.0000,2.0000,107.0000,4.0800,2.3200,2.8900,55.6700,indicconformer__sortformer_stream+rule,indicconformer__sortformer_stream
indicconformer,sortformer_stream,rule,7WhVNRHbjIY__000091000_001089000,Tamil,998.0000,5,5+,0.0133,low (<=2.2%),False,95.4472,95.8904,26.1818,34.8858,48.0076,34.8858,48.0076,60.0000,6.0000,6.0000,False,2369.0000,2482.0000,2380.0000,2482.0000,72.0000,275.0000,14.7000,25.7700,307.2300,996.6800,indicconformer__sortformer_stream+rule,indicconformer__sortformer_stream
indicconformer,sortformer_stream,rule,7YfsQPYY-W0__000351000_000411000,Odia,60.0000,2,2,0.1219,high (>7.0%),False,100.0000,100.0000,42.8571,56.8405,59.4972,58.3658,61.0983,9.0000,4.0000,6.0000,False,208.0000,208.0000,208.0000,208.0000,6.0000,14.0000,8.6900,8.9100,18.9200,64.2500,indicconformer__sortformer_stream+rule,indicconformer__sortformer_stream
indicconformer,sortformer_stream,rule,7c9ePKgqams__000299000_000869000,Telugu,570.0000,4,4,0.0055,low (<=2.2%),False,54.9277,88.0420,59.7235,53.7302,75.7187,54.2218,76.0721,60.0000,7.0000,7.0000,False,836.0000,1522.0000,1340.0000,1522.0000,648.0000,1085.0000,18.3200,23.3900,255.5900,553.3200,indicconformer__sortformer_stream+rule,indicconformer__sortformer_stream
indicconformer,sortformer_stream,rule,7k-xDqNjESc__000073000_000981000,Malayalam,908.0000,4,4,0.0421,mid (2.2%-7.0%],False,57.7937,70.8352,19.4409,45.4116,71.2051,45.5186,71.2761,122.0000,29.0000,37.0000,False,1294.0000,2239.0000,1586.0000,2239.0000,306.0000,1574.0000,89.0100,87.5700,231.0300,897.5900,indicconformer__sortformer_stream+rule,indicconformer__sortformer_stream
indicconformer,sortformer_stream,rule,83gP2vLH7UY__000255000_002005000,Devanagari (hi/mr),1750.0000,5,5+,0.2022,high (>7.0%),False,66.9598,88.6015,68.3587,72.9128,79.0780,72.8854,79.1173,218.0000,37.0000,58.0000,False,3883.0000,5799.0000,5138.0000,5799.0000,1845.0000,2699.0000,273.1400,197.8300,1019.0900,2043.6200,indicconformer__sortformer_stream+rule,indicconformer__sortformer_stream
indicconformer,sortformer_stream,rule,86mMTUeDiR8__000181000_001079000,Bengali,898.0000,5,5+,0.0517,mid (2.2%-7.0%],False,86.4187,90.4722,32.4803,57.7234,72.4702,57.1621,72.0760,89.0000,20.0000,31.0000,False,2068.0000,2393.0000,2165.0000,2393.0000,165.0000,508.0000,103.0500,97.8900,274.2100,823.1500,indicconformer__sortformer_stream+rule,indicconformer__sortformer_stream
indicconformer,sortformer_stream,rule,87Zbup3ohcw__000106000_000445000,Tamil,339.0000,4,4,0.0152,low (<=2.2%),False,75.9680,85.1802,45.6376,38.7006,62.3884,39.3128,62.5900,27.0000,4.0000,6.0000,False,569.0000,749.0000,638.0000,749.0000,136.0000,298.0000,18.3500,18.2400,87.3100,320.1500,indicconformer__sortformer_stream+rule,indicconformer__sortformer_stream
indicconformer,sortformer_stream,rule,8Ve4SWhlrrA__000000000_000070000,Odia,70.0000,2,2,0.0000,low (<=2.2%),False,24.8120,25.5639,0.8000,4.8895,38.0981,4.8895,38.0981,4.0000,0.0000,0.0000,False,33.0000,133.0000,34.0000,133.0000,1.0000,125.0000,0.0800,1.5400,1.5000,63.8100,indicconformer__sortformer_stream+rule,indicconformer__sortformer_stream
indicconformer,sortformer_stream,rule,8mvORuRHw2U__000000000_001197000,Gujarati,1197.0000,4,4,0.0417,mid (2.2%-7.0%],False,83.5052,88.7457,46.6752,59.4780,69.4167,57.2336,66.8043,98.0000,24.0000,35.0000,False,2916.0000,3492.0000,3099.0000,3492.0000,365.0000,782.0000,69.0400,70.6000,549.9000,1159.3200,indicconformer__sortformer_stream+rule,indicconformer__sortformer_stream
indicconformer,sortformer_stream,rule,8o7jKmq6HsM__000030000_001770000,Devanagari (hi/mr),1740.0000,6,5+,0.0471,mid (2.2%-7.0%],False,81.6273,90.8574,53.7162,62.0220,76.1241,62.0701,75.5439,216.0000,27.0000,40.0000,False,3732.0000,4572.0000,4154.0000,4572.0000,795.0000,1480.0000,108.7500,43.4100,943.9300,1767.2600,indicconformer__sortformer_stream+rule,indicconformer__sortformer_stream
indicconformer,sortformer_stream,rule,8pkp-lpMJP0__000326000_000926000,Telugu,600.0000,8,5+,0.2032,high (>7.0%),False,80.8469,82.9316,23.3276,52.7309,79.2419,47.8305,76.4621,118.0000,47.0000,62.0000,False,1241.0000,1535.0000,1273.0000,1535.0000,136.0000,583.0000,112.0700,35.5000,219.6900,696.4800,indicconformer__sortformer_stream+rule,indicconformer__sortformer_stream
indicconformer,sortformer_stream,rule,8r2Nltl0W4o__000259000_000320000,Punjabi,61.0000,2,2,0.0227,mid (2.2%-7.0%],False,51.7787,51.7787,0.0000,17.1189,56.9016,17.1189,56.9016,2.0000,0.0000,0.0000,False,131.0000,253.0000,131.0000,253.0000,0.0000,159.0000,3.0300,2.1800,5.2000,60.8100,indicconformer__sortformer_stream+rule,indicconformer__sortformer_stream
indicconformer,sortformer_stream,rule,90uAd6xpTPo__000016000_000408000,Devanagari (hi/mr),392.0000,4,4,0.0067,low (<=2.2%),False,100.0000,112.7888,38.3875,52.6412,75.4203,52.6412,75.4205,37.0000,2.0000,5.0000,False,1212.0000,1212.0000,1367.0000,1212.0000,319.0000,831.0000,11.4100,10.0700,171.0500,365.7400,indicconformer__sortformer_stream+rule,indicconformer__sortformer_stream
indicconformer,sortformer_stream,rule,9Aw8kg8w5Xo__000000000_000083000,Telugu,83.0000,4,4,0.0216,low (<=2.2%),False,57.7889,73.3668,16.6667,25.4152,65.1225,26.3434,65.7713,9.0000,2.0000,3.0000,False,115.0000,199.0000,146.0000,199.0000,20.0000,120.0000,2.1700,1.8500,16.7900,81.8800,indicconformer__sortformer_stream+rule,indicconformer__sortformer_stream
indicconformer,sortformer_stream,rule,9_GMxc_JjyI__000236000_000368000,Kannada,132.0000,2,2,0.0602,mid (2.2%-7.0%],False,57.4124,58.4906,2.3166,19.4963,45.5042,19.8374,44.7776,13.0000,4.0000,5.0000,False,213.0000,371.0000,217.0000,371.0000,6.0000,259.0000,9.3500,5.6500,11.8600,137.7700,indicconformer__sortformer_stream+rule,indicconformer__sortformer_stream
indicconformer,sortformer_stream,rule,ARCKJrGkITw__000014000_000496000,Telugu,482.0000,3,3,0.0844,high (>7.0%),False,57.0182,80.4364,39.6495,48.3379,57.8384,47.7595,57.5068,66.0000,20.0000,28.0000,False,784.0000,1375.0000,1106.0000,1375.0000,362.0000,913.0000,48.2200,25.5600,171.0900,506.5800,indicconformer__sortformer_stream+rule,indicconformer__sortformer_stream
indicconformer,sortformer_stream,rule,ARZl7LT0UC0__000073000_000130000,Telugu,57.0000,3,3,0.0905,high (>7.0%),False,90.1961,90.1961,22.9167,25.8910,38.3559,25.8910,38.3559,11.0000,3.0000,4.0000,False,138.0000,153.0000,138.0000,153.0000,11.0000,48.0000,4.2900,3.6800,7.9400,61.4500,indicconformer__sortformer_stream+rule,indicconformer__sortformer_stream
indicconformer,sortformer_stream,rule,A_dohDOK6Ic__000000000_000600000,Devanagari (hi/mr),600.0000,3,3,0.0048,low (<=2.2%),False,100.0000,100.0000,60.1637,36.6764,51.0490,36.6764,51.0490,62.0000,1.0000,1.0000,False,1829.0000,1829.0000,1829.0000,1829.0000,441.0000,733.0000,11.3800,11.2300,189.4600,578.2200,indicconformer__sortformer_stream+rule,indicconformer__sortformer_stream
indicconformer,sortformer_stream,rule,B2ScTgeIIck__000117000_000180000,Odia,63.0000,2,2,0.0879,high (>7.0%),False,74.7126,73.5632,10.4478,43.7106,51.3361,31.1018,34.9235,9.0000,2.0000,3.0000,False,130.0000,174.0000,128.0000,174.0000,7.0000,67.0000,5.4700,5.7700,17.8800,66.6200,indicconformer__sortformer_stream+rule,indicconformer__sortformer_stream
indicconformer,sortformer_stream,rule,BGAAfht5dYw__000000000_000612000,Gujarati,612.0000,4,4,0.1350,high (>7.0%),False,100.0000,100.0000,52.9915,44.9265,65.0030,39.5405,60.0601,76.0000,23.0000,29.0000,False,2105.0000,2105.0000,2105.0000,2105.0000,124.0000,234.0000,53.9000,30.3100,220.6700,678.6200,indicconformer__sortformer_stream+rule,indicconformer__sortformer_stream
indicconformer,sortformer_stream,rule,BYLcUGNB_zM__000020000_001387000,Kannada,1367.0000,4,4,0.0054,low (<=2.2%),False,52.6316,58.9595,8.2339,14.8151,21.9438,14.9473,22.1576,89.0000,9.0000,10.0000,False,1730.0000,3287.0000,1938.0000,3287.0000,207.0000,2514.0000,36.9000,19.6100,140.7100,1331.2100,indicconformer__sortformer_stream+rule,indicconformer__sortformer_stream
indicconformer,sortformer_stream,rule,Bngfppo1QtA__000028000_000927000,Telugu,899.0000,5,5+,0.1261,high (>7.0%),False,84.2020,90.2687,27.7143,63.6294,68.1875,63.2285,67.9232,97.0000,22.0000,27.0000,False,2068.0000,2456.0000,2217.0000,2456.0000,194.0000,700.0000,132.4600,150.1100,355.5500,1002.8700,indicconformer__sortformer_stream+rule,indicconformer__sortformer_stream
indicconformer,sortformer_stream,rule,CO_8ppdzq9U__000000000_000695000,Tamil,695.0000,4,4,0.0186,low (<=2.2%),False,80.3268,102.1999,75.7453,62.5011,79.8462,62.5011,79.8672,68.0000,6.0000,10.0000,False,1278.0000,1591.0000,1626.0000,1591.0000,559.0000,738.0000,13.7200,24.4200,369.5800,652.3400,indicconformer__sortformer_stream+rule,indicconformer__sortformer_stream
indicconformer,sortformer_stream,rule,Cku_X_SL7qU__000060000_000660000,Gujarati,600.0000,3,3,0.1022,high (>7.0%),False,100.0000,100.1687,38.3178,74.1816,60.4352,67.4329,54.0956,48.0000,15.0000,20.0000,False,1778.0000,1778.0000,1781.0000,1778.0000,82.0000,214.0000,78.9500,183.5100,105.7700,496.3900,indicconformer__sortformer_stream+rule,indicconformer__sortformer_stream
indicconformer,sortformer_stream,rule,DPmew0didIM__000191000_000512000,Telugu,321.0000,5,5+,0.0620,mid (2.2%-7.0%],False,65.1042,70.0521,21.4118,48.2058,64.8766,47.2229,64.0372,45.0000,8.0000,9.0000,False,500.0000,768.0000,538.0000,768.0000,91.0000,425.0000,32.5700,29.0500,95.8200,326.6000,indicconformer__sortformer_stream+rule,indicconformer__sortformer_stream
indicconformer,sortformer_stream,rule,EmsKkNN2Me4__000035000_000095000,Malayalam,60.0000,2,2,0.0471,mid (2.2%-7.0%],False,87.1508,87.1508,26.4151,45.8876,55.2451,47.0579,56.6709,15.0000,6.0000,9.0000,False,156.0000,179.0000,156.0000,179.0000,14.0000,53.0000,3.0100,6.0100,18.8200,60.6700,indicconformer__sortformer_stream+rule,indicconformer__sortformer_stream
indicconformer,sortformer_stream,rule,ExGJodnzocM__000212000_000527000,Devanagari (hi/mr),315.0000,4,4,0.0133,low (<=2.2%),False,100.0000,100.0000,79.2593,44.5822,59.4877,43.7686,58.6767,43.0000,15.0000,22.0000,False,1161.0000,1161.0000,1161.0000,1161.0000,214.0000,270.0000,9.6200,10.7400,117.7200,309.7200,indicconformer__sortformer_stream+rule,indicconformer__sortformer_stream
indicconformer,sortformer_stream,rule,F2uXav-wriA__000000000_000907000,Devanagari (hi/mr),907.0000,4,4,0.0336,mid (2.2%-7.0%],False,100.0000,106.9078,70.6026,41.0250,52.5678,40.4719,51.6377,132.0000,20.0000,22.0000,False,2765.0000,2765.0000,2956.0000,2765.0000,1160.0000,1643.0000,52.3200,12.7400,309.4900,912.9800,indicconformer__sortformer_stream+rule,indicconformer__sortformer_stream
indicconformer,sortformer_stream,rule,FDMf9ApmoNU__000016000_000686000,Bengali,670.0000,4,4,0.0882,high (>7.0%),False,86.5868,87.4251,16.3842,42.6764,55.7535,40.3940,53.7761,57.0000,11.0000,17.0000,False,1446.0000,1670.0000,1460.0000,1670.0000,58.0000,354.0000,86.6300,71.1600,111.0800,630.0200,indicconformer__sortformer_stream+rule,indicconformer__sortformer_stream
indicconformer,sortformer_stream,rule,G6qzg93FxwE__000021000_000116000,Gujarati,95.0000,2,2,0.0061,low (<=2.2%),False,61.0487,61.0487,0.7692,6.6645,7.8049,6.6645,7.8049,8.0000,0.0000,0.0000,False,163.0000,267.0000,163.0000,267.0000,1.0000,130.0000,3.6400,1.9700,0.5900,93.0300,indicconformer__sortformer_stream+rule,indicconformer__sortformer_stream
indicconformer,sortformer_stream,rule,GEc_sS2KWo8__000096000_000290000,Gujarati,194.0000,4,4,0.0378,mid (2.2%-7.0%],False,83.5907,88.4170,20.3704,40.2225,63.1580,43.2607,65.0582,17.0000,4.0000,7.0000,False,433.0000,518.0000,458.0000,518.0000,33.0000,162.0000,18.2500,15.3500,26.7700,150.0900,indicconformer__sortformer_stream+rule,indicconformer__sortformer_stream
indicconformer,sortformer_stream,rule,GfFLEIAAumk__000090000_000163000,Bengali,73.0000,2,2,0.0285,mid (2.2%-7.0%],False,88.4259,89.3519,7.5472,16.9860,22.7742,19.1602,26.4371,14.0000,3.0000,6.0000,False,191.0000,216.0000,193.0000,216.0000,4.0000,53.0000,3.2400,2.9700,6.2900,73.5900,indicconformer__sortformer_stream+rule,indicconformer__sortformer_stream
indicconformer,sortformer_stream,rule,Gq45evw6ytY__000597000_001464000,Odia,867.0000,3,3,0.0869,high (>7.0%),False,88.9416,90.9854,38.4762,61.0587,72.1262,59.3183,70.8189,86.0000,11.0000,19.0000,False,2437.0000,2740.0000,2493.0000,2740.0000,202.0000,525.0000,95.7900,76.8400,368.7100,886.5900,indicconformer__sortformer_stream+rule,indicconformer__sortformer_stream
indicconformer,sortformer_stream,rule,HZv_WvIr6lE__000021000_000105000,Tamil,84.0000,3,3,0.1276,high (>7.0%),False,92.3077,92.6923,20.8333,23.3229,25.8767,24.1249,27.1284,7.0000,4.0000,8.0000,False,240.0000,260.0000,241.0000,260.0000,10.0000,48.0000,10.2000,4.8000,6.5200,92.2700,indicconformer__sortformer_stream+rule,indicconformer__sortformer_stream
indicconformer,sortformer_stream,rule,HpYG46tGyYs__000103000_000998000,Devanagari (hi/mr),895.0000,4,4,0.0022,low (<=2.2%),False,19.2790,48.1583,16.1992,21.7213,28.7362,21.8049,28.9215,43.0000,4.0000,6.0000,False,492.0000,2552.0000,1229.0000,2552.0000,387.0000,2389.0000,21.5300,35.1400,130.4000,861.2300,indicconformer__sortformer_stream+rule,indicconformer__sortformer_stream
indicconformer,sortformer_stream,rule,IAm1rt-MYcA__000004000_000558000,Bengali,554.0000,4,4,0.0445,mid (2.2%-7.0%],False,78.0806,80.6872,15.2482,47.9737,64.4879,45.7988,62.9053,54.0000,10.0000,17.0000,False,1318.0000,1688.0000,1362.0000,1688.0000,86.0000,564.0000,45.3100,57.9100,156.6200,541.6300,indicconformer__sortformer_stream+rule,indicconformer__sortformer_stream
indicconformer,sortformer_stream,rule,Iare1Emeueg__000016000_000069000,Devanagari (hi/mr),53.0000,2,2,0.0000,low (<=2.2%),False,100.0000,100.0000,66.6667,76.9764,79.5422,76.1211,73.3383,9.0000,3.0000,3.0000,False,139.0000,139.0000,139.0000,139.0000,10.0000,15.0000,10.6200,7.1200,15.5600,43.2600,indicconformer__sortformer_stream+rule,indicconformer__sortformer_stream
indicconformer,sortformer_stream,rule,IfTL8SSN270__000062000_000671000,Devanagari (hi/mr),609.0000,4,4,0.1121,high (>7.0%),False,100.0000,100.0000,69.1509,45.1601,56.2694,45.4026,56.5727,100.0000,24.0000,42.0000,False,2214.0000,2214.0000,2214.0000,2214.0000,733.0000,1060.0000,72.8900,34.0300,192.8800,663.8600,indicconformer__sortformer_stream+rule,indicconformer__sortformer_stream
indicconformer,sortformer_stream,rule,Ig6szCD8m20__000046000_000106000,Devanagari (hi/mr),60.0000,2,2,0.0204,low (<=2.2%),False,50.2591,53.8860,5.6738,22.1215,28.2673,26.0154,33.9776,8.0000,2.0000,7.0000,False,97.0000,193.0000,104.0000,193.0000,8.0000,141.0000,1.2800,3.8500,8.0500,59.5800,indicconformer__sortformer_stream+rule,indicconformer__sortformer_stream
indicconformer,sortformer_stream,rule,Iqhnt8ENm3U__000027000_000088000,Devanagari (hi/mr),61.0000,3,3,0.1772,high (>7.0%),False,87.0056,86.4407,40.8163,56.5204,63.7618,56.5204,63.6292,16.0000,7.0000,8.0000,False,154.0000,177.0000,153.0000,177.0000,20.0000,49.0000,11.9100,6.1100,19.6000,66.5600,indicconformer__sortformer_stream+rule,indicconformer__sortformer_stream
indicconformer,sortformer_stream,rule,J4-VpEkBzWw__000000000_000600000,Kannada,600.0000,7,5+,0.0685,mid (2.2%-7.0%],False,60.8247,92.7191,60.3930,55.8291,73.2451,56.0177,73.4527,65.0000,12.0000,16.0000,False,944.0000,1552.0000,1439.0000,1552.0000,584.0000,967.0000,23.4500,14.9100,316.8300,636.2100,indicconformer__sortformer_stream+rule,indicconformer__sortformer_stream
indicconformer,sortformer_stream,rule,JBYGLQJwFDc__000103000_000407000,Tamil,304.0000,3,3,0.0120,low (<=2.2%),False,91.7647,92.5000,12.6050,48.2485,69.0692,44.0510,65.8786,22.0000,5.0000,6.0000,False,624.0000,680.0000,629.0000,680.0000,15.0000,119.0000,36.3200,31.0400,58.3900,260.6300,indicconformer__sortformer_stream+rule,indicconformer__sortformer_stream
indicconformer,sortformer_stream,rule,JSB1CeS4pP8__000000000_000632000,Punjabi,632.0000,4,4,0.0880,high (>7.0%),False,70.5460,72.7969,13.7546,30.8364,40.5755,27.1922,36.2456,62.0000,15.0000,21.0000,False,1473.0000,2088.0000,1520.0000,2088.0000,111.0000,807.0000,32.4900,31.5400,137.1900,652.5400,indicconformer__sortformer_stream+rule,indicconformer__sortformer_stream
indicconformer,sortformer_stream,rule,Jc5AVwg2cZM__000153000_000214000,Devanagari (hi/mr),61.0000,3,3,0.2816,high (>7.0%),False,89.5349,91.8605,27.4510,86.9676,72.5429,85.9946,72.2461,16.0000,6.0000,10.0000,False,154.0000,172.0000,158.0000,172.0000,14.0000,51.0000,19.0300,16.1400,19.3500,62.6900,indicconformer__sortformer_stream+rule,indicconformer__sortformer_stream
indicconformer,sortformer_stream,rule,KAtdcDieQMw__000057000_000599000,Odia,542.0000,3,3,0.1073,high (>7.0%),False,71.4696,91.2744,49.7849,61.4502,73.7050,61.8832,74.0873,52.0000,10.0000,13.0000,False,1245.0000,1742.0000,1590.0000,1742.0000,463.0000,930.0000,35.0100,32.4100,290.1400,581.8700,indicconformer__sortformer_stream+rule,indicconformer__sortformer_stream
indicconformer,sortformer_stream,rule,KPkRi3GM7fs__000047000_000642000,Odia,595.0000,3,3,0.0031,low (<=2.2%),False,44.5572,90.2425,37.1699,40.5741,58.7513,40.5741,58.7513,31.0000,2.0000,2.0000,False,790.0000,1773.0000,1600.0000,1773.0000,549.0000,1477.0000,10.0000,15.7600,208.4500,577.2400,indicconformer__sortformer_stream+rule,indicconformer__sortformer_stream
indicconformer,sortformer_stream,rule,Kdi-ECuOaKg__000002000_000078000,Malayalam,76.0000,6,5+,0.0000,low (<=2.2%),False,59.3407,78.0220,46.7742,97.0340,91.3738,93.5566,90.0159,10.0000,2.0000,2.0000,False,54.0000,91.0000,71.0000,91.0000,29.0000,62.0000,14.8900,9.6900,13.3700,39.1100,indicconformer__sortformer_stream+rule,indicconformer__sortformer_stream
indicconformer,sortformer_stream,rule,L7xRazDdtgw__000019000_000083000,Gujarati,64.0000,3,3,0.0012,low (<=2.2%),False,100.0000,100.0000,80.9524,86.0323,89.3809,84.7434,83.3852,7.0000,1.0000,2.0000,False,102.0000,102.0000,102.0000,102.0000,17.0000,21.0000,10.5100,8.0700,18.1300,42.6700,indicconformer__sortformer_stream+rule,indicconformer__sortformer_stream
indicconformer,sortformer_stream,rule,LBIWBxQ5H1s__000090000_001020000,Malayalam,930.0000,4,4,0.0724,high (>7.0%),False,81.8515,90.2529,52.7027,49.6855,59.5934,48.8445,58.7632,92.0000,14.0000,19.0000,False,2007.0000,2452.0000,2213.0000,2452.0000,468.0000,888.0000,96.8600,69.7800,311.3100,961.9500,indicconformer__sortformer_stream+rule,indicconformer__sortformer_stream
indicconformer,sortformer_stream,rule,LK23jX9tgZM__000059000_000221000,Gujarati,162.0000,3,3,0.1712,high (>7.0%),False,85.5839,85.5839,1.1111,47.9526,63.6858,48.1705,63.7532,3.0000,1.0000,1.0000,False,469.0000,548.0000,469.0000,548.0000,1.0000,90.0000,35.5300,10.9100,39.4000,179.0100,indicconformer__sortformer_stream+rule,indicconformer__sortformer_stream
indicconformer,sortformer_stream,rule,LctYmmr9-Vg__000000000_000061000,Devanagari (hi/mr),61.0000,2,2,0.0000,low (<=2.2%),False,78.4173,81.2950,18.5185,19.7074,22.4948,14.8171,14.2335,8.0000,3.0000,7.0000,False,109.0000,139.0000,113.0000,139.0000,10.0000,54.0000,4.5300,2.5600,2.3400,47.8500,indicconformer__sortformer_stream+rule,indicconformer__sortformer_stream
indicconformer,sortformer_stream,rule,LqQHdo7t5Ps__000198000_000498000,Devanagari (hi/mr),300.0000,3,3,0.0019,low (<=2.2%),False,48.6994,49.1329,4.6809,15.1415,25.1632,15.1415,25.1632,28.0000,3.0000,5.0000,False,337.0000,692.0000,340.0000,692.0000,22.0000,470.0000,4.1700,6.9300,33.3600,293.6300,indicconformer__sortformer_stream+rule,indicconformer__sortformer_stream
indicconformer,sortformer_stream,rule,Md3p6RTanBg__000315000_000426000,Bengali,111.0000,3,3,0.0528,mid (2.2%-7.0%],False,63.7584,71.8121,9.6552,9.8481,15.3088,9.8481,15.3088,12.0000,1.0000,1.0000,False,190.0000,298.0000,214.0000,298.0000,14.0000,145.0000,2.2700,1.8100,7.0700,113.2200,indicconformer__sortformer_stream+rule,indicconformer__sortformer_stream
indicconformer,sortformer_stream,rule,MmtWBUK2DKE__000000000_000310000,Devanagari (hi/mr),310.0000,5,5+,0.0432,mid (2.2%-7.0%],False,100.0000,111.1727,78.8491,60.1729,84.1433,58.9561,83.4345,59.0000,21.0000,40.0000,False,1083.0000,1083.0000,1204.0000,1083.0000,507.0000,643.0000,10.7600,5.9700,167.7300,306.5500,indicconformer__sortformer_stream+rule,indicconformer__sortformer_stream
indicconformer,sortformer_stream,rule,NLgHpYyf5bY__000313000_000383000,Devanagari (hi/mr),70.0000,2,2,0.0097,low (<=2.2%),False,100.0000,100.0000,30.7292,16.8965,31.8738,16.8965,31.8738,7.0000,1.0000,2.0000,False,240.0000,240.0000,240.0000,240.0000,59.0000,192.0000,1.6200,2.1700,7.8500,68.8900,indicconformer__sortformer_stream+rule,indicconformer__sortformer_stream
indicconformer,sortformer_stream,rule,NuhdqCEuIBo__000197000_000540000,Punjabi,343.0000,3,3,0.0562,mid (2.2%-7.0%],False,72.2425,72.6077,7.9523,31.0127,51.9475,29.2906,45.5179,37.0000,10.0000,17.0000,False,989.0000,1369.0000,994.0000,1369.0000,40.0000,503.0000,21.2300,25.2600,63.7200,355.3700,indicconformer__sortformer_stream+rule,indicconformer__sortformer_stream
indicconformer,sortformer_stream,rule,O4_aeGFzZ8A__000000000_000335000,Kannada,335.0000,8,5+,0.0004,low (<=2.2%),False,61.6809,88.0342,35.6828,42.7098,69.7305,42.7098,69.7305,38.0000,1.0000,1.0000,False,433.0000,702.0000,618.0000,702.0000,162.0000,454.0000,13.2300,5.7600,118.4800,321.8700,indicconformer__sortformer_stream+rule,indicconformer__sortformer_stream
indicconformer,sortformer_stream,rule,OXUt5KnlUMo__000091000_000181000,Odia,90.0000,2,2,0.0000,low (<=2.2%),False,75.0000,74.5968,7.9646,26.4212,37.9741,26.4212,37.9741,10.0000,2.0000,2.0000,False,186.0000,248.0000,185.0000,248.0000,9.0000,113.0000,5.9300,3.6300,13.2600,86.3700,indicconformer__sortformer_stream+rule,indicconformer__sortformer_stream
indicconformer,sortformer_stream,rule,OxYCBQKZ3iY__000000000_001822000,Punjabi,1822.0000,7,5+,0.0659,mid (2.2%-7.0%],False,100.0000,100.0000,80.7922,69.8928,83.1168,68.2149,82.1104,322.0000,114.0000,168.0000,False,5525.0000,5525.0000,5525.0000,5525.0000,1081.0000,1338.0000,156.5600,79.5600,956.4400,1706.2700,indicconformer__sortformer_stream+rule,indicconformer__sortformer_stream
indicconformer,sortformer_stream,rule,PCUA2q2C-2A__000045000_000107000,Devanagari (hi/mr),62.0000,3,3,0.0063,low (<=2.2%),False,29.8701,31.1688,0.6944,3.2614,5.2470,3.2614,5.2470,3.0000,0.0000,0.0000,False,46.0000,154.0000,48.0000,154.0000,1.0000,144.0000,1.0700,0.9100,0.0000,60.7100,indicconformer__sortformer_stream+rule,indicconformer__sortformer_stream
indicconformer,sortformer_stream,rule,PEDfT9-Yf2o__000000000_000469000,Bengali,469.0000,3,3,0.0110,low (<=2.2%),False,38.7250,56.8982,19.6615,20.0919,30.9871,19.8336,30.5409,31.0000,4.0000,6.0000,False,407.0000,1051.0000,598.0000,1051.0000,151.0000,768.0000,10.7200,3.6000,66.5700,402.6000,indicconformer__sortformer_stream+rule,indicconformer__sortformer_stream
indicconformer,sortformer_stream,rule,PQB3-4sZUeY__000000000_001132000,Telugu,1132.0000,4,4,0.1069,high (>7.0%),False,89.5833,95.0728,62.6087,66.6041,75.1630,64.7587,73.8576,148.0000,47.0000,51.0000,False,2709.0000,3024.0000,2875.0000,3024.0000,432.0000,690.0000,76.3200,110.8800,565.3200,1129.8400,indicconformer__sortformer_stream+rule,indicconformer__sortformer_stream
indicconformer,sortformer_stream,rule,PRAzUz0GANs__000223000_000283000,Kannada,60.0000,2,2,0.0822,high (>7.0%),False,85.5670,90.7216,40.9639,62.2070,58.1604,62.2070,58.1604,10.0000,0.0000,0.0000,False,166.0000,194.0000,176.0000,194.0000,34.0000,83.0000,5.1800,6.6200,27.2100,62.7100,indicconformer__sortformer_stream+rule,indicconformer__sortformer_stream
indicconformer,sortformer_stream,rule,PSIzXy5-y2E__000002000_000918000,Devanagari (hi/mr),916.0000,3,3,0.0434,mid (2.2%-7.0%],False,69.7984,83.6694,33.9117,56.3733,66.0863,55.6664,65.4770,153.0000,30.0000,35.0000,False,1731.0000,2480.0000,2075.0000,2480.0000,430.0000,1268.0000,109.7000,73.7400,318.1700,889.8000,indicconformer__sortformer_stream+rule,indicconformer__sortformer_stream
indicconformer,sortformer_stream,rule,PVDfS7lcJHY__000000000_000360000,Kannada,360.0000,6,5+,0.1127,high (>7.0%),False,83.7838,90.4440,41.7391,61.0942,79.2797,60.3219,77.2839,56.0000,22.0000,30.0000,False,868.0000,1036.0000,937.0000,1036.0000,144.0000,345.0000,27.7100,25.2900,181.9500,384.5700,indicconformer__sortformer_stream+rule,indicconformer__sortformer_stream
indicconformer,sortformer_stream,rule,Pjre5dpnKGA__000000000_000330000,Kannada,330.0000,4,4,0.0933,high (>7.0%),False,83.3550,87.5163,36.1314,47.5169,65.7759,50.2458,67.1868,39.0000,10.0000,12.0000,False,641.0000,769.0000,673.0000,769.0000,99.0000,274.0000,18.3100,23.7500,117.4400,335.6700,indicconformer__sortformer_stream+rule,indicconformer__sortformer_stream
indicconformer,sortformer_stream,rule,QhpjuNTZoA8__000000000_000586000,Kannada,586.0000,3,3,0.0512,mid (2.2%-7.0%],False,73.6005,80.6616,29.2363,30.4568,42.0942,30.4339,41.8028,80.0000,15.0000,20.0000,False,1157.0000,1572.0000,1268.0000,1572.0000,245.0000,838.0000,26.1000,16.6000,143.5400,611.4900,indicconformer__sortformer_stream+rule,indicconformer__sortformer_stream
indicconformer,sortformer_stream,rule,QuA_B6IZ6Ls__000061000_001863000,Devanagari (hi/mr),1802.0000,4,4,0.3694,high (>7.0%),False,100.0000,100.0000,68.6013,60.8871,62.2246,60.3269,61.6469,228.0000,47.0000,74.0000,False,6635.0000,6635.0000,6635.0000,6635.0000,1903.0000,2774.0000,969.4400,93.8600,583.0700,2703.9700,indicconformer__sortformer_stream+rule,indicconformer__sortformer_stream
indicconformer,sortformer_stream,rule,RL2fhIEEbZg__000000000_000065000,Telugu,65.0000,3,3,0.0563,mid (2.2%-7.0%],False,67.6829,67.6829,6.9444,11.3487,40.0014,11.3487,40.0014,8.0000,1.0000,1.0000,False,111.0000,164.0000,111.0000,164.0000,5.0000,72.0000,0.5800,5.0700,1.7800,65.4700,indicconformer__sortformer_stream+rule,indicconformer__sortformer_stream
indicconformer,sortformer_stream,rule,RL2fhIEEbZg__000066000_001034000,Telugu,968.0000,3,3,0.0719,high (>7.0%),False,69.2218,72.2179,11.5696,32.4113,35.4676,31.6195,34.3983,156.0000,49.0000,68.0000,False,1779.0000,2570.0000,1856.0000,2570.0000,143.0000,1236.0000,82.6600,81.1400,164.5100,1012.9500,indicconformer__sortformer_stream+rule,indicconformer__sortformer_stream
indicconformer,sortformer_stream,rule,RWTmftezCwI__000000000_000060000,Malayalam,60.0000,2,2,0.0244,mid (2.2%-7.0%],False,75.6303,75.6303,1.6949,16.1440,25.8149,16.1440,25.8149,5.0000,0.0000,0.0000,False,90.0000,119.0000,90.0000,119.0000,1.0000,59.0000,1.7400,1.6900,5.9400,58.0400,indicconformer__sortformer_stream+rule,indicconformer__sortformer_stream
indicconformer,sortformer_stream,rule,RZUZyvRzi80__000000000_000336000,Punjabi,336.0000,4,4,0.0001,low (<=2.2%),False,30.1382,60.0000,20.5650,17.8655,34.3328,17.8655,34.3328,13.0000,2.0000,2.0000,False,327.0000,1085.0000,651.0000,1085.0000,182.0000,885.0000,13.5700,3.5200,40.7300,323.6400,indicconformer__sortformer_stream+rule,indicconformer__sortformer_stream
indicconformer,sortformer_stream,rule,SZ7ay4OjfAE__000000000_000897000,Telugu,897.0000,5,5+,0.1794,high (>7.0%),False,83.6035,93.0523,74.3056,63.1557,76.6845,61.2744,75.1769,154.0000,53.0000,63.0000,False,1805.0000,2159.0000,2009.0000,2159.0000,535.0000,720.0000,147.9700,45.3500,445.5500,1011.5800,indicconformer__sortformer_stream+rule,indicconformer__sortformer_stream
indicconformer,sortformer_stream,rule,T3I2T-cfhG4__000160000_000210000,Devanagari (hi/mr),50.0000,2,2,0.0000,low (<=2.2%),False,45.6897,45.6897,0.0000,10.6238,12.4727,10.6238,12.4727,6.0000,0.0000,0.0000,False,53.0000,116.0000,53.0000,116.0000,0.0000,88.0000,1.0500,3.0300,0.9100,46.9700,indicconformer__sortformer_stream+rule,indicconformer__sortformer_stream
indicconformer,sortformer_stream,rule,TU3M6wSQV_g__000099000_000171000,Telugu,72.0000,2,2,0.0451,mid (2.2%-7.0%],False,68.5185,69.9074,4.8544,17.6660,34.8330,18.9940,36.1338,17.0000,7.0000,11.0000,False,148.0000,216.0000,151.0000,216.0000,5.0000,103.0000,3.8700,2.1100,7.1900,74.5500,indicconformer__sortformer_stream+rule,indicconformer__sortformer_stream
indicconformer,sortformer_stream,rule,Tlha36rSd5o__000240000_000374000,Tamil,134.0000,2,2,0.0000,low (<=2.2%),False,77.9874,78.6164,0.6711,13.2006,10.8592,13.2006,10.8592,16.0000,0.0000,0.0000,False,248.0000,318.0000,250.0000,318.0000,1.0000,149.0000,6.4700,9.0700,0.9700,125.0700,indicconformer__sortformer_stream+rule,indicconformer__sortformer_stream
indicconformer,sortformer_stream,rule,TrPnW5kLAyQ__000093000_000513000,Devanagari (hi/mr),420.0000,4,4,0.0501,mid (2.2%-7.0%],False,68.8808,75.6142,16.0558,34.9669,47.0755,33.8646,45.2791,54.0000,8.0000,11.0000,False,757.0000,1099.0000,831.0000,1099.0000,92.0000,573.0000,47.2700,19.7500,70.9700,394.6300,indicconformer__sortformer_stream+rule,indicconformer__sortformer_stream
indicconformer,sortformer_stream,rule,U_EHjxThUgc__000181000_000289000,Bengali,108.0000,3,3,0.0529,mid (2.2%-7.0%],False,44.1472,64.8829,17.6471,28.8552,46.7863,28.8552,46.7863,5.0000,0.0000,0.0000,False,132.0000,299.0000,194.0000,299.0000,36.0000,204.0000,6.3000,5.2400,20.8500,112.2500,indicconformer__sortformer_stream+rule,indicconformer__sortformer_stream
indicconformer,sortformer_stream,rule,VHlIFsHPWbk__000023000_000470000,Odia,447.0000,4,4,0.0269,mid (2.2%-7.0%],False,53.6494,77.6524,48.2565,63.2626,76.8078,63.3874,76.9460,37.0000,6.0000,7.0000,False,713.0000,1329.0000,1032.0000,1329.0000,429.0000,889.0000,12.7900,19.0100,252.1100,448.7800,indicconformer__sortformer_stream+rule,indicconformer__sortformer_stream
indicconformer,sortformer_stream,rule,VKY0uuZ6Om8__000575000_000935000,Devanagari (hi/mr),360.0000,3,3,0.1718,high (>7.0%),False,70.2878,79.8514,26.7094,52.2927,58.0020,54.0048,60.5842,57.0000,13.0000,18.0000,False,757.0000,1077.0000,860.0000,1077.0000,125.0000,468.0000,65.7700,34.1500,119.3800,419.3700,indicconformer__sortformer_stream+rule,indicconformer__sortformer_stream
indicconformer,sortformer_stream,rule,VY_4x1scS-Y__000013000_000121000,Tamil,108.0000,4,4,0.0427,mid (2.2%-7.0%],False,94.9405,95.2381,10.1695,66.1912,84.0672,66.2634,84.1845,11.0000,3.0000,4.0000,False,319.0000,336.0000,320.0000,336.0000,6.0000,59.0000,16.7300,2.9100,53.6800,110.7700,indicconformer__sortformer_stream+rule,indicconformer__sortformer_stream
indicconformer,sortformer,baseline,0AEEA8NyVwY__000011000_000609000,Devanagari (hi/mr),598.0000,3,3,0.0047,low (<=2.2%),False,57.0893,57.1643,2.8221,7.0773,8.4541,7.0826,8.3804,,,,,761.0000,1333.0000,762.0000,1333.0000,23.0000,815.0000,24.6500,14.5300,0.7500,564.2000,sortformer,indicconformer__sortformer
indicconformer,sortformer,baseline,0SoItGfM_sY__000007000_000088000,Kannada,81.0000,5,5+,0.0000,low (<=2.2%),False,64.8485,67.2727,12.1739,38.7466,70.8348,41.0645,74.9309,,,,,107.0000,165.0000,111.0000,165.0000,14.0000,115.0000,4.6900,8.6800,13.7100,69.8900,sortformer,indicconformer__sortformer
indicconformer,sortformer,baseline,0VEwL9XZ0LY__000261000_000557000,Devanagari (hi/mr),296.0000,2,2,0.0355,mid (2.2%-7.0%],False,30.6987,31.9588,2.3968,25.0337,26.7690,24.8436,25.9046,,,,,268.0000,873.0000,279.0000,873.0000,18.0000,751.0000,41.0400,17.5400,13.8500,289.3300,sortformer,indicconformer__sortformer
indicconformer,sortformer,baseline,0esIFSOAcFs__000000000_000913000,Gujarati,913.0000,3,3,0.0232,mid (2.2%-7.0%],True,,,,100.0000,100.0000,100.0000,100.0000,,,,,,,,,,,925.5800,0.0000,0.0000,925.5800,sortformer,indicconformer__sortformer
indicconformer,sortformer,baseline,0p6cktLGIfY__000012000_000930000,Gujarati,918.0000,6,5+,0.0329,mid (2.2%-7.0%],True,,,,100.0000,100.0000,100.0000,100.0000,,,,,,,,,,,831.3000,0.0000,0.0000,831.3000,sortformer,indicconformer__sortformer
indicconformer,sortformer,baseline,13VBh0Z6QmE__000000000_000904000,Tamil,904.0000,4,4,0.0290,mid (2.2%-7.0%],True,,,,100.0000,100.0000,100.0000,100.0000,,,,,,,,,,,887.0800,0.0000,0.0000,887.0800,sortformer,indicconformer__sortformer
indicconformer,sortformer,baseline,1LFl5JEipII__000000000_000597000,Bengali,597.0000,5,5+,0.1006,high (>7.0%),False,93.9623,95.5346,49.7436,46.8938,57.7789,47.6729,59.4304,,,,,1494.0000,1590.0000,1519.0000,1590.0000,97.0000,195.0000,107.5600,7.7600,162.1600,591.7200,sortformer,indicconformer__sortformer
indicconformer,sortformer,baseline,2HGP34TNvjg__000084000_000194000,Odia,110.0000,2,2,0.0128,low (<=2.2%),False,58.7838,59.1216,2.0202,31.4571,34.9398,31.4571,34.9398,,,,,174.0000,296.0000,175.0000,296.0000,4.0000,198.0000,13.2100,6.5000,12.3700,101.9800,sortformer,indicconformer__sortformer
indicconformer,sortformer,baseline,2LN6vb7EBn0__000098000_000394000,Tamil,296.0000,3,3,0.0238,mid (2.2%-7.0%],False,98.9348,98.9348,50.0000,34.4581,37.6110,34.5104,37.4006,,,,,743.0000,751.0000,743.0000,751.0000,15.0000,30.0000,39.3400,33.8200,25.6900,286.8700,sortformer,indicconformer__sortformer
indicconformer,sortformer,baseline,2T4pjueLrsk__000677000_001290000,Gujarati,613.0000,4,4,0.0342,mid (2.2%-7.0%],False,92.1348,92.1348,15.6805,47.9066,66.9592,48.3389,67.1831,,,,,2132.0000,2314.0000,2132.0000,2314.0000,53.0000,338.0000,98.6900,58.1500,103.5900,543.6200,sortformer,indicconformer__sortformer
indicconformer,sortformer,baseline,2gGHQgj9yno__000000000_000099000,Gujarati,99.0000,4,4,0.0798,high (>7.0%),False,93.3333,93.6842,16.6667,36.0342,43.6871,36.0342,43.5840,,,,,266.0000,285.0000,267.0000,285.0000,5.0000,30.0000,27.3100,6.0100,1.2800,96.0200,sortformer,indicconformer__sortformer
indicconformer,sortformer,baseline,2iMXYxBTwbM__000339000_000401000,Devanagari (hi/mr),62.0000,3,3,0.1275,high (>7.0%),False,96.2766,96.2766,50.0000,82.5455,81.5562,81.2325,81.0216,,,,,181.0000,188.0000,181.0000,188.0000,13.0000,26.0000,15.9200,15.1100,16.1200,57.1200,sortformer,indicconformer__sortformer
indicconformer,sortformer,baseline,37dND_0r6S8__000060000_000222000,Tamil,162.0000,2,2,0.0896,high (>7.0%),False,99.8205,99.8205,0.0000,48.1604,53.8562,48.1604,53.8562,,,,,556.0000,557.0000,556.0000,557.0000,0.0000,1.0000,16.8100,22.9700,41.5100,168.7900,sortformer,indicconformer__sortformer
indicconformer,sortformer,baseline,4Qg2jWP6_T0__000136000_000202000,Punjabi,66.0000,3,3,0.2093,high (>7.0%),False,93.2331,93.9850,36.7347,74.4566,73.2403,86.4896,79.9733,,,,,248.0000,266.0000,250.0000,266.0000,18.0000,49.0000,11.7400,17.2500,23.4200,70.3900,sortformer,indicconformer__sortformer
indicconformer,sortformer,baseline,6-726qTlYeg__000102000_000162000,Malayalam,60.0000,2,2,0.1610,high (>7.0%),False,96.2617,95.3271,17.3077,45.4702,49.7041,53.8263,54.0584,,,,,206.0000,214.0000,204.0000,214.0000,9.0000,52.0000,7.9800,10.1600,13.5300,69.6500,sortformer,indicconformer__sortformer
indicconformer,sortformer,baseline,6ZeRgvDHwcI__000006000_000100000,Gujarati,94.0000,2,2,0.0125,low (<=2.2%),False,89.4180,89.9471,54.0000,65.2765,60.1203,70.1422,64.7038,,,,,169.0000,189.0000,170.0000,189.0000,27.0000,50.0000,24.1300,10.1900,7.0000,63.3000,sortformer,indicconformer__sortformer
indicconformer,sortformer,baseline,6f6TLzlP8Wk__000082000_000144000,Punjabi,62.0000,2,2,0.0510,mid (2.2%-7.0%],False,100.0000,102.1186,64.4737,59.5177,63.5672,63.6101,68.1689,,,,,236.0000,236.0000,241.0000,236.0000,49.0000,76.0000,6.9400,6.8400,21.2700,58.8900,sortformer,indicconformer__sortformer
indicconformer,sortformer,baseline,7L4gi7Ncc0s__000090000_000148000,Malayalam,58.0000,2,2,0.0000,low (<=2.2%),False,49.6000,52.8000,1.8692,18.4121,25.4352,18.4121,25.4352,,,,,62.0000,125.0000,66.0000,125.0000,2.0000,107.0000,5.0400,2.3200,2.8900,55.6700,sortformer,indicconformer__sortformer
indicconformer,sortformer,baseline,7WhVNRHbjIY__000091000_001089000,Tamil,998.0000,5,5+,0.0133,low (<=2.2%),True,,,,100.0000,100.0000,100.0000,100.0000,,,,,,,,,,,996.6800,0.0000,0.0000,996.6800,sortformer,indicconformer__sortformer
indicconformer,sortformer,baseline,7YfsQPYY-W0__000351000_000411000,Odia,60.0000,2,2,0.1219,high (>7.0%),False,100.0000,100.0000,28.5714,56.6537,59.3346,58.9416,60.9389,,,,,208.0000,208.0000,208.0000,208.0000,4.0000,14.0000,10.4500,8.8300,17.1200,64.2500,sortformer,indicconformer__sortformer
indicconformer,sortformer,baseline,7c9ePKgqams__000299000_000869000,Telugu,570.0000,4,4,0.0055,low (<=2.2%),False,54.9277,55.8476,4.1475,36.9822,62.0934,37.9834,62.5465,,,,,836.0000,1522.0000,850.0000,1522.0000,45.0000,1085.0000,56.5500,18.4300,129.6500,553.3200,sortformer,indicconformer__sortformer
indicconformer,sortformer,baseline,7k-xDqNjESc__000073000_000981000,Malayalam,908.0000,4,4,0.0421,mid (2.2%-7.0%],True,,,,100.0000,100.0000,100.0000,100.0000,,,,,,,,,,,897.5900,0.0000,0.0000,897.5900,sortformer,indicconformer__sortformer
indicconformer,sortformer,baseline,83gP2vLH7UY__000255000_002005000,Devanagari (hi/mr),1750.0000,5,5+,0.2022,high (>7.0%),True,,,,100.0000,100.0000,100.0000,100.0000,,,,,,,,,,,2043.6200,0.0000,0.0000,2043.6200,sortformer,indicconformer__sortformer
indicconformer,sortformer,baseline,86mMTUeDiR8__000181000_001079000,Bengali,898.0000,5,5+,0.0517,mid (2.2%-7.0%],True,,,,100.0000,100.0000,100.0000,100.0000,,,,,,,,,,,823.1500,0.0000,0.0000,823.1500,sortformer,indicconformer__sortformer
indicconformer,sortformer,baseline,87Zbup3ohcw__000106000_000445000,Tamil,339.0000,4,4,0.0152,low (<=2.2%),False,75.9680,75.9680,0.0000,15.7645,30.7356,15.7645,30.7356,,,,,569.0000,749.0000,569.0000,749.0000,0.0000,298.0000,23.1100,14.5600,12.8000,320.1500,sortformer,indicconformer__sortformer
indicconformer,sortformer,baseline,8Ve4SWhlrrA__000000000_000070000,Odia,70.0000,2,2,0.0000,low (<=2.2%),False,24.8120,24.8120,0.0000,2.1000,7.5396,2.1000,7.5396,,,,,33.0000,133.0000,33.0000,133.0000,0.0000,125.0000,0.3400,1.0000,0.0000,63.8100,sortformer,indicconformer__sortformer
indicconformer,sortformer,baseline,8mvORuRHw2U__000000000_001197000,Gujarati,1197.0000,4,4,0.0417,mid (2.2%-7.0%],True,,,,100.0000,100.0000,100.0000,100.0000,,,,,,,,,,,1159.3200,0.0000,0.0000,1159.3200,sortformer,indicconformer__sortformer
indicconformer,sortformer,baseline,8o7jKmq6HsM__000030000_001770000,Devanagari (hi/mr),1740.0000,6,5+,0.0471,mid (2.2%-7.0%],True,,,,100.0000,100.0000,100.0000,100.0000,,,,,,,,,,,1767.2600,0.0000,0.0000,1767.2600,sortformer,indicconformer__sortformer
indicconformer,sortformer,baseline,8pkp-lpMJP0__000326000_000926000,Telugu,600.0000,8,5+,0.2032,high (>7.0%),False,80.8469,83.5179,21.2693,48.1134,80.3920,50.1005,81.4575,,,,,1241.0000,1535.0000,1282.0000,1535.0000,124.0000,583.0000,171.5700,13.6400,149.8900,696.4800,sortformer,indicconformer__sortformer
indicconformer,sortformer,baseline,8r2Nltl0W4o__000259000_000320000,Punjabi,61.0000,2,2,0.0227,mid (2.2%-7.0%],False,51.7787,51.7787,0.0000,26.1799,61.2805,17.7767,57.0984,,,,,131.0000,253.0000,131.0000,253.0000,0.0000,159.0000,3.2700,2.3400,10.3100,60.8100,sortformer,indicconformer__sortformer
indicconformer,sortformer,baseline,90uAd6xpTPo__000016000_000408000,Devanagari (hi/mr),392.0000,4,4,0.0067,low (<=2.2%),False,100.0000,107.0132,96.3899,43.3477,54.2688,43.2602,54.1867,,,,,1212.0000,1212.0000,1297.0000,1212.0000,801.0000,831.0000,22.9600,9.4600,126.1200,365.7400,sortformer,indicconformer__sortformer
indicconformer,sortformer,baseline,9Aw8kg8w5Xo__000000000_000083000,Telugu,83.0000,4,4,0.0216,low (<=2.2%),False,57.7889,58.7940,1.6667,8.3659,46.1251,18.4660,54.7900,,,,,115.0000,199.0000,117.0000,199.0000,2.0000,120.0000,2.4400,2.8400,1.5700,81.8800,sortformer,indicconformer__sortformer
indicconformer,sortformer,baseline,9_GMxc_JjyI__000236000_000368000,Kannada,132.0000,2,2,0.0602,mid (2.2%-7.0%],False,57.4124,58.4906,3.0888,20.9480,47.8126,21.2528,44.3804,,,,,213.0000,371.0000,217.0000,371.0000,8.0000,259.0000,8.8200,8.3200,11.7200,137.7700,sortformer,indicconformer__sortformer
indicconformer,sortformer,baseline,ARCKJrGkITw__000014000_000496000,Telugu,482.0000,3,3,0.0844,high (>7.0%),False,57.0182,82.4000,26.6156,46.2355,59.2961,46.8633,58.9864,,,,,784.0000,1375.0000,1133.0000,1375.0000,243.0000,913.0000,51.1500,24.4100,158.6600,506.5800,sortformer,indicconformer__sortformer
indicconformer,sortformer,baseline,ARZl7LT0UC0__000073000_000130000,Telugu,57.0000,3,3,0.0905,high (>7.0%),False,90.1961,90.1961,27.0833,27.9902,42.9203,28.2181,48.6206,,,,,138.0000,153.0000,138.0000,153.0000,13.0000,48.0000,4.5100,3.9000,8.7900,61.4500,sortformer,indicconformer__sortformer
indicconformer,sortformer,baseline,A_dohDOK6Ic__000000000_000600000,Devanagari (hi/mr),600.0000,3,3,0.0048,low (<=2.2%),False,100.0000,100.0000,34.9250,43.2621,59.8779,43.3036,59.7916,,,,,1829.0000,1829.0000,1829.0000,1829.0000,256.0000,733.0000,17.9800,10.4700,221.7000,578.2200,sortformer,indicconformer__sortformer
indicconformer,sortformer,baseline,B2ScTgeIIck__000117000_000180000,Odia,63.0000,2,2,0.0879,high (>7.0%),False,74.7126,73.5632,5.9701,33.2032,37.2248,33.7286,36.9066,,,,,130.0000,174.0000,128.0000,174.0000,4.0000,67.0000,8.7000,5.0800,8.3400,66.6200,sortformer,indicconformer__sortformer
indicconformer,sortformer,baseline,BGAAfht5dYw__000000000_000612000,Gujarati,612.0000,4,4,0.1350,high (>7.0%),True,,,,100.0000,100.0000,100.0000,100.0000,,,,,,,,,,,678.6200,0.0000,0.0000,678.6200,sortformer,indicconformer__sortformer
indicconformer,sortformer,baseline,BYLcUGNB_zM__000020000_001387000,Kannada,1367.0000,4,4,0.0054,low (<=2.2%),True,,,,100.0000,100.0000,100.0000,100.0000,,,,,,,,,,,1331.2100,0.0000,0.0000,1331.2100,sortformer,indicconformer__sortformer
indicconformer,sortformer,baseline,Bngfppo1QtA__000028000_000927000,Telugu,899.0000,5,5+,0.1261,high (>7.0%),True,,,,100.0000,100.0000,100.0000,100.0000,,,,,,,,,,,1002.8700,0.0000,0.0000,1002.8700,sortformer,indicconformer__sortformer
indicconformer,sortformer,baseline,CO_8ppdzq9U__000000000_000695000,Tamil,695.0000,4,4,0.0186,low (<=2.2%),True,,,,100.0000,100.0000,100.0000,100.0000,,,,,,,,,,,652.3400,0.0000,0.0000,652.3400,sortformer,indicconformer__sortformer
indicconformer,sortformer,baseline,Cku_X_SL7qU__000060000_000660000,Gujarati,600.0000,3,3,0.1022,high (>7.0%),False,100.0000,100.0000,71.9626,68.5973,55.7339,71.1255,56.9995,,,,,1778.0000,1778.0000,1778.0000,1778.0000,154.0000,214.0000,108.1300,179.5700,52.8100,496.3900,sortformer,indicconformer__sortformer
indicconformer,sortformer,baseline,DPmew0didIM__000191000_000512000,Telugu,321.0000,5,5+,0.0620,mid (2.2%-7.0%],False,65.1042,75.6510,21.1765,44.2009,63.8326,45.7991,64.5965,,,,,500.0000,768.0000,581.0000,768.0000,90.0000,425.0000,39.3000,27.1800,77.8800,326.6000,sortformer,indicconformer__sortformer
indicconformer,sortformer,baseline,EmsKkNN2Me4__000035000_000095000,Malayalam,60.0000,2,2,0.0471,mid (2.2%-7.0%],False,87.1508,88.2682,28.3019,51.1785,61.4915,45.6403,53.8381,,,,,156.0000,179.0000,158.0000,179.0000,15.0000,53.0000,3.3700,5.9700,21.7100,60.6700,sortformer,indicconformer__sortformer
indicconformer,sortformer,baseline,ExGJodnzocM__000212000_000527000,Devanagari (hi/mr),315.0000,4,4,0.0133,low (<=2.2%),False,100.0000,100.0000,67.4074,47.9562,64.1325,47.4622,64.5604,,,,,1161.0000,1161.0000,1161.0000,1161.0000,182.0000,270.0000,16.7500,10.4300,121.3500,309.7200,sortformer,indicconformer__sortformer
indicconformer,sortformer,baseline,F2uXav-wriA__000000000_000907000,Devanagari (hi/mr),907.0000,4,4,0.0336,mid (2.2%-7.0%],True,,,,100.0000,100.0000,100.0000,100.0000,,,,,,,,,,,912.9800,0.0000,0.0000,912.9800,sortformer,indicconformer__sortformer
indicconformer,sortformer,baseline,FDMf9ApmoNU__000016000_000686000,Bengali,670.0000,4,4,0.0882,high (>7.0%),True,,,,100.0000,100.0000,100.0000,100.0000,,,,,,,,,,,630.0200,0.0000,0.0000,630.0200,sortformer,indicconformer__sortformer
indicconformer,sortformer,baseline,G6qzg93FxwE__000021000_000116000,Gujarati,95.0000,2,2,0.0061,low (<=2.2%),False,61.0487,61.0487,0.7692,6.6645,7.8575,6.6645,7.8575,,,,,163.0000,267.0000,163.0000,267.0000,1.0000,130.0000,3.8800,1.9700,0.3500,93.0300,sortformer,indicconformer__sortformer
indicconformer,sortformer,baseline,GEc_sS2KWo8__000096000_000290000,Gujarati,194.0000,4,4,0.0378,mid (2.2%-7.0%],False,83.5907,83.5907,3.7037,22.2467,47.2418,23.0328,47.5722,,,,,433.0000,518.0000,433.0000,518.0000,6.0000,162.0000,20.0600,10.1200,3.2100,150.0900,sortformer,indicconformer__sortformer
indicconformer,sortformer,baseline,GfFLEIAAumk__000090000_000163000,Bengali,73.0000,2,2,0.0285,mid (2.2%-7.0%],False,88.4259,88.4259,3.7736,19.3776,26.2270,19.3776,26.2270,,,,,191.0000,216.0000,191.0000,216.0000,2.0000,53.0000,3.2400,3.3700,7.6500,73.5900,sortformer,indicconformer__sortformer
indicconformer,sortformer,baseline,Gq45evw6ytY__000597000_001464000,Odia,867.0000,3,3,0.0869,high (>7.0%),True,,,,100.0000,100.0000,100.0000,100.0000,,,,,,,,,,,886.5900,0.0000,0.0000,886.5900,sortformer,indicconformer__sortformer
indicconformer,sortformer,baseline,HZv_WvIr6lE__000021000_000105000,Tamil,84.0000,3,3,0.1276,high (>7.0%),False,92.3077,92.3077,14.5833,26.8776,28.3570,27.2244,27.2329,,,,,240.0000,260.0000,240.0000,260.0000,7.0000,48.0000,11.1800,7.4600,6.1600,92.2700,sortformer,indicconformer__sortformer
indicconformer,sortformer,baseline,HpYG46tGyYs__000103000_000998000,Devanagari (hi/mr),895.0000,4,4,0.0022,low (<=2.2%),True,,,,100.0000,100.0000,100.0000,100.0000,,,,,,,,,,,861.2300,0.0000,0.0000,861.2300,sortformer,indicconformer__sortformer
indicconformer,sortformer,baseline,IAm1rt-MYcA__000004000_000558000,Bengali,554.0000,4,4,0.0445,mid (2.2%-7.0%],False,78.0806,79.6209,9.9291,38.1700,52.5855,38.2272,52.4027,,,,,1318.0000,1688.0000,1344.0000,1688.0000,56.0000,564.0000,88.4500,36.6600,81.6300,541.6300,sortformer,indicconformer__sortformer
indicconformer,sortformer,baseline,Iare1Emeueg__000016000_000069000,Devanagari (hi/mr),53.0000,2,2,0.0000,low (<=2.2%),False,100.0000,100.0000,73.3333,51.2945,45.5657,69.2325,65.2494,,,,,139.0000,139.0000,139.0000,139.0000,11.0000,15.0000,13.6600,7.0400,1.4900,43.2600,sortformer,indicconformer__sortformer
indicconformer,sortformer,baseline,IfTL8SSN270__000062000_000671000,Devanagari (hi/mr),609.0000,4,4,0.1121,high (>7.0%),False,100.0000,100.0000,68.5849,27.7348,33.6915,27.9637,33.5407,,,,,2214.0000,2214.0000,2214.0000,2214.0000,727.0000,1060.0000,87.9100,27.0900,69.1200,663.8600,sortformer,indicconformer__sortformer
indicconformer,sortformer,baseline,Ig6szCD8m20__000046000_000106000,Devanagari (hi/mr),60.0000,2,2,0.0204,low (<=2.2%),False,50.2591,51.2953,4.9645,26.6365,36.9285,25.2098,33.9963,,,,,97.0000,193.0000,99.0000,193.0000,7.0000,141.0000,1.6800,3.1300,11.0600,59.5800,sortformer,indicconformer__sortformer
indicconformer,sortformer,baseline,Iqhnt8ENm3U__000027000_000088000,Devanagari (hi/mr),61.0000,3,3,0.1772,high (>7.0%),False,87.0056,87.0056,42.8571,70.5228,80.7795,68.8702,79.5685,,,,,154.0000,177.0000,154.0000,177.0000,21.0000,49.0000,14.5600,3.8800,28.5000,66.5600,sortformer,indicconformer__sortformer
indicconformer,sortformer,baseline,J4-VpEkBzWw__000000000_000600000,Kannada,600.0000,7,5+,0.0685,mid (2.2%-7.0%],False,60.8247,96.1985,41.5719,45.1062,65.9160,44.9946,65.4318,,,,,944.0000,1552.0000,1493.0000,1552.0000,402.0000,967.0000,48.3600,7.6600,230.9500,636.2100,sortformer,indicconformer__sortformer
indicconformer,sortformer,baseline,JBYGLQJwFDc__000103000_000407000,Tamil,304.0000,3,3,0.0120,low (<=2.2%),False,91.7647,91.7647,6.7227,44.1200,64.3840,43.4678,64.0435,,,,,624.0000,680.0000,624.0000,680.0000,8.0000,119.0000,39.8900,28.6100,46.4900,260.6300,sortformer,indicconformer__sortformer
indicconformer,sortformer,baseline,JSB1CeS4pP8__000000000_000632000,Punjabi,632.0000,4,4,0.0880,high (>7.0%),True,,,,100.0000,100.0000,100.0000,100.0000,,,,,,,,,,,652.5400,0.0000,0.0000,652.5400,sortformer,indicconformer__sortformer
indicconformer,sortformer,baseline,Jc5AVwg2cZM__000153000_000214000,Devanagari (hi/mr),61.0000,3,3,0.2816,high (>7.0%),False,89.5349,90.6977,17.6471,79.4226,69.9980,85.2927,72.1896,,,,,154.0000,172.0000,156.0000,172.0000,9.0000,51.0000,20.4700,15.5800,13.7400,62.6900,sortformer,indicconformer__sortformer
indicconformer,sortformer,baseline,KAtdcDieQMw__000057000_000599000,Odia,542.0000,3,3,0.1073,high (>7.0%),False,71.4696,72.6751,7.5269,22.5806,30.2933,24.3250,31.6830,,,,,1245.0000,1742.0000,1266.0000,1742.0000,70.0000,930.0000,46.5000,22.3800,62.5100,581.8700,sortformer,indicconformer__sortformer
indicconformer,sortformer,baseline,KPkRi3GM7fs__000047000_000642000,Odia,595.0000,3,3,0.0031,low (<=2.2%),False,44.5572,45.6289,1.8957,9.3081,10.0544,9.2076,9.8535,,,,,790.0000,1773.0000,809.0000,1773.0000,28.0000,1477.0000,33.9300,13.3300,6.4700,577.2400,sortformer,indicconformer__sortformer
indicconformer,sortformer,baseline,Kdi-ECuOaKg__000002000_000078000,Malayalam,76.0000,6,5+,0.0000,low (<=2.2%),False,59.3407,86.8132,27.4194,84.6075,88.0537,83.1757,87.4189,,,,,54.0000,91.0000,79.0000,91.0000,17.0000,62.0000,17.6700,7.4300,7.9900,39.1100,sortformer,indicconformer__sortformer
indicconformer,sortformer,baseline,L7xRazDdtgw__000019000_000083000,Gujarati,64.0000,3,3,0.0012,low (<=2.2%),False,100.0000,100.0000,71.4286,82.0483,81.8972,86.5479,84.7673,,,,,102.0000,102.0000,102.0000,102.0000,15.0000,21.0000,12.8300,7.3500,14.8300,42.6700,sortformer,indicconformer__sortformer
indicconformer,sortformer,baseline,LBIWBxQ5H1s__000090000_001020000,Malayalam,930.0000,4,4,0.0724,high (>7.0%),True,,,,100.0000,100.0000,100.0000,100.0000,,,,,,,,,,,961.9500,0.0000,0.0000,961.9500,sortformer,indicconformer__sortformer
indicconformer,sortformer,baseline,LK23jX9tgZM__000059000_000221000,Gujarati,162.0000,3,3,0.1712,high (>7.0%),False,85.5839,85.5839,2.2222,52.2485,50.1193,52.2485,50.1193,,,,,469.0000,548.0000,469.0000,548.0000,2.0000,90.0000,42.6900,8.4800,42.3600,179.0100,sortformer,indicconformer__sortformer
indicconformer,sortformer,baseline,LctYmmr9-Vg__000000000_000061000,Devanagari (hi/mr),61.0000,2,2,0.0000,low (<=2.2%),False,78.4173,79.8561,12.9630,16.9070,15.6547,16.9070,15.6547,,,,,109.0000,139.0000,111.0000,139.0000,7.0000,54.0000,3.8700,4.2200,0.0000,47.8500,sortformer,indicconformer__sortformer
indicconformer,sortformer,baseline,LqQHdo7t5Ps__000198000_000498000,Devanagari (hi/mr),300.0000,3,3,0.0019,low (<=2.2%),False,48.6994,68.6416,21.4894,32.9054,56.2803,32.8509,56.2293,,,,,337.0000,692.0000,475.0000,692.0000,101.0000,470.0000,9.8500,6.9300,79.8400,293.6300,sortformer,indicconformer__sortformer
indicconformer,sortformer,baseline,Md3p6RTanBg__000315000_000426000,Bengali,111.0000,3,3,0.0528,mid (2.2%-7.0%],False,63.7584,65.4362,2.0690,3.2503,3.1499,4.3809,4.1024,,,,,190.0000,298.0000,195.0000,298.0000,3.0000,145.0000,1.8700,1.6500,0.1600,113.2200,sortformer,indicconformer__sortformer
indicconformer,sortformer,baseline,MmtWBUK2DKE__000000000_000310000,Devanagari (hi/mr),310.0000,5,5+,0.0432,mid (2.2%-7.0%],False,100.0000,124.9307,69.3624,52.9865,75.2466,52.9669,76.6381,,,,,1083.0000,1083.0000,1353.0000,1083.0000,446.0000,643.0000,14.2300,6.4000,141.8000,306.5500,sortformer,indicconformer__sortformer
indicconformer,sortformer,baseline,NLgHpYyf5bY__000313000_000383000,Devanagari (hi/mr),70.0000,2,2,0.0097,low (<=2.2%),False,100.0000,100.0000,32.2917,17.3755,31.9487,17.3755,31.9487,,,,,240.0000,240.0000,240.0000,240.0000,62.0000,192.0000,2.6600,2.1700,7.1400,68.8900,sortformer,indicconformer__sortformer
indicconformer,sortformer,baseline,NuhdqCEuIBo__000197000_000540000,Punjabi,343.0000,3,3,0.0562,mid (2.2%-7.0%],False,72.2425,72.4617,7.9523,23.2912,35.3304,23.8709,36.6347,,,,,989.0000,1369.0000,992.0000,1369.0000,40.0000,503.0000,24.8000,18.9900,38.9800,355.3700,sortformer,indicconformer__sortformer
indicconformer,sortformer,baseline,O4_aeGFzZ8A__000000000_000335000,Kannada,335.0000,8,5+,0.0004,low (<=2.2%),False,61.6809,101.8519,43.8326,53.5278,64.4937,53.6770,64.6915,,,,,433.0000,702.0000,715.0000,702.0000,199.0000,454.0000,28.3400,3.2700,140.6800,321.8700,sortformer,indicconformer__sortformer
indicconformer,sortformer,baseline,OXUt5KnlUMo__000091000_000181000,Odia,90.0000,2,2,0.0000,low (<=2.2%),False,75.0000,74.5968,7.9646,33.7849,45.3258,30.8672,40.2927,,,,,186.0000,248.0000,185.0000,248.0000,9.0000,113.0000,10.9700,3.6300,14.5800,86.3700,sortformer,indicconformer__sortformer
indicconformer,sortformer,baseline,OxYCBQKZ3iY__000000000_001822000,Punjabi,1822.0000,7,5+,0.0659,mid (2.2%-7.0%],True,,,,100.0000,100.0000,100.0000,100.0000,,,,,,,,,,,1706.2700,0.0000,0.0000,1706.2700,sortformer,indicconformer__sortformer
indicconformer,sortformer,baseline,PCUA2q2C-2A__000045000_000107000,Devanagari (hi/mr),62.0000,3,3,0.0063,low (<=2.2%),False,29.8701,31.1688,0.6944,2.8661,4.5155,2.8661,4.5155,,,,,46.0000,154.0000,48.0000,154.0000,1.0000,144.0000,0.8300,0.9100,0.0000,60.7100,sortformer,indicconformer__sortformer
indicconformer,sortformer,baseline,PEDfT9-Yf2o__000000000_000469000,Bengali,469.0000,3,3,0.0110,low (<=2.2%),False,38.7250,80.8754,32.1615,36.0184,51.5243,36.0184,51.5243,,,,,407.0000,1051.0000,850.0000,1051.0000,247.0000,768.0000,12.3300,3.2100,129.4700,402.6000,sortformer,indicconformer__sortformer
indicconformer,sortformer,baseline,PQB3-4sZUeY__000000000_001132000,Telugu,1132.0000,4,4,0.1069,high (>7.0%),True,,,,100.0000,100.0000,100.0000,100.0000,,,,,,,,,,,1129.8400,0.0000,0.0000,1129.8400,sortformer,indicconformer__sortformer
indicconformer,sortformer,baseline,PRAzUz0GANs__000223000_000283000,Kannada,60.0000,2,2,0.0822,high (>7.0%),False,85.5670,85.5670,10.8434,39.0528,48.1947,35.1300,41.4008,,,,,166.0000,194.0000,166.0000,194.0000,9.0000,83.0000,5.4100,6.2900,12.7900,62.7100,sortformer,indicconformer__sortformer
indicconformer,sortformer,baseline,PSIzXy5-y2E__000002000_000918000,Devanagari (hi/mr),916.0000,3,3,0.0434,mid (2.2%-7.0%],True,,,,100.0000,100.0000,100.0000,100.0000,,,,,,,,,,,889.8000,0.0000,0.0000,889.8000,sortformer,indicconformer__sortformer
indicconformer,sortformer,baseline,PVDfS7lcJHY__000000000_000360000,Kannada,360.0000,6,5+,0.1127,high (>7.0%),False,83.7838,92.8571,46.6667,41.0900,58.5187,52.3624,70.7362,,,,,868.0000,1036.0000,962.0000,1036.0000,161.0000,345.0000,37.0700,15.2200,105.7300,384.5700,sortformer,indicconformer__sortformer
indicconformer,sortformer,baseline,Pjre5dpnKGA__000000000_000330000,Kannada,330.0000,4,4,0.0933,high (>7.0%),False,83.3550,83.6151,12.4088,27.0772,47.4673,33.2529,54.0508,,,,,641.0000,769.0000,643.0000,769.0000,34.0000,274.0000,26.0000,21.2000,43.6900,335.6700,sortformer,indicconformer__sortformer
indicconformer,sortformer,baseline,QhpjuNTZoA8__000000000_000586000,Kannada,586.0000,3,3,0.0512,mid (2.2%-7.0%],False,73.6005,93.3842,44.1527,46.7972,63.2741,46.6762,62.8809,,,,,1157.0000,1572.0000,1468.0000,1572.0000,370.0000,838.0000,38.7700,6.9500,240.4400,611.4900,sortformer,indicconformer__sortformer
indicconformer,sortformer,baseline,QuA_B6IZ6Ls__000061000_001863000,Devanagari (hi/mr),1802.0000,4,4,0.3694,high (>7.0%),True,,,,100.0000,100.0000,100.0000,100.0000,,,,,,,,,,,2703.9700,0.0000,0.0000,2703.9700,sortformer,indicconformer__sortformer
indicconformer,sortformer,baseline,RL2fhIEEbZg__000000000_000065000,Telugu,65.0000,3,3,0.0563,mid (2.2%-7.0%],False,67.6829,67.6829,5.5556,10.4017,40.3714,11.6236,39.9204,,,,,111.0000,164.0000,111.0000,164.0000,4.0000,72.0000,0.9300,5.0200,0.8600,65.4700,sortformer,indicconformer__sortformer
indicconformer,sortformer,baseline,RL2fhIEEbZg__000066000_001034000,Telugu,968.0000,3,3,0.0719,high (>7.0%),True,,,,100.0000,100.0000,100.0000,100.0000,,,,,,,,,,,1012.9500,0.0000,0.0000,1012.9500,sortformer,indicconformer__sortformer
indicconformer,sortformer,baseline,RWTmftezCwI__000000000_000060000,Malayalam,60.0000,2,2,0.0244,mid (2.2%-7.0%],False,75.6303,75.6303,1.6949,6.2888,7.0189,9.3728,10.9489,,,,,90.0000,119.0000,90.0000,119.0000,1.0000,59.0000,1.2900,2.1200,0.2400,58.0400,sortformer,indicconformer__sortformer
indicconformer,sortformer,baseline,RZUZyvRzi80__000000000_000336000,Punjabi,336.0000,4,4,0.0001,low (<=2.2%),False,30.1382,53.1797,17.4011,31.5134,37.6120,31.5134,37.6120,,,,,327.0000,1085.0000,577.0000,1085.0000,154.0000,885.0000,45.4400,2.2700,54.2800,323.6400,sortformer,indicconformer__sortformer
indicconformer,sortformer,baseline,SZ7ay4OjfAE__000000000_000897000,Telugu,897.0000,5,5+,0.1794,high (>7.0%),True,,,,100.0000,100.0000,100.0000,100.0000,,,,,,,,,,,1011.5800,0.0000,0.0000,1011.5800,sortformer,indicconformer__sortformer
indicconformer,sortformer,baseline,T3I2T-cfhG4__000160000_000210000,Devanagari (hi/mr),50.0000,2,2,0.0000,low (<=2.2%),False,45.6897,45.6897,0.0000,10.9644,12.7610,10.9644,12.7610,,,,,53.0000,116.0000,53.0000,116.0000,0.0000,88.0000,1.2900,3.0300,0.8300,46.9700,sortformer,indicconformer__sortformer
indicconformer,sortformer,baseline,TU3M6wSQV_g__000099000_000171000,Telugu,72.0000,2,2,0.0451,mid (2.2%-7.0%],False,68.5185,70.3704,10.6796,21.9316,46.7047,19.3159,36.9743,,,,,148.0000,216.0000,152.0000,216.0000,11.0000,103.0000,3.6300,2.1100,10.6100,74.5500,sortformer,indicconformer__sortformer
indicconformer,sortformer,baseline,Tlha36rSd5o__000240000_000374000,Tamil,134.0000,2,2,0.0000,low (<=2.2%),False,77.9874,77.9874,0.0000,16.0150,13.3620,16.0150,13.3620,,,,,248.0000,318.0000,248.0000,318.0000,0.0000,149.0000,10.6700,8.3100,1.0500,125.0700,sortformer,indicconformer__sortformer
indicconformer,sortformer,baseline,TrPnW5kLAyQ__000093000_000513000,Devanagari (hi/mr),420.0000,4,4,0.0501,mid (2.2%-7.0%],False,68.8808,68.8808,4.3630,21.6050,23.7608,23.9211,28.3238,,,,,757.0000,1099.0000,757.0000,1099.0000,25.0000,573.0000,65.1400,14.1000,6.0200,394.6300,sortformer,indicconformer__sortformer
indicconformer,sortformer,baseline,U_EHjxThUgc__000181000_000289000,Bengali,108.0000,3,3,0.0529,mid (2.2%-7.0%],False,44.1472,45.4849,1.4706,14.4053,16.6226,14.4053,16.6226,,,,,132.0000,299.0000,136.0000,299.0000,3.0000,204.0000,6.0600,5.5600,4.5500,112.2500,sortformer,indicconformer__sortformer
indicconformer,sortformer,baseline,VHlIFsHPWbk__000023000_000470000,Odia,447.0000,4,4,0.0269,mid (2.2%-7.0%],False,53.6494,60.4966,9.4488,12.3891,18.6595,12.3981,18.6367,,,,,713.0000,1329.0000,804.0000,1329.0000,84.0000,889.0000,17.0100,7.3900,31.2000,448.7800,sortformer,indicconformer__sortformer
indicconformer,sortformer,baseline,VKY0uuZ6Om8__000575000_000935000,Devanagari (hi/mr),360.0000,3,3,0.1718,high (>7.0%),False,70.2878,70.9378,4.9145,37.8973,47.3166,39.6404,47.3809,,,,,757.0000,1077.0000,764.0000,1077.0000,23.0000,468.0000,68.7600,35.5400,54.6300,419.3700,sortformer,indicconformer__sortformer
indicconformer,sortformer,baseline,VY_4x1scS-Y__000013000_000121000,Tamil,108.0000,4,4,0.0427,mid (2.2%-7.0%],False,94.9405,94.9405,11.8644,48.2441,63.3373,48.2441,63.3373,,,,,319.0000,336.0000,319.0000,336.0000,7.0000,59.0000,9.6400,2.4600,41.3400,110.7700,sortformer,indicconformer__sortformer
indicconformer,sortformer,rule,0AEEA8NyVwY__000011000_000609000,Devanagari (hi/mr),598.0000,3,3,0.0047,low (<=2.2%),False,57.0893,57.0893,2.9448,7.3095,8.8349,7.0826,8.3804,91.0000,10.0000,12.0000,False,761.0000,1333.0000,761.0000,1333.0000,24.0000,815.0000,24.6500,14.5300,2.0600,564.2000,indicconformer__sortformer+rule,indicconformer__sortformer
indicconformer,sortformer,rule,0SoItGfM_sY__000007000_000088000,Kannada,81.0000,5,5+,0.0000,low (<=2.2%),False,64.8485,67.2727,12.1739,40.5781,74.0210,41.0645,74.9309,10.0000,1.0000,1.0000,False,107.0000,165.0000,111.0000,165.0000,14.0000,115.0000,4.6900,8.6800,14.9900,69.8900,indicconformer__sortformer+rule,indicconformer__sortformer
indicconformer,sortformer,rule,0VEwL9XZ0LY__000261000_000557000,Devanagari (hi/mr),296.0000,2,2,0.0355,mid (2.2%-7.0%],False,30.6987,31.6151,1.8642,24.4842,25.1518,24.8436,25.9046,28.0000,8.0000,13.0000,False,268.0000,873.0000,276.0000,873.0000,14.0000,751.0000,41.0400,17.5400,12.2600,289.3300,indicconformer__sortformer+rule,indicconformer__sortformer
indicconformer,sortformer,rule,0esIFSOAcFs__000000000_000913000,Gujarati,913.0000,3,3,0.0232,mid (2.2%-7.0%],True,,,,100.0000,100.0000,100.0000,100.0000,,,,,,,,,,,925.5800,0.0000,0.0000,925.5800,indicconformer__sortformer+rule,indicconformer__sortformer
indicconformer,sortformer,rule,0p6cktLGIfY__000012000_000930000,Gujarati,918.0000,6,5+,0.0329,mid (2.2%-7.0%],True,,,,100.0000,100.0000,100.0000,100.0000,,,,,,,,,,,831.3000,0.0000,0.0000,831.3000,indicconformer__sortformer+rule,indicconformer__sortformer
indicconformer,sortformer,rule,13VBh0Z6QmE__000000000_000904000,Tamil,904.0000,4,4,0.0290,mid (2.2%-7.0%],True,,,,100.0000,100.0000,100.0000,100.0000,,,,,,,,,,,887.0800,0.0000,0.0000,887.0800,indicconformer__sortformer+rule,indicconformer__sortformer
indicconformer,sortformer,rule,1LFl5JEipII__000000000_000597000,Bengali,597.0000,5,5+,0.1006,high (>7.0%),False,93.9623,95.7233,50.7692,53.0234,66.0294,47.6729,59.4304,51.0000,14.0000,18.0000,False,1494.0000,1590.0000,1522.0000,1590.0000,99.0000,195.0000,107.5600,7.7600,198.4300,591.7200,indicconformer__sortformer+rule,indicconformer__sortformer
indicconformer,sortformer,rule,2HGP34TNvjg__000084000_000194000,Odia,110.0000,2,2,0.0128,low (<=2.2%),False,58.7838,59.1216,2.0202,31.4571,34.9398,31.4571,34.9398,5.0000,0.0000,0.0000,False,174.0000,296.0000,175.0000,296.0000,4.0000,198.0000,13.2100,6.5000,12.3700,101.9800,indicconformer__sortformer+rule,indicconformer__sortformer
indicconformer,sortformer,rule,2LN6vb7EBn0__000098000_000394000,Tamil,296.0000,3,3,0.0238,mid (2.2%-7.0%],False,98.9348,98.9348,33.3333,34.5104,37.4006,34.5104,37.4006,12.0000,1.0000,2.0000,False,743.0000,751.0000,743.0000,751.0000,10.0000,30.0000,39.3400,33.8200,25.8400,286.8700,indicconformer__sortformer+rule,indicconformer__sortformer
indicconformer,sortformer,rule,2T4pjueLrsk__000677000_001290000,Gujarati,613.0000,4,4,0.0342,mid (2.2%-7.0%],False,92.1348,92.1348,14.2012,50.3422,68.4615,48.3389,67.1831,69.0000,25.0000,29.0000,False,2132.0000,2314.0000,2132.0000,2314.0000,48.0000,338.0000,98.6900,58.1500,116.8300,543.6200,indicconformer__sortformer+rule,indicconformer__sortformer
indicconformer,sortformer,rule,2gGHQgj9yno__000000000_000099000,Gujarati,99.0000,4,4,0.0798,high (>7.0%),False,93.3333,93.3333,26.6667,40.1166,51.6125,36.0342,43.5840,7.0000,3.0000,5.0000,False,266.0000,285.0000,266.0000,285.0000,8.0000,30.0000,27.3100,6.0100,5.2000,96.0200,indicconformer__sortformer+rule,indicconformer__sortformer
indicconformer,sortformer,rule,2iMXYxBTwbM__000339000_000401000,Devanagari (hi/mr),62.0000,3,3,0.1275,high (>7.0%),False,96.2766,96.2766,50.0000,81.2325,81.0216,81.2325,81.0216,7.0000,0.0000,0.0000,False,181.0000,188.0000,181.0000,188.0000,13.0000,26.0000,15.9200,15.1100,15.3700,57.1200,indicconformer__sortformer+rule,indicconformer__sortformer
indicconformer,sortformer,rule,37dND_0r6S8__000060000_000222000,Tamil,162.0000,2,2,0.0896,high (>7.0%),False,99.8205,99.8205,0.0000,48.1604,53.8562,48.1604,53.8562,1.0000,0.0000,0.0000,False,556.0000,557.0000,556.0000,557.0000,0.0000,1.0000,16.8100,22.9700,41.5100,168.7900,indicconformer__sortformer+rule,indicconformer__sortformer
indicconformer,sortformer,rule,4Qg2jWP6_T0__000136000_000202000,Punjabi,66.0000,3,3,0.2093,high (>7.0%),False,93.2331,93.9850,44.8980,85.5803,78.7151,86.4896,79.9733,17.0000,9.0000,17.0000,False,248.0000,266.0000,250.0000,266.0000,22.0000,49.0000,11.7400,17.2500,31.2500,70.3900,indicconformer__sortformer+rule,indicconformer__sortformer
indicconformer,sortformer,rule,6-726qTlYeg__000102000_000162000,Malayalam,60.0000,2,2,0.1610,high (>7.0%),False,96.2617,95.3271,23.0769,60.1005,60.8188,53.8263,54.0584,11.0000,2.0000,3.0000,False,206.0000,214.0000,204.0000,214.0000,12.0000,52.0000,7.9800,10.1600,23.7200,69.6500,indicconformer__sortformer+rule,indicconformer__sortformer
indicconformer,sortformer,rule,6ZeRgvDHwcI__000006000_000100000,Gujarati,94.0000,2,2,0.0125,low (<=2.2%),False,89.4180,90.4762,54.0000,68.1675,62.7510,70.1422,64.7038,11.0000,3.0000,6.0000,False,169.0000,189.0000,171.0000,189.0000,27.0000,50.0000,24.1300,10.1900,8.8300,63.3000,indicconformer__sortformer+rule,indicconformer__sortformer
indicconformer,sortformer,rule,6f6TLzlP8Wk__000082000_000144000,Punjabi,62.0000,2,2,0.0510,mid (2.2%-7.0%],False,100.0000,102.9661,46.0526,60.9951,65.6272,63.6101,68.1689,26.0000,12.0000,21.0000,False,236.0000,236.0000,243.0000,236.0000,35.0000,76.0000,6.9400,6.8400,22.1400,58.8900,indicconformer__sortformer+rule,indicconformer__sortformer
indicconformer,sortformer,rule,7L4gi7Ncc0s__000090000_000148000,Malayalam,58.0000,2,2,0.0000,low (<=2.2%),False,49.6000,52.8000,1.8692,18.4121,25.4352,18.4121,25.4352,5.0000,0.0000,0.0000,False,62.0000,125.0000,66.0000,125.0000,2.0000,107.0000,5.0400,2.3200,2.8900,55.6700,indicconformer__sortformer+rule,indicconformer__sortformer
indicconformer,sortformer,rule,7WhVNRHbjIY__000091000_001089000,Tamil,998.0000,5,5+,0.0133,low (<=2.2%),True,,,,100.0000,100.0000,100.0000,100.0000,,,,,,,,,,,996.6800,0.0000,0.0000,996.6800,indicconformer__sortformer+rule,indicconformer__sortformer
indicconformer,sortformer,rule,7YfsQPYY-W0__000351000_000411000,Odia,60.0000,2,2,0.1219,high (>7.0%),False,100.0000,100.0000,42.8571,57.6654,59.4367,58.9416,60.9389,9.0000,4.0000,6.0000,False,208.0000,208.0000,208.0000,208.0000,6.0000,14.0000,10.4500,8.8300,17.7700,64.2500,indicconformer__sortformer+rule,indicconformer__sortformer
indicconformer,sortformer,rule,7c9ePKgqams__000299000_000869000,Telugu,570.0000,4,4,0.0055,low (<=2.2%),False,54.9277,55.8476,4.1475,37.4051,62.1079,37.9834,62.5465,56.0000,6.0000,6.0000,False,836.0000,1522.0000,850.0000,1522.0000,45.0000,1085.0000,56.5500,18.4300,131.9900,553.3200,indicconformer__sortformer+rule,indicconformer__sortformer
indicconformer,sortformer,rule,7k-xDqNjESc__000073000_000981000,Malayalam,908.0000,4,4,0.0421,mid (2.2%-7.0%],True,,,,100.0000,100.0000,100.0000,100.0000,,,,,,,,,,,897.5900,0.0000,0.0000,897.5900,indicconformer__sortformer+rule,indicconformer__sortformer
indicconformer,sortformer,rule,83gP2vLH7UY__000255000_002005000,Devanagari (hi/mr),1750.0000,5,5+,0.2022,high (>7.0%),True,,,,100.0000,100.0000,100.0000,100.0000,,,,,,,,,,,2043.6200,0.0000,0.0000,2043.6200,indicconformer__sortformer+rule,indicconformer__sortformer
indicconformer,sortformer,rule,86mMTUeDiR8__000181000_001079000,Bengali,898.0000,5,5+,0.0517,mid (2.2%-7.0%],True,,,,100.0000,100.0000,100.0000,100.0000,,,,,,,,,,,823.1500,0.0000,0.0000,823.1500,indicconformer__sortformer+rule,indicconformer__sortformer
indicconformer,sortformer,rule,87Zbup3ohcw__000106000_000445000,Tamil,339.0000,4,4,0.0152,low (<=2.2%),False,75.9680,75.9680,0.0000,15.7645,30.7356,15.7645,30.7356,25.0000,0.0000,0.0000,False,569.0000,749.0000,569.0000,749.0000,0.0000,298.0000,23.1100,14.5600,12.8000,320.1500,indicconformer__sortformer+rule,indicconformer__sortformer
indicconformer,sortformer,rule,8Ve4SWhlrrA__000000000_000070000,Odia,70.0000,2,2,0.0000,low (<=2.2%),False,24.8120,25.5639,0.8000,4.3410,37.7925,2.1000,7.5396,4.0000,1.0000,1.0000,False,33.0000,133.0000,34.0000,133.0000,1.0000,125.0000,0.3400,1.0000,1.4300,63.8100,indicconformer__sortformer+rule,indicconformer__sortformer
indicconformer,sortformer,rule,8mvORuRHw2U__000000000_001197000,Gujarati,1197.0000,4,4,0.0417,mid (2.2%-7.0%],True,,,,100.0000,100.0000,100.0000,100.0000,,,,,,,,,,,1159.3200,0.0000,0.0000,1159.3200,indicconformer__sortformer+rule,indicconformer__sortformer
indicconformer,sortformer,rule,8o7jKmq6HsM__000030000_001770000,Devanagari (hi/mr),1740.0000,6,5+,0.0471,mid (2.2%-7.0%],True,,,,100.0000,100.0000,100.0000,100.0000,,,,,,,,,,,1767.2600,0.0000,0.0000,1767.2600,indicconformer__sortformer+rule,indicconformer__sortformer
indicconformer,sortformer,rule,8pkp-lpMJP0__000326000_000926000,Telugu,600.0000,8,5+,0.2032,high (>7.0%),False,80.8469,83.5179,21.2693,50.7366,81.6214,50.1005,81.4575,96.0000,25.0000,32.0000,False,1241.0000,1535.0000,1282.0000,1535.0000,124.0000,583.0000,171.5700,13.6400,168.1600,696.4800,indicconformer__sortformer+rule,indicconformer__sortformer
indicconformer,sortformer,rule,8r2Nltl0W4o__000259000_000320000,Punjabi,61.0000,2,2,0.0227,mid (2.2%-7.0%],False,51.7787,51.7787,0.0000,17.7767,57.0984,17.7767,57.0984,2.0000,0.0000,0.0000,False,131.0000,253.0000,131.0000,253.0000,0.0000,159.0000,3.2700,2.3400,5.2000,60.8100,indicconformer__sortformer+rule,indicconformer__sortformer
indicconformer,sortformer,rule,90uAd6xpTPo__000016000_000408000,Devanagari (hi/mr),392.0000,4,4,0.0067,low (<=2.2%),False,100.0000,106.6007,96.9916,43.2165,54.1285,43.2602,54.1867,41.0000,4.0000,8.0000,False,1212.0000,1212.0000,1292.0000,1212.0000,806.0000,831.0000,22.9600,9.4600,125.6400,365.7400,indicconformer__sortformer+rule,indicconformer__sortformer
indicconformer,sortformer,rule,9Aw8kg8w5Xo__000000000_000083000,Telugu,83.0000,4,4,0.0216,low (<=2.2%),False,57.7889,58.7940,1.6667,18.4660,54.7900,18.4660,54.7900,6.0000,0.0000,0.0000,False,115.0000,199.0000,117.0000,199.0000,2.0000,120.0000,2.4400,2.8400,9.8400,81.8800,indicconformer__sortformer+rule,indicconformer__sortformer
indicconformer,sortformer,rule,9_GMxc_JjyI__000236000_000368000,Kannada,132.0000,2,2,0.0602,mid (2.2%-7.0%],False,57.4124,58.4906,2.3166,20.9697,45.1502,21.2528,44.3804,11.0000,3.0000,4.0000,False,213.0000,371.0000,217.0000,371.0000,6.0000,259.0000,8.8200,8.3200,11.7500,137.7700,indicconformer__sortformer+rule,indicconformer__sortformer
indicconformer,sortformer,rule,ARCKJrGkITw__000014000_000496000,Telugu,482.0000,3,3,0.0844,high (>7.0%),False,57.0182,82.2545,26.5060,47.4989,59.8643,46.8633,58.9864,45.0000,14.0000,18.0000,False,784.0000,1375.0000,1131.0000,1375.0000,242.0000,913.0000,51.1500,24.4100,165.0600,506.5800,indicconformer__sortformer+rule,indicconformer__sortformer
indicconformer,sortformer,rule,ARZl7LT0UC0__000073000_000130000,Telugu,57.0000,3,3,0.0905,high (>7.0%),False,90.1961,90.1961,22.9167,28.2181,48.6206,28.2181,48.6206,11.0000,3.0000,4.0000,False,138.0000,153.0000,138.0000,153.0000,11.0000,48.0000,4.5100,3.9000,8.9300,61.4500,indicconformer__sortformer+rule,indicconformer__sortformer
indicconformer,sortformer,rule,A_dohDOK6Ic__000000000_000600000,Devanagari (hi/mr),600.0000,3,3,0.0048,low (<=2.2%),False,100.0000,100.0000,32.8786,42.9906,59.4636,43.3036,59.7916,81.0000,12.0000,17.0000,False,1829.0000,1829.0000,1829.0000,1829.0000,241.0000,733.0000,17.9800,10.4700,220.1300,578.2200,indicconformer__sortformer+rule,indicconformer__sortformer
indicconformer,sortformer,rule,B2ScTgeIIck__000117000_000180000,Odia,63.0000,2,2,0.0879,high (>7.0%),False,74.7126,73.5632,10.4478,48.6190,55.5039,33.7286,36.9066,9.0000,2.0000,3.0000,False,130.0000,174.0000,128.0000,174.0000,7.0000,67.0000,8.7000,5.0800,18.6100,66.6200,indicconformer__sortformer+rule,indicconformer__sortformer
indicconformer,sortformer,rule,BGAAfht5dYw__000000000_000612000,Gujarati,612.0000,4,4,0.1350,high (>7.0%),True,,,,100.0000,100.0000,100.0000,100.0000,,,,,,,,,,,678.6200,0.0000,0.0000,678.6200,indicconformer__sortformer+rule,indicconformer__sortformer
indicconformer,sortformer,rule,BYLcUGNB_zM__000020000_001387000,Kannada,1367.0000,4,4,0.0054,low (<=2.2%),True,,,,100.0000,100.0000,100.0000,100.0000,,,,,,,,,,,1331.2100,0.0000,0.0000,1331.2100,indicconformer__sortformer+rule,indicconformer__sortformer
indicconformer,sortformer,rule,Bngfppo1QtA__000028000_000927000,Telugu,899.0000,5,5+,0.1261,high (>7.0%),True,,,,100.0000,100.0000,100.0000,100.0000,,,,,,,,,,,1002.8700,0.0000,0.0000,1002.8700,indicconformer__sortformer+rule,indicconformer__sortformer
indicconformer,sortformer,rule,CO_8ppdzq9U__000000000_000695000,Tamil,695.0000,4,4,0.0186,low (<=2.2%),True,,,,100.0000,100.0000,100.0000,100.0000,,,,,,,,,,,652.3400,0.0000,0.0000,652.3400,indicconformer__sortformer+rule,indicconformer__sortformer
indicconformer,sortformer,rule,Cku_X_SL7qU__000060000_000660000,Gujarati,600.0000,3,3,0.1022,high (>7.0%),False,100.0000,100.0000,36.9159,73.0937,59.0409,71.1255,56.9995,48.0000,13.0000,17.0000,False,1778.0000,1778.0000,1778.0000,1778.0000,79.0000,214.0000,108.1300,179.5700,75.1300,496.3900,indicconformer__sortformer+rule,indicconformer__sortformer
indicconformer,sortformer,rule,DPmew0didIM__000191000_000512000,Telugu,321.0000,5,5+,0.0620,mid (2.2%-7.0%],False,65.1042,75.5208,21.1765,45.5297,64.2364,45.7991,64.5965,40.0000,6.0000,8.0000,False,500.0000,768.0000,580.0000,768.0000,90.0000,425.0000,39.3000,27.1800,82.2200,326.6000,indicconformer__sortformer+rule,indicconformer__sortformer
indicconformer,sortformer,rule,EmsKkNN2Me4__000035000_000095000,Malayalam,60.0000,2,2,0.0471,mid (2.2%-7.0%],False,87.1508,87.1508,26.4151,44.2393,52.1736,45.6403,53.8381,15.0000,6.0000,9.0000,False,156.0000,179.0000,156.0000,179.0000,14.0000,53.0000,3.3700,5.9700,17.5000,60.6700,indicconformer__sortformer+rule,indicconformer__sortformer
indicconformer,sortformer,rule,ExGJodnzocM__000212000_000527000,Devanagari (hi/mr),315.0000,4,4,0.0133,low (<=2.2%),False,100.0000,100.0000,68.5185,46.9973,64.0678,47.4622,64.5604,44.0000,14.0000,21.0000,False,1161.0000,1161.0000,1161.0000,1161.0000,185.0000,270.0000,16.7500,10.4300,118.3800,309.7200,indicconformer__sortformer+rule,indicconformer__sortformer
indicconformer,sortformer,rule,F2uXav-wriA__000000000_000907000,Devanagari (hi/mr),907.0000,4,4,0.0336,mid (2.2%-7.0%],True,,,,100.0000,100.0000,100.0000,100.0000,,,,,,,,,,,912.9800,0.0000,0.0000,912.9800,indicconformer__sortformer+rule,indicconformer__sortformer
indicconformer,sortformer,rule,FDMf9ApmoNU__000016000_000686000,Bengali,670.0000,4,4,0.0882,high (>7.0%),True,,,,100.0000,100.0000,100.0000,100.0000,,,,,,,,,,,630.0200,0.0000,0.0000,630.0200,indicconformer__sortformer+rule,indicconformer__sortformer
indicconformer,sortformer,rule,G6qzg93FxwE__000021000_000116000,Gujarati,95.0000,2,2,0.0061,low (<=2.2%),False,61.0487,61.0487,0.7692,6.6645,7.8575,6.6645,7.8575,8.0000,0.0000,0.0000,False,163.0000,267.0000,163.0000,267.0000,1.0000,130.0000,3.8800,1.9700,0.3500,93.0300,indicconformer__sortformer+rule,indicconformer__sortformer
indicconformer,sortformer,rule,GEc_sS2KWo8__000096000_000290000,Gujarati,194.0000,4,4,0.0378,mid (2.2%-7.0%],False,83.5907,83.5907,3.7037,22.9262,47.3904,23.0328,47.5722,15.0000,1.0000,1.0000,False,433.0000,518.0000,433.0000,518.0000,6.0000,162.0000,20.0600,10.1200,4.2300,150.0900,indicconformer__sortformer+rule,indicconformer__sortformer
indicconformer,sortformer,rule,GfFLEIAAumk__000090000_000163000,Bengali,73.0000,2,2,0.0285,mid (2.2%-7.0%],False,88.4259,89.3519,7.5472,17.2034,22.5101,19.3776,26.2270,14.0000,3.0000,6.0000,False,191.0000,216.0000,193.0000,216.0000,4.0000,53.0000,3.2400,3.3700,6.0500,73.5900,indicconformer__sortformer+rule,indicconformer__sortformer
indicconformer,sortformer,rule,Gq45evw6ytY__000597000_001464000,Odia,867.0000,3,3,0.0869,high (>7.0%),True,,,,100.0000,100.0000,100.0000,100.0000,,,,,,,,,,,886.5900,0.0000,0.0000,886.5900,indicconformer__sortformer+rule,indicconformer__sortformer
indicconformer,sortformer,rule,HZv_WvIr6lE__000021000_000105000,Tamil,84.0000,3,3,0.1276,high (>7.0%),False,92.3077,92.3077,16.6667,27.2244,27.6514,27.2244,27.2329,7.0000,2.0000,3.0000,False,240.0000,260.0000,240.0000,260.0000,8.0000,48.0000,11.1800,7.4600,6.4800,92.2700,indicconformer__sortformer+rule,indicconformer__sortformer
indicconformer,sortformer,rule,HpYG46tGyYs__000103000_000998000,Devanagari (hi/mr),895.0000,4,4,0.0022,low (<=2.2%),True,,,,100.0000,100.0000,100.0000,100.0000,,,,,,,,,,,861.2300,0.0000,0.0000,861.2300,indicconformer__sortformer+rule,indicconformer__sortformer
indicconformer,sortformer,rule,IAm1rt-MYcA__000004000_000558000,Bengali,554.0000,4,4,0.0445,mid (2.2%-7.0%],False,78.0806,79.6209,8.6879,39.1153,53.2169,38.2272,52.4027,51.0000,7.0000,13.0000,False,1318.0000,1688.0000,1344.0000,1688.0000,49.0000,564.0000,88.4500,36.6600,86.7500,541.6300,indicconformer__sortformer+rule,indicconformer__sortformer
indicconformer,sortformer,rule,Iare1Emeueg__000016000_000069000,Devanagari (hi/mr),53.0000,2,2,0.0000,low (<=2.2%),False,100.0000,100.0000,66.6667,71.2668,67.1742,69.2325,65.2494,9.0000,3.0000,3.0000,False,139.0000,139.0000,139.0000,139.0000,10.0000,15.0000,13.6600,7.0400,10.1300,43.2600,indicconformer__sortformer+rule,indicconformer__sortformer
indicconformer,sortformer,rule,IfTL8SSN270__000062000_000671000,Devanagari (hi/mr),609.0000,4,4,0.1121,high (>7.0%),False,100.0000,100.0000,68.6792,27.9502,33.4500,27.9637,33.5407,99.0000,23.0000,45.0000,False,2214.0000,2214.0000,2214.0000,2214.0000,728.0000,1060.0000,87.9100,27.0900,70.5500,663.8600,indicconformer__sortformer+rule,indicconformer__sortformer
indicconformer,sortformer,rule,Ig6szCD8m20__000046000_000106000,Devanagari (hi/mr),60.0000,2,2,0.0204,low (<=2.2%),False,50.2591,53.8860,5.6738,21.8530,29.0976,25.2098,33.9963,8.0000,2.0000,7.0000,False,97.0000,193.0000,104.0000,193.0000,8.0000,141.0000,1.6800,3.1300,8.2100,59.5800,indicconformer__sortformer+rule,indicconformer__sortformer
indicconformer,sortformer,rule,Iqhnt8ENm3U__000027000_000088000,Devanagari (hi/mr),61.0000,3,3,0.1772,high (>7.0%),False,87.0056,86.4407,42.8571,68.8702,79.5685,68.8702,79.5685,12.0000,2.0000,2.0000,False,154.0000,177.0000,153.0000,177.0000,21.0000,49.0000,14.5600,3.8800,27.4000,66.5600,indicconformer__sortformer+rule,indicconformer__sortformer
indicconformer,sortformer,rule,J4-VpEkBzWw__000000000_000600000,Kannada,600.0000,7,5+,0.0685,mid (2.2%-7.0%],False,60.8247,96.0696,41.8821,44.9930,65.4586,44.9946,65.4318,59.0000,9.0000,14.0000,False,944.0000,1552.0000,1491.0000,1552.0000,405.0000,967.0000,48.3600,7.6600,230.2300,636.2100,indicconformer__sortformer+rule,indicconformer__sortformer
indicconformer,sortformer,rule,JBYGLQJwFDc__000103000_000407000,Tamil,304.0000,3,3,0.0120,low (<=2.2%),False,91.7647,91.9118,6.7227,47.5118,67.2486,43.4678,64.0435,22.0000,5.0000,6.0000,False,624.0000,680.0000,625.0000,680.0000,8.0000,119.0000,39.8900,28.6100,55.3300,260.6300,indicconformer__sortformer+rule,indicconformer__sortformer
indicconformer,sortformer,rule,JSB1CeS4pP8__000000000_000632000,Punjabi,632.0000,4,4,0.0880,high (>7.0%),True,,,,100.0000,100.0000,100.0000,100.0000,,,,,,,,,,,652.5400,0.0000,0.0000,652.5400,indicconformer__sortformer+rule,indicconformer__sortformer
indicconformer,sortformer,rule,Jc5AVwg2cZM__000153000_000214000,Devanagari (hi/mr),61.0000,3,3,0.2816,high (>7.0%),False,89.5349,91.8605,27.4510,86.7602,72.6970,85.2927,72.1896,16.0000,6.0000,10.0000,False,154.0000,172.0000,158.0000,172.0000,14.0000,51.0000,20.4700,15.5800,18.3400,62.6900,indicconformer__sortformer+rule,indicconformer__sortformer
indicconformer,sortformer,rule,KAtdcDieQMw__000057000_000599000,Odia,542.0000,3,3,0.1073,high (>7.0%),False,71.4696,72.3881,6.8817,26.6486,34.9925,24.3250,31.6830,55.0000,11.0000,14.0000,False,1245.0000,1742.0000,1261.0000,1742.0000,64.0000,930.0000,46.5000,22.3800,86.1800,581.8700,indicconformer__sortformer+rule,indicconformer__sortformer
indicconformer,sortformer,rule,KPkRi3GM7fs__000047000_000642000,Odia,595.0000,3,3,0.0031,low (<=2.2%),False,44.5572,45.6853,1.6249,9.0950,9.6398,9.2076,9.8535,36.0000,6.0000,7.0000,False,790.0000,1773.0000,810.0000,1773.0000,24.0000,1477.0000,33.9300,13.3300,5.2400,577.2400,indicconformer__sortformer+rule,indicconformer__sortformer
indicconformer,sortformer,rule,Kdi-ECuOaKg__000002000_000078000,Malayalam,76.0000,6,5+,0.0000,low (<=2.2%),False,59.3407,86.8132,27.4194,83.1757,87.4189,83.1757,87.4189,8.0000,0.0000,0.0000,False,54.0000,91.0000,79.0000,91.0000,17.0000,62.0000,17.6700,7.4300,7.4300,39.1100,indicconformer__sortformer+rule,indicconformer__sortformer
indicconformer,sortformer,rule,L7xRazDdtgw__000019000_000083000,Gujarati,64.0000,3,3,0.0012,low (<=2.2%),False,100.0000,100.0000,80.9524,85.0480,83.8811,86.5479,84.7673,7.0000,1.0000,2.0000,False,102.0000,102.0000,102.0000,102.0000,17.0000,21.0000,12.8300,7.3500,16.1100,42.6700,indicconformer__sortformer+rule,indicconformer__sortformer
indicconformer,sortformer,rule,LBIWBxQ5H1s__000090000_001020000,Malayalam,930.0000,4,4,0.0724,high (>7.0%),True,,,,100.0000,100.0000,100.0000,100.0000,,,,,,,,,,,961.9500,0.0000,0.0000,961.9500,indicconformer__sortformer+rule,indicconformer__sortformer
indicconformer,sortformer,rule,LK23jX9tgZM__000059000_000221000,Gujarati,162.0000,3,3,0.1712,high (>7.0%),False,85.5839,85.5839,1.1111,54.5612,52.5622,52.2485,50.1193,3.0000,1.0000,1.0000,False,469.0000,548.0000,469.0000,548.0000,1.0000,90.0000,42.6900,8.4800,46.5000,179.0100,indicconformer__sortformer+rule,indicconformer__sortformer
indicconformer,sortformer,rule,LctYmmr9-Vg__000000000_000061000,Devanagari (hi/mr),61.0000,2,2,0.0000,low (<=2.2%),False,78.4173,81.2950,18.5185,21.8600,23.7519,16.9070,15.6547,8.0000,3.0000,7.0000,False,109.0000,139.0000,113.0000,139.0000,10.0000,54.0000,3.8700,4.2200,2.3700,47.8500,indicconformer__sortformer+rule,indicconformer__sortformer
indicconformer,sortformer,rule,LqQHdo7t5Ps__000198000_000498000,Devanagari (hi/mr),300.0000,3,3,0.0019,low (<=2.2%),False,48.6994,69.0751,21.9149,32.8236,56.2038,32.8509,56.2293,30.0000,2.0000,4.0000,False,337.0000,692.0000,478.0000,692.0000,103.0000,470.0000,9.8500,6.9300,79.6000,293.6300,indicconformer__sortformer+rule,indicconformer__sortformer
indicconformer,sortformer,rule,Md3p6RTanBg__000315000_000426000,Bengali,111.0000,3,3,0.0528,mid (2.2%-7.0%],False,63.7584,65.1007,1.3793,4.3809,4.1024,4.3809,4.1024,11.0000,1.0000,1.0000,False,190.0000,298.0000,194.0000,298.0000,2.0000,145.0000,1.8700,1.6500,1.4400,113.2200,indicconformer__sortformer+rule,indicconformer__sortformer
indicconformer,sortformer,rule,MmtWBUK2DKE__000000000_000310000,Devanagari (hi/mr),310.0000,5,5+,0.0432,mid (2.2%-7.0%],False,100.0000,124.1921,69.8289,54.6175,78.3271,52.9669,76.6381,45.0000,13.0000,28.0000,False,1083.0000,1083.0000,1345.0000,1083.0000,449.0000,643.0000,14.2300,6.4000,146.8000,306.5500,indicconformer__sortformer+rule,indicconformer__sortformer
indicconformer,sortformer,rule,NLgHpYyf5bY__000313000_000383000,Devanagari (hi/mr),70.0000,2,2,0.0097,low (<=2.2%),False,100.0000,100.0000,33.3333,16.2143,29.3406,17.3755,31.9487,7.0000,2.0000,6.0000,False,240.0000,240.0000,240.0000,240.0000,64.0000,192.0000,2.6600,2.1700,6.3400,68.8900,indicconformer__sortformer+rule,indicconformer__sortformer
indicconformer,sortformer,rule,NuhdqCEuIBo__000197000_000540000,Punjabi,343.0000,3,3,0.0562,mid (2.2%-7.0%],False,72.2425,72.5347,7.7535,25.5902,47.8007,23.8709,36.6347,41.0000,9.0000,16.0000,False,989.0000,1369.0000,993.0000,1369.0000,39.0000,503.0000,24.8000,18.9900,47.1500,355.3700,indicconformer__sortformer+rule,indicconformer__sortformer
indicconformer,sortformer,rule,O4_aeGFzZ8A__000000000_000335000,Kannada,335.0000,8,5+,0.0004,low (<=2.2%),False,61.6809,101.7094,43.1718,53.5775,64.2274,53.6770,64.6915,44.0000,4.0000,5.0000,False,433.0000,702.0000,714.0000,702.0000,196.0000,454.0000,28.3400,3.2700,140.8400,321.8700,indicconformer__sortformer+rule,indicconformer__sortformer
indicconformer,sortformer,rule,OXUt5KnlUMo__000091000_000181000,Odia,90.0000,2,2,0.0000,low (<=2.2%),False,75.0000,74.5968,7.9646,29.2000,37.4459,30.8672,40.2927,10.0000,2.0000,2.0000,False,186.0000,248.0000,185.0000,248.0000,9.0000,113.0000,10.9700,3.6300,10.6200,86.3700,indicconformer__sortformer+rule,indicconformer__sortformer
indicconformer,sortformer,rule,OxYCBQKZ3iY__000000000_001822000,Punjabi,1822.0000,7,5+,0.0659,mid (2.2%-7.0%],True,,,,100.0000,100.0000,100.0000,100.0000,,,,,,,,,,,1706.2700,0.0000,0.0000,1706.2700,indicconformer__sortformer+rule,indicconformer__sortformer
indicconformer,sortformer,rule,PCUA2q2C-2A__000045000_000107000,Devanagari (hi/mr),62.0000,3,3,0.0063,low (<=2.2%),False,29.8701,31.1688,0.6944,2.8661,4.5155,2.8661,4.5155,3.0000,0.0000,0.0000,False,46.0000,154.0000,48.0000,154.0000,1.0000,144.0000,0.8300,0.9100,0.0000,60.7100,indicconformer__sortformer+rule,indicconformer__sortformer
indicconformer,sortformer,rule,PEDfT9-Yf2o__000000000_000469000,Bengali,469.0000,3,3,0.0110,low (<=2.2%),False,38.7250,80.8754,32.1615,36.0184,51.5243,36.0184,51.5243,20.0000,0.0000,0.0000,False,407.0000,1051.0000,850.0000,1051.0000,247.0000,768.0000,12.3300,3.2100,129.4700,402.6000,indicconformer__sortformer+rule,indicconformer__sortformer
indicconformer,sortformer,rule,PQB3-4sZUeY__000000000_001132000,Telugu,1132.0000,4,4,0.1069,high (>7.0%),True,,,,100.0000,100.0000,100.0000,100.0000,,,,,,,,,,,1129.8400,0.0000,0.0000,1129.8400,indicconformer__sortformer+rule,indicconformer__sortformer
indicconformer,sortformer,rule,PRAzUz0GANs__000223000_000283000,Kannada,60.0000,2,2,0.0822,high (>7.0%),False,85.5670,85.5670,10.8434,35.1300,41.4008,35.1300,41.4008,8.0000,0.0000,0.0000,False,166.0000,194.0000,166.0000,194.0000,9.0000,83.0000,5.4100,6.2900,10.3300,62.7100,indicconformer__sortformer+rule,indicconformer__sortformer
indicconformer,sortformer,rule,PSIzXy5-y2E__000002000_000918000,Devanagari (hi/mr),916.0000,3,3,0.0434,mid (2.2%-7.0%],True,,,,100.0000,100.0000,100.0000,100.0000,,,,,,,,,,,889.8000,0.0000,0.0000,889.8000,indicconformer__sortformer+rule,indicconformer__sortformer
indicconformer,sortformer,rule,PVDfS7lcJHY__000000000_000360000,Kannada,360.0000,6,5+,0.1127,high (>7.0%),False,83.7838,93.1467,48.1159,52.4300,71.5835,52.3624,70.7362,54.0000,20.0000,25.0000,False,868.0000,1036.0000,965.0000,1036.0000,166.0000,345.0000,37.0700,15.2200,149.3400,384.5700,indicconformer__sortformer+rule,indicconformer__sortformer
indicconformer,sortformer,rule,Pjre5dpnKGA__000000000_000330000,Kannada,330.0000,4,4,0.0933,high (>7.0%),False,83.3550,83.4850,10.5839,34.3879,55.0816,33.2529,54.0508,31.0000,3.0000,5.0000,False,641.0000,769.0000,642.0000,769.0000,29.0000,274.0000,26.0000,21.2000,68.2300,335.6700,indicconformer__sortformer+rule,indicconformer__sortformer
indicconformer,sortformer,rule,QhpjuNTZoA8__000000000_000586000,Kannada,586.0000,3,3,0.0512,mid (2.2%-7.0%],False,73.6005,93.1298,43.7947,46.8086,62.9540,46.6762,62.8809,66.0000,6.0000,8.0000,False,1157.0000,1572.0000,1464.0000,1572.0000,367.0000,838.0000,38.7700,6.9500,240.5100,611.4900,indicconformer__sortformer+rule,indicconformer__sortformer
indicconformer,sortformer,rule,QuA_B6IZ6Ls__000061000_001863000,Devanagari (hi/mr),1802.0000,4,4,0.3694,high (>7.0%),True,,,,100.0000,100.0000,100.0000,100.0000,,,,,,,,,,,2703.9700,0.0000,0.0000,2703.9700,indicconformer__sortformer+rule,indicconformer__sortformer
indicconformer,sortformer,rule,RL2fhIEEbZg__000000000_000065000,Telugu,65.0000,3,3,0.0563,mid (2.2%-7.0%],False,67.6829,67.6829,6.9444,11.6236,39.9204,11.6236,39.9204,8.0000,1.0000,1.0000,False,111.0000,164.0000,111.0000,164.0000,5.0000,72.0000,0.9300,5.0200,1.6600,65.4700,indicconformer__sortformer+rule,indicconformer__sortformer
indicconformer,sortformer,rule,RL2fhIEEbZg__000066000_001034000,Telugu,968.0000,3,3,0.0719,high (>7.0%),True,,,,100.0000,100.0000,100.0000,100.0000,,,,,,,,,,,1012.9500,0.0000,0.0000,1012.9500,indicconformer__sortformer+rule,indicconformer__sortformer
indicconformer,sortformer,rule,RWTmftezCwI__000000000_000060000,Malayalam,60.0000,2,2,0.0244,mid (2.2%-7.0%],False,75.6303,75.6303,1.6949,9.3728,10.9489,9.3728,10.9489,5.0000,0.0000,0.0000,False,90.0000,119.0000,90.0000,119.0000,1.0000,59.0000,1.2900,2.1200,2.0300,58.0400,indicconformer__sortformer+rule,indicconformer__sortformer
indicconformer,sortformer,rule,RZUZyvRzi80__000000000_000336000,Punjabi,336.0000,4,4,0.0001,low (<=2.2%),False,30.1382,53.1797,17.2881,31.5134,37.5866,31.5134,37.6120,13.0000,2.0000,2.0000,False,327.0000,1085.0000,577.0000,1085.0000,153.0000,885.0000,45.4400,2.2700,54.2800,323.6400,indicconformer__sortformer+rule,indicconformer__sortformer
indicconformer,sortformer,rule,SZ7ay4OjfAE__000000000_000897000,Telugu,897.0000,5,5+,0.1794,high (>7.0%),True,,,,100.0000,100.0000,100.0000,100.0000,,,,,,,,,,,1011.5800,0.0000,0.0000,1011.5800,indicconformer__sortformer+rule,indicconformer__sortformer
indicconformer,sortformer,rule,T3I2T-cfhG4__000160000_000210000,Devanagari (hi/mr),50.0000,2,2,0.0000,low (<=2.2%),False,45.6897,45.6897,0.0000,10.9644,12.7610,10.9644,12.7610,6.0000,0.0000,0.0000,False,53.0000,116.0000,53.0000,116.0000,0.0000,88.0000,1.2900,3.0300,0.8300,46.9700,indicconformer__sortformer+rule,indicconformer__sortformer
indicconformer,sortformer,rule,TU3M6wSQV_g__000099000_000171000,Telugu,72.0000,2,2,0.0451,mid (2.2%-7.0%],False,68.5185,69.9074,4.8544,17.3441,34.7584,19.3159,36.9743,15.0000,6.0000,10.0000,False,148.0000,216.0000,151.0000,216.0000,5.0000,103.0000,3.6300,2.1100,7.1900,74.5500,indicconformer__sortformer+rule,indicconformer__sortformer
indicconformer,sortformer,rule,Tlha36rSd5o__000240000_000374000,Tamil,134.0000,2,2,0.0000,low (<=2.2%),False,77.9874,79.2453,1.3423,16.7826,15.8065,16.0150,13.3620,16.0000,1.0000,2.0000,False,248.0000,318.0000,252.0000,318.0000,2.0000,149.0000,10.6700,8.3100,2.0100,125.0700,indicconformer__sortformer+rule,indicconformer__sortformer
indicconformer,sortformer,rule,TrPnW5kLAyQ__000093000_000513000,Devanagari (hi/mr),420.0000,4,4,0.0501,mid (2.2%-7.0%],False,68.8808,69.3358,5.5846,26.1561,33.2604,23.9211,28.3238,50.0000,7.0000,13.0000,False,757.0000,1099.0000,762.0000,1099.0000,32.0000,573.0000,65.1400,14.1000,23.9800,394.6300,indicconformer__sortformer+rule,indicconformer__sortformer
indicconformer,sortformer,rule,U_EHjxThUgc__000181000_000289000,Bengali,108.0000,3,3,0.0529,mid (2.2%-7.0%],False,44.1472,45.4849,1.4706,14.4053,16.6226,14.4053,16.6226,5.0000,0.0000,0.0000,False,132.0000,299.0000,136.0000,299.0000,3.0000,204.0000,6.0600,5.5600,4.5500,112.2500,indicconformer__sortformer+rule,indicconformer__sortformer
indicconformer,sortformer,rule,VHlIFsHPWbk__000023000_000470000,Odia,447.0000,4,4,0.0269,mid (2.2%-7.0%],False,53.6494,60.3461,9.3363,12.5206,18.8198,12.3981,18.6367,32.0000,5.0000,6.0000,False,713.0000,1329.0000,802.0000,1329.0000,83.0000,889.0000,17.0100,7.3900,31.7900,448.7800,indicconformer__sortformer+rule,indicconformer__sortformer
indicconformer,sortformer,rule,VKY0uuZ6Om8__000575000_000935000,Devanagari (hi/mr),360.0000,3,3,0.1718,high (>7.0%),False,70.2878,70.3807,3.6325,38.3671,45.0692,39.6404,47.3809,55.0000,12.0000,16.0000,False,757.0000,1077.0000,758.0000,1077.0000,17.0000,468.0000,68.7600,35.5400,56.6000,419.3700,indicconformer__sortformer+rule,indicconformer__sortformer
indicconformer,sortformer,rule,VY_4x1scS-Y__000013000_000121000,Tamil,108.0000,4,4,0.0427,mid (2.2%-7.0%],False,94.9405,94.9405,11.8644,48.2441,63.3373,48.2441,63.3373,6.0000,0.0000,0.0000,False,319.0000,336.0000,319.0000,336.0000,7.0000,59.0000,9.6400,2.4600,41.3400,110.7700,indicconformer__sortformer+rule,indicconformer__sortformer
indicconformer_free,pyannote31,baseline,0AEEA8NyVwY__000011000_000609000,Devanagari (hi/mr),598.0000,3,3,0.0047,low (<=2.2%),False,81.2453,81.3953,4.9370,15.2164,15.2446,15.2714,14.9164,,,,,1083.0000,1333.0000,1085.0000,1333.0000,47.0000,952.0000,67.9790,15.6650,2.2070,564.2000,pyannote31,indicconformer_free__pyannote31
indicconformer_free,pyannote31,baseline,0SoItGfM_sY__000007000_000088000,Kannada,81.0000,5,5+,0.0000,low (<=2.2%),False,96.9697,96.9697,5.0725,43.8189,62.3965,41.7771,58.9536,,,,,160.0000,165.0000,160.0000,165.0000,7.0000,138.0000,10.5540,8.0640,12.0070,69.8900,pyannote31,indicconformer_free__pyannote31
indicconformer_free,pyannote31,baseline,0VEwL9XZ0LY__000261000_000557000,Devanagari (hi/mr),296.0000,2,2,0.0355,mid (2.2%-7.0%],False,69.9885,71.5922,4.0691,20.8319,22.4821,20.5845,21.5993,,,,,611.0000,873.0000,625.0000,873.0000,33.0000,811.0000,30.2120,17.0440,13.0170,289.3300,pyannote31,indicconformer_free__pyannote31
indicconformer_free,pyannote31,baseline,0esIFSOAcFs__000000000_000913000,Gujarati,913.0000,3,3,0.0232,mid (2.2%-7.0%],False,94.0320,94.1412,5.9347,6.1930,7.3644,7.0356,8.5794,,,,,2584.0000,2748.0000,2587.0000,2748.0000,80.0000,1348.0000,43.3470,4.6690,9.3050,925.5800,pyannote31,indicconformer_free__pyannote31
indicconformer_free,pyannote31,baseline,0p6cktLGIfY__000012000_000930000,Gujarati,918.0000,6,5+,0.0329,mid (2.2%-7.0%],False,95.3642,95.3253,16.6012,40.8738,57.5351,40.8933,54.9324,,,,,2448.0000,2567.0000,2447.0000,2567.0000,169.0000,1018.0000,134.0050,113.4210,92.3580,831.3000,pyannote31,indicconformer_free__pyannote31
indicconformer_free,pyannote31,baseline,13VBh0Z6QmE__000000000_000904000,Tamil,904.0000,4,4,0.0290,mid (2.2%-7.0%],False,99.4398,99.5598,66.4835,10.8629,15.4333,17.4009,26.9829,,,,,2485.0000,2499.0000,2488.0000,2499.0000,121.0000,182.0000,39.5210,10.5800,46.2620,887.0800,pyannote31,indicconformer_free__pyannote31
indicconformer_free,pyannote31,baseline,1LFl5JEipII__000000000_000597000,Bengali,597.0000,5,5+,0.1006,high (>7.0%),False,97.6101,97.8616,43.1438,31.8872,45.4623,33.2999,46.8408,,,,,1552.0000,1590.0000,1556.0000,1590.0000,129.0000,299.0000,38.1100,30.3350,120.2380,591.7200,pyannote31,indicconformer_free__pyannote31
indicconformer_free,pyannote31,baseline,2HGP34TNvjg__000084000_000194000,Odia,110.0000,2,2,0.0128,low (<=2.2%),False,93.9189,93.9189,3.4483,30.8286,36.5238,30.7129,36.1000,,,,,278.0000,296.0000,278.0000,296.0000,8.0000,232.0000,13.1630,7.2360,11.0400,101.9800,pyannote31,indicconformer_free__pyannote31
indicconformer_free,pyannote31,baseline,2LN6vb7EBn0__000098000_000394000,Tamil,296.0000,3,3,0.0238,mid (2.2%-7.0%],False,99.0679,99.2011,65.0000,29.1219,34.2267,33.4953,40.5958,,,,,744.0000,751.0000,745.0000,751.0000,26.0000,40.0000,28.4740,24.3270,30.7410,286.8700,pyannote31,indicconformer_free__pyannote31
indicconformer_free,pyannote31,baseline,2T4pjueLrsk__000677000_001290000,Gujarati,613.0000,4,4,0.0342,mid (2.2%-7.0%],False,97.6664,97.7960,30.9524,44.1064,60.3299,44.6766,60.6589,,,,,2260.0000,2314.0000,2263.0000,2314.0000,169.0000,546.0000,108.0970,59.6910,71.9830,543.6200,pyannote31,indicconformer_free__pyannote31
indicconformer_free,pyannote31,baseline,2gGHQgj9yno__000000000_000099000,Gujarati,99.0000,4,4,0.0798,high (>7.0%),False,97.8947,97.8947,33.8983,35.1156,64.5733,37.2912,64.0955,,,,,279.0000,285.0000,279.0000,285.0000,20.0000,59.0000,13.5670,9.2490,10.9020,96.0200,pyannote31,indicconformer_free__pyannote31
indicconformer_free,pyannote31,baseline,2iMXYxBTwbM__000339000_000401000,Devanagari (hi/mr),62.0000,3,3,0.1275,high (>7.0%),False,95.7447,95.7447,48.8889,80.3239,80.8918,80.4604,79.6196,,,,,180.0000,188.0000,180.0000,188.0000,22.0000,45.0000,15.1770,14.5860,16.1180,57.1200,pyannote31,indicconformer_free__pyannote31
indicconformer_free,pyannote31,baseline,37dND_0r6S8__000060000_000222000,Tamil,162.0000,2,2,0.0896,high (>7.0%),False,100.0000,100.0000,33.3333,44.6981,52.7356,57.7362,66.2458,,,,,557.0000,557.0000,557.0000,557.0000,1.0000,3.0000,18.0680,16.2060,41.1720,168.7900,pyannote31,indicconformer_free__pyannote31
indicconformer_free,pyannote31,baseline,4Qg2jWP6_T0__000136000_000202000,Punjabi,66.0000,3,3,0.2093,high (>7.0%),False,98.8722,99.2481,51.0870,74.5504,76.0283,75.8091,76.9046,,,,,263.0000,266.0000,264.0000,266.0000,47.0000,92.0000,14.4860,10.7350,27.2550,70.3900,pyannote31,indicconformer_free__pyannote31
indicconformer_free,pyannote31,baseline,6-726qTlYeg__000102000_000162000,Malayalam,60.0000,2,2,0.1610,high (>7.0%),False,98.5981,98.1308,55.1724,44.2053,49.2353,50.4982,52.9669,,,,,211.0000,214.0000,210.0000,214.0000,48.0000,87.0000,8.1050,9.6140,13.0700,69.6500,pyannote31,indicconformer_free__pyannote31
indicconformer_free,pyannote31,baseline,6ZeRgvDHwcI__000006000_000100000,Gujarati,94.0000,2,2,0.0125,low (<=2.2%),False,95.2381,96.2963,35.0649,64.9779,60.3702,70.1501,66.5822,,,,,180.0000,189.0000,182.0000,189.0000,27.0000,77.0000,24.9480,9.2890,6.8940,63.3000,pyannote31,indicconformer_free__pyannote31
indicconformer_free,pyannote31,baseline,6f6TLzlP8Wk__000082000_000144000,Punjabi,62.0000,2,2,0.0510,mid (2.2%-7.0%],False,99.1525,99.1525,49.5652,57.3034,60.1244,56.9282,58.6887,,,,,234.0000,236.0000,234.0000,236.0000,57.0000,115.0000,6.9050,9.0200,17.8210,58.8900,pyannote31,indicconformer_free__pyannote31
indicconformer_free,pyannote31,baseline,7L4gi7Ncc0s__000090000_000148000,Malayalam,58.0000,2,2,0.0000,low (<=2.2%),False,100.0000,100.8000,5.7377,15.8631,23.6233,15.8631,23.6233,,,,,125.0000,125.0000,126.0000,125.0000,7.0000,122.0000,3.4660,2.3200,3.0450,55.6700,pyannote31,indicconformer_free__pyannote31
indicconformer_free,pyannote31,baseline,7WhVNRHbjIY__000091000_001089000,Tamil,998.0000,5,5+,0.0133,low (<=2.2%),False,97.7035,97.7035,35.7542,11.7092,18.3738,11.1141,15.2273,,,,,2425.0000,2482.0000,2425.0000,2482.0000,128.0000,358.0000,25.0620,27.9400,63.7010,996.6800,pyannote31,indicconformer_free__pyannote31
indicconformer_free,pyannote31,baseline,7YfsQPYY-W0__000351000_000411000,Odia,60.0000,2,2,0.1219,high (>7.0%),False,99.5192,99.5192,6.6667,58.0327,63.1111,58.6288,62.8361,,,,,207.0000,208.0000,207.0000,208.0000,2.0000,30.0000,9.5790,7.1090,20.5980,64.2500,pyannote31,indicconformer_free__pyannote31
indicconformer_free,pyannote31,baseline,7c9ePKgqams__000299000_000869000,Telugu,570.0000,4,4,0.0055,low (<=2.2%),False,91.1958,91.4586,7.5145,33.9619,60.7773,33.6122,60.4949,,,,,1388.0000,1522.0000,1392.0000,1522.0000,91.0000,1211.0000,35.9880,19.3630,132.5670,553.3200,pyannote31,indicconformer_free__pyannote31
indicconformer_free,pyannote31,baseline,7k-xDqNjESc__000073000_000981000,Malayalam,908.0000,4,4,0.0421,mid (2.2%-7.0%],False,92.4520,96.5610,17.1996,35.0069,67.3777,34.9825,66.9371,,,,,2070.0000,2239.0000,2162.0000,2239.0000,312.0000,1814.0000,117.5840,53.7710,142.8630,897.5900,pyannote31,indicconformer_free__pyannote31
indicconformer_free,pyannote31,baseline,83gP2vLH7UY__000255000_002005000,Devanagari (hi/mr),1750.0000,5,5+,0.2022,high (>7.0%),False,86.8081,86.9978,10.7597,30.2992,32.0949,32.2230,31.5107,,,,,5034.0000,5799.0000,5045.0000,5799.0000,347.0000,3225.0000,272.5080,194.1510,152.5410,2043.6200,pyannote31,indicconformer_free__pyannote31
indicconformer_free,pyannote31,baseline,86mMTUeDiR8__000181000_001079000,Bengali,898.0000,5,5+,0.0517,mid (2.2%-7.0%],False,96.3226,97.0748,34.4966,54.2008,65.4720,54.9956,65.4225,,,,,2305.0000,2393.0000,2323.0000,2393.0000,257.0000,745.0000,152.1350,113.0060,181.0130,823.1500,pyannote31,indicconformer_free__pyannote31
indicconformer_free,pyannote31,baseline,87Zbup3ohcw__000106000_000445000,Tamil,339.0000,4,4,0.0152,low (<=2.2%),False,91.3218,93.5915,5.8282,22.1955,34.9101,22.1496,34.8645,,,,,684.0000,749.0000,701.0000,749.0000,19.0000,326.0000,36.8060,17.7920,16.4610,320.1500,pyannote31,indicconformer_free__pyannote31
indicconformer_free,pyannote31,baseline,8Ve4SWhlrrA__000000000_000070000,Odia,70.0000,2,2,0.0000,low (<=2.2%),False,90.9774,93.2331,3.7879,8.0693,53.9211,8.0693,53.9211,,,,,121.0000,133.0000,124.0000,133.0000,5.0000,132.0000,3.0680,0.0260,2.0550,63.8100,pyannote31,indicconformer_free__pyannote31
indicconformer_free,pyannote31,baseline,8mvORuRHw2U__000000000_001197000,Gujarati,1197.0000,4,4,0.0417,mid (2.2%-7.0%],False,94.9885,95.3036,25.9892,15.8094,18.0173,16.3595,18.2363,,,,,3317.0000,3492.0000,3328.0000,3492.0000,289.0000,1112.0000,99.9830,42.6110,40.6880,1159.3200,pyannote31,indicconformer_free__pyannote31
indicconformer_free,pyannote31,baseline,8o7jKmq6HsM__000030000_001770000,Devanagari (hi/mr),1740.0000,6,5+,0.0471,mid (2.2%-7.0%],False,89.7638,89.8075,7.5064,14.5114,14.7593,15.4900,14.5281,,,,,4104.0000,4572.0000,4106.0000,4572.0000,146.0000,1945.0000,115.6530,110.2780,30.5240,1767.2600,pyannote31,indicconformer_free__pyannote31
indicconformer_free,pyannote31,baseline,8pkp-lpMJP0__000326000_000926000,Telugu,600.0000,8,5+,0.2032,high (>7.0%),False,95.7655,96.1564,37.0166,37.5965,67.0980,40.5221,67.9307,,,,,1470.0000,1535.0000,1476.0000,1535.0000,268.0000,724.0000,99.7040,33.5850,128.5630,696.4800,pyannote31,indicconformer_free__pyannote31
indicconformer_free,pyannote31,baseline,8r2Nltl0W4o__000259000_000320000,Punjabi,61.0000,2,2,0.0227,mid (2.2%-7.0%],False,89.7233,90.5138,1.1976,18.0628,57.4832,18.0628,57.4832,,,,,227.0000,253.0000,229.0000,253.0000,2.0000,167.0000,3.7480,2.0360,5.2000,60.8100,pyannote31,indicconformer_free__pyannote31
indicconformer_free,pyannote31,baseline,90uAd6xpTPo__000016000_000408000,Devanagari (hi/mr),392.0000,4,4,0.0067,low (<=2.2%),False,92.2442,92.4092,5.5375,7.9166,8.9609,7.9166,8.2533,,,,,1118.0000,1212.0000,1120.0000,1212.0000,51.0000,921.0000,9.3160,13.1440,6.4940,365.7400,pyannote31,indicconformer_free__pyannote31
indicconformer_free,pyannote31,baseline,9Aw8kg8w5Xo__000000000_000083000,Telugu,83.0000,4,4,0.0216,low (<=2.2%),False,93.4673,93.4673,10.6061,7.8078,53.6016,15.4751,59.6395,,,,,186.0000,199.0000,186.0000,199.0000,14.0000,132.0000,3.7600,1.6490,0.9840,81.8800,pyannote31,indicconformer_free__pyannote31
indicconformer_free,pyannote31,baseline,9_GMxc_JjyI__000236000_000368000,Kannada,132.0000,2,2,0.0602,mid (2.2%-7.0%],False,94.0701,95.1482,12.7090,22.8635,54.5549,23.2460,55.5839,,,,,349.0000,371.0000,353.0000,371.0000,38.0000,299.0000,11.6670,10.6040,9.2280,137.7700,pyannote31,indicconformer_free__pyannote31
indicconformer_free,pyannote31,baseline,ARCKJrGkITw__000014000_000496000,Telugu,482.0000,3,3,0.0844,high (>7.0%),False,87.3455,88.2909,15.0739,34.9293,42.0685,35.6753,42.2361,,,,,1201.0000,1375.0000,1214.0000,1375.0000,153.0000,1015.0000,49.0290,28.5990,99.3170,506.5800,pyannote31,indicconformer_free__pyannote31
indicconformer_free,pyannote31,baseline,ARZl7LT0UC0__000073000_000130000,Telugu,57.0000,3,3,0.0905,high (>7.0%),False,98.6928,98.6928,38.8060,28.4849,44.8092,28.4849,44.8092,,,,,151.0000,153.0000,151.0000,153.0000,26.0000,67.0000,6.2140,2.9810,8.3090,61.4500,pyannote31,indicconformer_free__pyannote31
indicconformer_free,pyannote31,baseline,A_dohDOK6Ic__000000000_000600000,Devanagari (hi/mr),600.0000,3,3,0.0048,low (<=2.2%),False,92.5096,92.5642,6.9460,5.9628,5.8605,6.9953,7.6004,,,,,1692.0000,1829.0000,1693.0000,1829.0000,63.0000,907.0000,31.5930,2.7380,0.1470,578.2200,pyannote31,indicconformer_free__pyannote31
indicconformer_free,pyannote31,baseline,B2ScTgeIIck__000117000_000180000,Odia,63.0000,2,2,0.0879,high (>7.0%),False,97.7011,98.2759,26.0417,33.3969,37.1565,32.7229,34.8089,,,,,170.0000,174.0000,171.0000,174.0000,25.0000,96.0000,10.1360,4.5180,7.5950,66.6200,pyannote31,indicconformer_free__pyannote31
indicconformer_free,pyannote31,baseline,BGAAfht5dYw__000000000_000612000,Gujarati,612.0000,4,4,0.1350,high (>7.0%),False,97.9572,98.0998,37.7011,19.1321,26.5565,22.7373,31.1172,,,,,2062.0000,2105.0000,2065.0000,2105.0000,164.0000,435.0000,60.1300,13.6200,56.0840,678.6200,pyannote31,indicconformer_free__pyannote31
indicconformer_free,pyannote31,baseline,BYLcUGNB_zM__000020000_001387000,Kannada,1367.0000,4,4,0.0054,low (<=2.2%),False,94.5543,94.7368,4.8731,11.5426,15.5262,11.4368,14.7912,,,,,3108.0000,3287.0000,3114.0000,3287.0000,144.0000,2955.0000,51.5660,29.3010,72.7890,1331.2100,pyannote31,indicconformer_free__pyannote31
indicconformer_free,pyannote31,baseline,Bngfppo1QtA__000028000_000927000,Telugu,899.0000,5,5+,0.1261,high (>7.0%),False,96.3355,96.9463,29.0846,48.0061,50.7558,50.5830,52.8049,,,,,2366.0000,2456.0000,2381.0000,2456.0000,251.0000,863.0000,154.6960,127.3890,199.3540,1002.8700,pyannote31,indicconformer_free__pyannote31
indicconformer_free,pyannote31,baseline,CO_8ppdzq9U__000000000_000695000,Tamil,695.0000,4,4,0.0186,low (<=2.2%),False,94.3432,94.3432,18.2771,12.5674,15.7276,13.9901,17.9800,,,,,1501.0000,1591.0000,1501.0000,1591.0000,157.0000,859.0000,49.4670,5.3610,27.1540,652.3400,pyannote31,indicconformer_free__pyannote31
indicconformer_free,pyannote31,baseline,Cku_X_SL7qU__000060000_000660000,Gujarati,600.0000,3,3,0.1022,high (>7.0%),False,99.0439,99.0439,42.7350,63.5277,53.3355,66.7661,56.4146,,,,,1761.0000,1778.0000,1761.0000,1778.0000,150.0000,351.0000,112.5730,159.0050,43.7670,496.3900,pyannote31,indicconformer_free__pyannote31
indicconformer_free,pyannote31,baseline,DPmew0didIM__000191000_000512000,Telugu,321.0000,5,5+,0.0620,mid (2.2%-7.0%],False,96.6146,96.4844,21.2121,36.9418,55.6994,36.9660,54.5828,,,,,742.0000,768.0000,741.0000,768.0000,105.0000,495.0000,46.6660,29.1820,44.8040,326.6000,pyannote31,indicconformer_free__pyannote31
indicconformer_free,pyannote31,baseline,EmsKkNN2Me4__000035000_000095000,Malayalam,60.0000,2,2,0.0471,mid (2.2%-7.0%],False,97.7654,97.7654,50.6173,53.2174,61.4521,52.2730,58.6449,,,,,175.0000,179.0000,175.0000,179.0000,41.0000,81.0000,5.5710,6.9510,19.7650,60.6700,pyannote31,indicconformer_free__pyannote31
indicconformer_free,pyannote31,baseline,ExGJodnzocM__000212000_000527000,Devanagari (hi/mr),315.0000,4,4,0.0133,low (<=2.2%),False,95.9518,95.9518,43.2911,34.4776,45.3326,34.9574,45.6717,,,,,1114.0000,1161.0000,1114.0000,1161.0000,171.0000,395.0000,27.2090,10.2180,69.3570,309.7200,pyannote31,indicconformer_free__pyannote31
indicconformer_free,pyannote31,baseline,F2uXav-wriA__000000000_000907000,Devanagari (hi/mr),907.0000,4,4,0.0336,mid (2.2%-7.0%],False,92.6582,93.0922,13.8619,10.8368,15.1658,15.0751,21.1496,,,,,2562.0000,2765.0000,2574.0000,2765.0000,257.0000,1854.0000,51.5050,8.3470,39.0860,912.9800,pyannote31,indicconformer_free__pyannote31
indicconformer_free,pyannote31,baseline,FDMf9ApmoNU__000016000_000686000,Bengali,670.0000,4,4,0.0882,high (>7.0%),False,96.5269,96.7066,26.1759,36.5152,39.2917,36.6103,39.0198,,,,,1612.0000,1670.0000,1615.0000,1670.0000,128.0000,489.0000,113.9270,70.1920,45.9340,630.0200,pyannote31,indicconformer_free__pyannote31
indicconformer_free,pyannote31,baseline,G6qzg93FxwE__000021000_000116000,Gujarati,95.0000,2,2,0.0061,low (<=2.2%),False,86.5169,86.5169,3.4014,6.7849,7.9137,6.7849,7.9137,,,,,231.0000,267.0000,231.0000,267.0000,5.0000,147.0000,4.0500,1.9250,0.3370,93.0300,pyannote31,indicconformer_free__pyannote31
indicconformer_free,pyannote31,baseline,GEc_sS2KWo8__000096000_000290000,Gujarati,194.0000,4,4,0.0378,mid (2.2%-7.0%],False,97.4903,98.0695,18.9873,33.9776,65.5401,34.6239,65.0096,,,,,505.0000,518.0000,508.0000,518.0000,45.0000,237.0000,29.4890,12.4930,9.0150,150.0900,pyannote31,indicconformer_free__pyannote31
indicconformer_free,pyannote31,baseline,GfFLEIAAumk__000090000_000163000,Bengali,73.0000,2,2,0.0285,mid (2.2%-7.0%],False,95.8333,95.8333,8.8608,14.4965,19.2887,14.4965,19.2887,,,,,207.0000,216.0000,207.0000,216.0000,7.0000,79.0000,3.8680,1.9790,4.8210,73.5900,pyannote31,indicconformer_free__pyannote31
indicconformer_free,pyannote31,baseline,Gq45evw6ytY__000597000_001464000,Odia,867.0000,3,3,0.0869,high (>7.0%),False,97.0438,97.0803,27.1531,35.2810,37.3061,36.0571,38.2388,,,,,2659.0000,2740.0000,2660.0000,2740.0000,227.0000,836.0000,114.7960,71.5010,126.5010,886.5900,pyannote31,indicconformer_free__pyannote31
indicconformer_free,pyannote31,baseline,HZv_WvIr6lE__000021000_000105000,Tamil,84.0000,3,3,0.1276,high (>7.0%),False,96.9231,96.9231,19.0476,26.7378,28.3632,28.9303,29.3737,,,,,252.0000,260.0000,252.0000,260.0000,12.0000,63.0000,6.8810,9.8180,7.9720,92.2700,pyannote31,indicconformer_free__pyannote31
indicconformer_free,pyannote31,baseline,HpYG46tGyYs__000103000_000998000,Devanagari (hi/mr),895.0000,4,4,0.0022,low (<=2.2%),False,88.5580,88.5580,2.8083,8.9450,10.5098,8.9450,10.4359,,,,,2260.0000,2552.0000,2260.0000,2552.0000,69.0000,2457.0000,29.9200,35.3400,11.7770,861.2300,pyannote31,indicconformer_free__pyannote31
indicconformer_free,pyannote31,baseline,IAm1rt-MYcA__000004000_000558000,Bengali,554.0000,4,4,0.0445,mid (2.2%-7.0%],False,94.7867,94.7275,10.5118,32.7225,38.9283,32.6186,37.9256,,,,,1600.0000,1688.0000,1599.0000,1688.0000,76.0000,723.0000,69.8790,53.8490,53.5070,541.6300,pyannote31,indicconformer_free__pyannote31
indicconformer_free,pyannote31,baseline,Iare1Emeueg__000016000_000069000,Devanagari (hi/mr),53.0000,2,2,0.0000,low (<=2.2%),False,98.5612,98.5612,20.5882,54.2857,48.9915,54.2857,48.9915,,,,,137.0000,139.0000,137.0000,139.0000,7.0000,34.0000,15.6780,6.6250,1.1810,43.2600,pyannote31,indicconformer_free__pyannote31
indicconformer_free,pyannote31,baseline,IfTL8SSN270__000062000_000671000,Devanagari (hi/mr),609.0000,4,4,0.1121,high (>7.0%),False,92.7733,92.9539,14.6916,29.3426,32.6175,29.9345,31.0975,,,,,2054.0000,2214.0000,2058.0000,2214.0000,181.0000,1232.0000,83.3010,54.8030,56.6900,663.8600,pyannote31,indicconformer_free__pyannote31
indicconformer_free,pyannote31,baseline,Ig6szCD8m20__000046000_000106000,Devanagari (hi/mr),60.0000,2,2,0.0204,low (<=2.2%),False,88.0829,89.1192,15.2439,25.1057,34.8921,23.1672,31.4099,,,,,170.0000,193.0000,172.0000,193.0000,25.0000,164.0000,1.8980,2.9830,10.0770,59.5800,pyannote31,indicconformer_free__pyannote31
indicconformer_free,pyannote31,baseline,Iqhnt8ENm3U__000027000_000088000,Devanagari (hi/mr),61.0000,3,3,0.1772,high (>7.0%),False,94.3503,93.7853,47.8873,72.2476,77.4364,73.7455,79.3885,,,,,167.0000,177.0000,166.0000,177.0000,34.0000,71.0000,15.9540,4.8310,27.3030,66.5600,pyannote31,indicconformer_free__pyannote31
indicconformer_free,pyannote31,baseline,J4-VpEkBzWw__000000000_000600000,Kannada,600.0000,7,5+,0.0685,mid (2.2%-7.0%],False,93.0412,93.1701,15.0499,8.7034,9.8341,9.1575,10.3619,,,,,1444.0000,1552.0000,1446.0000,1552.0000,166.0000,1103.0000,27.0970,10.9350,17.3400,636.2100,pyannote31,indicconformer_free__pyannote31
indicconformer_free,pyannote31,baseline,JBYGLQJwFDc__000103000_000407000,Tamil,304.0000,3,3,0.0120,low (<=2.2%),False,96.6176,97.0588,34.8684,48.8440,67.7456,47.7708,66.9166,,,,,657.0000,680.0000,660.0000,680.0000,53.0000,152.0000,48.3510,32.7810,46.1700,260.6300,pyannote31,indicconformer_free__pyannote31
indicconformer_free,pyannote31,baseline,JSB1CeS4pP8__000000000_000632000,Punjabi,632.0000,4,4,0.0880,high (>7.0%),False,95.0192,94.9713,23.0769,13.4055,15.4406,15.5236,17.3273,,,,,1984.0000,2088.0000,1983.0000,2088.0000,237.0000,1027.0000,51.9340,17.6610,17.8810,652.5400,pyannote31,indicconformer_free__pyannote31
indicconformer_free,pyannote31,baseline,Jc5AVwg2cZM__000153000_000214000,Devanagari (hi/mr),61.0000,3,3,0.2816,high (>7.0%),False,93.6047,93.6047,20.0000,77.6408,68.6414,89.8580,74.7183,,,,,161.0000,172.0000,161.0000,172.0000,17.0000,85.0000,17.2340,17.6740,13.7650,62.6900,pyannote31,indicconformer_free__pyannote31
indicconformer_free,pyannote31,baseline,KAtdcDieQMw__000057000_000599000,Odia,542.0000,3,3,0.1073,high (>7.0%),False,96.3835,96.8427,21.8118,19.5090,23.2327,21.7164,25.8278,,,,,1679.0000,1742.0000,1687.0000,1742.0000,248.0000,1137.0000,67.2530,14.9700,31.2940,581.8700,pyannote31,indicconformer_free__pyannote31
indicconformer_free,pyannote31,baseline,KPkRi3GM7fs__000047000_000642000,Odia,595.0000,3,3,0.0031,low (<=2.2%),False,92.8370,94.0778,7.1429,12.6852,14.9579,12.6407,14.8670,,,,,1646.0000,1773.0000,1668.0000,1773.0000,118.0000,1652.0000,42.2800,15.0490,15.8950,577.2400,pyannote31,indicconformer_free__pyannote31
indicconformer_free,pyannote31,baseline,Kdi-ECuOaKg__000002000_000078000,Malayalam,76.0000,6,5+,0.0000,low (<=2.2%),False,93.4066,106.5934,36.8421,95.9473,79.0042,95.9473,79.0042,,,,,85.0000,91.0000,97.0000,91.0000,28.0000,76.0000,14.6570,16.5360,6.3320,39.1100,pyannote31,indicconformer_free__pyannote31
indicconformer_free,pyannote31,baseline,L7xRazDdtgw__000019000_000083000,Gujarati,64.0000,3,3,0.0012,low (<=2.2%),False,97.0588,99.0196,44.0000,88.5681,77.7895,84.2020,78.6757,,,,,99.0000,102.0000,101.0000,102.0000,11.0000,25.0000,13.2660,7.4360,17.0900,42.6700,pyannote31,indicconformer_free__pyannote31
indicconformer_free,pyannote31,baseline,LBIWBxQ5H1s__000090000_001020000,Malayalam,930.0000,4,4,0.0724,high (>7.0%),False,96.6558,96.8597,26.3746,37.0501,42.2803,38.3371,42.3614,,,,,2370.0000,2452.0000,2375.0000,2452.0000,307.0000,1164.0000,122.2490,86.4100,147.7440,961.9500,pyannote31,indicconformer_free__pyannote31
indicconformer_free,pyannote31,baseline,LK23jX9tgZM__000059000_000221000,Gujarati,162.0000,3,3,0.1712,high (>7.0%),False,97.9927,97.9927,12.8205,31.7586,54.6427,31.6647,54.4772,,,,,537.0000,548.0000,537.0000,548.0000,15.0000,117.0000,35.2140,9.6140,12.0230,179.0100,pyannote31,indicconformer_free__pyannote31
indicconformer_free,pyannote31,baseline,LctYmmr9-Vg__000000000_000061000,Devanagari (hi/mr),61.0000,2,2,0.0000,low (<=2.2%),False,90.6475,92.0863,9.6774,15.7158,15.6575,15.7158,15.6575,,,,,126.0000,139.0000,128.0000,139.0000,6.0000,62.0000,7.3690,0.1510,0.0000,47.8500,pyannote31,indicconformer_free__pyannote31
indicconformer_free,pyannote31,baseline,LqQHdo7t5Ps__000198000_000498000,Devanagari (hi/mr),300.0000,3,3,0.0019,low (<=2.2%),False,80.2023,80.6358,4.7970,15.7879,24.4666,15.7763,24.4062,,,,,555.0000,692.0000,558.0000,692.0000,26.0000,542.0000,8.9150,7.0890,30.3540,293.6300,pyannote31,indicconformer_free__pyannote31
indicconformer_free,pyannote31,baseline,Md3p6RTanBg__000315000_000426000,Bengali,111.0000,3,3,0.0528,mid (2.2%-7.0%],False,88.2550,88.9262,1.2270,5.1484,4.8286,8.9551,8.4201,,,,,263.0000,298.0000,265.0000,298.0000,2.0000,163.0000,4.6970,1.1320,0.0000,113.2200,pyannote31,indicconformer_free__pyannote31
indicconformer_free,pyannote31,baseline,MmtWBUK2DKE__000000000_000310000,Devanagari (hi/mr),310.0000,5,5+,0.0432,mid (2.2%-7.0%],False,93.0748,94.0905,11.2903,8.7164,28.5830,10.9359,30.9116,,,,,1008.0000,1083.0000,1019.0000,1083.0000,84.0000,744.0000,13.5220,6.5900,6.6080,306.5500,pyannote31,indicconformer_free__pyannote31
indicconformer_free,pyannote31,baseline,NLgHpYyf5bY__000313000_000383000,Devanagari (hi/mr),70.0000,2,2,0.0097,low (<=2.2%),False,98.3333,97.9167,13.6126,21.1932,36.2465,21.1932,36.2465,,,,,236.0000,240.0000,235.0000,240.0000,26.0000,191.0000,5.1080,2.2150,7.2770,68.8900,pyannote31,indicconformer_free__pyannote31
indicconformer_free,pyannote31,baseline,NuhdqCEuIBo__000197000_000540000,Punjabi,343.0000,3,3,0.0562,mid (2.2%-7.0%],False,93.4989,93.7180,23.9098,22.2323,33.6919,22.1279,32.1371,,,,,1280.0000,1369.0000,1283.0000,1369.0000,159.0000,665.0000,27.0860,18.9030,33.0180,355.3700,pyannote31,indicconformer_free__pyannote31
indicconformer_free,pyannote31,baseline,O4_aeGFzZ8A__000000000_000335000,Kannada,335.0000,8,5+,0.0004,low (<=2.2%),False,93.7322,93.7322,9.1241,14.9567,16.3028,15.9002,13.4927,,,,,658.0000,702.0000,658.0000,702.0000,50.0000,548.0000,26.8330,20.9160,0.3920,321.8700,pyannote31,indicconformer_free__pyannote31
indicconformer_free,pyannote31,baseline,OXUt5KnlUMo__000091000_000181000,Odia,90.0000,2,2,0.0000,low (<=2.2%),False,91.5323,91.5323,21.8391,29.3262,42.8562,29.3262,42.8562,,,,,227.0000,248.0000,227.0000,248.0000,38.0000,174.0000,6.4090,3.6200,15.3000,86.3700,pyannote31,indicconformer_free__pyannote31
indicconformer_free,pyannote31,baseline,OxYCBQKZ3iY__000000000_001822000,Punjabi,1822.0000,7,5+,0.0659,mid (2.2%-7.0%],False,98.7330,98.8416,49.0928,31.0498,39.3142,35.7206,43.5833,,,,,5455.0000,5525.0000,5461.0000,5525.0000,947.0000,1929.0000,142.9350,81.2580,305.6010,1706.2700,pyannote31,indicconformer_free__pyannote31
indicconformer_free,pyannote31,baseline,PCUA2q2C-2A__000045000_000107000,Devanagari (hi/mr),62.0000,3,3,0.0063,low (<=2.2%),False,75.9740,76.6234,1.3699,4.5676,6.6937,4.5676,6.1890,,,,,117.0000,154.0000,118.0000,154.0000,2.0000,146.0000,1.1610,1.5900,0.0220,60.7100,pyannote31,indicconformer_free__pyannote31
indicconformer_free,pyannote31,baseline,PEDfT9-Yf2o__000000000_000469000,Bengali,469.0000,3,3,0.0110,low (<=2.2%),False,86.6794,87.7260,4.9020,6.1331,7.9750,6.3395,8.1779,,,,,911.0000,1051.0000,922.0000,1051.0000,40.0000,816.0000,13.6510,2.6000,8.4410,402.6000,pyannote31,indicconformer_free__pyannote31
indicconformer_free,pyannote31,baseline,PQB3-4sZUeY__000000000_001132000,Telugu,1132.0000,4,4,0.1069,high (>7.0%),False,98.3796,98.5780,42.7481,34.1657,46.8812,38.6346,50.4093,,,,,2975.0000,3024.0000,2981.0000,3024.0000,448.0000,1048.0000,91.0530,54.5790,240.3860,1129.8400,pyannote31,indicconformer_free__pyannote31
indicconformer_free,pyannote31,baseline,PRAzUz0GANs__000223000_000283000,Kannada,60.0000,2,2,0.0822,high (>7.0%),False,99.4845,99.4845,22.3301,38.5664,49.6199,36.6927,43.0796,,,,,193.0000,194.0000,193.0000,194.0000,23.0000,103.0000,6.2920,5.1080,12.7850,62.7100,pyannote31,indicconformer_free__pyannote31
indicconformer_free,pyannote31,baseline,PSIzXy5-y2E__000002000_000918000,Devanagari (hi/mr),916.0000,3,3,0.0434,mid (2.2%-7.0%],False,86.8145,88.1855,9.6556,32.2778,30.1979,32.4870,29.4091,,,,,2153.0000,2480.0000,2187.0000,2480.0000,157.0000,1626.0000,152.6180,77.1650,57.4250,889.8000,pyannote31,indicconformer_free__pyannote31
indicconformer_free,pyannote31,baseline,PVDfS7lcJHY__000000000_000360000,Kannada,360.0000,6,5+,0.1127,high (>7.0%),False,96.6216,97.3938,34.0471,22.1505,29.8449,27.2455,34.6733,,,,,1001.0000,1036.0000,1009.0000,1036.0000,159.0000,467.0000,34.6890,13.2250,37.2700,384.5700,pyannote31,indicconformer_free__pyannote31
indicconformer_free,pyannote31,baseline,Pjre5dpnKGA__000000000_000330000,Kannada,330.0000,4,4,0.0933,high (>7.0%),False,97.2692,97.3992,36.4146,22.1998,44.7925,23.8121,45.9307,,,,,748.0000,769.0000,749.0000,769.0000,130.0000,357.0000,24.4840,13.9590,36.0750,335.6700,pyannote31,indicconformer_free__pyannote31
indicconformer_free,pyannote31,baseline,QhpjuNTZoA8__000000000_000586000,Kannada,586.0000,3,3,0.0512,mid (2.2%-7.0%],False,96.7557,105.5980,87.5607,32.5650,50.4342,33.2635,50.8096,,,,,1521.0000,1572.0000,1660.0000,1572.0000,901.0000,1029.0000,39.7620,10.1270,149.2430,611.4900,pyannote31,indicconformer_free__pyannote31
indicconformer_free,pyannote31,baseline,QuA_B6IZ6Ls__000061000_001863000,Devanagari (hi/mr),1802.0000,4,4,0.3694,high (>7.0%),False,93.7604,94.4687,23.3413,47.8408,39.1046,48.3163,39.6424,,,,,6221.0000,6635.0000,6268.0000,6635.0000,781.0000,3346.0000,959.4620,109.2840,224.8540,2703.9700,pyannote31,indicconformer_free__pyannote31
indicconformer_free,pyannote31,baseline,RL2fhIEEbZg__000000000_000065000,Telugu,65.0000,3,3,0.0563,mid (2.2%-7.0%],False,93.9024,93.9024,18.5185,14.2279,43.2578,14.2814,44.3120,,,,,154.0000,164.0000,154.0000,164.0000,15.0000,81.0000,3.3480,0.8920,5.0750,65.4700,pyannote31,indicconformer_free__pyannote31
indicconformer_free,pyannote31,baseline,RL2fhIEEbZg__000066000_001034000,Telugu,968.0000,3,3,0.0719,high (>7.0%),False,92.0623,92.1401,15.7823,28.3998,31.7081,29.4232,30.9632,,,,,2366.0000,2570.0000,2368.0000,2570.0000,232.0000,1470.0000,115.2460,80.9310,91.4990,1012.9500,pyannote31,indicconformer_free__pyannote31
indicconformer_free,pyannote31,baseline,RWTmftezCwI__000000000_000060000,Malayalam,60.0000,2,2,0.0244,mid (2.2%-7.0%],False,89.0756,89.0756,23.8806,14.0955,15.5870,17.1761,21.7348,,,,,106.0000,119.0000,106.0000,119.0000,16.0000,67.0000,5.7510,2.2670,0.1630,58.0400,pyannote31,indicconformer_free__pyannote31
indicconformer_free,pyannote31,baseline,RZUZyvRzi80__000000000_000336000,Punjabi,336.0000,4,4,0.0001,low (<=2.2%),False,83.7788,84.1475,5.3533,2.2160,2.4239,2.2160,2.4239,,,,,909.0000,1085.0000,913.0000,1085.0000,50.0000,934.0000,3.5610,2.8750,0.7360,323.6400,pyannote31,indicconformer_free__pyannote31
indicconformer_free,pyannote31,baseline,SZ7ay4OjfAE__000000000_000897000,Telugu,897.0000,5,5+,0.1794,high (>7.0%),False,96.1556,96.8041,46.7900,37.4261,51.8001,40.6010,55.1419,,,,,2076.0000,2159.0000,2090.0000,2159.0000,430.0000,919.0000,132.7160,34.1420,211.7370,1011.5800,pyannote31,indicconformer_free__pyannote31
indicconformer_free,pyannote31,baseline,T3I2T-cfhG4__000160000_000210000,Devanagari (hi/mr),50.0000,2,2,0.0000,low (<=2.2%),False,83.6207,83.6207,0.0000,12.5548,14.2157,12.5548,14.2157,,,,,97.0000,116.0000,97.0000,116.0000,0.0000,98.0000,1.9800,3.0200,0.8970,46.9700,pyannote31,indicconformer_free__pyannote31
indicconformer_free,pyannote31,baseline,TU3M6wSQV_g__000099000_000171000,Telugu,72.0000,2,2,0.0451,mid (2.2%-7.0%],False,91.6667,92.1296,11.8644,23.3924,46.9092,19.6606,37.9377,,,,,198.0000,216.0000,199.0000,216.0000,14.0000,118.0000,3.7000,4.1930,9.5460,74.5500,pyannote31,indicconformer_free__pyannote31
indicconformer_free,pyannote31,baseline,Tlha36rSd5o__000240000_000374000,Tamil,134.0000,2,2,0.0000,low (<=2.2%),False,91.5094,91.5094,1.2121,16.9273,13.9174,16.9409,13.9233,,,,,291.0000,318.0000,291.0000,318.0000,2.0000,165.0000,12.3840,7.8530,0.9340,125.0700,pyannote31,indicconformer_free__pyannote31
indicconformer_free,pyannote31,baseline,TrPnW5kLAyQ__000093000_000513000,Devanagari (hi/mr),420.0000,4,4,0.0501,mid (2.2%-7.0%],False,87.8071,87.8071,8.9489,23.4346,26.1312,25.2201,28.0699,,,,,965.0000,1099.0000,965.0000,1099.0000,63.0000,704.0000,61.1570,21.6280,9.6950,394.6300,pyannote31,indicconformer_free__pyannote31
indicconformer_free,pyannote31,baseline,U_EHjxThUgc__000181000_000289000,Bengali,108.0000,3,3,0.0529,mid (2.2%-7.0%],False,84.6154,85.6187,5.6075,15.1323,18.4213,15.1323,18.4213,,,,,253.0000,299.0000,256.0000,299.0000,12.0000,214.0000,7.4260,4.6940,4.8660,112.2500,pyannote31,indicconformer_free__pyannote31
indicconformer_free,pyannote31,baseline,VHlIFsHPWbk__000023000_000470000,Odia,447.0000,4,4,0.0269,mid (2.2%-7.0%],False,92.1746,91.9488,7.6693,9.6252,12.8717,9.7016,12.9128,,,,,1225.0000,1329.0000,1222.0000,1329.0000,77.0000,1004.0000,14.7750,11.8520,16.5690,448.7800,pyannote31,indicconformer_free__pyannote31
indicconformer_free,pyannote31,baseline,VKY0uuZ6Om8__000575000_000935000,Devanagari (hi/mr),360.0000,3,3,0.1718,high (>7.0%),False,88.1151,88.5794,15.5052,39.1258,47.8105,44.6164,53.6007,,,,,949.0000,1077.0000,954.0000,1077.0000,89.0000,574.0000,75.2310,39.0420,49.8090,419.3700,pyannote31,indicconformer_free__pyannote31
indicconformer_free,pyannote31,baseline,VY_4x1scS-Y__000013000_000121000,Tamil,108.0000,4,4,0.0427,mid (2.2%-7.0%],False,96.7262,96.7262,22.5000,32.5891,39.3740,38.3055,49.0263,,,,,325.0000,336.0000,325.0000,336.0000,18.0000,80.0000,8.3650,4.6510,23.0830,110.7700,pyannote31,indicconformer_free__pyannote31
indicconformer_free,pyannote31,rule,0AEEA8NyVwY__000011000_000609000,Devanagari (hi/mr),598.0000,3,3,0.0047,low (<=2.2%),False,81.2453,81.3953,5.1471,15.5578,15.5097,15.2714,14.9164,98.0000,7.0000,8.0000,False,1083.0000,1333.0000,1085.0000,1333.0000,49.0000,952.0000,67.9790,15.6650,4.1330,564.2000,indicconformer_free__pyannote31+rule,indicconformer_free__pyannote31
indicconformer_free,pyannote31,rule,0SoItGfM_sY__000007000_000088000,Kannada,81.0000,5,5+,0.0000,low (<=2.2%),False,96.9697,96.9697,4.3478,41.7771,58.9536,41.7771,58.9536,9.0000,1.0000,1.0000,False,160.0000,165.0000,160.0000,165.0000,6.0000,138.0000,10.5540,8.0640,10.5800,69.8900,indicconformer_free__pyannote31+rule,indicconformer_free__pyannote31
indicconformer_free,pyannote31,rule,0VEwL9XZ0LY__000261000_000557000,Devanagari (hi/mr),296.0000,2,2,0.0355,mid (2.2%-7.0%],False,69.9885,71.3631,3.6991,20.3104,21.0992,20.5845,21.5993,22.0000,5.0000,7.0000,False,611.0000,873.0000,623.0000,873.0000,30.0000,811.0000,30.2120,17.0440,11.5080,289.3300,indicconformer_free__pyannote31+rule,indicconformer_free__pyannote31
indicconformer_free,pyannote31,rule,0esIFSOAcFs__000000000_000913000,Gujarati,913.0000,3,3,0.0232,mid (2.2%-7.0%],False,94.0320,94.1412,5.8605,8.6211,11.3797,7.0356,8.5794,67.0000,4.0000,5.0000,False,2584.0000,2748.0000,2587.0000,2748.0000,79.0000,1348.0000,43.3470,4.6690,31.7790,925.5800,indicconformer_free__pyannote31+rule,indicconformer_free__pyannote31
indicconformer_free,pyannote31,rule,0p6cktLGIfY__000012000_000930000,Gujarati,918.0000,6,5+,0.0329,mid (2.2%-7.0%],False,95.3642,95.3253,16.6012,41.1424,55.1855,40.8933,54.9324,95.0000,17.0000,24.0000,False,2448.0000,2567.0000,2447.0000,2567.0000,169.0000,1018.0000,134.0050,113.4210,94.5910,831.3000,indicconformer_free__pyannote31+rule,indicconformer_free__pyannote31
indicconformer_free,pyannote31,rule,13VBh0Z6QmE__000000000_000904000,Tamil,904.0000,4,4,0.0290,mid (2.2%-7.0%],False,99.4398,99.5998,60.4396,22.2266,32.6138,17.4009,26.9829,69.0000,13.0000,16.0000,False,2485.0000,2499.0000,2489.0000,2499.0000,110.0000,182.0000,39.5210,10.5800,147.0670,887.0800,indicconformer_free__pyannote31+rule,indicconformer_free__pyannote31
indicconformer_free,pyannote31,rule,1LFl5JEipII__000000000_000597000,Bengali,597.0000,5,5+,0.1006,high (>7.0%),False,97.6101,97.8616,42.4749,39.3881,53.1294,33.2999,46.8408,75.0000,25.0000,34.0000,False,1552.0000,1590.0000,1556.0000,1590.0000,127.0000,299.0000,38.1100,30.3350,164.6220,591.7200,indicconformer_free__pyannote31+rule,indicconformer_free__pyannote31
indicconformer_free,pyannote31,rule,2HGP34TNvjg__000084000_000194000,Odia,110.0000,2,2,0.0128,low (<=2.2%),False,93.9189,93.5811,4.3103,30.7129,36.1000,30.7129,36.1000,8.0000,1.0000,2.0000,False,278.0000,296.0000,277.0000,296.0000,10.0000,232.0000,13.1630,7.2360,10.9220,101.9800,indicconformer_free__pyannote31+rule,indicconformer_free__pyannote31
indicconformer_free,pyannote31,rule,2LN6vb7EBn0__000098000_000394000,Tamil,296.0000,3,3,0.0238,mid (2.2%-7.0%],False,99.0679,99.2011,65.0000,34.6247,41.7795,33.4953,40.5958,15.0000,1.0000,1.0000,False,744.0000,751.0000,745.0000,751.0000,26.0000,40.0000,28.4740,24.3270,46.5270,286.8700,indicconformer_free__pyannote31+rule,indicconformer_free__pyannote31
indicconformer_free,pyannote31,rule,2T4pjueLrsk__000677000_001290000,Gujarati,613.0000,4,4,0.0342,mid (2.2%-7.0%],False,97.6664,97.7528,31.3187,45.9816,62.9473,44.6766,60.6589,86.0000,29.0000,39.0000,False,2260.0000,2314.0000,2262.0000,2314.0000,171.0000,546.0000,108.0970,59.6910,82.1770,543.6200,indicconformer_free__pyannote31+rule,indicconformer_free__pyannote31
indicconformer_free,pyannote31,rule,2gGHQgj9yno__000000000_000099000,Gujarati,99.0000,4,4,0.0798,high (>7.0%),False,97.8947,97.8947,30.5085,37.2912,64.0955,37.2912,64.0955,10.0000,1.0000,2.0000,False,279.0000,285.0000,279.0000,285.0000,18.0000,59.0000,13.5670,9.2490,12.9910,96.0200,indicconformer_free__pyannote31+rule,indicconformer_free__pyannote31
indicconformer_free,pyannote31,rule,2iMXYxBTwbM__000339000_000401000,Devanagari (hi/mr),62.0000,3,3,0.1275,high (>7.0%),False,95.7447,95.7447,42.2222,78.5487,78.1360,80.4604,79.6196,14.0000,6.0000,9.0000,False,180.0000,188.0000,180.0000,188.0000,19.0000,45.0000,15.1770,14.5860,15.1040,57.1200,indicconformer_free__pyannote31+rule,indicconformer_free__pyannote31
indicconformer_free,pyannote31,rule,37dND_0r6S8__000060000_000222000,Tamil,162.0000,2,2,0.0896,high (>7.0%),False,100.0000,100.0000,33.3333,57.7362,66.2458,57.7362,66.2458,3.0000,1.0000,1.0000,False,557.0000,557.0000,557.0000,557.0000,1.0000,3.0000,18.0680,16.2060,63.1790,168.7900,indicconformer_free__pyannote31+rule,indicconformer_free__pyannote31
indicconformer_free,pyannote31,rule,4Qg2jWP6_T0__000136000_000202000,Punjabi,66.0000,3,3,0.2093,high (>7.0%),False,98.8722,99.2481,50.0000,76.6245,77.4880,75.8091,76.9046,14.0000,2.0000,3.0000,False,263.0000,266.0000,264.0000,266.0000,46.0000,92.0000,14.4860,10.7350,28.7150,70.3900,indicconformer_free__pyannote31+rule,indicconformer_free__pyannote31
indicconformer_free,pyannote31,rule,6-726qTlYeg__000102000_000162000,Malayalam,60.0000,2,2,0.1610,high (>7.0%),False,98.5981,98.1308,57.4713,50.4982,52.5624,50.4982,52.9669,13.0000,2.0000,2.0000,False,211.0000,214.0000,210.0000,214.0000,50.0000,87.0000,8.1050,9.6140,17.4530,69.6500,indicconformer_free__pyannote31+rule,indicconformer_free__pyannote31
indicconformer_free,pyannote31,rule,6ZeRgvDHwcI__000006000_000100000,Gujarati,94.0000,2,2,0.0125,low (<=2.2%),False,95.2381,96.2963,33.7662,67.8041,63.7867,70.1501,66.5822,16.0000,1.0000,1.0000,False,180.0000,189.0000,182.0000,189.0000,26.0000,77.0000,24.9480,9.2890,8.6830,63.3000,indicconformer_free__pyannote31+rule,indicconformer_free__pyannote31
indicconformer_free,pyannote31,rule,6f6TLzlP8Wk__000082000_000144000,Punjabi,62.0000,2,2,0.0510,mid (2.2%-7.0%],False,99.1525,99.1525,56.5217,61.0121,62.4244,56.9282,58.6887,24.0000,10.0000,16.0000,False,234.0000,236.0000,234.0000,236.0000,65.0000,115.0000,6.9050,9.0200,20.0050,58.8900,indicconformer_free__pyannote31+rule,indicconformer_free__pyannote31
indicconformer_free,pyannote31,rule,7L4gi7Ncc0s__000090000_000148000,Malayalam,58.0000,2,2,0.0000,low (<=2.2%),False,100.0000,100.8000,5.7377,15.8631,23.6233,15.8631,23.6233,6.0000,0.0000,0.0000,False,125.0000,125.0000,126.0000,125.0000,7.0000,122.0000,3.4660,2.3200,3.0450,55.6700,indicconformer_free__pyannote31+rule,indicconformer_free__pyannote31
indicconformer_free,pyannote31,rule,7WhVNRHbjIY__000091000_001089000,Tamil,998.0000,5,5+,0.0133,low (<=2.2%),False,97.7035,97.7438,36.3128,11.1786,15.3891,11.1141,15.2273,72.0000,6.0000,7.0000,False,2425.0000,2482.0000,2426.0000,2482.0000,130.0000,358.0000,25.0620,27.9400,58.4130,996.6800,indicconformer_free__pyannote31+rule,indicconformer_free__pyannote31
indicconformer_free,pyannote31,rule,7YfsQPYY-W0__000351000_000411000,Odia,60.0000,2,2,0.1219,high (>7.0%),False,99.5192,99.5192,6.6667,58.6288,62.8361,58.6288,62.8361,6.0000,0.0000,0.0000,False,207.0000,208.0000,207.0000,208.0000,2.0000,30.0000,9.5790,7.1090,20.9810,64.2500,indicconformer_free__pyannote31+rule,indicconformer_free__pyannote31
indicconformer_free,pyannote31,rule,7c9ePKgqams__000299000_000869000,Telugu,570.0000,4,4,0.0055,low (<=2.2%),False,91.1958,91.3929,7.8448,33.3642,60.4308,33.6122,60.4949,51.0000,6.0000,8.0000,False,1388.0000,1522.0000,1391.0000,1522.0000,95.0000,1211.0000,35.9880,19.3630,129.2600,553.3200,indicconformer_free__pyannote31+rule,indicconformer_free__pyannote31
indicconformer_free,pyannote31,rule,7k-xDqNjESc__000073000_000981000,Malayalam,908.0000,4,4,0.0421,mid (2.2%-7.0%],False,92.4520,96.5610,16.9239,35.0826,67.0482,34.9825,66.9371,67.0000,6.0000,7.0000,False,2070.0000,2239.0000,2162.0000,2239.0000,307.0000,1814.0000,117.5840,53.7710,143.5430,897.5900,indicconformer_free__pyannote31+rule,indicconformer_free__pyannote31
indicconformer_free,pyannote31,rule,83gP2vLH7UY__000255000_002005000,Devanagari (hi/mr),1750.0000,5,5+,0.2022,high (>7.0%),False,86.8081,86.9805,10.8837,31.7604,30.7412,32.2230,31.5107,225.0000,35.0000,46.0000,False,5034.0000,5799.0000,5044.0000,5799.0000,351.0000,3225.0000,272.5080,194.1510,182.4020,2043.6200,indicconformer_free__pyannote31+rule,indicconformer_free__pyannote31
indicconformer_free,pyannote31,rule,86mMTUeDiR8__000181000_001079000,Bengali,898.0000,5,5+,0.0517,mid (2.2%-7.0%],False,96.3226,97.1166,34.2282,57.3866,67.9882,54.9956,65.4225,102.0000,31.0000,42.0000,False,2305.0000,2393.0000,2324.0000,2393.0000,255.0000,745.0000,152.1350,113.0060,207.2370,823.1500,indicconformer_free__pyannote31+rule,indicconformer_free__pyannote31
indicconformer_free,pyannote31,rule,87Zbup3ohcw__000106000_000445000,Tamil,339.0000,4,4,0.0152,low (<=2.2%),False,91.3218,93.4579,5.5215,22.1496,34.8645,22.1496,34.8645,33.0000,3.0000,3.0000,False,684.0000,749.0000,700.0000,749.0000,18.0000,326.0000,36.8060,17.7920,16.3140,320.1500,indicconformer_free__pyannote31+rule,indicconformer_free__pyannote31
indicconformer_free,pyannote31,rule,8Ve4SWhlrrA__000000000_000070000,Odia,70.0000,2,2,0.0000,low (<=2.2%),False,90.9774,93.2331,3.7879,8.0693,53.9211,8.0693,53.9211,1.0000,0.0000,0.0000,False,121.0000,133.0000,124.0000,133.0000,5.0000,132.0000,3.0680,0.0260,2.0550,63.8100,indicconformer_free__pyannote31+rule,indicconformer_free__pyannote31
indicconformer_free,pyannote31,rule,8mvORuRHw2U__000000000_001197000,Gujarati,1197.0000,4,4,0.0417,mid (2.2%-7.0%],False,94.9885,95.3036,25.6295,19.7480,23.8866,16.3595,18.2363,139.0000,18.0000,25.0000,False,3317.0000,3492.0000,3328.0000,3492.0000,285.0000,1112.0000,99.9830,42.6110,86.3490,1159.3200,indicconformer_free__pyannote31+rule,indicconformer_free__pyannote31
indicconformer_free,pyannote31,rule,8o7jKmq6HsM__000030000_001770000,Devanagari (hi/mr),1740.0000,6,5+,0.0471,mid (2.2%-7.0%],False,89.7638,89.8731,7.7121,18.1996,19.8699,15.4900,14.5281,220.0000,17.0000,21.0000,False,4104.0000,4572.0000,4109.0000,4572.0000,150.0000,1945.0000,115.6530,110.2780,95.7030,1767.2600,indicconformer_free__pyannote31+rule,indicconformer_free__pyannote31
indicconformer_free,pyannote31,rule,8pkp-lpMJP0__000326000_000926000,Telugu,600.0000,8,5+,0.2032,high (>7.0%),False,95.7655,96.1564,36.6022,41.6224,68.2261,40.5221,67.9307,111.0000,34.0000,43.0000,False,1470.0000,1535.0000,1476.0000,1535.0000,265.0000,724.0000,99.7040,33.5850,156.6030,696.4800,indicconformer_free__pyannote31+rule,indicconformer_free__pyannote31
indicconformer_free,pyannote31,rule,8r2Nltl0W4o__000259000_000320000,Punjabi,61.0000,2,2,0.0227,mid (2.2%-7.0%],False,89.7233,90.5138,1.1976,18.0628,57.4832,18.0628,57.4832,2.0000,0.0000,0.0000,False,227.0000,253.0000,229.0000,253.0000,2.0000,167.0000,3.7480,2.0360,5.2000,60.8100,indicconformer_free__pyannote31+rule,indicconformer_free__pyannote31
indicconformer_free,pyannote31,rule,90uAd6xpTPo__000016000_000408000,Devanagari (hi/mr),392.0000,4,4,0.0067,low (<=2.2%),False,92.2442,92.4917,5.6460,7.9166,8.2533,7.9166,8.2533,40.0000,3.0000,5.0000,False,1118.0000,1212.0000,1121.0000,1212.0000,52.0000,921.0000,9.3160,13.1440,6.4940,365.7400,indicconformer_free__pyannote31+rule,indicconformer_free__pyannote31
indicconformer_free,pyannote31,rule,9Aw8kg8w5Xo__000000000_000083000,Telugu,83.0000,4,4,0.0216,low (<=2.2%),False,93.4673,93.4673,10.6061,15.4751,59.6395,15.4751,59.6395,3.0000,0.0000,0.0000,False,186.0000,199.0000,186.0000,199.0000,14.0000,132.0000,3.7600,1.6490,7.2620,81.8800,indicconformer_free__pyannote31+rule,indicconformer_free__pyannote31
indicconformer_free,pyannote31,rule,9_GMxc_JjyI__000236000_000368000,Kannada,132.0000,2,2,0.0602,mid (2.2%-7.0%],False,94.0701,95.1482,12.7090,23.2460,55.5839,23.2460,55.5839,8.0000,0.0000,0.0000,False,349.0000,371.0000,353.0000,371.0000,38.0000,299.0000,11.6670,10.6040,9.7550,137.7700,indicconformer_free__pyannote31+rule,indicconformer_free__pyannote31
indicconformer_free,pyannote31,rule,ARCKJrGkITw__000014000_000496000,Telugu,482.0000,3,3,0.0844,high (>7.0%),False,87.3455,88.3636,14.1872,34.8101,41.2524,35.6753,42.2361,56.0000,13.0000,17.0000,False,1201.0000,1375.0000,1215.0000,1375.0000,144.0000,1015.0000,49.0290,28.5990,98.7130,506.5800,indicconformer_free__pyannote31+rule,indicconformer_free__pyannote31
indicconformer_free,pyannote31,rule,ARZl7LT0UC0__000073000_000130000,Telugu,57.0000,3,3,0.0905,high (>7.0%),False,98.6928,98.6928,40.2985,30.7144,49.9001,28.4849,44.8092,18.0000,4.0000,4.0000,False,151.0000,153.0000,151.0000,153.0000,27.0000,67.0000,6.2140,2.9810,9.6790,61.4500,indicconformer_free__pyannote31+rule,indicconformer_free__pyannote31
indicconformer_free,pyannote31,rule,A_dohDOK6Ic__000000000_000600000,Devanagari (hi/mr),600.0000,3,3,0.0048,low (<=2.2%),False,92.5096,92.5642,6.8357,7.1781,8.0695,6.9953,7.6004,52.0000,1.0000,1.0000,False,1692.0000,1829.0000,1693.0000,1829.0000,62.0000,907.0000,31.5930,2.7380,7.1740,578.2200,indicconformer_free__pyannote31+rule,indicconformer_free__pyannote31
indicconformer_free,pyannote31,rule,B2ScTgeIIck__000117000_000180000,Odia,63.0000,2,2,0.0879,high (>7.0%),False,97.7011,97.7011,22.9167,36.2564,39.7306,32.7229,34.8089,10.0000,4.0000,7.0000,False,170.0000,174.0000,170.0000,174.0000,22.0000,96.0000,10.1360,4.5180,9.5000,66.6200,indicconformer_free__pyannote31+rule,indicconformer_free__pyannote31
indicconformer_free,pyannote31,rule,BGAAfht5dYw__000000000_000612000,Gujarati,612.0000,4,4,0.1350,high (>7.0%),False,97.9572,97.9572,36.3218,25.4461,35.7872,22.7373,31.1172,81.0000,23.0000,33.0000,False,2062.0000,2105.0000,2062.0000,2105.0000,158.0000,435.0000,60.1300,13.6200,98.9320,678.6200,indicconformer_free__pyannote31+rule,indicconformer_free__pyannote31
indicconformer_free,pyannote31,rule,BYLcUGNB_zM__000020000_001387000,Kannada,1367.0000,4,4,0.0054,low (<=2.2%),False,94.5543,94.7673,4.6701,11.3431,14.5867,11.4368,14.7912,75.0000,7.0000,10.0000,False,3108.0000,3287.0000,3115.0000,3287.0000,138.0000,2955.0000,51.5660,29.3010,70.1330,1331.2100,indicconformer_free__pyannote31+rule,indicconformer_free__pyannote31
indicconformer_free,pyannote31,rule,Bngfppo1QtA__000028000_000927000,Telugu,899.0000,5,5+,0.1261,high (>7.0%),False,96.3355,96.8241,29.3163,51.7760,54.1242,50.5830,52.8049,109.0000,29.0000,38.0000,False,2366.0000,2456.0000,2378.0000,2456.0000,253.0000,863.0000,154.6960,127.3890,237.1610,1002.8700,indicconformer_free__pyannote31+rule,indicconformer_free__pyannote31
indicconformer_free,pyannote31,rule,CO_8ppdzq9U__000000000_000695000,Tamil,695.0000,4,4,0.0186,low (<=2.2%),False,94.3432,94.3432,18.2771,15.9115,21.3172,13.9901,17.9800,71.0000,12.0000,16.0000,False,1501.0000,1591.0000,1501.0000,1591.0000,157.0000,859.0000,49.4670,5.3610,48.9690,652.3400,indicconformer_free__pyannote31+rule,indicconformer_free__pyannote31
indicconformer_free,pyannote31,rule,Cku_X_SL7qU__000060000_000660000,Gujarati,600.0000,3,3,0.1022,high (>7.0%),False,99.0439,99.0439,42.7350,70.6241,61.1922,66.7661,56.4146,67.0000,19.0000,22.0000,False,1761.0000,1778.0000,1761.0000,1778.0000,150.0000,351.0000,112.5730,159.0050,78.9930,496.3900,indicconformer_free__pyannote31+rule,indicconformer_free__pyannote31
indicconformer_free,pyannote31,rule,DPmew0didIM__000191000_000512000,Telugu,321.0000,5,5+,0.0620,mid (2.2%-7.0%],False,96.6146,96.6146,21.4141,36.2936,53.7198,36.9660,54.5828,35.0000,4.0000,4.0000,False,742.0000,768.0000,742.0000,768.0000,106.0000,495.0000,46.6660,29.1820,42.6870,326.6000,indicconformer_free__pyannote31+rule,indicconformer_free__pyannote31
indicconformer_free,pyannote31,rule,EmsKkNN2Me4__000035000_000095000,Malayalam,60.0000,2,2,0.0471,mid (2.2%-7.0%],False,97.7654,97.7654,40.7407,47.5771,53.7122,52.2730,58.6449,21.0000,14.0000,22.0000,False,175.0000,179.0000,175.0000,179.0000,33.0000,81.0000,5.5710,6.9510,16.3430,60.6700,indicconformer_free__pyannote31+rule,indicconformer_free__pyannote31
indicconformer_free,pyannote31,rule,ExGJodnzocM__000212000_000527000,Devanagari (hi/mr),315.0000,4,4,0.0133,low (<=2.2%),False,95.9518,95.8656,44.3038,35.7349,46.7278,34.9574,45.6717,38.0000,11.0000,18.0000,False,1114.0000,1161.0000,1113.0000,1161.0000,175.0000,395.0000,27.2090,10.2180,73.2510,309.7200,indicconformer_free__pyannote31+rule,indicconformer_free__pyannote31
indicconformer_free,pyannote31,rule,F2uXav-wriA__000000000_000907000,Devanagari (hi/mr),907.0000,4,4,0.0336,mid (2.2%-7.0%],False,92.6582,93.1284,13.8080,16.1559,22.6758,15.0751,21.1496,103.0000,13.0000,20.0000,False,2562.0000,2765.0000,2575.0000,2765.0000,256.0000,1854.0000,51.5050,8.3470,87.6480,912.9800,indicconformer_free__pyannote31+rule,indicconformer_free__pyannote31
indicconformer_free,pyannote31,rule,FDMf9ApmoNU__000016000_000686000,Bengali,670.0000,4,4,0.0882,high (>7.0%),False,96.5269,96.7066,25.9714,38.2007,40.5324,36.6103,39.0198,67.0000,8.0000,10.0000,False,1612.0000,1670.0000,1615.0000,1670.0000,127.0000,489.0000,113.9270,70.1920,56.5530,630.0200,indicconformer_free__pyannote31+rule,indicconformer_free__pyannote31
indicconformer_free,pyannote31,rule,G6qzg93FxwE__000021000_000116000,Gujarati,95.0000,2,2,0.0061,low (<=2.2%),False,86.5169,86.5169,2.7211,6.7849,7.9137,6.7849,7.9137,7.0000,1.0000,1.0000,False,231.0000,267.0000,231.0000,267.0000,4.0000,147.0000,4.0500,1.9250,0.3370,93.0300,indicconformer_free__pyannote31+rule,indicconformer_free__pyannote31
indicconformer_free,pyannote31,rule,GEc_sS2KWo8__000096000_000290000,Gujarati,194.0000,4,4,0.0378,mid (2.2%-7.0%],False,97.4903,98.0695,18.5654,35.2648,65.5307,34.6239,65.0096,17.0000,1.0000,1.0000,False,505.0000,518.0000,508.0000,518.0000,44.0000,237.0000,29.4890,12.4930,10.9470,150.0900,indicconformer_free__pyannote31+rule,indicconformer_free__pyannote31
indicconformer_free,pyannote31,rule,GfFLEIAAumk__000090000_000163000,Bengali,73.0000,2,2,0.0285,mid (2.2%-7.0%],False,95.8333,96.2963,11.3924,14.4965,19.2887,14.4965,19.2887,8.0000,1.0000,2.0000,False,207.0000,216.0000,208.0000,216.0000,9.0000,79.0000,3.8680,1.9790,4.8210,73.5900,indicconformer_free__pyannote31+rule,indicconformer_free__pyannote31
indicconformer_free,pyannote31,rule,Gq45evw6ytY__000597000_001464000,Odia,867.0000,3,3,0.0869,high (>7.0%),False,97.0438,97.0803,27.0335,38.8819,42.0588,36.0571,38.2388,110.0000,25.0000,33.0000,False,2659.0000,2740.0000,2660.0000,2740.0000,226.0000,836.0000,114.7960,71.5010,158.4260,886.5900,indicconformer_free__pyannote31+rule,indicconformer_free__pyannote31
indicconformer_free,pyannote31,rule,HZv_WvIr6lE__000021000_000105000,Tamil,84.0000,3,3,0.1276,high (>7.0%),False,96.9231,96.9231,20.6349,32.0147,33.3375,28.9303,29.3737,7.0000,2.0000,2.0000,False,252.0000,260.0000,252.0000,260.0000,13.0000,63.0000,6.8810,9.8180,12.8410,92.2700,indicconformer_free__pyannote31+rule,indicconformer_free__pyannote31
indicconformer_free,pyannote31,rule,HpYG46tGyYs__000103000_000998000,Devanagari (hi/mr),895.0000,4,4,0.0022,low (<=2.2%),False,88.5580,88.5580,2.8083,8.9450,10.4359,8.9450,10.4359,33.0000,0.0000,0.0000,False,2260.0000,2552.0000,2260.0000,2552.0000,69.0000,2457.0000,29.9200,35.3400,11.7770,861.2300,indicconformer_free__pyannote31+rule,indicconformer_free__pyannote31
indicconformer_free,pyannote31,rule,IAm1rt-MYcA__000004000_000558000,Bengali,554.0000,4,4,0.0445,mid (2.2%-7.0%],False,94.7867,94.8460,10.5118,32.6897,38.1549,32.6186,37.9256,54.0000,13.0000,20.0000,False,1600.0000,1688.0000,1601.0000,1688.0000,76.0000,723.0000,69.8790,53.8490,53.3290,541.6300,indicconformer_free__pyannote31+rule,indicconformer_free__pyannote31
indicconformer_free,pyannote31,rule,Iare1Emeueg__000016000_000069000,Devanagari (hi/mr),53.0000,2,2,0.0000,low (<=2.2%),False,98.5612,98.5612,26.4706,56.3916,51.5908,54.2857,48.9915,14.0000,4.0000,4.0000,False,137.0000,139.0000,137.0000,139.0000,9.0000,34.0000,15.6780,6.6250,2.0920,43.2600,indicconformer_free__pyannote31+rule,indicconformer_free__pyannote31
indicconformer_free,pyannote31,rule,IfTL8SSN270__000062000_000671000,Devanagari (hi/mr),609.0000,4,4,0.1121,high (>7.0%),False,92.7733,92.9991,14.6104,29.8075,30.9918,29.9345,31.0975,74.0000,12.0000,17.0000,False,2054.0000,2214.0000,2059.0000,2214.0000,180.0000,1232.0000,83.3010,54.8030,59.7760,663.8600,indicconformer_free__pyannote31+rule,indicconformer_free__pyannote31
indicconformer_free,pyannote31,rule,Ig6szCD8m20__000046000_000106000,Devanagari (hi/mr),60.0000,2,2,0.0204,low (<=2.2%),False,88.0829,89.1192,15.2439,23.1672,31.4099,23.1672,31.4099,5.0000,0.0000,0.0000,False,170.0000,193.0000,172.0000,193.0000,25.0000,164.0000,1.8980,2.9830,8.9220,59.5800,indicconformer_free__pyannote31+rule,indicconformer_free__pyannote31
indicconformer_free,pyannote31,rule,Iqhnt8ENm3U__000027000_000088000,Devanagari (hi/mr),61.0000,3,3,0.1772,high (>7.0%),False,94.3503,93.2203,49.2958,73.7455,79.3885,73.7455,79.3885,13.0000,1.0000,1.0000,False,167.0000,177.0000,165.0000,177.0000,35.0000,71.0000,15.9540,4.8310,28.3000,66.5600,indicconformer_free__pyannote31+rule,indicconformer_free__pyannote31
indicconformer_free,pyannote31,rule,J4-VpEkBzWw__000000000_000600000,Kannada,600.0000,7,5+,0.0685,mid (2.2%-7.0%],False,93.0412,93.1701,14.8685,10.0448,11.5900,9.1575,10.3619,60.0000,8.0000,13.0000,False,1444.0000,1552.0000,1446.0000,1552.0000,164.0000,1103.0000,27.0970,10.9350,25.8740,636.2100,indicconformer_free__pyannote31+rule,indicconformer_free__pyannote31
indicconformer_free,pyannote31,rule,JBYGLQJwFDc__000103000_000407000,Tamil,304.0000,3,3,0.0120,low (<=2.2%),False,96.6176,97.2059,36.1842,49.8342,68.2726,47.7708,66.9166,30.0000,4.0000,6.0000,False,657.0000,680.0000,661.0000,680.0000,55.0000,152.0000,48.3510,32.7810,48.7510,260.6300,indicconformer_free__pyannote31+rule,indicconformer_free__pyannote31
indicconformer_free,pyannote31,rule,JSB1CeS4pP8__000000000_000632000,Punjabi,632.0000,4,4,0.0880,high (>7.0%),False,95.0192,94.9713,23.4664,18.9752,22.1560,15.5236,17.3273,69.0000,12.0000,20.0000,False,1984.0000,2088.0000,1983.0000,2088.0000,241.0000,1027.0000,51.9340,17.6610,54.2260,652.5400,indicconformer_free__pyannote31+rule,indicconformer_free__pyannote31
indicconformer_free,pyannote31,rule,Jc5AVwg2cZM__000153000_000214000,Devanagari (hi/mr),61.0000,3,3,0.2816,high (>7.0%),False,93.6047,94.1860,31.7647,87.3680,72.6726,89.8580,74.7183,22.0000,8.0000,14.0000,False,161.0000,172.0000,162.0000,172.0000,27.0000,85.0000,17.2340,17.6740,19.8630,62.6900,indicconformer_free__pyannote31+rule,indicconformer_free__pyannote31
indicconformer_free,pyannote31,rule,KAtdcDieQMw__000057000_000599000,Odia,542.0000,3,3,0.1073,high (>7.0%),False,96.3835,96.6131,21.8997,22.3792,26.9527,21.7164,25.8278,51.0000,12.0000,18.0000,False,1679.0000,1742.0000,1683.0000,1742.0000,249.0000,1137.0000,67.2530,14.9700,47.9950,581.8700,indicconformer_free__pyannote31+rule,indicconformer_free__pyannote31
indicconformer_free,pyannote31,rule,KPkRi3GM7fs__000047000_000642000,Odia,595.0000,3,3,0.0031,low (<=2.2%),False,92.8370,94.1906,7.1429,12.6816,14.9207,12.6407,14.8670,31.0000,3.0000,4.0000,False,1646.0000,1773.0000,1670.0000,1773.0000,118.0000,1652.0000,42.2800,15.0490,15.8740,577.2400,indicconformer_free__pyannote31+rule,indicconformer_free__pyannote31
indicconformer_free,pyannote31,rule,Kdi-ECuOaKg__000002000_000078000,Malayalam,76.0000,6,5+,0.0000,low (<=2.2%),False,93.4066,105.4945,36.8421,95.9473,79.1374,95.9473,79.0042,10.0000,1.0000,1.0000,False,85.0000,91.0000,96.0000,91.0000,28.0000,76.0000,14.6570,16.5360,6.3320,39.1100,indicconformer_free__pyannote31+rule,indicconformer_free__pyannote31
indicconformer_free,pyannote31,rule,L7xRazDdtgw__000019000_000083000,Gujarati,64.0000,3,3,0.0012,low (<=2.2%),False,97.0588,98.0392,40.0000,82.5404,77.3335,84.2020,78.6757,12.0000,4.0000,5.0000,False,99.0000,102.0000,100.0000,102.0000,10.0000,25.0000,13.2660,7.4360,14.5180,42.6700,indicconformer_free__pyannote31+rule,indicconformer_free__pyannote31
indicconformer_free,pyannote31,rule,LBIWBxQ5H1s__000090000_001020000,Malayalam,930.0000,4,4,0.0724,high (>7.0%),False,96.6558,96.9005,25.9450,39.5876,43.7346,38.3371,42.3614,116.0000,24.0000,28.0000,False,2370.0000,2452.0000,2376.0000,2452.0000,302.0000,1164.0000,122.2490,86.4100,172.1540,961.9500,indicconformer_free__pyannote31+rule,indicconformer_free__pyannote31
indicconformer_free,pyannote31,rule,LK23jX9tgZM__000059000_000221000,Gujarati,162.0000,3,3,0.1712,high (>7.0%),False,97.9927,97.9927,12.8205,41.5105,65.7770,31.6647,54.4772,16.0000,5.0000,8.0000,False,537.0000,548.0000,537.0000,548.0000,15.0000,117.0000,35.2140,9.6140,29.4800,179.0100,indicconformer_free__pyannote31+rule,indicconformer_free__pyannote31
indicconformer_free,pyannote31,rule,LctYmmr9-Vg__000000000_000061000,Devanagari (hi/mr),61.0000,2,2,0.0000,low (<=2.2%),False,90.6475,91.3669,9.6774,17.3730,18.6699,15.7158,15.6575,6.0000,1.0000,2.0000,False,126.0000,139.0000,127.0000,139.0000,6.0000,62.0000,7.3690,0.1510,0.7930,47.8500,indicconformer_free__pyannote31+rule,indicconformer_free__pyannote31
indicconformer_free,pyannote31,rule,LqQHdo7t5Ps__000198000_000498000,Devanagari (hi/mr),300.0000,3,3,0.0019,low (<=2.2%),False,80.2023,80.6358,4.9815,15.7763,24.4062,15.7763,24.4062,30.0000,5.0000,5.0000,False,555.0000,692.0000,558.0000,692.0000,27.0000,542.0000,8.9150,7.0890,30.3200,293.6300,indicconformer_free__pyannote31+rule,indicconformer_free__pyannote31
indicconformer_free,pyannote31,rule,Md3p6RTanBg__000315000_000426000,Bengali,111.0000,3,3,0.0528,mid (2.2%-7.0%],False,88.2550,88.5906,1.8405,8.9551,8.4201,8.9551,8.4201,13.0000,2.0000,3.0000,False,263.0000,298.0000,264.0000,298.0000,3.0000,163.0000,4.6970,1.1320,4.3100,113.2200,indicconformer_free__pyannote31+rule,indicconformer_free__pyannote31
indicconformer_free,pyannote31,rule,MmtWBUK2DKE__000000000_000310000,Devanagari (hi/mr),310.0000,5,5+,0.0432,mid (2.2%-7.0%],False,93.0748,95.1062,10.8871,12.0434,32.4206,10.9359,30.9116,51.0000,14.0000,27.0000,False,1008.0000,1083.0000,1030.0000,1083.0000,81.0000,744.0000,13.5220,6.5900,16.8070,306.5500,indicconformer_free__pyannote31+rule,indicconformer_free__pyannote31
indicconformer_free,pyannote31,rule,NLgHpYyf5bY__000313000_000383000,Devanagari (hi/mr),70.0000,2,2,0.0097,low (<=2.2%),False,98.3333,97.9167,13.0890,21.1932,36.2465,21.1932,36.2465,7.0000,1.0000,1.0000,False,236.0000,240.0000,235.0000,240.0000,25.0000,191.0000,5.1080,2.2150,7.2770,68.8900,indicconformer_free__pyannote31+rule,indicconformer_free__pyannote31
indicconformer_free,pyannote31,rule,NuhdqCEuIBo__000197000_000540000,Punjabi,343.0000,3,3,0.0562,mid (2.2%-7.0%],False,93.4989,93.7180,22.8571,21.8378,31.2277,22.1279,32.1371,42.0000,11.0000,16.0000,False,1280.0000,1369.0000,1283.0000,1369.0000,152.0000,665.0000,27.0860,18.9030,31.6160,355.3700,indicconformer_free__pyannote31+rule,indicconformer_free__pyannote31
indicconformer_free,pyannote31,rule,O4_aeGFzZ8A__000000000_000335000,Kannada,335.0000,8,5+,0.0004,low (<=2.2%),False,93.7322,93.7322,9.4891,16.0208,13.7345,15.9002,13.4927,35.0000,2.0000,2.0000,False,658.0000,702.0000,658.0000,702.0000,52.0000,548.0000,26.8330,20.9160,3.8170,321.8700,indicconformer_free__pyannote31+rule,indicconformer_free__pyannote31
indicconformer_free,pyannote31,rule,OXUt5KnlUMo__000091000_000181000,Odia,90.0000,2,2,0.0000,low (<=2.2%),False,91.5323,91.5323,21.8391,29.3262,42.8562,29.3262,42.8562,11.0000,0.0000,0.0000,False,227.0000,248.0000,227.0000,248.0000,38.0000,174.0000,6.4090,3.6200,15.3000,86.3700,indicconformer_free__pyannote31+rule,indicconformer_free__pyannote31
indicconformer_free,pyannote31,rule,OxYCBQKZ3iY__000000000_001822000,Punjabi,1822.0000,7,5+,0.0659,mid (2.2%-7.0%],False,98.7330,98.8597,48.5226,39.0821,48.1880,35.7206,43.5833,291.0000,76.0000,121.0000,False,5455.0000,5525.0000,5462.0000,5525.0000,936.0000,1929.0000,142.9350,81.2580,442.6540,1706.2700,indicconformer_free__pyannote31+rule,indicconformer_free__pyannote31
indicconformer_free,pyannote31,rule,PCUA2q2C-2A__000045000_000107000,Devanagari (hi/mr),62.0000,3,3,0.0063,low (<=2.2%),False,75.9740,76.6234,1.3699,4.5676,6.1890,4.5676,6.1890,3.0000,0.0000,0.0000,False,117.0000,154.0000,118.0000,154.0000,2.0000,146.0000,1.1610,1.5900,0.0220,60.7100,indicconformer_free__pyannote31+rule,indicconformer_free__pyannote31
indicconformer_free,pyannote31,rule,PEDfT9-Yf2o__000000000_000469000,Bengali,469.0000,3,3,0.0110,low (<=2.2%),False,86.6794,87.7260,4.9020,6.3395,8.1779,6.3395,8.1779,29.0000,0.0000,0.0000,False,911.0000,1051.0000,922.0000,1051.0000,40.0000,816.0000,13.6510,2.6000,9.2720,402.6000,indicconformer_free__pyannote31+rule,indicconformer_free__pyannote31
indicconformer_free,pyannote31,rule,PQB3-4sZUeY__000000000_001132000,Telugu,1132.0000,4,4,0.1069,high (>7.0%),False,98.3796,98.5780,42.9389,41.8406,53.6493,38.6346,50.4093,166.0000,56.0000,69.0000,False,2975.0000,3024.0000,2981.0000,3024.0000,450.0000,1048.0000,91.0530,54.5790,327.1000,1129.8400,indicconformer_free__pyannote31+rule,indicconformer_free__pyannote31
indicconformer_free,pyannote31,rule,PRAzUz0GANs__000223000_000283000,Kannada,60.0000,2,2,0.0822,high (>7.0%),False,99.4845,99.4845,23.3010,36.6927,43.0796,36.6927,43.0796,6.0000,1.0000,1.0000,False,193.0000,194.0000,193.0000,194.0000,24.0000,103.0000,6.2920,5.1080,11.6100,62.7100,indicconformer_free__pyannote31+rule,indicconformer_free__pyannote31
indicconformer_free,pyannote31,rule,PSIzXy5-y2E__000002000_000918000,Devanagari (hi/mr),916.0000,3,3,0.0434,mid (2.2%-7.0%],False,86.8145,88.4274,9.9631,32.8174,29.9342,32.4870,29.4091,161.0000,23.0000,33.0000,False,2153.0000,2480.0000,2193.0000,2480.0000,162.0000,1626.0000,152.6180,77.1650,62.2260,889.8000,indicconformer_free__pyannote31+rule,indicconformer_free__pyannote31
indicconformer_free,pyannote31,rule,PVDfS7lcJHY__000000000_000360000,Kannada,360.0000,6,5+,0.1127,high (>7.0%),False,96.6216,97.3938,34.4754,33.6402,42.6625,27.2455,34.6733,70.0000,26.0000,31.0000,False,1001.0000,1036.0000,1009.0000,1036.0000,161.0000,467.0000,34.6890,13.2250,81.4560,384.5700,indicconformer_free__pyannote31+rule,indicconformer_free__pyannote31
indicconformer_free,pyannote31,rule,Pjre5dpnKGA__000000000_000330000,Kannada,330.0000,4,4,0.0933,high (>7.0%),False,97.2692,97.3992,37.5350,25.0240,47.2702,23.8121,45.9307,37.0000,8.0000,9.0000,False,748.0000,769.0000,749.0000,769.0000,134.0000,357.0000,24.4840,13.9590,45.5550,335.6700,indicconformer_free__pyannote31+rule,indicconformer_free__pyannote31
indicconformer_free,pyannote31,rule,QhpjuNTZoA8__000000000_000586000,Kannada,586.0000,3,3,0.0512,mid (2.2%-7.0%],False,96.7557,105.7252,88.2410,33.0622,51.2184,33.2635,50.8096,69.0000,8.0000,10.0000,False,1521.0000,1572.0000,1662.0000,1572.0000,908.0000,1029.0000,39.7620,10.1270,152.2830,611.4900,indicconformer_free__pyannote31+rule,indicconformer_free__pyannote31
indicconformer_free,pyannote31,rule,QuA_B6IZ6Ls__000061000_001863000,Devanagari (hi/mr),1802.0000,4,4,0.3694,high (>7.0%),False,93.7604,94.4989,23.6402,48.9034,40.5609,48.3163,39.6424,232.0000,52.0000,71.0000,False,6221.0000,6635.0000,6270.0000,6635.0000,791.0000,3346.0000,959.4620,109.2840,253.5870,2703.9700,indicconformer_free__pyannote31+rule,indicconformer_free__pyannote31
indicconformer_free,pyannote31,rule,RL2fhIEEbZg__000000000_000065000,Telugu,65.0000,3,3,0.0563,mid (2.2%-7.0%],False,93.9024,93.9024,18.5185,14.2814,44.3120,14.2814,44.3120,7.0000,0.0000,0.0000,False,154.0000,164.0000,154.0000,164.0000,15.0000,81.0000,3.3480,0.8920,5.1100,65.4700,indicconformer_free__pyannote31+rule,indicconformer_free__pyannote31
indicconformer_free,pyannote31,rule,RL2fhIEEbZg__000066000_001034000,Telugu,968.0000,3,3,0.0719,high (>7.0%),False,92.0623,92.1401,15.1020,31.5210,34.0296,29.4232,30.9632,148.0000,35.0000,46.0000,False,2366.0000,2570.0000,2368.0000,2570.0000,222.0000,1470.0000,115.2460,80.9310,123.1150,1012.9500,indicconformer_free__pyannote31+rule,indicconformer_free__pyannote31
indicconformer_free,pyannote31,rule,RWTmftezCwI__000000000_000060000,Malayalam,60.0000,2,2,0.0244,mid (2.2%-7.0%],False,89.0756,89.0756,23.8806,17.1761,21.7348,17.1761,21.7348,4.0000,0.0000,0.0000,False,106.0000,119.0000,106.0000,119.0000,16.0000,67.0000,5.7510,2.2670,1.9510,58.0400,indicconformer_free__pyannote31+rule,indicconformer_free__pyannote31
indicconformer_free,pyannote31,rule,RZUZyvRzi80__000000000_000336000,Punjabi,336.0000,4,4,0.0001,low (<=2.2%),False,83.7788,84.1475,5.3533,2.2160,2.4239,2.2160,2.4239,10.0000,0.0000,0.0000,False,909.0000,1085.0000,913.0000,1085.0000,50.0000,934.0000,3.5610,2.8750,0.7360,323.6400,indicconformer_free__pyannote31+rule,indicconformer_free__pyannote31
indicconformer_free,pyannote31,rule,SZ7ay4OjfAE__000000000_000897000,Telugu,897.0000,5,5+,0.1794,high (>7.0%),False,96.1556,96.8504,46.3547,42.4965,58.4552,40.6010,55.1419,145.0000,37.0000,39.0000,False,2076.0000,2159.0000,2091.0000,2159.0000,426.0000,919.0000,132.7160,34.1420,263.0280,1011.5800,indicconformer_free__pyannote31+rule,indicconformer_free__pyannote31
indicconformer_free,pyannote31,rule,T3I2T-cfhG4__000160000_000210000,Devanagari (hi/mr),50.0000,2,2,0.0000,low (<=2.2%),False,83.6207,83.6207,0.0000,12.5548,14.2157,12.5548,14.2157,8.0000,0.0000,0.0000,False,97.0000,116.0000,97.0000,116.0000,0.0000,98.0000,1.9800,3.0200,0.8970,46.9700,indicconformer_free__pyannote31+rule,indicconformer_free__pyannote31
indicconformer_free,pyannote31,rule,TU3M6wSQV_g__000099000_000171000,Telugu,72.0000,2,2,0.0451,mid (2.2%-7.0%],False,91.6667,93.0556,11.8644,20.1945,41.3806,19.6606,37.9377,10.0000,3.0000,6.0000,False,198.0000,216.0000,201.0000,216.0000,14.0000,118.0000,3.7000,4.1930,7.1620,74.5500,indicconformer_free__pyannote31+rule,indicconformer_free__pyannote31
indicconformer_free,pyannote31,rule,Tlha36rSd5o__000240000_000374000,Tamil,134.0000,2,2,0.0000,low (<=2.2%),False,91.5094,92.1384,2.4242,16.9409,13.9233,16.9409,13.9233,13.0000,1.0000,2.0000,False,291.0000,318.0000,293.0000,318.0000,4.0000,165.0000,12.3840,7.8530,0.9510,125.0700,indicconformer_free__pyannote31+rule,indicconformer_free__pyannote31
indicconformer_free,pyannote31,rule,TrPnW5kLAyQ__000093000_000513000,Devanagari (hi/mr),420.0000,4,4,0.0501,mid (2.2%-7.0%],False,87.8071,87.9891,8.5227,26.1556,30.4529,25.2201,28.0699,61.0000,14.0000,24.0000,False,965.0000,1099.0000,967.0000,1099.0000,60.0000,704.0000,61.1570,21.6280,20.4330,394.6300,indicconformer_free__pyannote31+rule,indicconformer_free__pyannote31
indicconformer_free,pyannote31,rule,U_EHjxThUgc__000181000_000289000,Bengali,108.0000,3,3,0.0529,mid (2.2%-7.0%],False,84.6154,85.6187,5.6075,15.1323,18.4213,15.1323,18.4213,5.0000,0.0000,0.0000,False,253.0000,299.0000,256.0000,299.0000,12.0000,214.0000,7.4260,4.6940,4.8660,112.2500,indicconformer_free__pyannote31+rule,indicconformer_free__pyannote31
indicconformer_free,pyannote31,rule,VHlIFsHPWbk__000023000_000470000,Odia,447.0000,4,4,0.0269,mid (2.2%-7.0%],False,92.1746,91.9488,7.6693,9.7016,12.9128,9.7016,12.9128,29.0000,4.0000,5.0000,False,1225.0000,1329.0000,1222.0000,1329.0000,77.0000,1004.0000,14.7750,11.8520,16.9120,448.7800,indicconformer_free__pyannote31+rule,indicconformer_free__pyannote31
indicconformer_free,pyannote31,rule,VKY0uuZ6Om8__000575000_000935000,Devanagari (hi/mr),360.0000,3,3,0.1718,high (>7.0%),False,88.1151,88.3937,14.4599,45.9468,54.8909,44.6164,53.6007,59.0000,16.0000,24.0000,False,949.0000,1077.0000,952.0000,1077.0000,83.0000,574.0000,75.2310,39.0420,78.4140,419.3700,indicconformer_free__pyannote31+rule,indicconformer_free__pyannote31
indicconformer_free,pyannote31,rule,VY_4x1scS-Y__000013000_000121000,Tamil,108.0000,4,4,0.0427,mid (2.2%-7.0%],False,96.7262,96.7262,20.0000,37.4217,48.4083,38.3055,49.0263,12.0000,2.0000,2.0000,False,325.0000,336.0000,325.0000,336.0000,16.0000,80.0000,8.3650,4.6510,28.4360,110.7700,indicconformer_free__pyannote31+rule,indicconformer_free__pyannote31
indicconformer_free,sortformer_stream,baseline,0AEEA8NyVwY__000011000_000609000,Devanagari (hi/mr),598.0000,3,3,0.0047,low (<=2.2%),False,81.2453,81.3203,4.3067,5.9075,6.6698,5.9075,6.6698,,,,,1083.0000,1333.0000,1084.0000,1333.0000,41.0000,952.0000,16.4500,16.0800,0.8000,564.2000,sortformer_stream,indicconformer_free__sortformer_stream
indicconformer_free,sortformer_stream,baseline,0SoItGfM_sY__000007000_000088000,Kannada,81.0000,5,5+,0.0000,low (<=2.2%),False,96.9697,102.4242,16.6667,38.7466,69.8914,38.7466,69.1900,,,,,160.0000,165.0000,169.0000,165.0000,23.0000,138.0000,4.7700,8.7600,13.5500,69.8900,sortformer_stream,indicconformer_free__sortformer_stream
indicconformer_free,sortformer_stream,baseline,0VEwL9XZ0LY__000261000_000557000,Devanagari (hi/mr),296.0000,2,2,0.0355,mid (2.2%-7.0%],False,69.9885,92.0962,46.2392,54.2840,70.9802,55.1412,71.5041,,,,,611.0000,873.0000,804.0000,873.0000,375.0000,811.0000,35.1600,18.6200,103.2800,289.3300,sortformer_stream,indicconformer_free__sortformer_stream
indicconformer_free,sortformer_stream,baseline,0esIFSOAcFs__000000000_000913000,Gujarati,913.0000,3,3,0.0232,mid (2.2%-7.0%],False,94.0320,95.3057,36.7953,38.4429,55.0307,38.6071,55.1276,,,,,2584.0000,2748.0000,2619.0000,2748.0000,496.0000,1348.0000,29.7500,5.8500,320.2200,925.5800,sortformer_stream,indicconformer_free__sortformer_stream
indicconformer_free,sortformer_stream,baseline,0p6cktLGIfY__000012000_000930000,Gujarati,918.0000,6,5+,0.0329,mid (2.2%-7.0%],False,95.3642,95.4811,20.9234,42.9051,67.9688,42.4792,67.4452,,,,,2448.0000,2567.0000,2451.0000,2567.0000,213.0000,1018.0000,122.7900,111.0800,122.8000,831.3000,sortformer_stream,indicconformer_free__sortformer_stream
indicconformer_free,sortformer_stream,baseline,13VBh0Z6QmE__000000000_000904000,Tamil,904.0000,4,4,0.0290,mid (2.2%-7.0%],False,99.4398,99.5198,56.0440,38.9108,46.6829,43.3140,54.1596,,,,,2485.0000,2499.0000,2487.0000,2499.0000,102.0000,182.0000,26.9700,22.3600,295.8400,887.0800,sortformer_stream,indicconformer_free__sortformer_stream
indicconformer_free,sortformer_stream,baseline,1LFl5JEipII__000000000_000597000,Bengali,597.0000,5,5+,0.1006,high (>7.0%),False,97.6101,98.4906,66.8896,63.9694,77.0427,64.1841,77.0263,,,,,1552.0000,1590.0000,1566.0000,1590.0000,200.0000,299.0000,81.4800,25.7200,271.3200,591.7200,sortformer_stream,indicconformer_free__sortformer_stream
indicconformer_free,sortformer_stream,baseline,2HGP34TNvjg__000084000_000194000,Odia,110.0000,2,2,0.0128,low (<=2.2%),False,93.9189,111.1486,38.3621,56.8445,63.1952,56.8445,63.1952,,,,,278.0000,296.0000,329.0000,296.0000,89.0000,232.0000,6.4300,7.8800,43.6600,101.9800,sortformer_stream,indicconformer_free__sortformer_stream
indicconformer_free,sortformer_stream,baseline,2LN6vb7EBn0__000098000_000394000,Tamil,296.0000,3,3,0.0238,mid (2.2%-7.0%],False,99.0679,99.2011,62.5000,55.0737,67.0634,56.2729,66.9059,,,,,744.0000,751.0000,745.0000,751.0000,25.0000,40.0000,10.2900,28.0500,119.6500,286.8700,sortformer_stream,indicconformer_free__sortformer_stream
indicconformer_free,sortformer_stream,baseline,2T4pjueLrsk__000677000_001290000,Gujarati,613.0000,4,4,0.0342,mid (2.2%-7.0%],False,97.6664,98.1417,55.1282,68.0935,72.3583,68.4044,72.4456,,,,,2260.0000,2314.0000,2271.0000,2314.0000,301.0000,546.0000,93.8100,66.2300,210.1300,543.6200,sortformer_stream,indicconformer_free__sortformer_stream
indicconformer_free,sortformer_stream,baseline,2gGHQgj9yno__000000000_000099000,Gujarati,99.0000,4,4,0.0798,high (>7.0%),False,97.8947,97.8947,33.8983,30.9519,44.4393,35.5238,53.3664,,,,,279.0000,285.0000,279.0000,285.0000,20.0000,59.0000,14.6200,8.5200,6.5800,96.0200,sortformer_stream,indicconformer_free__sortformer_stream
indicconformer_free,sortformer_stream,baseline,2iMXYxBTwbM__000339000_000401000,Devanagari (hi/mr),62.0000,3,3,0.1275,high (>7.0%),False,95.7447,95.7447,55.5556,81.6001,80.7524,83.8585,80.1740,,,,,180.0000,188.0000,180.0000,188.0000,25.0000,45.0000,14.4100,15.9200,16.2800,57.1200,sortformer_stream,indicconformer_free__sortformer_stream
indicconformer_free,sortformer_stream,baseline,37dND_0r6S8__000060000_000222000,Tamil,162.0000,2,2,0.0896,high (>7.0%),False,100.0000,100.0000,0.0000,48.4448,53.7377,48.4804,54.4176,,,,,557.0000,557.0000,557.0000,557.0000,0.0000,3.0000,17.6900,22.6500,41.4300,168.7900,sortformer_stream,indicconformer_free__sortformer_stream
indicconformer_free,sortformer_stream,baseline,4Qg2jWP6_T0__000136000_000202000,Punjabi,66.0000,3,3,0.2093,high (>7.0%),False,98.8722,99.2481,78.2609,74.8544,74.9040,80.1676,77.1701,,,,,263.0000,266.0000,264.0000,266.0000,72.0000,92.0000,11.5700,15.7300,25.3900,70.3900,sortformer_stream,indicconformer_free__sortformer_stream
indicconformer_free,sortformer_stream,baseline,6-726qTlYeg__000102000_000162000,Malayalam,60.0000,2,2,0.1610,high (>7.0%),False,98.5981,98.5981,55.1724,45.1831,49.0809,63.4889,63.3630,,,,,211.0000,214.0000,211.0000,214.0000,48.0000,87.0000,7.9500,10.2900,13.2300,69.6500,sortformer_stream,indicconformer_free__sortformer_stream
indicconformer_free,sortformer_stream,baseline,6ZeRgvDHwcI__000006000_000100000,Gujarati,94.0000,2,2,0.0125,low (<=2.2%),False,95.2381,96.2963,35.0649,64.7709,58.8969,70.0790,65.1443,,,,,180.0000,189.0000,182.0000,189.0000,27.0000,77.0000,24.2900,10.5100,6.2000,63.3000,sortformer_stream,indicconformer_free__sortformer_stream
indicconformer_free,sortformer_stream,baseline,6f6TLzlP8Wk__000082000_000144000,Punjabi,62.0000,2,2,0.0510,mid (2.2%-7.0%],False,99.1525,99.1525,49.5652,55.1367,59.8394,55.6801,59.8861,,,,,234.0000,236.0000,234.0000,236.0000,57.0000,115.0000,6.4300,7.6100,18.4300,58.8900,sortformer_stream,indicconformer_free__sortformer_stream
indicconformer_free,sortformer_stream,baseline,7L4gi7Ncc0s__000090000_000148000,Malayalam,58.0000,2,2,0.0000,low (<=2.2%),False,100.0000,100.8000,5.7377,16.6876,24.1904,16.6876,24.1904,,,,,125.0000,125.0000,126.0000,125.0000,7.0000,122.0000,4.0800,2.3200,2.8900,55.6700,sortformer_stream,indicconformer_free__sortformer_stream
indicconformer_free,sortformer_stream,baseline,7WhVNRHbjIY__000091000_001089000,Tamil,998.0000,5,5+,0.0133,low (<=2.2%),False,97.7035,97.8243,34.6369,32.2150,42.4606,31.8447,40.4394,,,,,2425.0000,2482.0000,2428.0000,2482.0000,124.0000,358.0000,14.7000,25.7700,280.6100,996.6800,sortformer_stream,indicconformer_free__sortformer_stream
indicconformer_free,sortformer_stream,baseline,7YfsQPYY-W0__000351000_000411000,Odia,60.0000,2,2,0.1219,high (>7.0%),False,99.5192,99.5192,36.6667,56.0778,59.4626,55.5175,58.4923,,,,,207.0000,208.0000,207.0000,208.0000,11.0000,30.0000,8.6900,8.9100,18.4300,64.2500,sortformer_stream,indicconformer_free__sortformer_stream
indicconformer_free,sortformer_stream,baseline,7c9ePKgqams__000299000_000869000,Telugu,570.0000,4,4,0.0055,low (<=2.2%),False,91.1958,107.1616,61.7671,54.9483,76.5204,54.5688,76.2944,,,,,1388.0000,1522.0000,1631.0000,1522.0000,748.0000,1211.0000,18.3200,23.3900,262.3300,553.3200,sortformer_stream,indicconformer_free__sortformer_stream
indicconformer_free,sortformer_stream,baseline,7k-xDqNjESc__000073000_000981000,Malayalam,908.0000,4,4,0.0421,mid (2.2%-7.0%],False,92.4520,95.4891,24.3109,44.7209,71.0072,45.4038,71.4283,,,,,2070.0000,2239.0000,2138.0000,2239.0000,441.0000,1814.0000,89.0100,87.5700,224.8300,897.5900,sortformer_stream,indicconformer_free__sortformer_stream
indicconformer_free,sortformer_stream,baseline,83gP2vLH7UY__000255000_002005000,Devanagari (hi/mr),1750.0000,5,5+,0.2022,high (>7.0%),False,86.8081,96.1890,68.1550,71.7330,79.6293,72.3305,79.2267,,,,,5034.0000,5799.0000,5578.0000,5799.0000,2198.0000,3225.0000,273.1400,197.8300,994.9800,2043.6200,sortformer_stream,indicconformer_free__sortformer_stream
indicconformer_free,sortformer_stream,baseline,86mMTUeDiR8__000181000_001079000,Bengali,898.0000,5,5+,0.0517,mid (2.2%-7.0%],False,96.3226,97.2420,40.0000,57.2642,72.1340,56.7114,71.7341,,,,,2305.0000,2393.0000,2327.0000,2393.0000,298.0000,745.0000,103.0500,97.8900,270.4300,823.1500,sortformer_stream,indicconformer_free__sortformer_stream
indicconformer_free,sortformer_stream,baseline,87Zbup3ohcw__000106000_000445000,Tamil,339.0000,4,4,0.0152,low (<=2.2%),False,91.3218,95.1936,46.0123,39.3128,62.5900,39.3128,62.5772,,,,,684.0000,749.0000,713.0000,749.0000,150.0000,326.0000,18.3500,18.2400,89.2700,320.1500,sortformer_stream,indicconformer_free__sortformer_stream
indicconformer_free,sortformer_stream,baseline,8Ve4SWhlrrA__000000000_000070000,Odia,70.0000,2,2,0.0000,low (<=2.2%),False,90.9774,93.2331,3.7879,4.8895,38.0981,4.8895,38.0981,,,,,121.0000,133.0000,124.0000,133.0000,5.0000,132.0000,0.0800,1.5400,1.5000,63.8100,sortformer_stream,indicconformer_free__sortformer_stream
indicconformer_free,sortformer_stream,baseline,8mvORuRHw2U__000000000_001197000,Gujarati,1197.0000,4,4,0.0417,mid (2.2%-7.0%],False,94.9885,96.1913,53.5971,57.5958,66.9783,57.7451,67.0884,,,,,3317.0000,3492.0000,3359.0000,3492.0000,596.0000,1112.0000,69.0400,70.6000,528.0800,1159.3200,sortformer_stream,indicconformer_free__sortformer_stream
indicconformer_free,sortformer_stream,baseline,8o7jKmq6HsM__000030000_001770000,Devanagari (hi/mr),1740.0000,6,5+,0.0471,mid (2.2%-7.0%],False,89.7638,95.5381,55.8869,60.8167,74.0458,60.8654,74.0074,,,,,4104.0000,4572.0000,4368.0000,4572.0000,1087.0000,1945.0000,108.7500,43.4100,922.6300,1767.2600,sortformer_stream,indicconformer_free__sortformer_stream
indicconformer_free,sortformer_stream,baseline,8pkp-lpMJP0__000326000_000926000,Telugu,600.0000,8,5+,0.2032,high (>7.0%),False,95.7655,96.6124,38.3978,44.9302,75.2414,47.8320,76.4475,,,,,1470.0000,1535.0000,1483.0000,1535.0000,278.0000,724.0000,112.0700,35.5000,165.3600,696.4800,sortformer_stream,indicconformer_free__sortformer_stream
indicconformer_free,sortformer_stream,baseline,8r2Nltl0W4o__000259000_000320000,Punjabi,61.0000,2,2,0.0227,mid (2.2%-7.0%],False,89.7233,90.5138,1.1976,25.5386,61.0984,17.1189,56.9016,,,,,227.0000,253.0000,229.0000,253.0000,2.0000,167.0000,3.0300,2.1800,10.3200,60.8100,sortformer_stream,indicconformer_free__sortformer_stream
indicconformer_free,sortformer_stream,baseline,90uAd6xpTPo__000016000_000408000,Devanagari (hi/mr),392.0000,4,4,0.0067,low (<=2.2%),False,92.2442,118.8119,52.0087,52.6412,75.4310,52.6412,75.4310,,,,,1118.0000,1212.0000,1440.0000,1212.0000,479.0000,921.0000,11.4100,10.0700,171.0500,365.7400,sortformer_stream,indicconformer_free__sortformer_stream
indicconformer_free,sortformer_stream,baseline,9Aw8kg8w5Xo__000000000_000083000,Telugu,83.0000,4,4,0.0216,low (<=2.2%),False,93.4673,104.5226,24.2424,16.2433,56.5729,24.0474,62.7193,,,,,186.0000,199.0000,208.0000,199.0000,32.0000,132.0000,2.1700,1.8500,9.2800,81.8800,sortformer_stream,indicconformer_free__sortformer_stream
indicconformer_free,sortformer_stream,baseline,9_GMxc_JjyI__000236000_000368000,Kannada,132.0000,2,2,0.0602,mid (2.2%-7.0%],False,94.0701,94.8787,13.7124,19.1479,47.1646,18.7777,46.2809,,,,,349.0000,371.0000,352.0000,371.0000,41.0000,299.0000,9.3500,5.6500,11.3800,137.7700,sortformer_stream,indicconformer_free__sortformer_stream
indicconformer_free,sortformer_stream,baseline,ARCKJrGkITw__000014000_000496000,Telugu,482.0000,3,3,0.0844,high (>7.0%),False,87.3455,96.0727,42.9557,48.1049,58.5320,48.3339,58.2529,,,,,1201.0000,1375.0000,1321.0000,1375.0000,436.0000,1015.0000,48.2200,25.5600,169.9100,506.5800,sortformer_stream,indicconformer_free__sortformer_stream
indicconformer_free,sortformer_stream,baseline,ARZl7LT0UC0__000073000_000130000,Telugu,57.0000,3,3,0.0905,high (>7.0%),False,98.6928,98.6928,35.8209,27.9089,43.4513,27.9089,43.4513,,,,,151.0000,153.0000,151.0000,153.0000,24.0000,67.0000,4.2900,3.6800,9.1800,61.4500,sortformer_stream,indicconformer_free__sortformer_stream
indicconformer_free,sortformer_stream,baseline,A_dohDOK6Ic__000000000_000600000,Devanagari (hi/mr),600.0000,3,3,0.0048,low (<=2.2%),False,92.5096,96.2821,35.2811,36.4982,50.9283,36.6418,51.4429,,,,,1692.0000,1829.0000,1761.0000,1829.0000,320.0000,907.0000,11.3800,11.2300,188.4300,578.2200,sortformer_stream,indicconformer_free__sortformer_stream
indicconformer_free,sortformer_stream,baseline,B2ScTgeIIck__000117000_000180000,Odia,63.0000,2,2,0.0879,high (>7.0%),False,97.7011,97.1264,28.1250,30.2612,35.1282,31.1018,34.9235,,,,,170.0000,174.0000,169.0000,174.0000,27.0000,96.0000,5.4700,5.7700,8.9200,66.6200,sortformer_stream,indicconformer_free__sortformer_stream
indicconformer_free,sortformer_stream,baseline,BGAAfht5dYw__000000000_000612000,Gujarati,612.0000,4,4,0.1350,high (>7.0%),False,97.9572,98.0998,49.4253,33.5180,55.4242,35.9229,56.9192,,,,,2062.0000,2105.0000,2065.0000,2105.0000,215.0000,435.0000,53.9000,30.3100,143.2500,678.6200,sortformer_stream,indicconformer_free__sortformer_stream
indicconformer_free,sortformer_stream,baseline,BYLcUGNB_zM__000020000_001387000,Kannada,1367.0000,4,4,0.0054,low (<=2.2%),False,94.5543,97.9312,10.7614,14.9834,22.2950,14.9413,22.1532,,,,,3108.0000,3287.0000,3219.0000,3287.0000,318.0000,2955.0000,36.9000,19.6100,142.9500,1331.2100,sortformer_stream,indicconformer_free__sortformer_stream
indicconformer_free,sortformer_stream,baseline,Bngfppo1QtA__000028000_000927000,Telugu,899.0000,5,5+,0.1261,high (>7.0%),False,96.3355,97.9235,42.5261,60.9501,67.3965,62.1606,67.0445,,,,,2366.0000,2456.0000,2405.0000,2456.0000,367.0000,863.0000,132.4600,150.1100,328.6800,1002.8700,sortformer_stream,indicconformer_free__sortformer_stream
indicconformer_free,sortformer_stream,baseline,CO_8ppdzq9U__000000000_000695000,Tamil,695.0000,4,4,0.0186,low (<=2.2%),False,94.3432,110.3080,74.7381,62.2559,79.8385,62.5088,79.9012,,,,,1501.0000,1591.0000,1755.0000,1591.0000,642.0000,859.0000,13.7200,24.4200,367.9800,652.3400,sortformer_stream,indicconformer_free__sortformer_stream
indicconformer_free,sortformer_stream,baseline,Cku_X_SL7qU__000060000_000660000,Gujarati,600.0000,3,3,0.1022,high (>7.0%),False,99.0439,99.2126,44.4444,65.1484,53.2323,68.5691,56.0827,,,,,1761.0000,1778.0000,1764.0000,1778.0000,156.0000,351.0000,78.9500,183.5100,60.9300,496.3900,sortformer_stream,indicconformer_free__sortformer_stream
indicconformer_free,sortformer_stream,baseline,DPmew0didIM__000191000_000512000,Telugu,321.0000,5,5+,0.0620,mid (2.2%-7.0%],False,96.6146,96.7448,24.6465,45.6736,63.6738,45.8359,62.6784,,,,,742.0000,768.0000,743.0000,768.0000,122.0000,495.0000,32.5700,29.0500,87.5500,326.6000,sortformer_stream,indicconformer_free__sortformer_stream
indicconformer_free,sortformer_stream,baseline,EmsKkNN2Me4__000035000_000095000,Malayalam,60.0000,2,2,0.0471,mid (2.2%-7.0%],False,97.7654,97.7654,51.8519,50.1566,60.0106,50.8159,60.1026,,,,,175.0000,179.0000,175.0000,179.0000,42.0000,81.0000,3.0100,6.0100,21.4100,60.6700,sortformer_stream,indicconformer_free__sortformer_stream
indicconformer_free,sortformer_stream,baseline,ExGJodnzocM__000212000_000527000,Devanagari (hi/mr),315.0000,4,4,0.0133,low (<=2.2%),False,95.9518,96.8992,51.1392,41.8604,57.7247,39.9877,55.3637,,,,,1114.0000,1161.0000,1125.0000,1161.0000,202.0000,395.0000,9.6200,10.7400,109.2900,309.7200,sortformer_stream,indicconformer_free__sortformer_stream
indicconformer_free,sortformer_stream,baseline,F2uXav-wriA__000000000_000907000,Devanagari (hi/mr),907.0000,4,4,0.0336,mid (2.2%-7.0%],False,92.6582,107.8843,40.7228,38.5846,49.0929,40.7139,52.2939,,,,,2562.0000,2765.0000,2983.0000,2765.0000,755.0000,1854.0000,52.3200,12.7400,287.2100,912.9800,sortformer_stream,indicconformer_free__sortformer_stream
indicconformer_free,sortformer_stream,baseline,FDMf9ApmoNU__000016000_000686000,Bengali,670.0000,4,4,0.0882,high (>7.0%),False,96.5269,96.8862,32.1063,39.7114,53.3759,40.3114,53.6345,,,,,1612.0000,1670.0000,1618.0000,1670.0000,157.0000,489.0000,86.6300,71.1600,92.4000,630.0200,sortformer_stream,indicconformer_free__sortformer_stream
indicconformer_free,sortformer_stream,baseline,G6qzg93FxwE__000021000_000116000,Gujarati,95.0000,2,2,0.0061,low (<=2.2%),False,86.5169,86.5169,3.4014,6.6645,7.8049,6.6645,7.8049,,,,,231.0000,267.0000,231.0000,267.0000,5.0000,147.0000,3.6400,1.9700,0.5900,93.0300,sortformer_stream,indicconformer_free__sortformer_stream
indicconformer_free,sortformer_stream,baseline,GEc_sS2KWo8__000096000_000290000,Gujarati,194.0000,4,4,0.0378,mid (2.2%-7.0%],False,97.4903,98.2625,27.0042,39.9893,62.3871,43.3673,65.1427,,,,,505.0000,518.0000,509.0000,518.0000,64.0000,237.0000,18.2500,15.3500,26.4200,150.0900,sortformer_stream,indicconformer_free__sortformer_stream
indicconformer_free,sortformer_stream,baseline,GfFLEIAAumk__000090000_000163000,Bengali,73.0000,2,2,0.0285,mid (2.2%-7.0%],False,95.8333,95.8333,10.1266,19.1602,26.4371,19.1602,26.1969,,,,,207.0000,216.0000,207.0000,216.0000,8.0000,79.0000,3.2400,2.9700,7.8900,73.5900,sortformer_stream,indicconformer_free__sortformer_stream
indicconformer_free,sortformer_stream,baseline,Gq45evw6ytY__000597000_001464000,Odia,867.0000,3,3,0.0869,high (>7.0%),False,97.0438,97.8102,53.3493,59.2641,71.4243,58.5975,70.6645,,,,,2659.0000,2740.0000,2680.0000,2740.0000,446.0000,836.0000,95.7900,76.8400,352.8000,886.5900,sortformer_stream,indicconformer_free__sortformer_stream
indicconformer_free,sortformer_stream,baseline,HZv_WvIr6lE__000021000_000105000,Tamil,84.0000,3,3,0.1276,high (>7.0%),False,96.9231,96.9231,15.8730,22.9760,25.7238,22.9760,25.5882,,,,,252.0000,260.0000,252.0000,260.0000,10.0000,63.0000,10.2000,4.8000,6.2000,92.2700,sortformer_stream,indicconformer_free__sortformer_stream
indicconformer_free,sortformer_stream,baseline,HpYG46tGyYs__000103000_000998000,Devanagari (hi/mr),895.0000,4,4,0.0022,low (<=2.2%),False,88.5580,98.3934,48.7586,21.7863,28.9541,21.8049,28.9215,,,,,2260.0000,2552.0000,2511.0000,2552.0000,1198.0000,2457.0000,21.5300,35.1400,130.9600,861.2300,sortformer_stream,indicconformer_free__sortformer_stream
indicconformer_free,sortformer_stream,baseline,IAm1rt-MYcA__000004000_000558000,Bengali,554.0000,4,4,0.0445,mid (2.2%-7.0%],False,94.7867,95.4384,19.9170,44.7076,62.1500,45.1489,63.5199,,,,,1600.0000,1688.0000,1611.0000,1688.0000,144.0000,723.0000,45.3100,57.9100,138.9300,541.6300,sortformer_stream,indicconformer_free__sortformer_stream
indicconformer_free,sortformer_stream,baseline,Iare1Emeueg__000016000_000069000,Devanagari (hi/mr),53.0000,2,2,0.0000,low (<=2.2%),False,98.5612,98.5612,20.5882,45.0069,42.6782,45.0069,42.6782,,,,,137.0000,139.0000,137.0000,139.0000,7.0000,34.0000,10.6200,7.1200,1.7300,43.2600,sortformer_stream,indicconformer_free__sortformer_stream
indicconformer_free,sortformer_stream,baseline,IfTL8SSN270__000062000_000671000,Devanagari (hi/mr),609.0000,4,4,0.1121,high (>7.0%),False,92.7733,94.0379,34.4968,43.1070,54.0863,44.0484,54.7974,,,,,2054.0000,2214.0000,2082.0000,2214.0000,425.0000,1232.0000,72.8900,34.0300,179.2500,663.8600,sortformer_stream,indicconformer_free__sortformer_stream
indicconformer_free,sortformer_stream,baseline,Ig6szCD8m20__000046000_000106000,Devanagari (hi/mr),60.0000,2,2,0.0204,low (<=2.2%),False,88.0829,87.5648,18.2927,26.0154,35.7523,26.0154,33.9776,,,,,170.0000,193.0000,169.0000,193.0000,30.0000,164.0000,1.2800,3.8500,10.3700,59.5800,sortformer_stream,indicconformer_free__sortformer_stream
indicconformer_free,sortformer_stream,baseline,Iqhnt8ENm3U__000027000_000088000,Devanagari (hi/mr),61.0000,3,3,0.1772,high (>7.0%),False,94.3503,94.9153,52.1127,56.5805,64.3841,55.6340,62.2347,,,,,167.0000,177.0000,168.0000,177.0000,37.0000,71.0000,11.9100,6.1100,19.6400,66.5600,sortformer_stream,indicconformer_free__sortformer_stream
indicconformer_free,sortformer_stream,baseline,J4-VpEkBzWw__000000000_000600000,Kannada,600.0000,7,5+,0.0685,mid (2.2%-7.0%],False,93.0412,111.8557,83.7715,53.9130,72.5775,54.7586,73.0553,,,,,1444.0000,1552.0000,1736.0000,1552.0000,924.0000,1103.0000,23.4500,14.9100,304.6400,636.2100,sortformer_stream,indicconformer_free__sortformer_stream
indicconformer_free,sortformer_stream,baseline,JBYGLQJwFDc__000103000_000407000,Tamil,304.0000,3,3,0.0120,low (<=2.2%),False,96.6176,97.0588,34.8684,44.5766,66.1466,43.6558,65.4450,,,,,657.0000,680.0000,660.0000,680.0000,53.0000,152.0000,36.3200,31.0400,48.8200,260.6300,sortformer_stream,indicconformer_free__sortformer_stream
indicconformer_free,sortformer_stream,baseline,JSB1CeS4pP8__000000000_000632000,Punjabi,632.0000,4,4,0.0880,high (>7.0%),False,95.0192,95.2107,30.6719,24.9671,34.4099,28.7247,38.0289,,,,,1984.0000,2088.0000,1988.0000,2088.0000,315.0000,1027.0000,32.4900,31.5400,98.8900,652.5400,sortformer_stream,indicconformer_free__sortformer_stream
indicconformer_free,sortformer_stream,baseline,Jc5AVwg2cZM__000153000_000214000,Devanagari (hi/mr),61.0000,3,3,0.2816,high (>7.0%),False,93.6047,94.7674,24.7059,78.3059,69.3093,85.2130,73.6429,,,,,161.0000,172.0000,163.0000,172.0000,21.0000,85.0000,19.0300,16.1400,13.9200,62.6900,sortformer_stream,indicconformer_free__sortformer_stream
indicconformer_free,sortformer_stream,baseline,KAtdcDieQMw__000057000_000599000,Odia,542.0000,3,3,0.1073,high (>7.0%),False,96.3835,106.1998,76.8690,60.9827,73.2733,63.1636,74.8576,,,,,1679.0000,1742.0000,1850.0000,1742.0000,874.0000,1137.0000,35.0100,32.4100,287.4200,581.8700,sortformer_stream,indicconformer_free__sortformer_stream
indicconformer_free,sortformer_stream,baseline,KPkRi3GM7fs__000047000_000642000,Odia,595.0000,3,3,0.0031,low (<=2.2%),False,92.8370,123.9707,57.5666,40.6434,58.8368,40.5741,58.7513,,,,,1646.0000,1773.0000,2198.0000,1773.0000,951.0000,1652.0000,10.0000,15.7600,208.8500,577.2400,sortformer_stream,indicconformer_free__sortformer_stream
indicconformer_free,sortformer_stream,baseline,Kdi-ECuOaKg__000002000_000078000,Malayalam,76.0000,6,5+,0.0000,low (<=2.2%),False,93.4066,103.2967,39.4737,94.5794,90.4069,94.5794,90.4069,,,,,85.0000,91.0000,94.0000,91.0000,30.0000,76.0000,14.8900,9.6900,12.4100,39.1100,sortformer_stream,indicconformer_free__sortformer_stream
indicconformer_free,sortformer_stream,baseline,L7xRazDdtgw__000019000_000083000,Gujarati,64.0000,3,3,0.0012,low (<=2.2%),False,97.0588,98.0392,48.0000,80.3609,81.0662,84.7434,83.3852,,,,,99.0000,102.0000,100.0000,102.0000,12.0000,25.0000,10.5100,8.0700,15.7100,42.6700,sortformer_stream,indicconformer_free__sortformer_stream
indicconformer_free,sortformer_stream,baseline,LBIWBxQ5H1s__000090000_001020000,Malayalam,930.0000,4,4,0.0724,high (>7.0%),False,96.6558,98.5726,58.1615,48.7021,58.6743,48.7572,58.5824,,,,,2370.0000,2452.0000,2417.0000,2452.0000,677.0000,1164.0000,96.8600,69.7800,301.8500,961.9500,sortformer_stream,indicconformer_free__sortformer_stream
indicconformer_free,sortformer_stream,baseline,LK23jX9tgZM__000059000_000221000,Gujarati,162.0000,3,3,0.1712,high (>7.0%),False,97.9927,97.9927,12.8205,48.1705,63.7532,49.1872,64.9456,,,,,537.0000,548.0000,537.0000,548.0000,15.0000,117.0000,35.5300,10.9100,39.7900,179.0100,sortformer_stream,indicconformer_free__sortformer_stream
indicconformer_free,sortformer_stream,baseline,LctYmmr9-Vg__000000000_000061000,Devanagari (hi/mr),61.0000,2,2,0.0000,low (<=2.2%),False,90.6475,92.0863,11.2903,14.8171,14.2335,14.8171,14.2335,,,,,126.0000,139.0000,128.0000,139.0000,7.0000,62.0000,4.5300,2.5600,0.0000,47.8500,sortformer_stream,indicconformer_free__sortformer_stream
indicconformer_free,sortformer_stream,baseline,LqQHdo7t5Ps__000198000_000498000,Devanagari (hi/mr),300.0000,3,3,0.0019,low (<=2.2%),False,80.2023,81.5029,6.2731,15.1415,25.1632,15.1415,25.1632,,,,,555.0000,692.0000,564.0000,692.0000,34.0000,542.0000,4.1700,6.9300,33.3600,293.6300,sortformer_stream,indicconformer_free__sortformer_stream
indicconformer_free,sortformer_stream,baseline,Md3p6RTanBg__000315000_000426000,Bengali,111.0000,3,3,0.0528,mid (2.2%-7.0%],False,88.2550,89.9329,9.8160,8.6557,14.3195,12.8952,17.8151,,,,,263.0000,298.0000,268.0000,298.0000,16.0000,163.0000,2.2700,1.8100,5.7200,113.2200,sortformer_stream,indicconformer_free__sortformer_stream
indicconformer_free,sortformer_stream,baseline,MmtWBUK2DKE__000000000_000310000,Devanagari (hi/mr),310.0000,5,5+,0.0432,mid (2.2%-7.0%],False,93.0748,111.8190,61.1559,55.4330,81.3343,56.2518,81.9914,,,,,1008.0000,1083.0000,1211.0000,1083.0000,455.0000,744.0000,10.7600,5.9700,153.2000,306.5500,sortformer_stream,indicconformer_free__sortformer_stream
indicconformer_free,sortformer_stream,baseline,NLgHpYyf5bY__000313000_000383000,Devanagari (hi/mr),70.0000,2,2,0.0097,low (<=2.2%),False,98.3333,97.9167,13.6126,16.8965,31.8738,16.8965,31.8738,,,,,236.0000,240.0000,235.0000,240.0000,26.0000,191.0000,1.6200,2.1700,7.8500,68.8900,sortformer_stream,indicconformer_free__sortformer_stream
indicconformer_free,sortformer_stream,baseline,NuhdqCEuIBo__000197000_000540000,Punjabi,343.0000,3,3,0.0562,mid (2.2%-7.0%],False,93.4989,94.0833,24.0602,29.6395,46.8564,29.0767,45.2000,,,,,1280.0000,1369.0000,1288.0000,1369.0000,160.0000,665.0000,21.2300,25.2600,58.8400,355.3700,sortformer_stream,indicconformer_free__sortformer_stream
indicconformer_free,sortformer_stream,baseline,O4_aeGFzZ8A__000000000_000335000,Kannada,335.0000,8,5+,0.0004,low (<=2.2%),False,93.7322,112.8205,50.0000,42.7098,69.7703,42.7098,69.6632,,,,,658.0000,702.0000,792.0000,702.0000,274.0000,548.0000,13.2300,5.7600,118.4800,321.8700,sortformer_stream,indicconformer_free__sortformer_stream
indicconformer_free,sortformer_stream,baseline,OXUt5KnlUMo__000091000_000181000,Odia,90.0000,2,2,0.0000,low (<=2.2%),False,91.5323,91.5323,21.8391,28.5979,42.1191,28.5979,42.1191,,,,,227.0000,248.0000,227.0000,248.0000,38.0000,174.0000,5.9300,3.6300,15.1400,86.3700,sortformer_stream,indicconformer_free__sortformer_stream
indicconformer_free,sortformer_stream,baseline,OxYCBQKZ3iY__000000000_001822000,Punjabi,1822.0000,7,5+,0.0659,mid (2.2%-7.0%],False,98.7330,99.2398,72.2136,66.5024,81.0582,67.3686,81.4607,,,,,5455.0000,5525.0000,5483.0000,5525.0000,1393.0000,1929.0000,156.5600,79.5600,898.5900,1706.2700,sortformer_stream,indicconformer_free__sortformer_stream
indicconformer_free,sortformer_stream,baseline,PCUA2q2C-2A__000045000_000107000,Devanagari (hi/mr),62.0000,3,3,0.0063,low (<=2.2%),False,75.9740,75.9740,0.6849,3.2614,5.2470,3.2614,5.2470,,,,,117.0000,154.0000,117.0000,154.0000,1.0000,146.0000,1.0700,0.9100,0.0000,60.7100,sortformer_stream,indicconformer_free__sortformer_stream
indicconformer_free,sortformer_stream,baseline,PEDfT9-Yf2o__000000000_000469000,Bengali,469.0000,3,3,0.0110,low (<=2.2%),False,86.6794,91.8173,20.8333,19.7938,30.4883,19.8336,30.5409,,,,,911.0000,1051.0000,965.0000,1051.0000,170.0000,816.0000,10.7200,3.6000,65.3700,402.6000,sortformer_stream,indicconformer_free__sortformer_stream
indicconformer_free,sortformer_stream,baseline,PQB3-4sZUeY__000000000_001132000,Telugu,1132.0000,4,4,0.1069,high (>7.0%),False,98.3796,99.1071,72.0420,60.0085,71.0473,63.7365,72.5666,,,,,2975.0000,3024.0000,2997.0000,3024.0000,755.0000,1048.0000,76.3200,110.8800,490.8000,1129.8400,sortformer_stream,indicconformer_free__sortformer_stream
indicconformer_free,sortformer_stream,baseline,PRAzUz0GANs__000223000_000283000,Kannada,60.0000,2,2,0.0822,high (>7.0%),False,99.4845,100.5155,53.3981,63.0043,65.7127,63.1000,58.7579,,,,,193.0000,194.0000,195.0000,194.0000,55.0000,103.0000,5.1800,6.6200,27.7100,62.7100,sortformer_stream,indicconformer_free__sortformer_stream
indicconformer_free,sortformer_stream,baseline,PSIzXy5-y2E__000002000_000918000,Devanagari (hi/mr),916.0000,3,3,0.0434,mid (2.2%-7.0%],False,86.8145,98.1048,48.0935,54.4044,64.8173,54.5460,64.4858,,,,,2153.0000,2480.0000,2433.0000,2480.0000,782.0000,1626.0000,109.7000,73.7400,300.6500,889.8000,sortformer_stream,indicconformer_free__sortformer_stream
indicconformer_free,sortformer_stream,baseline,PVDfS7lcJHY__000000000_000360000,Kannada,360.0000,6,5+,0.1127,high (>7.0%),False,96.6216,98.1660,58.4582,53.4857,72.4994,56.0444,73.9153,,,,,1001.0000,1036.0000,1017.0000,1036.0000,273.0000,467.0000,27.7100,25.2900,152.6900,384.5700,sortformer_stream,indicconformer_free__sortformer_stream
indicconformer_free,sortformer_stream,baseline,Pjre5dpnKGA__000000000_000330000,Kannada,330.0000,4,4,0.0933,high (>7.0%),False,97.2692,98.1795,38.6555,43.0423,58.3987,45.3481,59.9299,,,,,748.0000,769.0000,755.0000,769.0000,138.0000,357.0000,18.3100,23.7500,102.4200,335.6700,sortformer_stream,indicconformer_free__sortformer_stream
indicconformer_free,sortformer_stream,baseline,QhpjuNTZoA8__000000000_000586000,Kannada,586.0000,3,3,0.0512,mid (2.2%-7.0%],False,96.7557,98.0916,44.7036,27.8386,38.8942,29.3038,40.2273,,,,,1521.0000,1572.0000,1542.0000,1572.0000,460.0000,1029.0000,26.1000,16.6000,127.5300,611.4900,sortformer_stream,indicconformer_free__sortformer_stream
indicconformer_free,sortformer_stream,baseline,QuA_B6IZ6Ls__000061000_001863000,Devanagari (hi/mr),1802.0000,4,4,0.3694,high (>7.0%),False,93.7604,95.1771,44.0825,59.9141,60.6506,59.9944,60.5390,,,,,6221.0000,6635.0000,6315.0000,6635.0000,1475.0000,3346.0000,969.4400,93.8600,556.7600,2703.9700,sortformer_stream,indicconformer_free__sortformer_stream
indicconformer_free,sortformer_stream,baseline,RL2fhIEEbZg__000000000_000065000,Telugu,65.0000,3,3,0.0563,mid (2.2%-7.0%],False,93.9024,93.9024,17.2840,10.2490,40.4081,11.3487,39.0690,,,,,154.0000,164.0000,154.0000,164.0000,14.0000,81.0000,0.5800,5.0700,1.0600,65.4700,sortformer_stream,indicconformer_free__sortformer_stream
indicconformer_free,sortformer_stream,baseline,RL2fhIEEbZg__000066000_001034000,Telugu,968.0000,3,3,0.0719,high (>7.0%),False,92.0623,94.4358,18.6395,28.5651,32.3358,30.4072,32.7039,,,,,2366.0000,2570.0000,2427.0000,2570.0000,274.0000,1470.0000,82.6600,81.1400,125.5500,1012.9500,sortformer_stream,indicconformer_free__sortformer_stream
indicconformer_free,sortformer_stream,baseline,RWTmftezCwI__000000000_000060000,Malayalam,60.0000,2,2,0.0244,mid (2.2%-7.0%],False,89.0756,89.0756,23.8806,5.9269,6.6959,25.5169,45.9953,,,,,106.0000,119.0000,106.0000,119.0000,16.0000,67.0000,1.7400,1.6900,0.0100,58.0400,sortformer_stream,indicconformer_free__sortformer_stream
indicconformer_free,sortformer_stream,baseline,RZUZyvRzi80__000000000_000336000,Punjabi,336.0000,4,4,0.0001,low (<=2.2%),False,83.7788,103.5945,23.7687,18.2085,34.7850,18.2085,34.7850,,,,,909.0000,1085.0000,1124.0000,1085.0000,222.0000,934.0000,13.5700,3.5200,41.8400,323.6400,sortformer_stream,indicconformer_free__sortformer_stream
indicconformer_free,sortformer_stream,baseline,SZ7ay4OjfAE__000000000_000897000,Telugu,897.0000,5,5+,0.1794,high (>7.0%),False,96.1556,98.2862,72.7965,57.3084,71.9834,61.8745,75.6578,,,,,2076.0000,2159.0000,2122.0000,2159.0000,669.0000,919.0000,147.9700,45.3500,386.4000,1011.5800,sortformer_stream,indicconformer_free__sortformer_stream
indicconformer_free,sortformer_stream,baseline,T3I2T-cfhG4__000160000_000210000,Devanagari (hi/mr),50.0000,2,2,0.0000,low (<=2.2%),False,83.6207,83.6207,0.0000,10.6238,12.4727,10.6238,12.4727,,,,,97.0000,116.0000,97.0000,116.0000,0.0000,98.0000,1.0500,3.0300,0.9100,46.9700,sortformer_stream,indicconformer_free__sortformer_stream
indicconformer_free,sortformer_stream,baseline,TU3M6wSQV_g__000099000_000171000,Telugu,72.0000,2,2,0.0451,mid (2.2%-7.0%],False,91.6667,92.1296,11.0169,21.9316,46.3497,18.3367,38.8167,,,,,198.0000,216.0000,199.0000,216.0000,13.0000,118.0000,3.8700,2.1100,10.3700,74.5500,sortformer_stream,indicconformer_free__sortformer_stream
indicconformer_free,sortformer_stream,baseline,Tlha36rSd5o__000240000_000374000,Tamil,134.0000,2,2,0.0000,low (<=2.2%),False,91.5094,91.5094,1.2121,13.2006,11.6457,13.2006,10.8592,,,,,291.0000,318.0000,291.0000,318.0000,2.0000,165.0000,6.4700,9.0700,0.9700,125.0700,sortformer_stream,indicconformer_free__sortformer_stream
indicconformer_free,sortformer_stream,baseline,TrPnW5kLAyQ__000093000_000513000,Devanagari (hi/mr),420.0000,4,4,0.0501,mid (2.2%-7.0%],False,87.8071,91.7197,20.8807,31.8400,42.3737,32.9651,43.7590,,,,,965.0000,1099.0000,1008.0000,1099.0000,147.0000,704.0000,47.2700,19.7500,58.6300,394.6300,sortformer_stream,indicconformer_free__sortformer_stream
indicconformer_free,sortformer_stream,baseline,U_EHjxThUgc__000181000_000289000,Bengali,108.0000,3,3,0.0529,mid (2.2%-7.0%],False,84.6154,95.9866,21.4953,28.8552,46.7863,32.6325,52.8599,,,,,253.0000,299.0000,287.0000,299.0000,46.0000,214.0000,6.3000,5.2400,20.8500,112.2500,sortformer_stream,indicconformer_free__sortformer_stream
indicconformer_free,sortformer_stream,baseline,VHlIFsHPWbk__000023000_000470000,Odia,447.0000,4,4,0.0269,mid (2.2%-7.0%],False,92.1746,97.7427,57.9681,61.8566,74.2735,63.1178,76.8221,,,,,1225.0000,1329.0000,1299.0000,1329.0000,582.0000,1004.0000,12.7900,19.0100,245.8000,448.7800,sortformer_stream,indicconformer_free__sortformer_stream
indicconformer_free,sortformer_stream,baseline,VKY0uuZ6Om8__000575000_000935000,Devanagari (hi/mr),360.0000,3,3,0.1718,high (>7.0%),False,88.1151,91.1792,36.4111,53.5255,61.0832,53.8427,60.3761,,,,,949.0000,1077.0000,982.0000,1077.0000,209.0000,574.0000,65.7700,34.1500,124.5500,419.3700,sortformer_stream,indicconformer_free__sortformer_stream
indicconformer_free,sortformer_stream,baseline,VY_4x1scS-Y__000013000_000121000,Tamil,108.0000,4,4,0.0427,mid (2.2%-7.0%],False,96.7262,96.7262,12.5000,65.9745,84.3615,65.2252,84.8719,,,,,325.0000,336.0000,325.0000,336.0000,10.0000,80.0000,16.7300,2.9100,53.4400,110.7700,sortformer_stream,indicconformer_free__sortformer_stream
indicconformer_free,sortformer_stream,rule,0AEEA8NyVwY__000011000_000609000,Devanagari (hi/mr),598.0000,3,3,0.0047,low (<=2.2%),False,81.2453,81.2453,4.4118,6.1485,7.1500,5.9075,6.6698,97.0000,8.0000,9.0000,False,1083.0000,1333.0000,1083.0000,1333.0000,42.0000,952.0000,16.4500,16.0800,2.1600,564.2000,indicconformer_free__sortformer_stream+rule,indicconformer_free__sortformer_stream
indicconformer_free,sortformer_stream,rule,0SoItGfM_sY__000007000_000088000,Kannada,81.0000,5,5+,0.0000,low (<=2.2%),False,96.9697,102.4242,15.9420,38.7466,69.1900,38.7466,69.1900,9.0000,1.0000,1.0000,False,160.0000,165.0000,169.0000,165.0000,22.0000,138.0000,4.7700,8.7600,13.5500,69.8900,indicconformer_free__sortformer_stream+rule,indicconformer_free__sortformer_stream
indicconformer_free,sortformer_stream,rule,0VEwL9XZ0LY__000261000_000557000,Devanagari (hi/mr),296.0000,2,2,0.0355,mid (2.2%-7.0%],False,69.9885,92.5544,46.6091,55.0306,71.6207,55.1412,71.5041,46.0000,16.0000,23.0000,False,611.0000,873.0000,808.0000,873.0000,378.0000,811.0000,35.1600,18.6200,105.4400,289.3300,indicconformer_free__sortformer_stream+rule,indicconformer_free__sortformer_stream
indicconformer_free,sortformer_stream,rule,0esIFSOAcFs__000000000_000913000,Gujarati,913.0000,3,3,0.0232,mid (2.2%-7.0%],False,94.0320,95.4876,36.7211,39.9025,56.2477,38.6071,55.1276,81.0000,10.0000,12.0000,False,2584.0000,2748.0000,2624.0000,2748.0000,495.0000,1348.0000,29.7500,5.8500,333.7300,925.5800,indicconformer_free__sortformer_stream+rule,indicconformer_free__sortformer_stream
indicconformer_free,sortformer_stream,rule,0p6cktLGIfY__000012000_000930000,Gujarati,918.0000,6,5+,0.0329,mid (2.2%-7.0%],False,95.3642,95.5590,20.5305,42.8269,67.7160,42.4792,67.4452,106.0000,32.0000,44.0000,False,2448.0000,2567.0000,2453.0000,2567.0000,209.0000,1018.0000,122.7900,111.0800,122.1500,831.3000,indicconformer_free__sortformer_stream+rule,indicconformer_free__sortformer_stream
indicconformer_free,sortformer_stream,rule,13VBh0Z6QmE__000000000_000904000,Tamil,904.0000,4,4,0.0290,mid (2.2%-7.0%],False,99.4398,99.5198,58.2418,45.0850,55.5695,43.3140,54.1596,72.0000,15.0000,16.0000,False,2485.0000,2499.0000,2487.0000,2499.0000,106.0000,182.0000,26.9700,22.3600,350.6100,887.0800,indicconformer_free__sortformer_stream+rule,indicconformer_free__sortformer_stream
indicconformer_free,sortformer_stream,rule,1LFl5JEipII__000000000_000597000,Bengali,597.0000,5,5+,0.1006,high (>7.0%),False,97.6101,98.4906,61.8729,66.0245,79.0185,64.1841,77.0263,79.0000,30.0000,42.0000,False,1552.0000,1590.0000,1566.0000,1590.0000,185.0000,299.0000,81.4800,25.7200,283.4800,591.7200,indicconformer_free__sortformer_stream+rule,indicconformer_free__sortformer_stream
indicconformer_free,sortformer_stream,rule,2HGP34TNvjg__000084000_000194000,Odia,110.0000,2,2,0.0128,low (<=2.2%),False,93.9189,112.1622,38.3621,56.2169,62.3509,56.8445,63.1952,11.0000,2.0000,4.0000,False,278.0000,296.0000,332.0000,296.0000,89.0000,232.0000,6.4300,7.8800,43.0200,101.9800,indicconformer_free__sortformer_stream+rule,indicconformer_free__sortformer_stream
indicconformer_free,sortformer_stream,rule,2LN6vb7EBn0__000098000_000394000,Tamil,296.0000,3,3,0.0238,mid (2.2%-7.0%],False,99.0679,99.2011,65.0000,56.2729,66.9059,56.2729,66.9059,15.0000,1.0000,1.0000,False,744.0000,751.0000,745.0000,751.0000,26.0000,40.0000,10.2900,28.0500,123.0900,286.8700,indicconformer_free__sortformer_stream+rule,indicconformer_free__sortformer_stream
indicconformer_free,sortformer_stream,rule,2T4pjueLrsk__000677000_001290000,Gujarati,613.0000,4,4,0.0342,mid (2.2%-7.0%],False,97.6664,98.0553,54.3956,71.7045,78.9400,68.4044,72.4456,94.0000,32.0000,43.0000,False,2260.0000,2314.0000,2269.0000,2314.0000,297.0000,546.0000,93.8100,66.2300,229.7600,543.6200,indicconformer_free__sortformer_stream+rule,indicconformer_free__sortformer_stream
indicconformer_free,sortformer_stream,rule,2gGHQgj9yno__000000000_000099000,Gujarati,99.0000,4,4,0.0798,high (>7.0%),False,97.8947,97.8947,30.5085,36.7944,63.8224,35.5238,53.3664,13.0000,4.0000,5.0000,False,279.0000,285.0000,279.0000,285.0000,18.0000,59.0000,14.6200,8.5200,12.1900,96.0200,indicconformer_free__sortformer_stream+rule,indicconformer_free__sortformer_stream
indicconformer_free,sortformer_stream,rule,2iMXYxBTwbM__000339000_000401000,Devanagari (hi/mr),62.0000,3,3,0.1275,high (>7.0%),False,95.7447,95.7447,51.1111,83.1408,79.5608,83.8585,80.1740,12.0000,4.0000,6.0000,False,180.0000,188.0000,180.0000,188.0000,23.0000,45.0000,14.4100,15.9200,17.1600,57.1200,indicconformer_free__sortformer_stream+rule,indicconformer_free__sortformer_stream
indicconformer_free,sortformer_stream,rule,37dND_0r6S8__000060000_000222000,Tamil,162.0000,2,2,0.0896,high (>7.0%),False,100.0000,100.0000,0.0000,48.4804,54.4176,48.4804,54.4176,3.0000,0.0000,0.0000,False,557.0000,557.0000,557.0000,557.0000,0.0000,3.0000,17.6900,22.6500,41.4900,168.7900,indicconformer_free__sortformer_stream+rule,indicconformer_free__sortformer_stream
indicconformer_free,sortformer_stream,rule,4Qg2jWP6_T0__000136000_000202000,Punjabi,66.0000,3,3,0.2093,high (>7.0%),False,98.8722,98.8722,46.7391,82.3128,78.6709,80.1676,77.1701,17.0000,8.0000,17.0000,False,263.0000,266.0000,263.0000,266.0000,43.0000,92.0000,11.5700,15.7300,30.6400,70.3900,indicconformer_free__sortformer_stream+rule,indicconformer_free__sortformer_stream
indicconformer_free,sortformer_stream,rule,6-726qTlYeg__000102000_000162000,Malayalam,60.0000,2,2,0.1610,high (>7.0%),False,98.5981,98.5981,57.4713,56.9275,57.7066,63.4889,63.3630,14.0000,4.0000,4.0000,False,211.0000,214.0000,211.0000,214.0000,50.0000,87.0000,7.9500,10.2900,21.4100,69.6500,indicconformer_free__sortformer_stream+rule,indicconformer_free__sortformer_stream
indicconformer_free,sortformer_stream,rule,6ZeRgvDHwcI__000006000_000100000,Gujarati,94.0000,2,2,0.0125,low (<=2.2%),False,95.2381,96.2963,33.7662,67.8041,62.3234,70.0790,65.1443,16.0000,1.0000,1.0000,False,180.0000,189.0000,182.0000,189.0000,26.0000,77.0000,24.2900,10.5100,8.1200,63.3000,indicconformer_free__sortformer_stream+rule,indicconformer_free__sortformer_stream
indicconformer_free,sortformer_stream,rule,6f6TLzlP8Wk__000082000_000144000,Punjabi,62.0000,2,2,0.0510,mid (2.2%-7.0%],False,99.1525,99.1525,55.6522,56.9536,61.1027,55.6801,59.8861,24.0000,8.0000,15.0000,False,234.0000,236.0000,234.0000,236.0000,64.0000,115.0000,6.4300,7.6100,19.5000,58.8900,indicconformer_free__sortformer_stream+rule,indicconformer_free__sortformer_stream
indicconformer_free,sortformer_stream,rule,7L4gi7Ncc0s__000090000_000148000,Malayalam,58.0000,2,2,0.0000,low (<=2.2%),False,100.0000,100.8000,5.7377,16.6876,24.1904,16.6876,24.1904,6.0000,0.0000,0.0000,False,125.0000,125.0000,126.0000,125.0000,7.0000,122.0000,4.0800,2.3200,2.8900,55.6700,indicconformer_free__sortformer_stream+rule,indicconformer_free__sortformer_stream
indicconformer_free,sortformer_stream,rule,7WhVNRHbjIY__000091000_001089000,Tamil,998.0000,5,5+,0.0133,low (<=2.2%),False,97.7035,97.8646,35.1955,31.8969,40.5639,31.8447,40.4394,72.0000,6.0000,7.0000,False,2425.0000,2482.0000,2429.0000,2482.0000,126.0000,358.0000,14.7000,25.7700,277.4400,996.6800,indicconformer_free__sortformer_stream+rule,indicconformer_free__sortformer_stream
indicconformer_free,sortformer_stream,rule,7YfsQPYY-W0__000351000_000411000,Odia,60.0000,2,2,0.1219,high (>7.0%),False,99.5192,99.5192,30.0000,59.2840,61.9776,55.5175,58.4923,9.0000,2.0000,2.0000,False,207.0000,208.0000,207.0000,208.0000,9.0000,30.0000,8.6900,8.9100,20.4900,64.2500,indicconformer_free__sortformer_stream+rule,indicconformer_free__sortformer_stream
indicconformer_free,sortformer_stream,rule,7c9ePKgqams__000299000_000869000,Telugu,570.0000,4,4,0.0055,low (<=2.2%),False,91.1958,107.1616,61.8497,54.2471,76.2326,54.5688,76.2944,58.0000,9.0000,11.0000,False,1388.0000,1522.0000,1631.0000,1522.0000,749.0000,1211.0000,18.3200,23.3900,258.4500,553.3200,indicconformer_free__sortformer_stream+rule,indicconformer_free__sortformer_stream
indicconformer_free,sortformer_stream,rule,7k-xDqNjESc__000073000_000981000,Malayalam,908.0000,4,4,0.0421,mid (2.2%-7.0%],False,92.4520,95.4444,24.3109,44.9103,71.0935,45.4038,71.4283,136.0000,38.0000,51.0000,False,2070.0000,2239.0000,2137.0000,2239.0000,441.0000,1814.0000,89.0100,87.5700,226.5300,897.5900,indicconformer_free__sortformer_stream+rule,indicconformer_free__sortformer_stream
indicconformer_free,sortformer_stream,rule,83gP2vLH7UY__000255000_002005000,Devanagari (hi/mr),1750.0000,5,5+,0.2022,high (>7.0%),False,86.8081,96.3442,69.4574,73.1222,79.5488,72.3305,79.2267,271.0000,67.0000,111.0000,False,5034.0000,5799.0000,5587.0000,5799.0000,2240.0000,3225.0000,273.1400,197.8300,1023.3700,2043.6200,indicconformer_free__sortformer_stream+rule,indicconformer_free__sortformer_stream
indicconformer_free,sortformer_stream,rule,86mMTUeDiR8__000181000_001079000,Bengali,898.0000,5,5+,0.0517,mid (2.2%-7.0%],False,96.3226,97.4509,40.2685,56.8207,72.2430,56.7114,71.7341,112.0000,35.0000,49.0000,False,2305.0000,2393.0000,2332.0000,2393.0000,300.0000,745.0000,103.0500,97.8900,266.7800,823.1500,indicconformer_free__sortformer_stream+rule,indicconformer_free__sortformer_stream
indicconformer_free,sortformer_stream,rule,87Zbup3ohcw__000106000_000445000,Tamil,339.0000,4,4,0.0152,low (<=2.2%),False,91.3218,94.9266,45.7055,38.7006,62.3747,39.3128,62.5772,33.0000,4.0000,7.0000,False,684.0000,749.0000,711.0000,749.0000,149.0000,326.0000,18.3500,18.2400,87.3100,320.1500,indicconformer_free__sortformer_stream+rule,indicconformer_free__sortformer_stream
indicconformer_free,sortformer_stream,rule,8Ve4SWhlrrA__000000000_000070000,Odia,70.0000,2,2,0.0000,low (<=2.2%),False,90.9774,93.2331,3.7879,4.8895,38.0981,4.8895,38.0981,1.0000,0.0000,0.0000,False,121.0000,133.0000,124.0000,133.0000,5.0000,132.0000,0.0800,1.5400,1.5000,63.8100,indicconformer_free__sortformer_stream+rule,indicconformer_free__sortformer_stream
indicconformer_free,sortformer_stream,rule,8mvORuRHw2U__000000000_001197000,Gujarati,1197.0000,4,4,0.0417,mid (2.2%-7.0%],False,94.9885,96.1913,53.1475,56.0984,66.0686,57.7451,67.0884,167.0000,44.0000,64.0000,False,3317.0000,3492.0000,3359.0000,3492.0000,591.0000,1112.0000,69.0400,70.6000,510.7200,1159.3200,indicconformer_free__sortformer_stream+rule,indicconformer_free__sortformer_stream
indicconformer_free,sortformer_stream,rule,8o7jKmq6HsM__000030000_001770000,Devanagari (hi/mr),1740.0000,6,5+,0.0471,mid (2.2%-7.0%],False,89.7638,95.5381,55.7841,61.6333,74.8597,60.8654,74.0074,239.0000,29.0000,41.0000,False,4104.0000,4572.0000,4368.0000,4572.0000,1085.0000,1945.0000,108.7500,43.4100,937.0600,1767.2600,indicconformer_free__sortformer_stream+rule,indicconformer_free__sortformer_stream
indicconformer_free,sortformer_stream,rule,8pkp-lpMJP0__000326000_000926000,Telugu,600.0000,8,5+,0.2032,high (>7.0%),False,95.7655,96.5472,38.3978,51.0567,78.4606,47.8320,76.4475,138.0000,59.0000,78.0000,False,1470.0000,1535.0000,1482.0000,1535.0000,278.0000,724.0000,112.0700,35.5000,208.0300,696.4800,indicconformer_free__sortformer_stream+rule,indicconformer_free__sortformer_stream
indicconformer_free,sortformer_stream,rule,8r2Nltl0W4o__000259000_000320000,Punjabi,61.0000,2,2,0.0227,mid (2.2%-7.0%],False,89.7233,90.5138,1.1976,17.1189,56.9016,17.1189,56.9016,2.0000,0.0000,0.0000,False,227.0000,253.0000,229.0000,253.0000,2.0000,167.0000,3.0300,2.1800,5.2000,60.8100,indicconformer_free__sortformer_stream+rule,indicconformer_free__sortformer_stream
indicconformer_free,sortformer_stream,rule,90uAd6xpTPo__000016000_000408000,Devanagari (hi/mr),392.0000,4,4,0.0067,low (<=2.2%),False,92.2442,118.7294,52.1173,52.6412,75.4310,52.6412,75.4310,38.0000,3.0000,5.0000,False,1118.0000,1212.0000,1439.0000,1212.0000,480.0000,921.0000,11.4100,10.0700,171.0500,365.7400,indicconformer_free__sortformer_stream+rule,indicconformer_free__sortformer_stream
indicconformer_free,sortformer_stream,rule,9Aw8kg8w5Xo__000000000_000083000,Telugu,83.0000,4,4,0.0216,low (<=2.2%),False,93.4673,104.0201,23.4848,23.1192,62.1476,24.0474,62.7193,7.0000,2.0000,3.0000,False,186.0000,199.0000,207.0000,199.0000,31.0000,132.0000,2.1700,1.8500,14.9100,81.8800,indicconformer_free__sortformer_stream+rule,indicconformer_free__sortformer_stream
indicconformer_free,sortformer_stream,rule,9_GMxc_JjyI__000236000_000368000,Kannada,132.0000,2,2,0.0602,mid (2.2%-7.0%],False,94.0701,95.1482,12.3746,17.6889,49.0606,18.7777,46.2809,17.0000,7.0000,10.0000,False,349.0000,371.0000,353.0000,371.0000,37.0000,299.0000,9.3500,5.6500,9.3700,137.7700,indicconformer_free__sortformer_stream+rule,indicconformer_free__sortformer_stream
indicconformer_free,sortformer_stream,rule,ARCKJrGkITw__000014000_000496000,Telugu,482.0000,3,3,0.0844,high (>7.0%),False,87.3455,95.9273,40.7882,47.3035,57.0672,48.3339,58.2529,77.0000,25.0000,40.0000,False,1201.0000,1375.0000,1319.0000,1375.0000,414.0000,1015.0000,48.2200,25.5600,165.8500,506.5800,indicconformer_free__sortformer_stream+rule,indicconformer_free__sortformer_stream
indicconformer_free,sortformer_stream,rule,ARZl7LT0UC0__000073000_000130000,Telugu,57.0000,3,3,0.0905,high (>7.0%),False,98.6928,98.6928,32.8358,28.2669,49.1614,27.9089,43.4513,21.0000,9.0000,10.0000,False,151.0000,153.0000,151.0000,153.0000,22.0000,67.0000,4.2900,3.6800,9.4000,61.4500,indicconformer_free__sortformer_stream+rule,indicconformer_free__sortformer_stream
indicconformer_free,sortformer_stream,rule,A_dohDOK6Ic__000000000_000600000,Devanagari (hi/mr),600.0000,3,3,0.0048,low (<=2.2%),False,92.5096,96.3368,35.2811,36.9237,51.7268,36.6418,51.4429,54.0000,3.0000,3.0000,False,1692.0000,1829.0000,1762.0000,1829.0000,320.0000,907.0000,11.3800,11.2300,190.8900,578.2200,indicconformer_free__sortformer_stream+rule,indicconformer_free__sortformer_stream
indicconformer_free,sortformer_stream,rule,B2ScTgeIIck__000117000_000180000,Odia,63.0000,2,2,0.0879,high (>7.0%),False,97.7011,97.1264,31.2500,31.8223,35.4513,31.1018,34.9235,9.0000,3.0000,5.0000,False,170.0000,174.0000,169.0000,174.0000,30.0000,96.0000,5.4700,5.7700,9.9600,66.6200,indicconformer_free__sortformer_stream+rule,indicconformer_free__sortformer_stream
indicconformer_free,sortformer_stream,rule,BGAAfht5dYw__000000000_000612000,Gujarati,612.0000,4,4,0.1350,high (>7.0%),False,97.9572,98.0998,48.7356,38.1701,58.9258,35.9229,56.9192,86.0000,27.0000,39.0000,False,2062.0000,2105.0000,2065.0000,2105.0000,212.0000,435.0000,53.9000,30.3100,174.8200,678.6200,indicconformer_free__sortformer_stream+rule,indicconformer_free__sortformer_stream
indicconformer_free,sortformer_stream,rule,BYLcUGNB_zM__000020000_001387000,Kannada,1367.0000,4,4,0.0054,low (<=2.2%),False,94.5543,98.0529,10.5245,14.8091,21.9394,14.9413,22.1532,83.0000,9.0000,11.0000,False,3108.0000,3287.0000,3223.0000,3287.0000,311.0000,2955.0000,36.9000,19.6100,140.6300,1331.2100,indicconformer_free__sortformer_stream+rule,indicconformer_free__sortformer_stream
indicconformer_free,sortformer_stream,rule,Bngfppo1QtA__000028000_000927000,Telugu,899.0000,5,5+,0.1261,high (>7.0%),False,96.3355,97.9642,43.1054,64.4750,69.0191,62.1606,67.0445,115.0000,32.0000,40.0000,False,2366.0000,2456.0000,2406.0000,2456.0000,372.0000,863.0000,132.4600,150.1100,364.0300,1002.8700,indicconformer_free__sortformer_stream+rule,indicconformer_free__sortformer_stream
indicconformer_free,sortformer_stream,rule,CO_8ppdzq9U__000000000_000695000,Tamil,695.0000,4,4,0.0186,low (<=2.2%),False,94.3432,110.6223,75.2037,62.4306,80.1140,62.5088,79.9012,67.0000,8.0000,11.0000,False,1501.0000,1591.0000,1760.0000,1591.0000,646.0000,859.0000,13.7200,24.4200,369.1200,652.3400,indicconformer_free__sortformer_stream+rule,indicconformer_free__sortformer_stream
indicconformer_free,sortformer_stream,rule,Cku_X_SL7qU__000060000_000660000,Gujarati,600.0000,3,3,0.1022,high (>7.0%),False,99.0439,99.1001,44.7293,76.2908,63.7403,68.5691,56.0827,72.0000,25.0000,29.0000,False,1761.0000,1778.0000,1762.0000,1778.0000,157.0000,351.0000,78.9500,183.5100,116.2400,496.3900,indicconformer_free__sortformer_stream+rule,indicconformer_free__sortformer_stream
indicconformer_free,sortformer_stream,rule,DPmew0didIM__000191000_000512000,Telugu,321.0000,5,5+,0.0620,mid (2.2%-7.0%],False,96.6146,96.8750,25.0505,46.3717,63.3568,45.8359,62.6784,42.0000,7.0000,7.0000,False,742.0000,768.0000,744.0000,768.0000,124.0000,495.0000,32.5700,29.0500,89.8300,326.6000,indicconformer_free__sortformer_stream+rule,indicconformer_free__sortformer_stream
indicconformer_free,sortformer_stream,rule,EmsKkNN2Me4__000035000_000095000,Malayalam,60.0000,2,2,0.0471,mid (2.2%-7.0%],False,97.7654,97.7654,46.9136,51.6895,60.4998,50.8159,60.1026,21.0000,11.0000,16.0000,False,175.0000,179.0000,175.0000,179.0000,38.0000,81.0000,3.0100,6.0100,22.3400,60.6700,indicconformer_free__sortformer_stream+rule,indicconformer_free__sortformer_stream
indicconformer_free,sortformer_stream,rule,ExGJodnzocM__000212000_000527000,Devanagari (hi/mr),315.0000,4,4,0.0133,low (<=2.2%),False,95.9518,96.8131,51.1392,42.8355,58.4292,39.9877,55.3637,41.0000,13.0000,21.0000,False,1114.0000,1161.0000,1124.0000,1161.0000,202.0000,395.0000,9.6200,10.7400,112.3100,309.7200,indicconformer_free__sortformer_stream+rule,indicconformer_free__sortformer_stream
indicconformer_free,sortformer_stream,rule,F2uXav-wriA__000000000_000907000,Devanagari (hi/mr),907.0000,4,4,0.0336,mid (2.2%-7.0%],False,92.6582,108.1013,40.5070,41.6986,53.2994,40.7139,52.2939,121.0000,19.0000,23.0000,False,2562.0000,2765.0000,2989.0000,2765.0000,751.0000,1854.0000,52.3200,12.7400,315.6400,912.9800,indicconformer_free__sortformer_stream+rule,indicconformer_free__sortformer_stream
indicconformer_free,sortformer_stream,rule,FDMf9ApmoNU__000016000_000686000,Bengali,670.0000,4,4,0.0882,high (>7.0%),False,96.5269,96.9461,32.3108,40.2670,53.5559,40.3114,53.6345,68.0000,9.0000,10.0000,False,1612.0000,1670.0000,1619.0000,1670.0000,158.0000,489.0000,86.6300,71.1600,95.9000,630.0200,indicconformer_free__sortformer_stream+rule,indicconformer_free__sortformer_stream
indicconformer_free,sortformer_stream,rule,G6qzg93FxwE__000021000_000116000,Gujarati,95.0000,2,2,0.0061,low (<=2.2%),False,86.5169,86.5169,2.7211,17.1558,25.6319,6.6645,7.8049,7.0000,1.0000,1.0000,False,231.0000,267.0000,231.0000,267.0000,4.0000,147.0000,3.6400,1.9700,10.3500,93.0300,indicconformer_free__sortformer_stream+rule,indicconformer_free__sortformer_stream
indicconformer_free,sortformer_stream,rule,GEc_sS2KWo8__000096000_000290000,Gujarati,194.0000,4,4,0.0378,mid (2.2%-7.0%],False,97.4903,98.2625,25.7384,43.9137,66.1756,43.3673,65.1427,21.0000,5.0000,7.0000,False,505.0000,518.0000,509.0000,518.0000,61.0000,237.0000,18.2500,15.3500,32.3100,150.0900,indicconformer_free__sortformer_stream+rule,indicconformer_free__sortformer_stream
indicconformer_free,sortformer_stream,rule,GfFLEIAAumk__000090000_000163000,Bengali,73.0000,2,2,0.0285,mid (2.2%-7.0%],False,95.8333,96.2963,11.3924,16.9860,22.5171,19.1602,26.1969,9.0000,2.0000,5.0000,False,207.0000,216.0000,208.0000,216.0000,9.0000,79.0000,3.2400,2.9700,6.2900,73.5900,indicconformer_free__sortformer_stream+rule,indicconformer_free__sortformer_stream
indicconformer_free,sortformer_stream,rule,Gq45evw6ytY__000597000_001464000,Odia,867.0000,3,3,0.0869,high (>7.0%),False,97.0438,97.7007,54.1866,57.5723,68.8087,58.5975,70.6645,126.0000,35.0000,53.0000,False,2659.0000,2740.0000,2677.0000,2740.0000,453.0000,836.0000,95.7900,76.8400,337.8000,886.5900,indicconformer_free__sortformer_stream+rule,indicconformer_free__sortformer_stream
indicconformer_free,sortformer_stream,rule,HZv_WvIr6lE__000021000_000105000,Tamil,84.0000,3,3,0.1276,high (>7.0%),False,96.9231,97.3077,26.9841,27.0402,31.6754,22.9760,25.5882,11.0000,7.0000,12.0000,False,252.0000,260.0000,253.0000,260.0000,17.0000,63.0000,10.2000,4.8000,9.9500,92.2700,indicconformer_free__sortformer_stream+rule,indicconformer_free__sortformer_stream
indicconformer_free,sortformer_stream,rule,HpYG46tGyYs__000103000_000998000,Devanagari (hi/mr),895.0000,4,4,0.0022,low (<=2.2%),False,88.5580,98.2759,48.5958,21.7213,28.7362,21.8049,28.9215,41.0000,3.0000,4.0000,False,2260.0000,2552.0000,2508.0000,2552.0000,1194.0000,2457.0000,21.5300,35.1400,130.4000,861.2300,indicconformer_free__sortformer_stream+rule,indicconformer_free__sortformer_stream
indicconformer_free,sortformer_stream,rule,IAm1rt-MYcA__000004000_000558000,Bengali,554.0000,4,4,0.0445,mid (2.2%-7.0%],False,94.7867,95.6161,19.0871,45.0935,62.3085,45.1489,63.5199,60.0000,13.0000,18.0000,False,1600.0000,1688.0000,1614.0000,1688.0000,138.0000,723.0000,45.3100,57.9100,141.0200,541.6300,indicconformer_free__sortformer_stream+rule,indicconformer_free__sortformer_stream
indicconformer_free,sortformer_stream,rule,Iare1Emeueg__000016000_000069000,Devanagari (hi/mr),53.0000,2,2,0.0000,low (<=2.2%),False,98.5612,98.5612,26.4706,48.1738,46.6663,45.0069,42.6782,14.0000,4.0000,4.0000,False,137.0000,139.0000,137.0000,139.0000,9.0000,34.0000,10.6200,7.1200,3.1000,43.2600,indicconformer_free__sortformer_stream+rule,indicconformer_free__sortformer_stream
indicconformer_free,sortformer_stream,rule,IfTL8SSN270__000062000_000671000,Devanagari (hi/mr),609.0000,4,4,0.1121,high (>7.0%),False,92.7733,94.0831,34.0097,43.2230,53.8260,44.0484,54.7974,93.0000,20.0000,31.0000,False,2054.0000,2214.0000,2083.0000,2214.0000,419.0000,1232.0000,72.8900,34.0300,180.0200,663.8600,indicconformer_free__sortformer_stream+rule,indicconformer_free__sortformer_stream
indicconformer_free,sortformer_stream,rule,Ig6szCD8m20__000046000_000106000,Devanagari (hi/mr),60.0000,2,2,0.0204,low (<=2.2%),False,88.0829,88.6010,19.5122,24.1356,31.4622,26.0154,33.9776,8.0000,1.0000,4.0000,False,170.0000,193.0000,171.0000,193.0000,32.0000,164.0000,1.2800,3.8500,9.2500,59.5800,indicconformer_free__sortformer_stream+rule,indicconformer_free__sortformer_stream
indicconformer_free,sortformer_stream,rule,Iqhnt8ENm3U__000027000_000088000,Devanagari (hi/mr),61.0000,3,3,0.1772,high (>7.0%),False,94.3503,95.4802,46.4789,56.4453,63.1105,55.6340,62.2347,17.0000,6.0000,7.0000,False,167.0000,177.0000,169.0000,177.0000,33.0000,71.0000,11.9100,6.1100,19.5500,66.5600,indicconformer_free__sortformer_stream+rule,indicconformer_free__sortformer_stream
indicconformer_free,sortformer_stream,rule,J4-VpEkBzWw__000000000_000600000,Kannada,600.0000,7,5+,0.0685,mid (2.2%-7.0%],False,93.0412,111.7268,83.5902,55.2616,72.8996,54.7586,73.0553,67.0000,15.0000,20.0000,False,1444.0000,1552.0000,1734.0000,1552.0000,922.0000,1103.0000,23.4500,14.9100,313.2200,636.2100,indicconformer_free__sortformer_stream+rule,indicconformer_free__sortformer_stream
indicconformer_free,sortformer_stream,rule,JBYGLQJwFDc__000103000_000407000,Tamil,304.0000,3,3,0.0120,low (<=2.2%),False,96.6176,97.2059,36.1842,46.5948,67.4134,43.6558,65.4450,30.0000,4.0000,6.0000,False,657.0000,680.0000,661.0000,680.0000,55.0000,152.0000,36.3200,31.0400,54.0800,260.6300,indicconformer_free__sortformer_stream+rule,indicconformer_free__sortformer_stream
indicconformer_free,sortformer_stream,rule,JSB1CeS4pP8__000000000_000632000,Punjabi,632.0000,4,4,0.0880,high (>7.0%),False,95.0192,95.2107,30.8666,32.6815,42.7288,28.7247,38.0289,79.0000,20.0000,30.0000,False,1984.0000,2088.0000,1988.0000,2088.0000,317.0000,1027.0000,32.4900,31.5400,149.2300,652.5400,indicconformer_free__sortformer_stream+rule,indicconformer_free__sortformer_stream
indicconformer_free,sortformer_stream,rule,Jc5AVwg2cZM__000153000_000214000,Devanagari (hi/mr),61.0000,3,3,0.2816,high (>7.0%),False,93.6047,94.7674,31.7647,83.9528,72.2706,85.2130,73.6429,23.0000,9.0000,15.0000,False,161.0000,172.0000,163.0000,172.0000,27.0000,85.0000,19.0300,16.1400,17.4600,62.6900,indicconformer_free__sortformer_stream+rule,indicconformer_free__sortformer_stream
indicconformer_free,sortformer_stream,rule,KAtdcDieQMw__000057000_000599000,Odia,542.0000,3,3,0.1073,high (>7.0%),False,96.3835,106.3720,76.3412,62.9900,74.4905,63.1636,74.8576,56.0000,17.0000,24.0000,False,1679.0000,1742.0000,1853.0000,1742.0000,868.0000,1137.0000,35.0100,32.4100,299.1000,581.8700,indicconformer_free__sortformer_stream+rule,indicconformer_free__sortformer_stream
indicconformer_free,sortformer_stream,rule,KPkRi3GM7fs__000047000_000642000,Odia,595.0000,3,3,0.0031,low (<=2.2%),False,92.8370,123.9143,57.4455,40.6503,58.8254,40.5741,58.7513,33.0000,4.0000,5.0000,False,1646.0000,1773.0000,2197.0000,1773.0000,949.0000,1652.0000,10.0000,15.7600,208.8900,577.2400,indicconformer_free__sortformer_stream+rule,indicconformer_free__sortformer_stream
indicconformer_free,sortformer_stream,rule,Kdi-ECuOaKg__000002000_000078000,Malayalam,76.0000,6,5+,0.0000,low (<=2.2%),False,93.4066,105.4945,39.4737,94.5794,90.4316,94.5794,90.4069,12.0000,1.0000,1.0000,False,85.0000,91.0000,96.0000,91.0000,30.0000,76.0000,14.8900,9.6900,12.4100,39.1100,indicconformer_free__sortformer_stream+rule,indicconformer_free__sortformer_stream
indicconformer_free,sortformer_stream,rule,L7xRazDdtgw__000019000_000083000,Gujarati,64.0000,3,3,0.0012,low (<=2.2%),False,97.0588,98.0392,36.0000,86.0323,89.3809,84.7434,83.3852,11.0000,4.0000,5.0000,False,99.0000,102.0000,100.0000,102.0000,9.0000,25.0000,10.5100,8.0700,18.1300,42.6700,indicconformer_free__sortformer_stream+rule,indicconformer_free__sortformer_stream
indicconformer_free,sortformer_stream,rule,LBIWBxQ5H1s__000090000_001020000,Malayalam,930.0000,4,4,0.0724,high (>7.0%),False,96.6558,98.5318,58.1615,49.6575,59.3335,48.7572,58.5824,126.0000,27.0000,35.0000,False,2370.0000,2452.0000,2416.0000,2452.0000,677.0000,1164.0000,96.8600,69.7800,311.0400,961.9500,indicconformer_free__sortformer_stream+rule,indicconformer_free__sortformer_stream
indicconformer_free,sortformer_stream,rule,LK23jX9tgZM__000059000_000221000,Gujarati,162.0000,3,3,0.1712,high (>7.0%),False,97.9927,97.9927,10.2564,51.0251,68.3423,49.1872,64.9456,18.0000,10.0000,13.0000,False,537.0000,548.0000,537.0000,548.0000,12.0000,117.0000,35.5300,10.9100,44.9000,179.0100,indicconformer_free__sortformer_stream+rule,indicconformer_free__sortformer_stream
indicconformer_free,sortformer_stream,rule,LctYmmr9-Vg__000000000_000061000,Devanagari (hi/mr),61.0000,2,2,0.0000,low (<=2.2%),False,90.6475,91.3669,11.2903,17.1160,18.1081,14.8171,14.2335,6.0000,1.0000,2.0000,False,126.0000,139.0000,127.0000,139.0000,7.0000,62.0000,4.5300,2.5600,1.1000,47.8500,indicconformer_free__sortformer_stream+rule,indicconformer_free__sortformer_stream
indicconformer_free,sortformer_stream,rule,LqQHdo7t5Ps__000198000_000498000,Devanagari (hi/mr),300.0000,3,3,0.0019,low (<=2.2%),False,80.2023,81.7919,6.4576,15.1415,25.1632,15.1415,25.1632,30.0000,5.0000,5.0000,False,555.0000,692.0000,566.0000,692.0000,35.0000,542.0000,4.1700,6.9300,33.3600,293.6300,indicconformer_free__sortformer_stream+rule,indicconformer_free__sortformer_stream
indicconformer_free,sortformer_stream,rule,Md3p6RTanBg__000315000_000426000,Bengali,111.0000,3,3,0.0528,mid (2.2%-7.0%],False,88.2550,89.5973,10.4294,12.8952,17.8151,12.8952,17.8151,14.0000,2.0000,3.0000,False,263.0000,298.0000,267.0000,298.0000,17.0000,163.0000,2.2700,1.8100,10.5200,113.2200,indicconformer_free__sortformer_stream+rule,indicconformer_free__sortformer_stream
indicconformer_free,sortformer_stream,rule,MmtWBUK2DKE__000000000_000310000,Devanagari (hi/mr),310.0000,5,5+,0.0432,mid (2.2%-7.0%],False,93.0748,112.9271,60.4839,57.8633,82.8850,56.2518,81.9914,59.0000,18.0000,37.0000,False,1008.0000,1083.0000,1223.0000,1083.0000,450.0000,744.0000,10.7600,5.9700,160.6500,306.5500,indicconformer_free__sortformer_stream+rule,indicconformer_free__sortformer_stream
indicconformer_free,sortformer_stream,rule,NLgHpYyf5bY__000313000_000383000,Devanagari (hi/mr),70.0000,2,2,0.0097,low (<=2.2%),False,98.3333,97.9167,13.0890,16.8965,31.8738,16.8965,31.8738,7.0000,1.0000,1.0000,False,236.0000,240.0000,235.0000,240.0000,25.0000,191.0000,1.6200,2.1700,7.8500,68.8900,indicconformer_free__sortformer_stream+rule,indicconformer_free__sortformer_stream
indicconformer_free,sortformer_stream,rule,NuhdqCEuIBo__000197000_000540000,Punjabi,343.0000,3,3,0.0562,mid (2.2%-7.0%],False,93.4989,93.7180,23.0075,28.0496,41.8790,29.0767,45.2000,56.0000,20.0000,31.0000,False,1280.0000,1369.0000,1283.0000,1369.0000,153.0000,665.0000,21.2300,25.2600,53.1900,355.3700,indicconformer_free__sortformer_stream+rule,indicconformer_free__sortformer_stream
indicconformer_free,sortformer_stream,rule,O4_aeGFzZ8A__000000000_000335000,Kannada,335.0000,8,5+,0.0004,low (<=2.2%),False,93.7322,112.8205,50.0000,42.7098,69.6632,42.7098,69.6632,36.0000,2.0000,2.0000,False,658.0000,702.0000,792.0000,702.0000,274.0000,548.0000,13.2300,5.7600,118.4800,321.8700,indicconformer_free__sortformer_stream+rule,indicconformer_free__sortformer_stream
indicconformer_free,sortformer_stream,rule,OXUt5KnlUMo__000091000_000181000,Odia,90.0000,2,2,0.0000,low (<=2.2%),False,91.5323,91.5323,21.8391,28.5979,42.1191,28.5979,42.1191,11.0000,0.0000,0.0000,False,227.0000,248.0000,227.0000,248.0000,38.0000,174.0000,5.9300,3.6300,15.1400,86.3700,indicconformer_free__sortformer_stream+rule,indicconformer_free__sortformer_stream
indicconformer_free,sortformer_stream,rule,OxYCBQKZ3iY__000000000_001822000,Punjabi,1822.0000,7,5+,0.0659,mid (2.2%-7.0%],False,98.7330,99.2398,71.6952,68.4171,82.1912,67.3686,81.4607,323.0000,99.0000,154.0000,False,5455.0000,5525.0000,5483.0000,5525.0000,1383.0000,1929.0000,156.5600,79.5600,931.2600,1706.2700,indicconformer_free__sortformer_stream+rule,indicconformer_free__sortformer_stream
indicconformer_free,sortformer_stream,rule,PCUA2q2C-2A__000045000_000107000,Devanagari (hi/mr),62.0000,3,3,0.0063,low (<=2.2%),False,75.9740,75.9740,0.6849,3.2614,5.2470,3.2614,5.2470,3.0000,0.0000,0.0000,False,117.0000,154.0000,117.0000,154.0000,1.0000,146.0000,1.0700,0.9100,0.0000,60.7100,indicconformer_free__sortformer_stream+rule,indicconformer_free__sortformer_stream
indicconformer_free,sortformer_stream,rule,PEDfT9-Yf2o__000000000_000469000,Bengali,469.0000,3,3,0.0110,low (<=2.2%),False,86.6794,91.9125,20.9559,19.8336,30.5409,19.8336,30.5409,33.0000,1.0000,1.0000,False,911.0000,1051.0000,966.0000,1051.0000,171.0000,816.0000,10.7200,3.6000,65.5300,402.6000,indicconformer_free__sortformer_stream+rule,indicconformer_free__sortformer_stream
indicconformer_free,sortformer_stream,rule,PQB3-4sZUeY__000000000_001132000,Telugu,1132.0000,4,4,0.1069,high (>7.0%),False,98.3796,99.1402,71.0878,65.2004,73.4582,63.7365,72.5666,179.0000,53.0000,67.0000,False,2975.0000,3024.0000,2998.0000,3024.0000,745.0000,1048.0000,76.3200,110.8800,549.4600,1129.8400,indicconformer_free__sortformer_stream+rule,indicconformer_free__sortformer_stream
indicconformer_free,sortformer_stream,rule,PRAzUz0GANs__000223000_000283000,Kannada,60.0000,2,2,0.0822,high (>7.0%),False,99.4845,101.0309,54.3689,64.1206,59.4408,63.1000,58.7579,10.0000,3.0000,3.0000,False,193.0000,194.0000,196.0000,194.0000,56.0000,103.0000,5.1800,6.6200,28.4100,62.7100,indicconformer_free__sortformer_stream+rule,indicconformer_free__sortformer_stream
indicconformer_free,sortformer_stream,rule,PSIzXy5-y2E__000002000_000918000,Devanagari (hi/mr),916.0000,3,3,0.0434,mid (2.2%-7.0%],False,86.8145,98.3468,47.8475,55.7215,65.4169,54.5460,64.4858,169.0000,33.0000,44.0000,False,2153.0000,2480.0000,2439.0000,2480.0000,778.0000,1626.0000,109.7000,73.7400,312.3700,889.8000,indicconformer_free__sortformer_stream+rule,indicconformer_free__sortformer_stream
indicconformer_free,sortformer_stream,rule,PVDfS7lcJHY__000000000_000360000,Kannada,360.0000,6,5+,0.1127,high (>7.0%),False,96.6216,98.1660,59.1006,59.5860,76.6605,56.0444,73.9153,74.0000,30.0000,37.0000,False,1001.0000,1036.0000,1017.0000,1036.0000,276.0000,467.0000,27.7100,25.2900,176.1500,384.5700,indicconformer_free__sortformer_stream+rule,indicconformer_free__sortformer_stream
indicconformer_free,sortformer_stream,rule,Pjre5dpnKGA__000000000_000330000,Kannada,330.0000,4,4,0.0933,high (>7.0%),False,97.2692,98.1795,38.3754,44.6719,59.2358,45.3481,59.9299,48.0000,14.0000,19.0000,False,748.0000,769.0000,755.0000,769.0000,137.0000,357.0000,18.3100,23.7500,107.8900,335.6700,indicconformer_free__sortformer_stream+rule,indicconformer_free__sortformer_stream
indicconformer_free,sortformer_stream,rule,QhpjuNTZoA8__000000000_000586000,Kannada,586.0000,3,3,0.0512,mid (2.2%-7.0%],False,96.7557,97.9008,44.0233,30.4944,41.6159,29.3038,40.2273,88.0000,15.0000,22.0000,False,1521.0000,1572.0000,1539.0000,1572.0000,453.0000,1029.0000,26.1000,16.6000,143.7700,611.4900,indicconformer_free__sortformer_stream+rule,indicconformer_free__sortformer_stream
indicconformer_free,sortformer_stream,rule,QuA_B6IZ6Ls__000061000_001863000,Devanagari (hi/mr),1802.0000,4,4,0.3694,high (>7.0%),False,93.7604,95.2223,44.2319,60.3428,60.9266,59.9944,60.5390,245.0000,60.0000,85.0000,False,6221.0000,6635.0000,6318.0000,6635.0000,1480.0000,3346.0000,969.4400,93.8600,568.3500,2703.9700,indicconformer_free__sortformer_stream+rule,indicconformer_free__sortformer_stream
indicconformer_free,sortformer_stream,rule,RL2fhIEEbZg__000000000_000065000,Telugu,65.0000,3,3,0.0563,mid (2.2%-7.0%],False,93.9024,93.9024,17.2840,11.3487,39.0690,11.3487,39.0690,9.0000,0.0000,0.0000,False,154.0000,164.0000,154.0000,164.0000,14.0000,81.0000,0.5800,5.0700,1.7800,65.4700,indicconformer_free__sortformer_stream+rule,indicconformer_free__sortformer_stream
indicconformer_free,sortformer_stream,rule,RL2fhIEEbZg__000066000_001034000,Telugu,968.0000,3,3,0.0719,high (>7.0%),False,92.0623,94.5525,17.6190,31.5603,34.4216,30.4072,32.7039,180.0000,57.0000,76.0000,False,2366.0000,2570.0000,2430.0000,2570.0000,259.0000,1470.0000,82.6600,81.1400,155.8900,1012.9500,indicconformer_free__sortformer_stream+rule,indicconformer_free__sortformer_stream
indicconformer_free,sortformer_stream,rule,RWTmftezCwI__000000000_000060000,Malayalam,60.0000,2,2,0.0244,mid (2.2%-7.0%],False,89.0756,89.0756,23.8806,25.5169,45.9953,25.5169,45.9953,4.0000,0.0000,0.0000,False,106.0000,119.0000,106.0000,119.0000,16.0000,67.0000,1.7400,1.6900,11.3800,58.0400,indicconformer_free__sortformer_stream+rule,indicconformer_free__sortformer_stream
indicconformer_free,sortformer_stream,rule,RZUZyvRzi80__000000000_000336000,Punjabi,336.0000,4,4,0.0001,low (<=2.2%),False,83.7788,103.5945,23.7687,17.8655,34.3328,18.2085,34.7850,12.0000,1.0000,3.0000,False,909.0000,1085.0000,1124.0000,1085.0000,222.0000,934.0000,13.5700,3.5200,40.7300,323.6400,indicconformer_free__sortformer_stream+rule,indicconformer_free__sortformer_stream
indicconformer_free,sortformer_stream,rule,SZ7ay4OjfAE__000000000_000897000,Telugu,897.0000,5,5+,0.1794,high (>7.0%),False,96.1556,98.3326,74.2111,63.5699,77.2359,61.8745,75.6578,187.0000,70.0000,87.0000,False,2076.0000,2159.0000,2123.0000,2159.0000,682.0000,919.0000,147.9700,45.3500,449.7400,1011.5800,indicconformer_free__sortformer_stream+rule,indicconformer_free__sortformer_stream
indicconformer_free,sortformer_stream,rule,T3I2T-cfhG4__000160000_000210000,Devanagari (hi/mr),50.0000,2,2,0.0000,low (<=2.2%),False,83.6207,83.6207,0.0000,10.6238,12.4727,10.6238,12.4727,8.0000,0.0000,0.0000,False,97.0000,116.0000,97.0000,116.0000,0.0000,98.0000,1.0500,3.0300,0.9100,46.9700,indicconformer_free__sortformer_stream+rule,indicconformer_free__sortformer_stream
indicconformer_free,sortformer_stream,rule,TU3M6wSQV_g__000099000_000171000,Telugu,72.0000,2,2,0.0451,mid (2.2%-7.0%],False,91.6667,93.0556,8.4746,16.6600,36.3239,18.3367,38.8167,18.0000,9.0000,15.0000,False,198.0000,216.0000,201.0000,216.0000,10.0000,118.0000,3.8700,2.1100,6.4400,74.5500,indicconformer_free__sortformer_stream+rule,indicconformer_free__sortformer_stream
indicconformer_free,sortformer_stream,rule,Tlha36rSd5o__000240000_000374000,Tamil,134.0000,2,2,0.0000,low (<=2.2%),False,91.5094,92.1384,2.4242,13.2006,10.8592,13.2006,10.8592,13.0000,1.0000,2.0000,False,291.0000,318.0000,293.0000,318.0000,4.0000,165.0000,6.4700,9.0700,0.9700,125.0700,indicconformer_free__sortformer_stream+rule,indicconformer_free__sortformer_stream
indicconformer_free,sortformer_stream,rule,TrPnW5kLAyQ__000093000_000513000,Devanagari (hi/mr),420.0000,4,4,0.0501,mid (2.2%-7.0%],False,87.8071,91.8107,21.0227,34.4703,46.3839,32.9651,43.7590,59.0000,10.0000,14.0000,False,965.0000,1099.0000,1009.0000,1099.0000,148.0000,704.0000,47.2700,19.7500,69.0100,394.6300,indicconformer_free__sortformer_stream+rule,indicconformer_free__sortformer_stream
indicconformer_free,sortformer_stream,rule,U_EHjxThUgc__000181000_000289000,Bengali,108.0000,3,3,0.0529,mid (2.2%-7.0%],False,84.6154,95.9866,21.4953,32.6325,52.8599,32.6325,52.8599,5.0000,0.0000,0.0000,False,253.0000,299.0000,287.0000,299.0000,46.0000,214.0000,6.3000,5.2400,25.0900,112.2500,indicconformer_free__sortformer_stream+rule,indicconformer_free__sortformer_stream
indicconformer_free,sortformer_stream,rule,VHlIFsHPWbk__000023000_000470000,Odia,447.0000,4,4,0.0269,mid (2.2%-7.0%],False,92.1746,97.8179,57.6693,62.9930,76.6842,63.1178,76.8221,40.0000,6.0000,9.0000,False,1225.0000,1329.0000,1300.0000,1329.0000,579.0000,1004.0000,12.7900,19.0100,250.9000,448.7800,indicconformer_free__sortformer_stream+rule,indicconformer_free__sortformer_stream
indicconformer_free,sortformer_stream,rule,VKY0uuZ6Om8__000575000_000935000,Devanagari (hi/mr),360.0000,3,3,0.1718,high (>7.0%),False,88.1151,90.9006,35.8885,53.7926,59.9453,53.8427,60.3761,60.0000,18.0000,26.0000,False,949.0000,1077.0000,979.0000,1077.0000,206.0000,574.0000,65.7700,34.1500,125.6700,419.3700,indicconformer_free__sortformer_stream+rule,indicconformer_free__sortformer_stream
indicconformer_free,sortformer_stream,rule,VY_4x1scS-Y__000013000_000121000,Tamil,108.0000,4,4,0.0427,mid (2.2%-7.0%],False,96.7262,97.0238,16.2500,66.3627,84.6500,65.2252,84.8719,16.0000,4.0000,7.0000,False,325.0000,336.0000,326.0000,336.0000,13.0000,80.0000,16.7300,2.9100,53.8700,110.7700,indicconformer_free__sortformer_stream+rule,indicconformer_free__sortformer_stream
indicconformer_free,sortformer,baseline,0AEEA8NyVwY__000011000_000609000,Devanagari (hi/mr),598.0000,3,3,0.0047,low (<=2.2%),False,81.2453,81.2453,4.3067,7.0773,8.4541,7.0826,8.3804,,,,,1083.0000,1333.0000,1083.0000,1333.0000,41.0000,952.0000,24.6500,14.5300,0.7500,564.2000,sortformer,indicconformer_free__sortformer
indicconformer_free,sortformer,baseline,0SoItGfM_sY__000007000_000088000,Kannada,81.0000,5,5+,0.0000,low (<=2.2%),False,96.9697,98.7879,21.0145,38.7466,70.8348,38.7466,70.7297,,,,,160.0000,165.0000,163.0000,165.0000,29.0000,138.0000,4.6900,8.6800,13.7100,69.8900,sortformer,indicconformer_free__sortformer
indicconformer_free,sortformer,baseline,0VEwL9XZ0LY__000261000_000557000,Devanagari (hi/mr),296.0000,2,2,0.0355,mid (2.2%-7.0%],False,69.9885,70.9049,4.1924,25.0337,26.7690,24.8436,25.9046,,,,,611.0000,873.0000,619.0000,873.0000,34.0000,811.0000,41.0400,17.5400,13.8500,289.3300,sortformer,indicconformer_free__sortformer
indicconformer_free,sortformer,baseline,0esIFSOAcFs__000000000_000913000,Gujarati,913.0000,3,3,0.0232,mid (2.2%-7.0%],True,,,,100.0000,100.0000,100.0000,100.0000,,,,,,,,,,,925.5800,0.0000,0.0000,925.5800,sortformer,indicconformer_free__sortformer
indicconformer_free,sortformer,baseline,0p6cktLGIfY__000012000_000930000,Gujarati,918.0000,6,5+,0.0329,mid (2.2%-7.0%],True,,,,100.0000,100.0000,100.0000,100.0000,,,,,,,,,,,831.3000,0.0000,0.0000,831.3000,sortformer,indicconformer_free__sortformer
indicconformer_free,sortformer,baseline,13VBh0Z6QmE__000000000_000904000,Tamil,904.0000,4,4,0.0290,mid (2.2%-7.0%],True,,,,100.0000,100.0000,100.0000,100.0000,,,,,,,,,,,887.0800,0.0000,0.0000,887.0800,sortformer,indicconformer_free__sortformer
indicconformer_free,sortformer,baseline,1LFl5JEipII__000000000_000597000,Bengali,597.0000,5,5+,0.1006,high (>7.0%),False,97.6101,97.9874,56.1873,46.8938,57.7789,47.3771,58.0323,,,,,1552.0000,1590.0000,1558.0000,1590.0000,168.0000,299.0000,107.5600,7.7600,162.1600,591.7200,sortformer,indicconformer_free__sortformer
indicconformer_free,sortformer,baseline,2HGP34TNvjg__000084000_000194000,Odia,110.0000,2,2,0.0128,low (<=2.2%),False,93.9189,93.9189,3.4483,31.4571,34.9398,31.4571,34.9398,,,,,278.0000,296.0000,278.0000,296.0000,8.0000,232.0000,13.2100,6.5000,12.3700,101.9800,sortformer,indicconformer_free__sortformer
indicconformer_free,sortformer,baseline,2LN6vb7EBn0__000098000_000394000,Tamil,296.0000,3,3,0.0238,mid (2.2%-7.0%],False,99.0679,99.0679,67.5000,34.4581,37.6110,37.1562,40.6783,,,,,744.0000,751.0000,744.0000,751.0000,27.0000,40.0000,39.3400,33.8200,25.6900,286.8700,sortformer,indicconformer_free__sortformer
indicconformer_free,sortformer,baseline,2T4pjueLrsk__000677000_001290000,Gujarati,613.0000,4,4,0.0342,mid (2.2%-7.0%],False,97.6664,97.7528,28.5714,47.9066,66.9592,47.7797,66.8292,,,,,2260.0000,2314.0000,2262.0000,2314.0000,156.0000,546.0000,98.6900,58.1500,103.5900,543.6200,sortformer,indicconformer_free__sortformer
indicconformer_free,sortformer,baseline,2gGHQgj9yno__000000000_000099000,Gujarati,99.0000,4,4,0.0798,high (>7.0%),False,97.8947,97.8947,35.5932,36.0342,43.6871,38.0233,45.3026,,,,,279.0000,285.0000,279.0000,285.0000,21.0000,59.0000,27.3100,6.0100,1.2800,96.0200,sortformer,indicconformer_free__sortformer
indicconformer_free,sortformer,baseline,2iMXYxBTwbM__000339000_000401000,Devanagari (hi/mr),62.0000,3,3,0.1275,high (>7.0%),False,95.7447,95.7447,53.3333,82.5455,81.5562,82.9832,80.1436,,,,,180.0000,188.0000,180.0000,188.0000,24.0000,45.0000,15.9200,15.1100,16.1200,57.1200,sortformer,indicconformer_free__sortformer
indicconformer_free,sortformer,baseline,37dND_0r6S8__000060000_000222000,Tamil,162.0000,2,2,0.0896,high (>7.0%),False,100.0000,100.0000,0.0000,48.1604,53.8562,48.3382,54.3653,,,,,557.0000,557.0000,557.0000,557.0000,0.0000,3.0000,16.8100,22.9700,41.5100,168.7900,sortformer,indicconformer_free__sortformer
indicconformer_free,sortformer,baseline,4Qg2jWP6_T0__000136000_000202000,Punjabi,66.0000,3,3,0.2093,high (>7.0%),False,98.8722,99.2481,77.1739,74.4566,73.2403,85.7650,79.4838,,,,,263.0000,266.0000,264.0000,266.0000,71.0000,92.0000,11.7400,17.2500,23.4200,70.3900,sortformer,indicconformer_free__sortformer
indicconformer_free,sortformer,baseline,6-726qTlYeg__000102000_000162000,Malayalam,60.0000,2,2,0.1610,high (>7.0%),False,98.5981,98.5981,55.1724,45.4702,49.7041,57.4300,58.5976,,,,,211.0000,214.0000,211.0000,214.0000,48.0000,87.0000,7.9800,10.1600,13.5300,69.6500,sortformer,indicconformer_free__sortformer
indicconformer_free,sortformer,baseline,6ZeRgvDHwcI__000006000_000100000,Gujarati,94.0000,2,2,0.0125,low (<=2.2%),False,95.2381,96.2963,35.0649,65.2765,60.1203,70.4581,65.9849,,,,,180.0000,189.0000,182.0000,189.0000,27.0000,77.0000,24.1300,10.1900,7.0000,63.3000,sortformer,indicconformer_free__sortformer
indicconformer_free,sortformer,baseline,6f6TLzlP8Wk__000082000_000144000,Punjabi,62.0000,2,2,0.0510,mid (2.2%-7.0%],False,99.1525,101.2712,47.8261,59.5177,63.5672,59.3819,63.2596,,,,,234.0000,236.0000,239.0000,236.0000,55.0000,115.0000,6.9400,6.8400,21.2700,58.8900,sortformer,indicconformer_free__sortformer
indicconformer_free,sortformer,baseline,7L4gi7Ncc0s__000090000_000148000,Malayalam,58.0000,2,2,0.0000,low (<=2.2%),False,100.0000,100.8000,5.7377,18.4121,25.4352,18.4121,25.4352,,,,,125.0000,125.0000,126.0000,125.0000,7.0000,122.0000,5.0400,2.3200,2.8900,55.6700,sortformer,indicconformer_free__sortformer
indicconformer_free,sortformer,baseline,7WhVNRHbjIY__000091000_001089000,Tamil,998.0000,5,5+,0.0133,low (<=2.2%),True,,,,100.0000,100.0000,100.0000,100.0000,,,,,,,,,,,996.6800,0.0000,0.0000,996.6800,sortformer,indicconformer_free__sortformer
indicconformer_free,sortformer,baseline,7YfsQPYY-W0__000351000_000411000,Odia,60.0000,2,2,0.1219,high (>7.0%),False,99.5192,99.5192,60.0000,56.6537,59.3346,56.0934,58.2055,,,,,207.0000,208.0000,207.0000,208.0000,18.0000,30.0000,10.4500,8.8300,17.1200,64.2500,sortformer,indicconformer_free__sortformer
indicconformer_free,sortformer,baseline,7c9ePKgqams__000299000_000869000,Telugu,570.0000,4,4,0.0055,low (<=2.2%),False,91.1958,91.3929,7.0190,36.9822,62.0934,36.4870,61.6839,,,,,1388.0000,1522.0000,1391.0000,1522.0000,85.0000,1211.0000,56.5500,18.4300,129.6500,553.3200,sortformer,indicconformer_free__sortformer
indicconformer_free,sortformer,baseline,7k-xDqNjESc__000073000_000981000,Malayalam,908.0000,4,4,0.0421,mid (2.2%-7.0%],True,,,,100.0000,100.0000,100.0000,100.0000,,,,,,,,,,,897.5900,0.0000,0.0000,897.5900,sortformer,indicconformer_free__sortformer
indicconformer_free,sortformer,baseline,83gP2vLH7UY__000255000_002005000,Devanagari (hi/mr),1750.0000,5,5+,0.2022,high (>7.0%),True,,,,100.0000,100.0000,100.0000,100.0000,,,,,,,,,,,2043.6200,0.0000,0.0000,2043.6200,sortformer,indicconformer_free__sortformer
indicconformer_free,sortformer,baseline,86mMTUeDiR8__000181000_001079000,Bengali,898.0000,5,5+,0.0517,mid (2.2%-7.0%],True,,,,100.0000,100.0000,100.0000,100.0000,,,,,,,,,,,823.1500,0.0000,0.0000,823.1500,sortformer,indicconformer_free__sortformer
indicconformer_free,sortformer,baseline,87Zbup3ohcw__000106000_000445000,Tamil,339.0000,4,4,0.0152,low (<=2.2%),False,91.3218,91.3218,1.2270,15.7645,30.7356,15.7645,30.7356,,,,,684.0000,749.0000,684.0000,749.0000,4.0000,326.0000,23.1100,14.5600,12.8000,320.1500,sortformer,indicconformer_free__sortformer
indicconformer_free,sortformer,baseline,8Ve4SWhlrrA__000000000_000070000,Odia,70.0000,2,2,0.0000,low (<=2.2%),False,90.9774,91.7293,3.7879,2.1000,7.5396,2.1000,7.5396,,,,,121.0000,133.0000,122.0000,133.0000,5.0000,132.0000,0.3400,1.0000,0.0000,63.8100,sortformer,indicconformer_free__sortformer
indicconformer_free,sortformer,baseline,8mvORuRHw2U__000000000_001197000,Gujarati,1197.0000,4,4,0.0417,mid (2.2%-7.0%],True,,,,100.0000,100.0000,100.0000,100.0000,,,,,,,,,,,1159.3200,0.0000,0.0000,1159.3200,sortformer,indicconformer_free__sortformer
indicconformer_free,sortformer,baseline,8o7jKmq6HsM__000030000_001770000,Devanagari (hi/mr),1740.0000,6,5+,0.0471,mid (2.2%-7.0%],True,,,,100.0000,100.0000,100.0000,100.0000,,,,,,,,,,,1767.2600,0.0000,0.0000,1767.2600,sortformer,indicconformer_free__sortformer
indicconformer_free,sortformer,baseline,8pkp-lpMJP0__000326000_000926000,Telugu,600.0000,8,5+,0.2032,high (>7.0%),False,95.7655,97.0033,34.8066,48.1134,80.3920,50.0689,81.5105,,,,,1470.0000,1535.0000,1489.0000,1535.0000,252.0000,724.0000,171.5700,13.6400,149.8900,696.4800,sortformer,indicconformer_free__sortformer
indicconformer_free,sortformer,baseline,8r2Nltl0W4o__000259000_000320000,Punjabi,61.0000,2,2,0.0227,mid (2.2%-7.0%],False,89.7233,90.5138,1.7964,26.1799,61.2805,17.7767,57.0984,,,,,227.0000,253.0000,229.0000,253.0000,3.0000,167.0000,3.2700,2.3400,10.3100,60.8100,sortformer,indicconformer_free__sortformer
indicconformer_free,sortformer,baseline,90uAd6xpTPo__000016000_000408000,Devanagari (hi/mr),392.0000,4,4,0.0067,low (<=2.2%),False,92.2442,105.1155,41.8024,43.3477,54.2688,43.3477,54.2688,,,,,1118.0000,1212.0000,1274.0000,1212.0000,385.0000,921.0000,22.9600,9.4600,126.1200,365.7400,sortformer,indicconformer_free__sortformer
indicconformer_free,sortformer,baseline,9Aw8kg8w5Xo__000000000_000083000,Telugu,83.0000,4,4,0.0216,low (<=2.2%),False,93.4673,93.4673,8.3333,8.3659,46.1251,16.1334,52.4687,,,,,186.0000,199.0000,186.0000,199.0000,11.0000,132.0000,2.4400,2.8400,1.5700,81.8800,sortformer,indicconformer_free__sortformer
indicconformer_free,sortformer,baseline,9_GMxc_JjyI__000236000_000368000,Kannada,132.0000,2,2,0.0602,mid (2.2%-7.0%],False,94.0701,94.8787,13.3779,20.9480,47.8126,20.4181,47.7622,,,,,349.0000,371.0000,352.0000,371.0000,40.0000,299.0000,8.8200,8.3200,11.7200,137.7700,sortformer,indicconformer_free__sortformer
indicconformer_free,sortformer,baseline,ARCKJrGkITw__000014000_000496000,Telugu,482.0000,3,3,0.0844,high (>7.0%),False,87.3455,107.4909,46.6995,46.2355,59.2961,46.7152,59.4203,,,,,1201.0000,1375.0000,1478.0000,1375.0000,474.0000,1015.0000,51.1500,24.4100,158.6600,506.5800,sortformer,indicconformer_free__sortformer
indicconformer_free,sortformer,baseline,ARZl7LT0UC0__000073000_000130000,Telugu,57.0000,3,3,0.0905,high (>7.0%),False,98.6928,98.6928,35.8209,27.9902,42.9203,27.9902,42.9203,,,,,151.0000,153.0000,151.0000,153.0000,24.0000,67.0000,4.5100,3.9000,8.7900,61.4500,sortformer,indicconformer_free__sortformer
indicconformer_free,sortformer,baseline,A_dohDOK6Ic__000000000_000600000,Devanagari (hi/mr),600.0000,3,3,0.0048,low (<=2.2%),False,92.5096,96.3915,36.9350,43.2621,59.8779,44.1943,60.7970,,,,,1692.0000,1829.0000,1763.0000,1829.0000,335.0000,907.0000,17.9800,10.4700,221.7000,578.2200,sortformer,indicconformer_free__sortformer
indicconformer_free,sortformer,baseline,B2ScTgeIIck__000117000_000180000,Odia,63.0000,2,2,0.0879,high (>7.0%),False,97.7011,97.1264,27.0833,33.2032,37.2248,34.5692,37.5591,,,,,170.0000,174.0000,169.0000,174.0000,26.0000,96.0000,8.7000,5.0800,8.3400,66.6200,sortformer,indicconformer_free__sortformer
indicconformer_free,sortformer,baseline,BGAAfht5dYw__000000000_000612000,Gujarati,612.0000,4,4,0.1350,high (>7.0%),True,,,,100.0000,100.0000,100.0000,100.0000,,,,,,,,,,,678.6200,0.0000,0.0000,678.6200,sortformer,indicconformer_free__sortformer
indicconformer_free,sortformer,baseline,BYLcUGNB_zM__000020000_001387000,Kannada,1367.0000,4,4,0.0054,low (<=2.2%),True,,,,100.0000,100.0000,100.0000,100.0000,,,,,,,,,,,1331.2100,0.0000,0.0000,1331.2100,sortformer,indicconformer_free__sortformer
indicconformer_free,sortformer,baseline,Bngfppo1QtA__000028000_000927000,Telugu,899.0000,5,5+,0.1261,high (>7.0%),True,,,,100.0000,100.0000,100.0000,100.0000,,,,,,,,,,,1002.8700,0.0000,0.0000,1002.8700,sortformer,indicconformer_free__sortformer
indicconformer_free,sortformer,baseline,CO_8ppdzq9U__000000000_000695000,Tamil,695.0000,4,4,0.0186,low (<=2.2%),True,,,,100.0000,100.0000,100.0000,100.0000,,,,,,,,,,,652.3400,0.0000,0.0000,652.3400,sortformer,indicconformer_free__sortformer
indicconformer_free,sortformer,baseline,Cku_X_SL7qU__000060000_000660000,Gujarati,600.0000,3,3,0.1022,high (>7.0%),False,99.0439,99.0439,43.5897,68.5973,55.7339,72.1932,58.5439,,,,,1761.0000,1778.0000,1761.0000,1778.0000,153.0000,351.0000,108.1300,179.5700,52.8100,496.3900,sortformer,indicconformer_free__sortformer
indicconformer_free,sortformer,baseline,DPmew0didIM__000191000_000512000,Telugu,321.0000,5,5+,0.0620,mid (2.2%-7.0%],False,96.6146,97.7865,26.2626,44.2009,63.8326,44.6448,63.6185,,,,,742.0000,768.0000,751.0000,768.0000,130.0000,495.0000,39.3000,27.1800,77.8800,326.6000,sortformer,indicconformer_free__sortformer
indicconformer_free,sortformer,baseline,EmsKkNN2Me4__000035000_000095000,Malayalam,60.0000,2,2,0.0471,mid (2.2%-7.0%],False,97.7654,97.7654,51.8519,51.1785,61.4915,49.9423,58.1963,,,,,175.0000,179.0000,175.0000,179.0000,42.0000,81.0000,3.3700,5.9700,21.7100,60.6700,sortformer,indicconformer_free__sortformer
indicconformer_free,sortformer,baseline,ExGJodnzocM__000212000_000527000,Devanagari (hi/mr),315.0000,4,4,0.0133,low (<=2.2%),False,95.9518,96.1240,50.6329,47.9562,64.1325,47.1942,63.1833,,,,,1114.0000,1161.0000,1116.0000,1161.0000,200.0000,395.0000,16.7500,10.4300,121.3500,309.7200,sortformer,indicconformer_free__sortformer
indicconformer_free,sortformer,baseline,F2uXav-wriA__000000000_000907000,Devanagari (hi/mr),907.0000,4,4,0.0336,mid (2.2%-7.0%],True,,,,100.0000,100.0000,100.0000,100.0000,,,,,,,,,,,912.9800,0.0000,0.0000,912.9800,sortformer,indicconformer_free__sortformer
indicconformer_free,sortformer,baseline,FDMf9ApmoNU__000016000_000686000,Bengali,670.0000,4,4,0.0882,high (>7.0%),True,,,,100.0000,100.0000,100.0000,100.0000,,,,,,,,,,,630.0200,0.0000,0.0000,630.0200,sortformer,indicconformer_free__sortformer
indicconformer_free,sortformer,baseline,G6qzg93FxwE__000021000_000116000,Gujarati,95.0000,2,2,0.0061,low (<=2.2%),False,86.5169,86.5169,3.4014,6.6645,7.8575,6.6645,7.8575,,,,,231.0000,267.0000,231.0000,267.0000,5.0000,147.0000,3.8800,1.9700,0.3500,93.0300,sortformer,indicconformer_free__sortformer
indicconformer_free,sortformer,baseline,GEc_sS2KWo8__000096000_000290000,Gujarati,194.0000,4,4,0.0378,mid (2.2%-7.0%],False,97.4903,97.6834,10.5485,22.2467,47.2418,22.9329,47.2221,,,,,505.0000,518.0000,506.0000,518.0000,25.0000,237.0000,20.0600,10.1200,3.2100,150.0900,sortformer,indicconformer_free__sortformer
indicconformer_free,sortformer,baseline,GfFLEIAAumk__000090000_000163000,Bengali,73.0000,2,2,0.0285,mid (2.2%-7.0%],False,95.8333,95.8333,10.1266,19.3776,26.2270,19.3776,25.9272,,,,,207.0000,216.0000,207.0000,216.0000,8.0000,79.0000,3.2400,3.3700,7.6500,73.5900,sortformer,indicconformer_free__sortformer
indicconformer_free,sortformer,baseline,Gq45evw6ytY__000597000_001464000,Odia,867.0000,3,3,0.0869,high (>7.0%),True,,,,100.0000,100.0000,100.0000,100.0000,,,,,,,,,,,886.5900,0.0000,0.0000,886.5900,sortformer,indicconformer_free__sortformer
indicconformer_free,sortformer,baseline,HZv_WvIr6lE__000021000_000105000,Tamil,84.0000,3,3,0.1276,high (>7.0%),False,96.9231,96.9231,20.6349,26.8776,28.3570,27.3220,27.1557,,,,,252.0000,260.0000,252.0000,260.0000,13.0000,63.0000,11.1800,7.4600,6.1600,92.2700,sortformer,indicconformer_free__sortformer
indicconformer_free,sortformer,baseline,HpYG46tGyYs__000103000_000998000,Devanagari (hi/mr),895.0000,4,4,0.0022,low (<=2.2%),True,,,,100.0000,100.0000,100.0000,100.0000,,,,,,,,,,,861.2300,0.0000,0.0000,861.2300,sortformer,indicconformer_free__sortformer
indicconformer_free,sortformer,baseline,IAm1rt-MYcA__000004000_000558000,Bengali,554.0000,4,4,0.0445,mid (2.2%-7.0%],False,94.7867,95.3791,14.5228,38.1700,52.5855,38.3768,52.5359,,,,,1600.0000,1688.0000,1610.0000,1688.0000,105.0000,723.0000,88.4500,36.6600,81.6300,541.6300,sortformer,indicconformer_free__sortformer
indicconformer_free,sortformer,baseline,Iare1Emeueg__000016000_000069000,Devanagari (hi/mr),53.0000,2,2,0.0000,low (<=2.2%),False,98.5612,98.5612,23.5294,51.2945,45.5657,51.2945,45.5657,,,,,137.0000,139.0000,137.0000,139.0000,8.0000,34.0000,13.6600,7.0400,1.4900,43.2600,sortformer,indicconformer_free__sortformer
indicconformer_free,sortformer,baseline,IfTL8SSN270__000062000_000671000,Devanagari (hi/mr),609.0000,4,4,0.1121,high (>7.0%),False,92.7733,93.0443,16.2338,27.7348,33.6915,27.9667,33.5372,,,,,2054.0000,2214.0000,2060.0000,2214.0000,200.0000,1232.0000,87.9100,27.0900,69.1200,663.8600,sortformer,indicconformer_free__sortformer
indicconformer_free,sortformer,baseline,Ig6szCD8m20__000046000_000106000,Devanagari (hi/mr),60.0000,2,2,0.0204,low (<=2.2%),False,88.0829,88.0829,18.9024,26.6365,36.9285,25.2098,33.9963,,,,,170.0000,193.0000,170.0000,193.0000,31.0000,164.0000,1.6800,3.1300,11.0600,59.5800,sortformer,indicconformer_free__sortformer
indicconformer_free,sortformer,baseline,Iqhnt8ENm3U__000027000_000088000,Devanagari (hi/mr),61.0000,3,3,0.1772,high (>7.0%),False,94.3503,93.7853,40.8451,70.5228,80.7795,68.1190,78.9516,,,,,167.0000,177.0000,166.0000,177.0000,29.0000,71.0000,14.5600,3.8800,28.5000,66.5600,sortformer,indicconformer_free__sortformer
indicconformer_free,sortformer,baseline,J4-VpEkBzWw__000000000_000600000,Kannada,600.0000,7,5+,0.0685,mid (2.2%-7.0%],False,93.0412,110.8892,69.9003,45.1062,65.9160,45.4064,65.4741,,,,,1444.0000,1552.0000,1721.0000,1552.0000,771.0000,1103.0000,48.3600,7.6600,230.9500,636.2100,sortformer,indicconformer_free__sortformer
indicconformer_free,sortformer,baseline,JBYGLQJwFDc__000103000_000407000,Tamil,304.0000,3,3,0.0120,low (<=2.2%),False,96.6176,96.6176,31.5789,44.1200,64.3840,43.3603,63.8654,,,,,657.0000,680.0000,657.0000,680.0000,48.0000,152.0000,39.8900,28.6100,46.4900,260.6300,sortformer,indicconformer_free__sortformer
indicconformer_free,sortformer,baseline,JSB1CeS4pP8__000000000_000632000,Punjabi,632.0000,4,4,0.0880,high (>7.0%),True,,,,100.0000,100.0000,100.0000,100.0000,,,,,,,,,,,652.5400,0.0000,0.0000,652.5400,sortformer,indicconformer_free__sortformer
indicconformer_free,sortformer,baseline,Jc5AVwg2cZM__000153000_000214000,Devanagari (hi/mr),61.0000,3,3,0.2816,high (>7.0%),False,93.6047,94.1860,22.3529,79.4226,69.9980,84.0644,72.4973,,,,,161.0000,172.0000,162.0000,172.0000,19.0000,85.0000,20.4700,15.5800,13.7400,62.6900,sortformer,indicconformer_free__sortformer
indicconformer_free,sortformer,baseline,KAtdcDieQMw__000057000_000599000,Odia,542.0000,3,3,0.1073,high (>7.0%),False,96.3835,97.2445,20.7564,22.5806,30.2933,24.7495,31.9988,,,,,1679.0000,1742.0000,1694.0000,1742.0000,236.0000,1137.0000,46.5000,22.3800,62.5100,581.8700,sortformer,indicconformer_free__sortformer
indicconformer_free,sortformer,baseline,KPkRi3GM7fs__000047000_000642000,Odia,595.0000,3,3,0.0031,low (<=2.2%),False,92.8370,93.2318,4.9637,9.3081,10.0544,9.2215,9.8778,,,,,1646.0000,1773.0000,1653.0000,1773.0000,82.0000,1652.0000,33.9300,13.3300,6.4700,577.2400,sortformer,indicconformer_free__sortformer
indicconformer_free,sortformer,baseline,Kdi-ECuOaKg__000002000_000078000,Malayalam,76.0000,6,5+,0.0000,low (<=2.2%),False,93.4066,120.8791,40.7895,84.6075,88.0537,84.6075,88.0537,,,,,85.0000,91.0000,110.0000,91.0000,31.0000,76.0000,17.6700,7.4300,7.9900,39.1100,sortformer,indicconformer_free__sortformer
indicconformer_free,sortformer,baseline,L7xRazDdtgw__000019000_000083000,Gujarati,64.0000,3,3,0.0012,low (<=2.2%),False,97.0588,98.0392,48.0000,82.0483,81.8972,86.5479,84.7673,,,,,99.0000,102.0000,100.0000,102.0000,12.0000,25.0000,12.8300,7.3500,14.8300,42.6700,sortformer,indicconformer_free__sortformer
indicconformer_free,sortformer,baseline,LBIWBxQ5H1s__000090000_001020000,Malayalam,930.0000,4,4,0.0724,high (>7.0%),True,,,,100.0000,100.0000,100.0000,100.0000,,,,,,,,,,,961.9500,0.0000,0.0000,961.9500,sortformer,indicconformer_free__sortformer
indicconformer_free,sortformer,baseline,LK23jX9tgZM__000059000_000221000,Gujarati,162.0000,3,3,0.1712,high (>7.0%),False,97.9927,97.9927,25.6410,52.2485,50.1193,52.2485,50.1193,,,,,537.0000,548.0000,537.0000,548.0000,30.0000,117.0000,42.6900,8.4800,42.3600,179.0100,sortformer,indicconformer_free__sortformer
indicconformer_free,sortformer,baseline,LctYmmr9-Vg__000000000_000061000,Devanagari (hi/mr),61.0000,2,2,0.0000,low (<=2.2%),False,90.6475,92.0863,11.2903,16.9070,15.6547,16.9070,15.6547,,,,,126.0000,139.0000,128.0000,139.0000,7.0000,62.0000,3.8700,4.2200,0.0000,47.8500,sortformer,indicconformer_free__sortformer
indicconformer_free,sortformer,baseline,LqQHdo7t5Ps__000198000_000498000,Devanagari (hi/mr),300.0000,3,3,0.0019,low (<=2.2%),False,80.2023,97.5434,30.2583,32.9054,56.2803,32.8509,56.2293,,,,,555.0000,692.0000,675.0000,692.0000,164.0000,542.0000,9.8500,6.9300,79.8400,293.6300,sortformer,indicconformer_free__sortformer
indicconformer_free,sortformer,baseline,Md3p6RTanBg__000315000_000426000,Bengali,111.0000,3,3,0.0528,mid (2.2%-7.0%],False,88.2550,88.9262,1.8405,3.2503,3.1499,7.4280,6.9709,,,,,263.0000,298.0000,265.0000,298.0000,3.0000,163.0000,1.8700,1.6500,0.1600,113.2200,sortformer,indicconformer_free__sortformer
indicconformer_free,sortformer,baseline,MmtWBUK2DKE__000000000_000310000,Devanagari (hi/mr),310.0000,5,5+,0.0432,mid (2.2%-7.0%],False,93.0748,127.0545,50.5376,52.9865,75.2466,57.3414,79.0183,,,,,1008.0000,1083.0000,1376.0000,1083.0000,376.0000,744.0000,14.2300,6.4000,141.8000,306.5500,sortformer,indicconformer_free__sortformer
indicconformer_free,sortformer,baseline,NLgHpYyf5bY__000313000_000383000,Devanagari (hi/mr),70.0000,2,2,0.0097,low (<=2.2%),False,98.3333,98.3333,13.0890,17.3755,31.9487,17.3755,31.9487,,,,,236.0000,240.0000,236.0000,240.0000,25.0000,191.0000,2.6600,2.1700,7.1400,68.8900,sortformer,indicconformer_free__sortformer
indicconformer_free,sortformer,baseline,NuhdqCEuIBo__000197000_000540000,Punjabi,343.0000,3,3,0.0562,mid (2.2%-7.0%],False,93.4989,93.7180,23.3083,23.2912,35.3304,23.2800,34.7574,,,,,1280.0000,1369.0000,1283.0000,1369.0000,155.0000,665.0000,24.8000,18.9900,38.9800,355.3700,sortformer,indicconformer_free__sortformer
indicconformer_free,sortformer,baseline,O4_aeGFzZ8A__000000000_000335000,Kannada,335.0000,8,5+,0.0004,low (<=2.2%),False,93.7322,127.9202,43.9781,53.5278,64.4937,53.6024,64.5686,,,,,658.0000,702.0000,898.0000,702.0000,241.0000,548.0000,28.3400,3.2700,140.6800,321.8700,sortformer,indicconformer_free__sortformer
indicconformer_free,sortformer,baseline,OXUt5KnlUMo__000091000_000181000,Odia,90.0000,2,2,0.0000,low (<=2.2%),False,91.5323,91.5323,21.8391,33.7849,45.3258,33.7849,45.3258,,,,,227.0000,248.0000,227.0000,248.0000,38.0000,174.0000,10.9700,3.6300,14.5800,86.3700,sortformer,indicconformer_free__sortformer
indicconformer_free,sortformer,baseline,OxYCBQKZ3iY__000000000_001822000,Punjabi,1822.0000,7,5+,0.0659,mid (2.2%-7.0%],True,,,,100.0000,100.0000,100.0000,100.0000,,,,,,,,,,,1706.2700,0.0000,0.0000,1706.2700,sortformer,indicconformer_free__sortformer
indicconformer_free,sortformer,baseline,PCUA2q2C-2A__000045000_000107000,Devanagari (hi/mr),62.0000,3,3,0.0063,low (<=2.2%),False,75.9740,75.9740,0.6849,2.8661,4.5155,2.8661,4.5155,,,,,117.0000,154.0000,117.0000,154.0000,1.0000,146.0000,0.8300,0.9100,0.0000,60.7100,sortformer,indicconformer_free__sortformer
indicconformer_free,sortformer,baseline,PEDfT9-Yf2o__000000000_000469000,Bengali,469.0000,3,3,0.0110,low (<=2.2%),False,86.6794,113.9867,34.5588,36.0184,51.5243,36.0184,51.5243,,,,,911.0000,1051.0000,1198.0000,1051.0000,282.0000,816.0000,12.3300,3.2100,129.4700,402.6000,sortformer,indicconformer_free__sortformer
indicconformer_free,sortformer,baseline,PQB3-4sZUeY__000000000_001132000,Telugu,1132.0000,4,4,0.1069,high (>7.0%),True,,,,100.0000,100.0000,100.0000,100.0000,,,,,,,,,,,1129.8400,0.0000,0.0000,1129.8400,sortformer,indicconformer_free__sortformer
indicconformer_free,sortformer,baseline,PRAzUz0GANs__000223000_000283000,Kannada,60.0000,2,2,0.0822,high (>7.0%),False,99.4845,99.4845,22.3301,39.0528,48.1947,35.0024,41.2559,,,,,193.0000,194.0000,193.0000,194.0000,23.0000,103.0000,5.4100,6.2900,12.7900,62.7100,sortformer,indicconformer_free__sortformer
indicconformer_free,sortformer,baseline,PSIzXy5-y2E__000002000_000918000,Devanagari (hi/mr),916.0000,3,3,0.0434,mid (2.2%-7.0%],True,,,,100.0000,100.0000,100.0000,100.0000,,,,,,,,,,,889.8000,0.0000,0.0000,889.8000,sortformer,indicconformer_free__sortformer
indicconformer_free,sortformer,baseline,PVDfS7lcJHY__000000000_000360000,Kannada,360.0000,6,5+,0.1127,high (>7.0%),False,96.6216,99.7104,95.2891,41.0900,58.5187,45.6380,62.5464,,,,,1001.0000,1036.0000,1033.0000,1036.0000,445.0000,467.0000,37.0700,15.2200,105.7300,384.5700,sortformer,indicconformer_free__sortformer
indicconformer_free,sortformer,baseline,Pjre5dpnKGA__000000000_000330000,Kannada,330.0000,4,4,0.0933,high (>7.0%),False,97.2692,97.6593,37.5350,27.0772,47.4673,28.5429,48.4579,,,,,748.0000,769.0000,751.0000,769.0000,134.0000,357.0000,26.0000,21.2000,43.6900,335.6700,sortformer,indicconformer_free__sortformer
indicconformer_free,sortformer,baseline,QhpjuNTZoA8__000000000_000586000,Kannada,586.0000,3,3,0.0512,mid (2.2%-7.0%],False,96.7557,107.0611,86.4917,46.7972,63.2741,47.0147,63.3099,,,,,1521.0000,1572.0000,1683.0000,1572.0000,890.0000,1029.0000,38.7700,6.9500,240.4400,611.4900,sortformer,indicconformer_free__sortformer
indicconformer_free,sortformer,baseline,QuA_B6IZ6Ls__000061000_001863000,Devanagari (hi/mr),1802.0000,4,4,0.3694,high (>7.0%),True,,,,100.0000,100.0000,100.0000,100.0000,,,,,,,,,,,2703.9700,0.0000,0.0000,2703.9700,sortformer,indicconformer_free__sortformer
indicconformer_free,sortformer,baseline,RL2fhIEEbZg__000000000_000065000,Telugu,65.0000,3,3,0.0563,mid (2.2%-7.0%],False,93.9024,93.9024,17.2840,10.4017,40.3714,11.6236,39.1908,,,,,154.0000,164.0000,154.0000,164.0000,14.0000,81.0000,0.9300,5.0200,0.8600,65.4700,sortformer,indicconformer_free__sortformer
indicconformer_free,sortformer,baseline,RL2fhIEEbZg__000066000_001034000,Telugu,968.0000,3,3,0.0719,high (>7.0%),True,,,,100.0000,100.0000,100.0000,100.0000,,,,,,,,,,,1012.9500,0.0000,0.0000,1012.9500,sortformer,indicconformer_free__sortformer
indicconformer_free,sortformer,baseline,RWTmftezCwI__000000000_000060000,Malayalam,60.0000,2,2,0.0244,mid (2.2%-7.0%],False,89.0756,89.0756,23.8806,6.2888,7.0189,17.0744,29.3740,,,,,106.0000,119.0000,106.0000,119.0000,16.0000,67.0000,1.2900,2.1200,0.2400,58.0400,sortformer,indicconformer_free__sortformer
indicconformer_free,sortformer,baseline,RZUZyvRzi80__000000000_000336000,Punjabi,336.0000,4,4,0.0001,low (<=2.2%),False,83.7788,100.7373,23.7687,31.5134,37.6120,31.5134,37.6120,,,,,909.0000,1085.0000,1093.0000,1085.0000,222.0000,934.0000,45.4400,2.2700,54.2800,323.6400,sortformer,indicconformer_free__sortformer
indicconformer_free,sortformer,baseline,SZ7ay4OjfAE__000000000_000897000,Telugu,897.0000,5,5+,0.1794,high (>7.0%),True,,,,100.0000,100.0000,100.0000,100.0000,,,,,,,,,,,1011.5800,0.0000,0.0000,1011.5800,sortformer,indicconformer_free__sortformer
indicconformer_free,sortformer,baseline,T3I2T-cfhG4__000160000_000210000,Devanagari (hi/mr),50.0000,2,2,0.0000,low (<=2.2%),False,83.6207,83.6207,0.0000,10.9644,12.7610,10.9644,12.7610,,,,,97.0000,116.0000,97.0000,116.0000,0.0000,98.0000,1.2900,3.0300,0.8300,46.9700,sortformer,indicconformer_free__sortformer
indicconformer_free,sortformer,baseline,TU3M6wSQV_g__000099000_000171000,Telugu,72.0000,2,2,0.0451,mid (2.2%-7.0%],False,91.6667,92.1296,11.0169,21.9316,46.7047,18.7659,39.6231,,,,,198.0000,216.0000,199.0000,216.0000,13.0000,118.0000,3.6300,2.1100,10.6100,74.5500,sortformer,indicconformer_free__sortformer
indicconformer_free,sortformer,baseline,Tlha36rSd5o__000240000_000374000,Tamil,134.0000,2,2,0.0000,low (<=2.2%),False,91.5094,91.5094,1.2121,16.0150,13.3620,16.0150,13.3620,,,,,291.0000,318.0000,291.0000,318.0000,2.0000,165.0000,10.6700,8.3100,1.0500,125.0700,sortformer,indicconformer_free__sortformer
indicconformer_free,sortformer,baseline,TrPnW5kLAyQ__000093000_000513000,Devanagari (hi/mr),420.0000,4,4,0.0501,mid (2.2%-7.0%],False,87.8071,87.8071,9.2330,21.6050,23.7608,23.1736,26.5959,,,,,965.0000,1099.0000,965.0000,1099.0000,65.0000,704.0000,65.1400,14.1000,6.0200,394.6300,sortformer,indicconformer_free__sortformer
indicconformer_free,sortformer,baseline,U_EHjxThUgc__000181000_000289000,Bengali,108.0000,3,3,0.0529,mid (2.2%-7.0%],False,84.6154,85.6187,6.0748,14.4053,16.6226,14.4053,16.6226,,,,,253.0000,299.0000,256.0000,299.0000,13.0000,214.0000,6.0600,5.5600,4.5500,112.2500,sortformer,indicconformer_free__sortformer
indicconformer_free,sortformer,baseline,VHlIFsHPWbk__000023000_000470000,Odia,447.0000,4,4,0.0269,mid (2.2%-7.0%],False,92.1746,93.0023,13.4462,12.3891,18.6595,12.3713,18.5969,,,,,1225.0000,1329.0000,1236.0000,1329.0000,135.0000,1004.0000,17.0100,7.3900,31.2000,448.7800,sortformer,indicconformer_free__sortformer
indicconformer_free,sortformer,baseline,VKY0uuZ6Om8__000575000_000935000,Devanagari (hi/mr),360.0000,3,3,0.1718,high (>7.0%),False,88.1151,88.5794,16.3763,37.8973,47.3166,41.9224,51.4792,,,,,949.0000,1077.0000,954.0000,1077.0000,94.0000,574.0000,68.7600,35.5400,54.6300,419.3700,sortformer,indicconformer_free__sortformer
indicconformer_free,sortformer,baseline,VY_4x1scS-Y__000013000_000121000,Tamil,108.0000,4,4,0.0427,mid (2.2%-7.0%],False,96.7262,96.7262,17.5000,48.2441,63.3373,52.7128,68.1252,,,,,325.0000,336.0000,325.0000,336.0000,14.0000,80.0000,9.6400,2.4600,41.3400,110.7700,sortformer,indicconformer_free__sortformer
indicconformer_free,sortformer,rule,0AEEA8NyVwY__000011000_000609000,Devanagari (hi/mr),598.0000,3,3,0.0047,low (<=2.2%),False,81.2453,81.2453,4.4118,7.3095,8.8349,7.0826,8.3804,98.0000,8.0000,9.0000,False,1083.0000,1333.0000,1083.0000,1333.0000,42.0000,952.0000,24.6500,14.5300,2.0600,564.2000,indicconformer_free__sortformer+rule,indicconformer_free__sortformer
indicconformer_free,sortformer,rule,0SoItGfM_sY__000007000_000088000,Kannada,81.0000,5,5+,0.0000,low (<=2.2%),False,96.9697,98.1818,26.0870,38.7466,70.7297,38.7466,70.7297,9.0000,1.0000,1.0000,False,160.0000,165.0000,162.0000,165.0000,36.0000,138.0000,4.6900,8.6800,13.7100,69.8900,indicconformer_free__sortformer+rule,indicconformer_free__sortformer
indicconformer_free,sortformer,rule,0VEwL9XZ0LY__000261000_000557000,Devanagari (hi/mr),296.0000,2,2,0.0355,mid (2.2%-7.0%],False,69.9885,71.1340,4.0691,24.4842,25.1518,24.8436,25.9046,27.0000,8.0000,14.0000,False,611.0000,873.0000,621.0000,873.0000,33.0000,811.0000,41.0400,17.5400,12.2600,289.3300,indicconformer_free__sortformer+rule,indicconformer_free__sortformer
indicconformer_free,sortformer,rule,0esIFSOAcFs__000000000_000913000,Gujarati,913.0000,3,3,0.0232,mid (2.2%-7.0%],True,,,,100.0000,100.0000,100.0000,100.0000,,,,,,,,,,,925.5800,0.0000,0.0000,925.5800,indicconformer_free__sortformer+rule,indicconformer_free__sortformer
indicconformer_free,sortformer,rule,0p6cktLGIfY__000012000_000930000,Gujarati,918.0000,6,5+,0.0329,mid (2.2%-7.0%],True,,,,100.0000,100.0000,100.0000,100.0000,,,,,,,,,,,831.3000,0.0000,0.0000,831.3000,indicconformer_free__sortformer+rule,indicconformer_free__sortformer
indicconformer_free,sortformer,rule,13VBh0Z6QmE__000000000_000904000,Tamil,904.0000,4,4,0.0290,mid (2.2%-7.0%],True,,,,100.0000,100.0000,100.0000,100.0000,,,,,,,,,,,887.0800,0.0000,0.0000,887.0800,indicconformer_free__sortformer+rule,indicconformer_free__sortformer
indicconformer_free,sortformer,rule,1LFl5JEipII__000000000_000597000,Bengali,597.0000,5,5+,0.1006,high (>7.0%),False,97.6101,98.1132,56.1873,51.6106,63.0787,47.3771,58.0323,70.0000,24.0000,33.0000,False,1552.0000,1590.0000,1560.0000,1590.0000,168.0000,299.0000,107.5600,7.7600,190.0700,591.7200,indicconformer_free__sortformer+rule,indicconformer_free__sortformer
indicconformer_free,sortformer,rule,2HGP34TNvjg__000084000_000194000,Odia,110.0000,2,2,0.0128,low (<=2.2%),False,93.9189,93.5811,4.3103,31.4571,34.9398,31.4571,34.9398,8.0000,1.0000,2.0000,False,278.0000,296.0000,277.0000,296.0000,10.0000,232.0000,13.2100,6.5000,12.3700,101.9800,indicconformer_free__sortformer+rule,indicconformer_free__sortformer
indicconformer_free,sortformer,rule,2LN6vb7EBn0__000098000_000394000,Tamil,296.0000,3,3,0.0238,mid (2.2%-7.0%],False,99.0679,99.0679,67.5000,37.8534,41.4020,37.1562,40.6783,15.0000,1.0000,1.0000,False,744.0000,751.0000,744.0000,751.0000,27.0000,40.0000,39.3400,33.8200,35.4300,286.8700,indicconformer_free__sortformer+rule,indicconformer_free__sortformer
indicconformer_free,sortformer,rule,2T4pjueLrsk__000677000_001290000,Gujarati,613.0000,4,4,0.0342,mid (2.2%-7.0%],False,97.6664,97.7528,29.6703,49.8344,68.1007,47.7797,66.8292,100.0000,37.0000,51.0000,False,2260.0000,2314.0000,2262.0000,2314.0000,162.0000,546.0000,98.6900,58.1500,114.0700,543.6200,indicconformer_free__sortformer+rule,indicconformer_free__sortformer
indicconformer_free,sortformer,rule,2gGHQgj9yno__000000000_000099000,Gujarati,99.0000,4,4,0.0798,high (>7.0%),False,97.8947,97.8947,33.8983,40.6894,57.4819,38.0233,45.3026,13.0000,4.0000,9.0000,False,279.0000,285.0000,279.0000,285.0000,20.0000,59.0000,27.3100,6.0100,5.7500,96.0200,indicconformer_free__sortformer+rule,indicconformer_free__sortformer
indicconformer_free,sortformer,rule,2iMXYxBTwbM__000339000_000401000,Devanagari (hi/mr),62.0000,3,3,0.1275,high (>7.0%),False,95.7447,95.7447,48.8889,82.5455,79.6833,82.9832,80.1436,12.0000,4.0000,6.0000,False,180.0000,188.0000,180.0000,188.0000,22.0000,45.0000,15.9200,15.1100,16.1200,57.1200,indicconformer_free__sortformer+rule,indicconformer_free__sortformer
indicconformer_free,sortformer,rule,37dND_0r6S8__000060000_000222000,Tamil,162.0000,2,2,0.0896,high (>7.0%),False,100.0000,100.0000,0.0000,48.3382,54.3653,48.3382,54.3653,3.0000,0.0000,0.0000,False,557.0000,557.0000,557.0000,557.0000,0.0000,3.0000,16.8100,22.9700,41.8100,168.7900,indicconformer_free__sortformer+rule,indicconformer_free__sortformer
indicconformer_free,sortformer,rule,4Qg2jWP6_T0__000136000_000202000,Punjabi,66.0000,3,3,0.2093,high (>7.0%),False,98.8722,98.8722,44.5652,86.9158,80.2002,85.7650,79.4838,16.0000,7.0000,14.0000,False,263.0000,266.0000,263.0000,266.0000,41.0000,92.0000,11.7400,17.2500,32.1900,70.3900,indicconformer_free__sortformer+rule,indicconformer_free__sortformer
indicconformer_free,sortformer,rule,6-726qTlYeg__000102000_000162000,Malayalam,60.0000,2,2,0.1610,high (>7.0%),False,98.5981,98.5981,57.4713,56.8557,57.8807,57.4300,58.5976,14.0000,4.0000,4.0000,False,211.0000,214.0000,211.0000,214.0000,50.0000,87.0000,7.9800,10.1600,21.4600,69.6500,indicconformer_free__sortformer+rule,indicconformer_free__sortformer
indicconformer_free,sortformer,rule,6ZeRgvDHwcI__000006000_000100000,Gujarati,94.0000,2,2,0.0125,low (<=2.2%),False,95.2381,96.2963,33.7662,67.9305,62.9563,70.4581,65.9849,16.0000,1.0000,1.0000,False,180.0000,189.0000,182.0000,189.0000,26.0000,77.0000,24.1300,10.1900,8.6800,63.3000,indicconformer_free__sortformer+rule,indicconformer_free__sortformer
indicconformer_free,sortformer,rule,6f6TLzlP8Wk__000082000_000144000,Punjabi,62.0000,2,2,0.0510,mid (2.2%-7.0%],False,99.1525,101.2712,61.7391,60.9951,64.6334,59.3819,63.2596,27.0000,13.0000,20.0000,False,234.0000,236.0000,239.0000,236.0000,71.0000,115.0000,6.9400,6.8400,22.1400,58.8900,indicconformer_free__sortformer+rule,indicconformer_free__sortformer
indicconformer_free,sortformer,rule,7L4gi7Ncc0s__000090000_000148000,Malayalam,58.0000,2,2,0.0000,low (<=2.2%),False,100.0000,100.8000,5.7377,18.4121,25.4352,18.4121,25.4352,6.0000,0.0000,0.0000,False,125.0000,125.0000,126.0000,125.0000,7.0000,122.0000,5.0400,2.3200,2.8900,55.6700,indicconformer_free__sortformer+rule,indicconformer_free__sortformer
indicconformer_free,sortformer,rule,7WhVNRHbjIY__000091000_001089000,Tamil,998.0000,5,5+,0.0133,low (<=2.2%),True,,,,100.0000,100.0000,100.0000,100.0000,,,,,,,,,,,996.6800,0.0000,0.0000,996.6800,indicconformer_free__sortformer+rule,indicconformer_free__sortformer
indicconformer_free,sortformer,rule,7YfsQPYY-W0__000351000_000411000,Odia,60.0000,2,2,0.1219,high (>7.0%),False,99.5192,99.5192,30.0000,59.9844,61.8997,56.0934,58.2055,9.0000,2.0000,3.0000,False,207.0000,208.0000,207.0000,208.0000,9.0000,30.0000,10.4500,8.8300,19.2600,64.2500,indicconformer_free__sortformer+rule,indicconformer_free__sortformer
indicconformer_free,sortformer,rule,7c9ePKgqams__000299000_000869000,Telugu,570.0000,4,4,0.0055,low (<=2.2%),False,91.1958,91.3272,7.3493,36.1653,61.5403,36.4870,61.6839,52.0000,6.0000,8.0000,False,1388.0000,1522.0000,1390.0000,1522.0000,89.0000,1211.0000,56.5500,18.4300,125.1300,553.3200,indicconformer_free__sortformer+rule,indicconformer_free__sortformer
indicconformer_free,sortformer,rule,7k-xDqNjESc__000073000_000981000,Malayalam,908.0000,4,4,0.0421,mid (2.2%-7.0%],True,,,,100.0000,100.0000,100.0000,100.0000,,,,,,,,,,,897.5900,0.0000,0.0000,897.5900,indicconformer_free__sortformer+rule,indicconformer_free__sortformer
indicconformer_free,sortformer,rule,83gP2vLH7UY__000255000_002005000,Devanagari (hi/mr),1750.0000,5,5+,0.2022,high (>7.0%),True,,,,100.0000,100.0000,100.0000,100.0000,,,,,,,,,,,2043.6200,0.0000,0.0000,2043.6200,indicconformer_free__sortformer+rule,indicconformer_free__sortformer
indicconformer_free,sortformer,rule,86mMTUeDiR8__000181000_001079000,Bengali,898.0000,5,5+,0.0517,mid (2.2%-7.0%],True,,,,100.0000,100.0000,100.0000,100.0000,,,,,,,,,,,823.1500,0.0000,0.0000,823.1500,indicconformer_free__sortformer+rule,indicconformer_free__sortformer
indicconformer_free,sortformer,rule,87Zbup3ohcw__000106000_000445000,Tamil,339.0000,4,4,0.0152,low (<=2.2%),False,91.3218,91.3218,1.2270,15.7645,30.7356,15.7645,30.7356,31.0000,0.0000,0.0000,False,684.0000,749.0000,684.0000,749.0000,4.0000,326.0000,23.1100,14.5600,12.8000,320.1500,indicconformer_free__sortformer+rule,indicconformer_free__sortformer
indicconformer_free,sortformer,rule,8Ve4SWhlrrA__000000000_000070000,Odia,70.0000,2,2,0.0000,low (<=2.2%),False,90.9774,91.7293,3.7879,2.1000,7.5396,2.1000,7.5396,3.0000,0.0000,0.0000,False,121.0000,133.0000,122.0000,133.0000,5.0000,132.0000,0.3400,1.0000,0.0000,63.8100,indicconformer_free__sortformer+rule,indicconformer_free__sortformer
indicconformer_free,sortformer,rule,8mvORuRHw2U__000000000_001197000,Gujarati,1197.0000,4,4,0.0417,mid (2.2%-7.0%],True,,,,100.0000,100.0000,100.0000,100.0000,,,,,,,,,,,1159.3200,0.0000,0.0000,1159.3200,indicconformer_free__sortformer+rule,indicconformer_free__sortformer
indicconformer_free,sortformer,rule,8o7jKmq6HsM__000030000_001770000,Devanagari (hi/mr),1740.0000,6,5+,0.0471,mid (2.2%-7.0%],True,,,,100.0000,100.0000,100.0000,100.0000,,,,,,,,,,,1767.2600,0.0000,0.0000,1767.2600,indicconformer_free__sortformer+rule,indicconformer_free__sortformer
indicconformer_free,sortformer,rule,8pkp-lpMJP0__000326000_000926000,Telugu,600.0000,8,5+,0.2032,high (>7.0%),False,95.7655,97.0033,33.9779,50.7495,81.7185,50.0689,81.5105,115.0000,33.0000,41.0000,False,1470.0000,1535.0000,1489.0000,1535.0000,246.0000,724.0000,171.5700,13.6400,168.2500,696.4800,indicconformer_free__sortformer+rule,indicconformer_free__sortformer
indicconformer_free,sortformer,rule,8r2Nltl0W4o__000259000_000320000,Punjabi,61.0000,2,2,0.0227,mid (2.2%-7.0%],False,89.7233,90.5138,1.1976,17.7767,57.0984,17.7767,57.0984,3.0000,1.0000,1.0000,False,227.0000,253.0000,229.0000,253.0000,2.0000,167.0000,3.2700,2.3400,5.2000,60.8100,indicconformer_free__sortformer+rule,indicconformer_free__sortformer
indicconformer_free,sortformer,rule,90uAd6xpTPo__000016000_000408000,Devanagari (hi/mr),392.0000,4,4,0.0067,low (<=2.2%),False,92.2442,105.1155,42.0195,44.3047,55.5029,43.3477,54.2688,44.0000,6.0000,12.0000,False,1118.0000,1212.0000,1274.0000,1212.0000,387.0000,921.0000,22.9600,9.4600,129.6200,365.7400,indicconformer_free__sortformer+rule,indicconformer_free__sortformer
indicconformer_free,sortformer,rule,9Aw8kg8w5Xo__000000000_000083000,Telugu,83.0000,4,4,0.0216,low (<=2.2%),False,93.4673,93.4673,8.3333,16.1334,52.4687,16.1334,52.4687,4.0000,0.0000,0.0000,False,186.0000,199.0000,186.0000,199.0000,11.0000,132.0000,2.4400,2.8400,7.9300,81.8800,indicconformer_free__sortformer+rule,indicconformer_free__sortformer
indicconformer_free,sortformer,rule,9_GMxc_JjyI__000236000_000368000,Kannada,132.0000,2,2,0.0602,mid (2.2%-7.0%],False,94.0701,95.1482,12.3746,19.2785,48.6070,20.4181,47.7622,15.0000,6.0000,9.0000,False,349.0000,371.0000,353.0000,371.0000,37.0000,299.0000,8.8200,8.3200,9.4200,137.7700,indicconformer_free__sortformer+rule,indicconformer_free__sortformer
indicconformer_free,sortformer,rule,ARCKJrGkITw__000014000_000496000,Telugu,482.0000,3,3,0.0844,high (>7.0%),False,87.3455,106.9091,45.5172,45.8407,58.3729,46.7152,59.4203,54.0000,17.0000,24.0000,False,1201.0000,1375.0000,1470.0000,1375.0000,462.0000,1015.0000,51.1500,24.4100,156.6600,506.5800,indicconformer_free__sortformer+rule,indicconformer_free__sortformer
indicconformer_free,sortformer,rule,ARZl7LT0UC0__000073000_000130000,Telugu,57.0000,3,3,0.0905,high (>7.0%),False,98.6928,98.6928,32.8358,28.2181,48.6206,27.9902,42.9203,21.0000,9.0000,10.0000,False,151.0000,153.0000,151.0000,153.0000,22.0000,67.0000,4.5100,3.9000,8.9300,61.4500,indicconformer_free__sortformer+rule,indicconformer_free__sortformer
indicconformer_free,sortformer,rule,A_dohDOK6Ic__000000000_000600000,Devanagari (hi/mr),600.0000,3,3,0.0048,low (<=2.2%),False,92.5096,96.4461,35.5017,44.0421,60.7497,44.1943,60.7970,76.0000,16.0000,23.0000,False,1692.0000,1829.0000,1764.0000,1829.0000,322.0000,907.0000,17.9800,10.4700,226.2100,578.2200,indicconformer_free__sortformer+rule,indicconformer_free__sortformer
indicconformer_free,sortformer,rule,B2ScTgeIIck__000117000_000180000,Odia,63.0000,2,2,0.0879,high (>7.0%),False,97.7011,97.1264,28.1250,34.5692,37.5591,34.5692,37.5591,8.0000,1.0000,1.0000,False,170.0000,174.0000,169.0000,174.0000,27.0000,96.0000,8.7000,5.0800,9.2500,66.6200,indicconformer_free__sortformer+rule,indicconformer_free__sortformer
indicconformer_free,sortformer,rule,BGAAfht5dYw__000000000_000612000,Gujarati,612.0000,4,4,0.1350,high (>7.0%),True,,,,100.0000,100.0000,100.0000,100.0000,,,,,,,,,,,678.6200,0.0000,0.0000,678.6200,indicconformer_free__sortformer+rule,indicconformer_free__sortformer
indicconformer_free,sortformer,rule,BYLcUGNB_zM__000020000_001387000,Kannada,1367.0000,4,4,0.0054,low (<=2.2%),True,,,,100.0000,100.0000,100.0000,100.0000,,,,,,,,,,,1331.2100,0.0000,0.0000,1331.2100,indicconformer_free__sortformer+rule,indicconformer_free__sortformer
indicconformer_free,sortformer,rule,Bngfppo1QtA__000028000_000927000,Telugu,899.0000,5,5+,0.1261,high (>7.0%),True,,,,100.0000,100.0000,100.0000,100.0000,,,,,,,,,,,1002.8700,0.0000,0.0000,1002.8700,indicconformer_free__sortformer+rule,indicconformer_free__sortformer
indicconformer_free,sortformer,rule,CO_8ppdzq9U__000000000_000695000,Tamil,695.0000,4,4,0.0186,low (<=2.2%),True,,,,100.0000,100.0000,100.0000,100.0000,,,,,,,,,,,652.3400,0.0000,0.0000,652.3400,indicconformer_free__sortformer+rule,indicconformer_free__sortformer
indicconformer_free,sortformer,rule,Cku_X_SL7qU__000060000_000660000,Gujarati,600.0000,3,3,0.1022,high (>7.0%),False,99.0439,99.0439,44.1595,77.3626,63.9829,72.1932,58.5439,73.0000,25.0000,29.0000,False,1761.0000,1778.0000,1761.0000,1778.0000,155.0000,351.0000,108.1300,179.5700,96.3200,496.3900,indicconformer_free__sortformer+rule,indicconformer_free__sortformer
indicconformer_free,sortformer,rule,DPmew0didIM__000191000_000512000,Telugu,321.0000,5,5+,0.0620,mid (2.2%-7.0%],False,96.6146,97.7865,25.8586,43.9284,62.9128,44.6448,63.6185,37.0000,6.0000,7.0000,False,742.0000,768.0000,751.0000,768.0000,128.0000,495.0000,39.3000,27.1800,76.9900,326.6000,indicconformer_free__sortformer+rule,indicconformer_free__sortformer
indicconformer_free,sortformer,rule,EmsKkNN2Me4__000035000_000095000,Malayalam,60.0000,2,2,0.0471,mid (2.2%-7.0%],False,97.7654,97.7654,46.9136,50.0742,58.1227,49.9423,58.1963,22.0000,12.0000,18.0000,False,175.0000,179.0000,175.0000,179.0000,38.0000,81.0000,3.3700,5.9700,21.0400,60.6700,indicconformer_free__sortformer+rule,indicconformer_free__sortformer
indicconformer_free,sortformer,rule,ExGJodnzocM__000212000_000527000,Devanagari (hi/mr),315.0000,4,4,0.0133,low (<=2.2%),False,95.9518,96.2102,50.6329,46.4968,62.6583,47.1942,63.1833,40.0000,12.0000,21.0000,False,1114.0000,1161.0000,1117.0000,1161.0000,200.0000,395.0000,16.7500,10.4300,116.8300,309.7200,indicconformer_free__sortformer+rule,indicconformer_free__sortformer
indicconformer_free,sortformer,rule,F2uXav-wriA__000000000_000907000,Devanagari (hi/mr),907.0000,4,4,0.0336,mid (2.2%-7.0%],True,,,,100.0000,100.0000,100.0000,100.0000,,,,,,,,,,,912.9800,0.0000,0.0000,912.9800,indicconformer_free__sortformer+rule,indicconformer_free__sortformer
indicconformer_free,sortformer,rule,FDMf9ApmoNU__000016000_000686000,Bengali,670.0000,4,4,0.0882,high (>7.0%),True,,,,100.0000,100.0000,100.0000,100.0000,,,,,,,,,,,630.0200,0.0000,0.0000,630.0200,indicconformer_free__sortformer+rule,indicconformer_free__sortformer
indicconformer_free,sortformer,rule,G6qzg93FxwE__000021000_000116000,Gujarati,95.0000,2,2,0.0061,low (<=2.2%),False,86.5169,86.5169,2.7211,6.6645,7.8575,6.6645,7.8575,7.0000,1.0000,1.0000,False,231.0000,267.0000,231.0000,267.0000,4.0000,147.0000,3.8800,1.9700,0.3500,93.0300,indicconformer_free__sortformer+rule,indicconformer_free__sortformer
indicconformer_free,sortformer,rule,GEc_sS2KWo8__000096000_000290000,Gujarati,194.0000,4,4,0.0378,mid (2.2%-7.0%],False,97.4903,97.4903,9.2827,23.8990,48.2378,22.9329,47.2221,21.0000,3.0000,4.0000,False,505.0000,518.0000,505.0000,518.0000,22.0000,237.0000,20.0600,10.1200,5.6900,150.0900,indicconformer_free__sortformer+rule,indicconformer_free__sortformer
indicconformer_free,sortformer,rule,GfFLEIAAumk__000090000_000163000,Bengali,73.0000,2,2,0.0285,mid (2.2%-7.0%],False,95.8333,96.2963,11.3924,17.2034,22.1883,19.3776,25.9272,9.0000,2.0000,5.0000,False,207.0000,216.0000,208.0000,216.0000,9.0000,79.0000,3.2400,3.3700,6.0500,73.5900,indicconformer_free__sortformer+rule,indicconformer_free__sortformer
indicconformer_free,sortformer,rule,Gq45evw6ytY__000597000_001464000,Odia,867.0000,3,3,0.0869,high (>7.0%),True,,,,100.0000,100.0000,100.0000,100.0000,,,,,,,,,,,886.5900,0.0000,0.0000,886.5900,indicconformer_free__sortformer+rule,indicconformer_free__sortformer
indicconformer_free,sortformer,rule,HZv_WvIr6lE__000021000_000105000,Tamil,84.0000,3,3,0.1276,high (>7.0%),False,96.9231,96.9231,20.6349,30.0639,31.2546,27.3220,27.1557,9.0000,3.0000,3.0000,False,252.0000,260.0000,252.0000,260.0000,13.0000,63.0000,11.1800,7.4600,9.1000,92.2700,indicconformer_free__sortformer+rule,indicconformer_free__sortformer
indicconformer_free,sortformer,rule,HpYG46tGyYs__000103000_000998000,Devanagari (hi/mr),895.0000,4,4,0.0022,low (<=2.2%),True,,,,100.0000,100.0000,100.0000,100.0000,,,,,,,,,,,861.2300,0.0000,0.0000,861.2300,indicconformer_free__sortformer+rule,indicconformer_free__sortformer
indicconformer_free,sortformer,rule,IAm1rt-MYcA__000004000_000558000,Bengali,554.0000,4,4,0.0445,mid (2.2%-7.0%],False,94.7867,95.4976,14.3845,38.2789,52.5101,38.3768,52.5359,54.0000,8.0000,11.0000,False,1600.0000,1688.0000,1612.0000,1688.0000,104.0000,723.0000,88.4500,36.6600,82.2200,541.6300,indicconformer_free__sortformer+rule,indicconformer_free__sortformer
indicconformer_free,sortformer,rule,Iare1Emeueg__000016000_000069000,Devanagari (hi/mr),53.0000,2,2,0.0000,low (<=2.2%),False,98.5612,98.5612,29.4118,53.3287,48.1462,51.2945,45.5657,14.0000,2.0000,2.0000,False,137.0000,139.0000,137.0000,139.0000,10.0000,34.0000,13.6600,7.0400,2.3700,43.2600,indicconformer_free__sortformer+rule,indicconformer_free__sortformer
indicconformer_free,sortformer,rule,IfTL8SSN270__000062000_000671000,Devanagari (hi/mr),609.0000,4,4,0.1121,high (>7.0%),False,92.7733,92.8636,14.9351,27.2618,32.3595,27.9667,33.5372,100.0000,27.0000,39.0000,False,2054.0000,2214.0000,2056.0000,2214.0000,184.0000,1232.0000,87.9100,27.0900,65.9800,663.8600,indicconformer_free__sortformer+rule,indicconformer_free__sortformer
indicconformer_free,sortformer,rule,Ig6szCD8m20__000046000_000106000,Devanagari (hi/mr),60.0000,2,2,0.0204,low (<=2.2%),False,88.0829,88.6010,20.1220,23.8671,32.1969,25.2098,33.9963,8.0000,1.0000,4.0000,False,170.0000,193.0000,171.0000,193.0000,33.0000,164.0000,1.6800,3.1300,9.4100,59.5800,indicconformer_free__sortformer+rule,indicconformer_free__sortformer
indicconformer_free,sortformer,rule,Iqhnt8ENm3U__000027000_000088000,Devanagari (hi/mr),61.0000,3,3,0.1772,high (>7.0%),False,94.3503,93.2203,43.6620,68.1190,78.9516,68.1190,78.9516,13.0000,2.0000,2.0000,False,167.0000,177.0000,165.0000,177.0000,31.0000,71.0000,14.5600,3.8800,26.9000,66.5600,indicconformer_free__sortformer+rule,indicconformer_free__sortformer
indicconformer_free,sortformer,rule,J4-VpEkBzWw__000000000_000600000,Kannada,600.0000,7,5+,0.0685,mid (2.2%-7.0%],False,93.0412,110.9536,69.5376,45.1533,65.3120,45.4064,65.4741,65.0000,14.0000,22.0000,False,1444.0000,1552.0000,1722.0000,1552.0000,767.0000,1103.0000,48.3600,7.6600,231.2500,636.2100,indicconformer_free__sortformer+rule,indicconformer_free__sortformer
indicconformer_free,sortformer,rule,JBYGLQJwFDc__000103000_000407000,Tamil,304.0000,3,3,0.0120,low (<=2.2%),False,96.6176,96.7647,32.8947,46.2687,65.8356,43.3603,63.8654,30.0000,4.0000,6.0000,False,657.0000,680.0000,658.0000,680.0000,50.0000,152.0000,39.8900,28.6100,52.0900,260.6300,indicconformer_free__sortformer+rule,indicconformer_free__sortformer
indicconformer_free,sortformer,rule,JSB1CeS4pP8__000000000_000632000,Punjabi,632.0000,4,4,0.0880,high (>7.0%),True,,,,100.0000,100.0000,100.0000,100.0000,,,,,,,,,,,652.5400,0.0000,0.0000,652.5400,indicconformer_free__sortformer+rule,indicconformer_free__sortformer
indicconformer_free,sortformer,rule,Jc5AVwg2cZM__000153000_000214000,Devanagari (hi/mr),61.0000,3,3,0.2816,high (>7.0%),False,93.6047,94.1860,32.9412,82.1184,70.9107,84.0644,72.4973,23.0000,9.0000,15.0000,False,161.0000,172.0000,162.0000,172.0000,28.0000,85.0000,20.4700,15.5800,15.4300,62.6900,indicconformer_free__sortformer+rule,indicconformer_free__sortformer
indicconformer_free,sortformer,rule,KAtdcDieQMw__000057000_000599000,Odia,542.0000,3,3,0.1073,high (>7.0%),False,96.3835,97.0149,19.6130,25.6535,33.2553,24.7495,31.9988,60.0000,17.0000,24.0000,False,1679.0000,1742.0000,1690.0000,1742.0000,223.0000,1137.0000,46.5000,22.3800,80.3900,581.8700,indicconformer_free__sortformer+rule,indicconformer_free__sortformer
indicconformer_free,sortformer,rule,KPkRi3GM7fs__000047000_000642000,Odia,595.0000,3,3,0.0031,low (<=2.2%),False,92.8370,93.2882,4.9637,9.1297,9.7048,9.2215,9.8778,38.0000,8.0000,12.0000,False,1646.0000,1773.0000,1654.0000,1773.0000,82.0000,1652.0000,33.9300,13.3300,5.4400,577.2400,indicconformer_free__sortformer+rule,indicconformer_free__sortformer
indicconformer_free,sortformer,rule,Kdi-ECuOaKg__000002000_000078000,Malayalam,76.0000,6,5+,0.0000,low (<=2.2%),False,93.4066,120.8791,40.7895,84.6075,88.0537,84.6075,88.0537,10.0000,0.0000,0.0000,False,85.0000,91.0000,110.0000,91.0000,31.0000,76.0000,17.6700,7.4300,7.9900,39.1100,indicconformer_free__sortformer+rule,indicconformer_free__sortformer
indicconformer_free,sortformer,rule,L7xRazDdtgw__000019000_000083000,Gujarati,64.0000,3,3,0.0012,low (<=2.2%),False,97.0588,98.0392,36.0000,87.4854,85.3184,86.5479,84.7673,11.0000,4.0000,5.0000,False,99.0000,102.0000,100.0000,102.0000,9.0000,25.0000,12.8300,7.3500,17.1500,42.6700,indicconformer_free__sortformer+rule,indicconformer_free__sortformer
indicconformer_free,sortformer,rule,LBIWBxQ5H1s__000090000_001020000,Malayalam,930.0000,4,4,0.0724,high (>7.0%),True,,,,100.0000,100.0000,100.0000,100.0000,,,,,,,,,,,961.9500,0.0000,0.0000,961.9500,indicconformer_free__sortformer+rule,indicconformer_free__sortformer
indicconformer_free,sortformer,rule,LK23jX9tgZM__000059000_000221000,Gujarati,162.0000,3,3,0.1712,high (>7.0%),False,97.9927,97.9927,23.9316,56.1086,54.8163,52.2485,50.1193,16.0000,4.0000,6.0000,False,537.0000,548.0000,537.0000,548.0000,28.0000,117.0000,42.6900,8.4800,49.2700,179.0100,indicconformer_free__sortformer+rule,indicconformer_free__sortformer
indicconformer_free,sortformer,rule,LctYmmr9-Vg__000000000_000061000,Devanagari (hi/mr),61.0000,2,2,0.0000,low (<=2.2%),False,90.6475,91.3669,11.2903,19.2685,19.5477,16.9070,15.6547,6.0000,1.0000,2.0000,False,126.0000,139.0000,127.0000,139.0000,7.0000,62.0000,3.8700,4.2200,1.1300,47.8500,indicconformer_free__sortformer+rule,indicconformer_free__sortformer
indicconformer_free,sortformer,rule,LqQHdo7t5Ps__000198000_000498000,Devanagari (hi/mr),300.0000,3,3,0.0019,low (<=2.2%),False,80.2023,97.2543,30.2583,32.8236,56.2038,32.8509,56.2293,32.0000,4.0000,4.0000,False,555.0000,692.0000,673.0000,692.0000,164.0000,542.0000,9.8500,6.9300,79.6000,293.6300,indicconformer_free__sortformer+rule,indicconformer_free__sortformer
indicconformer_free,sortformer,rule,Md3p6RTanBg__000315000_000426000,Bengali,111.0000,3,3,0.0528,mid (2.2%-7.0%],False,88.2550,88.5906,2.4540,7.4280,6.9709,7.4280,6.9709,13.0000,2.0000,3.0000,False,263.0000,298.0000,264.0000,298.0000,4.0000,163.0000,1.8700,1.6500,4.8900,113.2200,indicconformer_free__sortformer+rule,indicconformer_free__sortformer
indicconformer_free,sortformer,rule,MmtWBUK2DKE__000000000_000310000,Devanagari (hi/mr),310.0000,5,5+,0.0432,mid (2.2%-7.0%],False,93.0748,127.0545,50.6720,58.4603,80.2501,57.3414,79.0183,42.0000,10.0000,19.0000,False,1008.0000,1083.0000,1376.0000,1083.0000,377.0000,744.0000,14.2300,6.4000,158.5800,306.5500,indicconformer_free__sortformer+rule,indicconformer_free__sortformer
indicconformer_free,sortformer,rule,NLgHpYyf5bY__000313000_000383000,Devanagari (hi/mr),70.0000,2,2,0.0097,low (<=2.2%),False,98.3333,98.3333,11.5183,16.2143,29.3406,17.3755,31.9487,7.0000,2.0000,3.0000,False,236.0000,240.0000,236.0000,240.0000,22.0000,191.0000,2.6600,2.1700,6.3400,68.8900,indicconformer_free__sortformer+rule,indicconformer_free__sortformer
indicconformer_free,sortformer,rule,NuhdqCEuIBo__000197000_000540000,Punjabi,343.0000,3,3,0.0562,mid (2.2%-7.0%],False,93.4989,93.7180,23.6090,22.3879,32.4581,23.2800,34.7574,57.0000,20.0000,27.0000,False,1280.0000,1369.0000,1283.0000,1369.0000,157.0000,665.0000,24.8000,18.9900,35.7700,355.3700,indicconformer_free__sortformer+rule,indicconformer_free__sortformer
indicconformer_free,sortformer,rule,O4_aeGFzZ8A__000000000_000335000,Kannada,335.0000,8,5+,0.0004,low (<=2.2%),False,93.7322,128.6325,43.7956,53.5030,64.0994,53.6024,64.5686,41.0000,4.0000,5.0000,False,658.0000,702.0000,903.0000,702.0000,240.0000,548.0000,28.3400,3.2700,140.6000,321.8700,indicconformer_free__sortformer+rule,indicconformer_free__sortformer
indicconformer_free,sortformer,rule,OXUt5KnlUMo__000091000_000181000,Odia,90.0000,2,2,0.0000,low (<=2.2%),False,91.5323,91.5323,21.8391,33.7849,45.3258,33.7849,45.3258,11.0000,0.0000,0.0000,False,227.0000,248.0000,227.0000,248.0000,38.0000,174.0000,10.9700,3.6300,14.5800,86.3700,indicconformer_free__sortformer+rule,indicconformer_free__sortformer
indicconformer_free,sortformer,rule,OxYCBQKZ3iY__000000000_001822000,Punjabi,1822.0000,7,5+,0.0659,mid (2.2%-7.0%],True,,,,100.0000,100.0000,100.0000,100.0000,,,,,,,,,,,1706.2700,0.0000,0.0000,1706.2700,indicconformer_free__sortformer+rule,indicconformer_free__sortformer
indicconformer_free,sortformer,rule,PCUA2q2C-2A__000045000_000107000,Devanagari (hi/mr),62.0000,3,3,0.0063,low (<=2.2%),False,75.9740,75.9740,0.6849,2.8661,4.5155,2.8661,4.5155,3.0000,0.0000,0.0000,False,117.0000,154.0000,117.0000,154.0000,1.0000,146.0000,0.8300,0.9100,0.0000,60.7100,indicconformer_free__sortformer+rule,indicconformer_free__sortformer
indicconformer_free,sortformer,rule,PEDfT9-Yf2o__000000000_000469000,Bengali,469.0000,3,3,0.0110,low (<=2.2%),False,86.6794,113.9867,34.5588,36.0184,51.5243,36.0184,51.5243,22.0000,0.0000,0.0000,False,911.0000,1051.0000,1198.0000,1051.0000,282.0000,816.0000,12.3300,3.2100,129.4700,402.6000,indicconformer_free__sortformer+rule,indicconformer_free__sortformer
indicconformer_free,sortformer,rule,PQB3-4sZUeY__000000000_001132000,Telugu,1132.0000,4,4,0.1069,high (>7.0%),True,,,,100.0000,100.0000,100.0000,100.0000,,,,,,,,,,,1129.8400,0.0000,0.0000,1129.8400,indicconformer_free__sortformer+rule,indicconformer_free__sortformer
indicconformer_free,sortformer,rule,PRAzUz0GANs__000223000_000283000,Kannada,60.0000,2,2,0.0822,high (>7.0%),False,99.4845,99.4845,23.3010,35.0024,41.2559,35.0024,41.2559,6.0000,1.0000,1.0000,False,193.0000,194.0000,193.0000,194.0000,24.0000,103.0000,5.4100,6.2900,10.2500,62.7100,indicconformer_free__sortformer+rule,indicconformer_free__sortformer
indicconformer_free,sortformer,rule,PSIzXy5-y2E__000002000_000918000,Devanagari (hi/mr),916.0000,3,3,0.0434,mid (2.2%-7.0%],True,,,,100.0000,100.0000,100.0000,100.0000,,,,,,,,,,,889.8000,0.0000,0.0000,889.8000,indicconformer_free__sortformer+rule,indicconformer_free__sortformer
indicconformer_free,sortformer,rule,PVDfS7lcJHY__000000000_000360000,Kannada,360.0000,6,5+,0.1127,high (>7.0%),False,96.6216,99.9035,94.0043,50.1339,68.1833,45.6380,62.5464,77.0000,33.0000,41.0000,False,1001.0000,1036.0000,1035.0000,1036.0000,439.0000,467.0000,37.0700,15.2200,140.5100,384.5700,indicconformer_free__sortformer+rule,indicconformer_free__sortformer
indicconformer_free,sortformer,rule,Pjre5dpnKGA__000000000_000330000,Kannada,330.0000,4,4,0.0933,high (>7.0%),False,97.2692,97.6593,37.2549,28.8081,48.7835,28.5429,48.4579,39.0000,12.0000,13.0000,False,748.0000,769.0000,751.0000,769.0000,133.0000,357.0000,26.0000,21.2000,49.5000,335.6700,indicconformer_free__sortformer+rule,indicconformer_free__sortformer
indicconformer_free,sortformer,rule,QhpjuNTZoA8__000000000_000586000,Kannada,586.0000,3,3,0.0512,mid (2.2%-7.0%],False,96.7557,106.6794,87.0748,47.4726,63.5771,47.0147,63.3099,76.0000,13.0000,18.0000,False,1521.0000,1572.0000,1677.0000,1572.0000,896.0000,1029.0000,38.7700,6.9500,244.5700,611.4900,indicconformer_free__sortformer+rule,indicconformer_free__sortformer
indicconformer_free,sortformer,rule,QuA_B6IZ6Ls__000061000_001863000,Devanagari (hi/mr),1802.0000,4,4,0.3694,high (>7.0%),True,,,,100.0000,100.0000,100.0000,100.0000,,,,,,,,,,,2703.9700,0.0000,0.0000,2703.9700,indicconformer_free__sortformer+rule,indicconformer_free__sortformer
indicconformer_free,sortformer,rule,RL2fhIEEbZg__000000000_000065000,Telugu,65.0000,3,3,0.0563,mid (2.2%-7.0%],False,93.9024,93.9024,17.2840,11.6236,39.1908,11.6236,39.1908,9.0000,0.0000,0.0000,False,154.0000,164.0000,154.0000,164.0000,14.0000,81.0000,0.9300,5.0200,1.6600,65.4700,indicconformer_free__sortformer+rule,indicconformer_free__sortformer
indicconformer_free,sortformer,rule,RL2fhIEEbZg__000066000_001034000,Telugu,968.0000,3,3,0.0719,high (>7.0%),True,,,,100.0000,100.0000,100.0000,100.0000,,,,,,,,,,,1012.9500,0.0000,0.0000,1012.9500,indicconformer_free__sortformer+rule,indicconformer_free__sortformer
indicconformer_free,sortformer,rule,RWTmftezCwI__000000000_000060000,Malayalam,60.0000,2,2,0.0244,mid (2.2%-7.0%],False,89.0756,89.0756,23.8806,17.0744,29.3740,17.0744,29.3740,4.0000,0.0000,0.0000,False,106.0000,119.0000,106.0000,119.0000,16.0000,67.0000,1.2900,2.1200,6.5000,58.0400,indicconformer_free__sortformer+rule,indicconformer_free__sortformer
indicconformer_free,sortformer,rule,RZUZyvRzi80__000000000_000336000,Punjabi,336.0000,4,4,0.0001,low (<=2.2%),False,83.7788,100.6452,23.6617,31.5134,37.5866,31.5134,37.6120,12.0000,1.0000,1.0000,False,909.0000,1085.0000,1092.0000,1085.0000,221.0000,934.0000,45.4400,2.2700,54.2800,323.6400,indicconformer_free__sortformer+rule,indicconformer_free__sortformer
indicconformer_free,sortformer,rule,SZ7ay4OjfAE__000000000_000897000,Telugu,897.0000,5,5+,0.1794,high (>7.0%),True,,,,100.0000,100.0000,100.0000,100.0000,,,,,,,,,,,1011.5800,0.0000,0.0000,1011.5800,indicconformer_free__sortformer+rule,indicconformer_free__sortformer
indicconformer_free,sortformer,rule,T3I2T-cfhG4__000160000_000210000,Devanagari (hi/mr),50.0000,2,2,0.0000,low (<=2.2%),False,83.6207,83.6207,0.0000,10.9644,12.7610,10.9644,12.7610,8.0000,0.0000,0.0000,False,97.0000,116.0000,97.0000,116.0000,0.0000,98.0000,1.2900,3.0300,0.8300,46.9700,indicconformer_free__sortformer+rule,indicconformer_free__sortformer
indicconformer_free,sortformer,rule,TU3M6wSQV_g__000099000_000171000,Telugu,72.0000,2,2,0.0451,mid (2.2%-7.0%],False,91.6667,93.0556,8.4746,16.4453,36.2601,18.7659,39.6231,18.0000,9.0000,15.0000,False,198.0000,216.0000,201.0000,216.0000,10.0000,118.0000,3.6300,2.1100,6.5200,74.5500,indicconformer_free__sortformer+rule,indicconformer_free__sortformer
indicconformer_free,sortformer,rule,Tlha36rSd5o__000240000_000374000,Tamil,134.0000,2,2,0.0000,low (<=2.2%),False,91.5094,92.1384,2.4242,16.7826,15.8065,16.0150,13.3620,13.0000,1.0000,2.0000,False,291.0000,318.0000,293.0000,318.0000,4.0000,165.0000,10.6700,8.3100,2.0100,125.0700,indicconformer_free__sortformer+rule,indicconformer_free__sortformer
indicconformer_free,sortformer,rule,TrPnW5kLAyQ__000093000_000513000,Devanagari (hi/mr),420.0000,4,4,0.0501,mid (2.2%-7.0%],False,87.8071,87.9891,8.6648,24.9829,31.3700,23.1736,26.5959,59.0000,14.0000,25.0000,False,965.0000,1099.0000,967.0000,1099.0000,61.0000,704.0000,65.1400,14.1000,19.3500,394.6300,indicconformer_free__sortformer+rule,indicconformer_free__sortformer
indicconformer_free,sortformer,rule,U_EHjxThUgc__000181000_000289000,Bengali,108.0000,3,3,0.0529,mid (2.2%-7.0%],False,84.6154,85.6187,5.6075,14.3341,14.0462,14.4053,16.6226,6.0000,1.0000,1.0000,False,253.0000,299.0000,256.0000,299.0000,12.0000,214.0000,6.0600,5.5600,4.4700,112.2500,indicconformer_free__sortformer+rule,indicconformer_free__sortformer
indicconformer_free,sortformer,rule,VHlIFsHPWbk__000023000_000470000,Odia,447.0000,4,4,0.0269,mid (2.2%-7.0%],False,92.1746,93.0023,13.4462,12.5206,18.8198,12.3713,18.5969,36.0000,9.0000,13.0000,False,1225.0000,1329.0000,1236.0000,1329.0000,135.0000,1004.0000,17.0100,7.3900,31.7900,448.7800,indicconformer_free__sortformer+rule,indicconformer_free__sortformer
indicconformer_free,sortformer,rule,VKY0uuZ6Om8__000575000_000935000,Devanagari (hi/mr),360.0000,3,3,0.1718,high (>7.0%),False,88.1151,88.3008,14.6341,42.3206,53.0107,41.9224,51.4792,62.0000,21.0000,31.0000,False,949.0000,1077.0000,951.0000,1077.0000,84.0000,574.0000,68.7600,35.5400,73.1800,419.3700,indicconformer_free__sortformer+rule,indicconformer_free__sortformer
indicconformer_free,sortformer,rule,VY_4x1scS-Y__000013000_000121000,Tamil,108.0000,4,4,0.0427,mid (2.2%-7.0%],False,96.7262,96.7262,17.5000,52.7128,68.1252,52.7128,68.1252,11.0000,0.0000,0.0000,False,325.0000,336.0000,325.0000,336.0000,14.0000,80.0000,9.6400,2.4600,46.2900,110.7700,indicconformer_free__sortformer+rule,indicconformer_free__sortformer
whisper,pyannote31,baseline,0AEEA8NyVwY__000011000_000609000,Devanagari (hi/mr),598.0000,3,3,0.0047,low (<=2.2%),False,79.5199,79.7449,2.9557,15.2164,15.2446,15.9252,16.6855,,,,,1060.0000,1333.0000,1063.0000,1333.0000,30.0000,1015.0000,67.9790,15.6650,2.2070,564.2000,pyannote31,whisper__pyannote31
whisper,pyannote31,baseline,0SoItGfM_sY__000007000_000088000,Kannada,81.0000,5,5+,0.0000,low (<=2.2%),False,91.5152,93.3333,16.2162,43.8189,62.3965,45.1824,72.2008,,,,,151.0000,165.0000,154.0000,165.0000,12.0000,74.0000,10.5540,8.0640,12.0070,69.8900,pyannote31,whisper__pyannote31
whisper,pyannote31,baseline,0VEwL9XZ0LY__000261000_000557000,Devanagari (hi/mr),296.0000,2,2,0.0355,mid (2.2%-7.0%],False,79.0378,79.9542,4.1369,20.8319,22.4821,20.5433,21.5249,,,,,690.0000,873.0000,698.0000,873.0000,29.0000,701.0000,30.2120,17.0440,13.0170,289.3300,pyannote31,whisper__pyannote31
whisper,pyannote31,baseline,0esIFSOAcFs__000000000_000913000,Gujarati,913.0000,3,3,0.0232,mid (2.2%-7.0%],False,86.2082,86.6084,9.6503,6.1930,7.3644,8.5980,11.1141,,,,,2369.0000,2748.0000,2380.0000,2748.0000,69.0000,715.0000,43.3470,4.6690,9.3050,925.5800,pyannote31,whisper__pyannote31
whisper,pyannote31,baseline,0p6cktLGIfY__000012000_000930000,Gujarati,918.0000,6,5+,0.0329,mid (2.2%-7.0%],False,89.8325,90.9622,16.6129,40.8738,57.5351,43.5007,59.5904,,,,,2306.0000,2567.0000,2335.0000,2567.0000,103.0000,620.0000,134.0050,113.4210,92.3580,831.3000,pyannote31,whisper__pyannote31
whisper,pyannote31,baseline,13VBh0Z6QmE__000000000_000904000,Tamil,904.0000,4,4,0.0290,mid (2.2%-7.0%],False,74.0696,76.1905,9.2379,10.8629,15.4333,12.2439,16.9197,,,,,1851.0000,2499.0000,1904.0000,2499.0000,160.0000,1732.0000,39.5210,10.5800,46.2620,887.0800,pyannote31,whisper__pyannote31
whisper,pyannote31,baseline,1LFl5JEipII__000000000_000597000,Bengali,597.0000,5,5+,0.1006,high (>7.0%),False,88.9937,91.2579,39.0288,31.8872,45.4623,38.7205,54.1516,,,,,1415.0000,1590.0000,1451.0000,1590.0000,217.0000,556.0000,38.1100,30.3350,120.2380,591.7200,pyannote31,whisper__pyannote31
whisper,pyannote31,baseline,2HGP34TNvjg__000084000_000194000,Odia,110.0000,2,2,0.0128,low (<=2.2%),False,100.0000,100.0000,36.9295,30.8286,36.5238,34.2871,40.5722,,,,,296.0000,296.0000,296.0000,296.0000,89.0000,241.0000,13.1630,7.2360,11.0400,101.9800,pyannote31,whisper__pyannote31
whisper,pyannote31,baseline,2LN6vb7EBn0__000098000_000394000,Tamil,296.0000,3,3,0.0238,mid (2.2%-7.0%],False,85.4860,86.8176,15.5875,29.1219,34.2267,30.8230,35.2602,,,,,642.0000,751.0000,652.0000,751.0000,65.0000,417.0000,28.4740,24.3270,30.7410,286.8700,pyannote31,whisper__pyannote31
whisper,pyannote31,baseline,2T4pjueLrsk__000677000_001290000,Gujarati,613.0000,4,4,0.0342,mid (2.2%-7.0%],False,100.0000,100.0000,68.4971,44.1064,60.3299,44.5506,60.4137,,,,,2314.0000,2314.0000,2314.0000,2314.0000,1185.0000,1730.0000,108.0970,59.6910,71.9830,543.6200,pyannote31,whisper__pyannote31
whisper,pyannote31,baseline,2gGHQgj9yno__000000000_000099000,Gujarati,99.0000,4,4,0.0798,high (>7.0%),False,94.3860,94.3860,21.5686,35.1156,64.5733,40.9685,69.4207,,,,,269.0000,285.0000,269.0000,285.0000,11.0000,51.0000,13.5670,9.2490,10.9020,96.0200,pyannote31,whisper__pyannote31
whisper,pyannote31,baseline,2iMXYxBTwbM__000339000_000401000,Devanagari (hi/mr),62.0000,3,3,0.1275,high (>7.0%),False,92.5532,94.1489,29.5082,80.3239,80.8918,81.2482,82.0965,,,,,174.0000,188.0000,177.0000,188.0000,36.0000,122.0000,15.1770,14.5860,16.1180,57.1200,pyannote31,whisper__pyannote31
whisper,pyannote31,baseline,37dND_0r6S8__000060000_000222000,Tamil,162.0000,2,2,0.0896,high (>7.0%),False,85.2783,85.9964,12.2222,44.6981,52.7356,45.1946,53.4032,,,,,475.0000,557.0000,479.0000,557.0000,33.0000,270.0000,18.0680,16.2060,41.1720,168.7900,pyannote31,whisper__pyannote31
whisper,pyannote31,baseline,4Qg2jWP6_T0__000136000_000202000,Punjabi,66.0000,3,3,0.2093,high (>7.0%),False,97.3684,98.1203,70.0000,74.5504,76.0283,81.7090,81.4943,,,,,259.0000,266.0000,261.0000,266.0000,56.0000,80.0000,14.4860,10.7350,27.2550,70.3900,pyannote31,whisper__pyannote31
whisper,pyannote31,baseline,6-726qTlYeg__000102000_000162000,Malayalam,60.0000,2,2,0.1610,high (>7.0%),False,99.5327,99.5327,21.0526,44.2053,49.2353,52.5657,53.8232,,,,,213.0000,214.0000,213.0000,214.0000,8.0000,38.0000,8.1050,9.6140,13.0700,69.6500,pyannote31,whisper__pyannote31
whisper,pyannote31,baseline,6ZeRgvDHwcI__000006000_000100000,Gujarati,94.0000,2,2,0.0125,low (<=2.2%),False,82.0106,82.0106,8.8608,64.9779,60.3702,64.4976,60.3191,,,,,155.0000,189.0000,155.0000,189.0000,7.0000,79.0000,24.9480,9.2890,6.8940,63.3000,pyannote31,whisper__pyannote31
whisper,pyannote31,baseline,6f6TLzlP8Wk__000082000_000144000,Punjabi,62.0000,2,2,0.0510,mid (2.2%-7.0%],False,95.7627,96.6102,22.5806,57.3034,60.1244,56.9638,59.3349,,,,,226.0000,236.0000,228.0000,236.0000,7.0000,31.0000,6.9050,9.0200,17.8210,58.8900,pyannote31,whisper__pyannote31
whisper,pyannote31,baseline,7L4gi7Ncc0s__000090000_000148000,Malayalam,58.0000,2,2,0.0000,low (<=2.2%),False,100.0000,100.0000,9.8361,15.8631,23.6233,15.8631,23.6233,,,,,125.0000,125.0000,125.0000,125.0000,6.0000,61.0000,3.4660,2.3200,3.0450,55.6700,pyannote31,whisper__pyannote31
whisper,pyannote31,baseline,7WhVNRHbjIY__000091000_001089000,Tamil,998.0000,5,5+,0.0133,low (<=2.2%),False,76.7929,77.1152,2.8754,11.7092,18.3738,11.6738,16.9902,,,,,1906.0000,2482.0000,1914.0000,2482.0000,45.0000,1565.0000,25.0620,27.9400,63.7010,996.6800,pyannote31,whisper__pyannote31
whisper,pyannote31,baseline,7YfsQPYY-W0__000351000_000411000,Odia,60.0000,2,2,0.1219,high (>7.0%),False,100.0000,100.0000,59.4595,58.0327,63.1111,58.6646,62.5126,,,,,208.0000,208.0000,208.0000,208.0000,22.0000,37.0000,9.5790,7.1090,20.5980,64.2500,pyannote31,whisper__pyannote31
whisper,pyannote31,baseline,7c9ePKgqams__000299000_000869000,Telugu,570.0000,4,4,0.0055,low (<=2.2%),False,96.7148,96.8463,21.7557,33.9619,60.7773,34.3949,60.9525,,,,,1472.0000,1522.0000,1474.0000,1522.0000,57.0000,262.0000,35.9880,19.3630,132.5670,553.3200,pyannote31,whisper__pyannote31
whisper,pyannote31,baseline,7k-xDqNjESc__000073000_000981000,Malayalam,908.0000,4,4,0.0421,mid (2.2%-7.0%],False,99.9553,99.9553,27.8119,35.0069,67.3777,35.5855,67.7025,,,,,2238.0000,2239.0000,2238.0000,2239.0000,136.0000,489.0000,117.5840,53.7710,142.8630,897.5900,pyannote31,whisper__pyannote31
whisper,pyannote31,baseline,83gP2vLH7UY__000255000_002005000,Devanagari (hi/mr),1750.0000,5,5+,0.2022,high (>7.0%),False,90.4811,91.0847,15.0533,30.2992,32.0949,33.4596,32.3927,,,,,5247.0000,5799.0000,5282.0000,5799.0000,353.0000,2345.0000,272.5080,194.1510,152.5410,2043.6200,pyannote31,whisper__pyannote31
whisper,pyannote31,baseline,86mMTUeDiR8__000181000_001079000,Bengali,898.0000,5,5+,0.0517,mid (2.2%-7.0%],False,93.3138,94.5675,40.9733,54.2008,65.4720,56.5455,66.4863,,,,,2233.0000,2393.0000,2263.0000,2393.0000,261.0000,637.0000,152.1350,113.0060,181.0130,823.1500,pyannote31,whisper__pyannote31
whisper,pyannote31,baseline,87Zbup3ohcw__000106000_000445000,Tamil,339.0000,4,4,0.0152,low (<=2.2%),False,62.2163,66.2216,5.2838,22.1955,34.9101,22.2867,34.8171,,,,,466.0000,749.0000,496.0000,749.0000,27.0000,511.0000,36.8060,17.7920,16.4610,320.1500,pyannote31,whisper__pyannote31
whisper,pyannote31,baseline,8Ve4SWhlrrA__000000000_000070000,Odia,70.0000,2,2,0.0000,low (<=2.2%),False,100.0000,100.0000,3.7383,8.0693,53.9211,8.0693,53.9211,,,,,133.0000,133.0000,133.0000,133.0000,4.0000,107.0000,3.0680,0.0260,2.0550,63.8100,pyannote31,whisper__pyannote31
whisper,pyannote31,baseline,8mvORuRHw2U__000000000_001197000,Gujarati,1197.0000,4,4,0.0417,mid (2.2%-7.0%],False,88.1443,88.5166,12.3444,15.8094,18.0173,19.4756,21.9125,,,,,3078.0000,3492.0000,3091.0000,3492.0000,119.0000,964.0000,99.9830,42.6110,40.6880,1159.3200,pyannote31,whisper__pyannote31
whisper,pyannote31,baseline,8o7jKmq6HsM__000030000_001770000,Devanagari (hi/mr),1740.0000,6,5+,0.0471,mid (2.2%-7.0%],False,91.0542,91.3386,9.1515,14.5114,14.7593,16.8120,14.3138,,,,,4163.0000,4572.0000,4176.0000,4572.0000,247.0000,2699.0000,115.6530,110.2780,30.5240,1767.2600,pyannote31,whisper__pyannote31
whisper,pyannote31,baseline,8pkp-lpMJP0__000326000_000926000,Telugu,600.0000,8,5+,0.2032,high (>7.0%),False,97.3290,97.9805,51.3441,37.5965,67.0980,45.2171,70.2366,,,,,1494.0000,1535.0000,1504.0000,1535.0000,191.0000,372.0000,99.7040,33.5850,128.5630,696.4800,pyannote31,whisper__pyannote31
whisper,pyannote31,baseline,8r2Nltl0W4o__000259000_000320000,Punjabi,61.0000,2,2,0.0227,mid (2.2%-7.0%],False,95.2569,96.4427,17.3077,18.0628,57.4832,18.0628,57.4832,,,,,241.0000,253.0000,244.0000,253.0000,9.0000,52.0000,3.7480,2.0360,5.2000,60.8100,pyannote31,whisper__pyannote31
whisper,pyannote31,baseline,90uAd6xpTPo__000016000_000408000,Devanagari (hi/mr),392.0000,4,4,0.0067,low (<=2.2%),False,52.8878,53.2178,1.8792,7.9166,8.9609,11.2088,14.0180,,,,,641.0000,1212.0000,645.0000,1212.0000,14.0000,745.0000,9.3160,13.1440,6.4940,365.7400,pyannote31,whisper__pyannote31
whisper,pyannote31,baseline,9Aw8kg8w5Xo__000000000_000083000,Telugu,83.0000,4,4,0.0216,low (<=2.2%),False,89.9497,89.9497,5.9406,7.8078,53.6016,8.4599,53.3245,,,,,179.0000,199.0000,179.0000,199.0000,6.0000,101.0000,3.7600,1.6490,0.9840,81.8800,pyannote31,whisper__pyannote31
whisper,pyannote31,baseline,9_GMxc_JjyI__000236000_000368000,Kannada,132.0000,2,2,0.0602,mid (2.2%-7.0%],False,95.6873,97.8437,16.0428,22.8635,54.5549,23.2010,55.4161,,,,,355.0000,371.0000,363.0000,371.0000,30.0000,187.0000,11.6670,10.6040,9.2280,137.7700,pyannote31,whisper__pyannote31
whisper,pyannote31,baseline,ARCKJrGkITw__000014000_000496000,Telugu,482.0000,3,3,0.0844,high (>7.0%),False,95.8545,96.1455,29.3333,34.9293,42.0685,35.1184,41.2865,,,,,1318.0000,1375.0000,1322.0000,1375.0000,88.0000,300.0000,49.0290,28.5990,99.3170,506.5800,pyannote31,whisper__pyannote31
whisper,pyannote31,baseline,ARZl7LT0UC0__000073000_000130000,Telugu,57.0000,3,3,0.0905,high (>7.0%),False,94.7712,94.7712,12.0000,28.4849,44.8092,38.7828,60.4275,,,,,145.0000,153.0000,145.0000,153.0000,3.0000,25.0000,6.2140,2.9810,8.3090,61.4500,pyannote31,whisper__pyannote31
whisper,pyannote31,baseline,A_dohDOK6Ic__000000000_000600000,Devanagari (hi/mr),600.0000,3,3,0.0048,low (<=2.2%),False,50.1914,50.3007,0.2302,5.9628,5.8605,6.1942,6.2058,,,,,918.0000,1829.0000,920.0000,1829.0000,3.0000,1303.0000,31.5930,2.7380,0.1470,578.2200,pyannote31,whisper__pyannote31
whisper,pyannote31,baseline,B2ScTgeIIck__000117000_000180000,Odia,63.0000,2,2,0.0879,high (>7.0%),False,127.5862,127.5862,58.0460,33.3969,37.1565,33.1312,34.0981,,,,,222.0000,174.0000,222.0000,174.0000,101.0000,174.0000,10.1360,4.5180,7.5950,66.6200,pyannote31,whisper__pyannote31
whisper,pyannote31,baseline,BGAAfht5dYw__000000000_000612000,Gujarati,612.0000,4,4,0.1350,high (>7.0%),False,93.3967,95.2019,33.5958,19.1321,26.5565,28.8821,39.2052,,,,,1966.0000,2105.0000,2004.0000,2105.0000,128.0000,381.0000,60.1300,13.6200,56.0840,678.6200,pyannote31,whisper__pyannote31
whisper,pyannote31,baseline,BYLcUGNB_zM__000020000_001387000,Kannada,1367.0000,4,4,0.0054,low (<=2.2%),False,94.9194,94.9802,5.6426,11.5426,15.5262,11.5680,15.0100,,,,,3120.0000,3287.0000,3122.0000,3287.0000,54.0000,957.0000,51.5660,29.3010,72.7890,1331.2100,pyannote31,whisper__pyannote31
whisper,pyannote31,baseline,Bngfppo1QtA__000028000_000927000,Telugu,899.0000,5,5+,0.1261,high (>7.0%),False,95.1547,95.8876,37.7305,48.0061,50.7558,52.8599,53.8959,,,,,2337.0000,2456.0000,2355.0000,2456.0000,266.0000,705.0000,154.6960,127.3890,199.3540,1002.8700,pyannote31,whisper__pyannote31
whisper,pyannote31,baseline,CO_8ppdzq9U__000000000_000695000,Tamil,695.0000,4,4,0.0186,low (<=2.2%),False,82.9667,84.0981,9.5196,12.5674,15.7276,17.3046,22.5937,,,,,1320.0000,1591.0000,1338.0000,1591.0000,107.0000,1124.0000,49.4670,5.3610,27.1540,652.3400,pyannote31,whisper__pyannote31
whisper,pyannote31,baseline,Cku_X_SL7qU__000060000_000660000,Gujarati,600.0000,3,3,0.1022,high (>7.0%),False,100.0000,100.0000,48.4887,63.5277,53.3355,64.7289,52.8267,,,,,1778.0000,1778.0000,1778.0000,1778.0000,770.0000,1588.0000,112.5730,159.0050,43.7670,496.3900,pyannote31,whisper__pyannote31
whisper,pyannote31,baseline,DPmew0didIM__000191000_000512000,Telugu,321.0000,5,5+,0.0620,mid (2.2%-7.0%],False,95.7031,96.4844,48.7952,36.9418,55.6994,42.0756,62.3459,,,,,735.0000,768.0000,741.0000,768.0000,81.0000,166.0000,46.6660,29.1820,44.8040,326.6000,pyannote31,whisper__pyannote31
whisper,pyannote31,baseline,EmsKkNN2Me4__000035000_000095000,Malayalam,60.0000,2,2,0.0471,mid (2.2%-7.0%],False,100.0000,100.0000,41.8803,53.2174,61.4521,55.4277,62.3352,,,,,179.0000,179.0000,179.0000,179.0000,49.0000,117.0000,5.5710,6.9510,19.7650,60.6700,pyannote31,whisper__pyannote31
whisper,pyannote31,baseline,ExGJodnzocM__000212000_000527000,Devanagari (hi/mr),315.0000,4,4,0.0133,low (<=2.2%),False,46.3394,50.7321,4.4186,34.4776,45.3326,35.4281,46.6167,,,,,538.0000,1161.0000,589.0000,1161.0000,38.0000,860.0000,27.2090,10.2180,69.3570,309.7200,pyannote31,whisper__pyannote31
whisper,pyannote31,baseline,F2uXav-wriA__000000000_000907000,Devanagari (hi/mr),907.0000,4,4,0.0336,mid (2.2%-7.0%],False,40.9765,45.6058,6.6112,10.8368,15.1658,13.7773,18.9935,,,,,1133.0000,2765.0000,1261.0000,2765.0000,135.0000,2042.0000,51.5050,8.3470,39.0860,912.9800,pyannote31,whisper__pyannote31
whisper,pyannote31,baseline,FDMf9ApmoNU__000016000_000686000,Bengali,670.0000,4,4,0.0882,high (>7.0%),False,87.4850,89.1018,17.1821,36.5152,39.2917,40.6855,43.3495,,,,,1461.0000,1670.0000,1488.0000,1670.0000,100.0000,582.0000,113.9270,70.1920,45.9340,630.0200,pyannote31,whisper__pyannote31
whisper,pyannote31,baseline,G6qzg93FxwE__000021000_000116000,Gujarati,95.0000,2,2,0.0061,low (<=2.2%),False,82.0225,85.7678,21.7391,6.7849,7.9137,6.7849,7.9137,,,,,219.0000,267.0000,229.0000,267.0000,15.0000,69.0000,4.0500,1.9250,0.3370,93.0300,pyannote31,whisper__pyannote31
whisper,pyannote31,baseline,GEc_sS2KWo8__000096000_000290000,Gujarati,194.0000,4,4,0.0378,mid (2.2%-7.0%],False,91.3127,93.4363,23.5294,33.9776,65.5401,34.6239,64.9231,,,,,473.0000,518.0000,484.0000,518.0000,36.0000,153.0000,29.4890,12.4930,9.0150,150.0900,pyannote31,whisper__pyannote31
whisper,pyannote31,baseline,GfFLEIAAumk__000090000_000163000,Bengali,73.0000,2,2,0.0285,mid (2.2%-7.0%],False,92.5926,93.0556,11.6667,14.4965,19.2887,14.4965,18.6336,,,,,200.0000,216.0000,201.0000,216.0000,7.0000,60.0000,3.8680,1.9790,4.8210,73.5900,pyannote31,whisper__pyannote31
whisper,pyannote31,baseline,Gq45evw6ytY__000597000_001464000,Odia,867.0000,3,3,0.0869,high (>7.0%),False,100.0000,100.0000,62.1037,35.2810,37.3061,36.1942,37.2368,,,,,2740.0000,2740.0000,2740.0000,2740.0000,431.0000,694.0000,114.7960,71.5010,126.5010,886.5900,pyannote31,whisper__pyannote31
whisper,pyannote31,baseline,HZv_WvIr6lE__000021000_000105000,Tamil,84.0000,3,3,0.1276,high (>7.0%),False,75.0000,79.2308,12.8205,26.7378,28.3632,29.7052,27.1091,,,,,195.0000,260.0000,206.0000,260.0000,25.0000,195.0000,6.8810,9.8180,7.9720,92.2700,pyannote31,whisper__pyannote31
whisper,pyannote31,baseline,HpYG46tGyYs__000103000_000998000,Devanagari (hi/mr),895.0000,4,4,0.0022,low (<=2.2%),False,43.1034,43.6520,1.7849,8.9450,10.5098,8.9450,10.4347,,,,,1100.0000,2552.0000,1114.0000,2552.0000,37.0000,2073.0000,29.9200,35.3400,11.7770,861.2300,pyannote31,whisper__pyannote31
whisper,pyannote31,baseline,IAm1rt-MYcA__000004000_000558000,Bengali,554.0000,4,4,0.0445,mid (2.2%-7.0%],False,89.8697,90.4028,9.1418,32.7225,38.9283,34.5402,40.1838,,,,,1517.0000,1688.0000,1526.0000,1688.0000,49.0000,536.0000,69.8790,53.8490,53.5070,541.6300,pyannote31,whisper__pyannote31
whisper,pyannote31,baseline,Iare1Emeueg__000016000_000069000,Devanagari (hi/mr),53.0000,2,2,0.0000,low (<=2.2%),False,61.8705,64.0288,14.4578,54.2857,48.9915,57.9912,54.5812,,,,,86.0000,139.0000,89.0000,139.0000,12.0000,83.0000,15.6780,6.6250,1.1810,43.2600,pyannote31,whisper__pyannote31
whisper,pyannote31,baseline,IfTL8SSN270__000062000_000671000,Devanagari (hi/mr),609.0000,4,4,0.1121,high (>7.0%),False,50.9485,52.0777,4.4901,29.3426,32.6175,32.4053,33.4754,,,,,1128.0000,2214.0000,1153.0000,2214.0000,59.0000,1314.0000,83.3010,54.8030,56.6900,663.8600,pyannote31,whisper__pyannote31
whisper,pyannote31,baseline,Ig6szCD8m20__000046000_000106000,Devanagari (hi/mr),60.0000,2,2,0.0204,low (<=2.2%),False,78.7565,82.3834,5.0562,25.1057,34.8921,24.8792,34.5279,,,,,152.0000,193.0000,159.0000,193.0000,9.0000,178.0000,1.8980,2.9830,10.0770,59.5800,pyannote31,whisper__pyannote31
whisper,pyannote31,baseline,Iqhnt8ENm3U__000027000_000088000,Devanagari (hi/mr),61.0000,3,3,0.1772,high (>7.0%),False,92.6554,94.3503,40.0000,72.2476,77.4364,73.5532,78.8393,,,,,164.0000,177.0000,167.0000,177.0000,16.0000,40.0000,15.9540,4.8310,27.3030,66.5600,pyannote31,whisper__pyannote31
whisper,pyannote31,baseline,J4-VpEkBzWw__000000000_000600000,Kannada,600.0000,7,5+,0.0685,mid (2.2%-7.0%],False,97.1005,97.3582,30.7692,8.7034,9.8341,18.6578,23.1422,,,,,1507.0000,1552.0000,1511.0000,1552.0000,108.0000,351.0000,27.0970,10.9350,17.3400,636.2100,pyannote31,whisper__pyannote31
whisper,pyannote31,baseline,JBYGLQJwFDc__000103000_000407000,Tamil,304.0000,3,3,0.0120,low (<=2.2%),False,84.8529,85.7353,13.5135,48.8440,67.7456,47.0069,65.9041,,,,,577.0000,680.0000,583.0000,680.0000,55.0000,407.0000,48.3510,32.7810,46.1700,260.6300,pyannote31,whisper__pyannote31
whisper,pyannote31,baseline,JSB1CeS4pP8__000000000_000632000,Punjabi,632.0000,4,4,0.0880,high (>7.0%),False,94.1092,94.4923,24.6106,13.4055,15.4406,19.0214,21.7143,,,,,1965.0000,2088.0000,1973.0000,2088.0000,158.0000,642.0000,51.9340,17.6610,17.8810,652.5400,pyannote31,whisper__pyannote31
whisper,pyannote31,baseline,Jc5AVwg2cZM__000153000_000214000,Devanagari (hi/mr),61.0000,3,3,0.2816,high (>7.0%),False,85.4651,88.9535,18.1818,77.6408,68.6414,84.9386,73.4171,,,,,147.0000,172.0000,153.0000,172.0000,16.0000,88.0000,17.2340,17.6740,13.7650,62.6900,pyannote31,whisper__pyannote31
whisper,pyannote31,baseline,KAtdcDieQMw__000057000_000599000,Odia,542.0000,3,3,0.1073,high (>7.0%),False,100.0000,100.0000,52.5232,19.5090,23.2327,27.3267,32.7389,,,,,1742.0000,1742.0000,1742.0000,1742.0000,510.0000,971.0000,67.2530,14.9700,31.2940,581.8700,pyannote31,whisper__pyannote31
whisper,pyannote31,baseline,KPkRi3GM7fs__000047000_000642000,Odia,595.0000,3,3,0.0031,low (<=2.2%),False,100.0000,100.0000,67.3333,12.6852,14.9579,15.4598,19.7104,,,,,1773.0000,1773.0000,1773.0000,1773.0000,303.0000,450.0000,42.2800,15.0490,15.8950,577.2400,pyannote31,whisper__pyannote31
whisper,pyannote31,baseline,Kdi-ECuOaKg__000002000_000078000,Malayalam,76.0000,6,5+,0.0000,low (<=2.2%),False,118.6813,136.2637,37.3626,95.9473,79.0042,95.9908,79.1002,,,,,108.0000,91.0000,124.0000,91.0000,34.0000,91.0000,14.6570,16.5360,6.3320,39.1100,pyannote31,whisper__pyannote31
whisper,pyannote31,baseline,L7xRazDdtgw__000019000_000083000,Gujarati,64.0000,3,3,0.0012,low (<=2.2%),False,62.7451,84.3137,35.6164,88.5681,77.7895,91.6686,83.4005,,,,,64.0000,102.0000,86.0000,102.0000,26.0000,73.0000,13.2660,7.4360,17.0900,42.6700,pyannote31,whisper__pyannote31
whisper,pyannote31,baseline,LBIWBxQ5H1s__000090000_001020000,Malayalam,930.0000,4,4,0.0724,high (>7.0%),False,99.9592,99.9592,72.7634,37.0501,42.2803,40.7543,45.8358,,,,,2451.0000,2452.0000,2451.0000,2452.0000,366.0000,503.0000,122.2490,86.4100,147.7440,961.9500,pyannote31,whisper__pyannote31
whisper,pyannote31,baseline,LK23jX9tgZM__000059000_000221000,Gujarati,162.0000,3,3,0.1712,high (>7.0%),False,93.6131,94.3431,29.0598,31.7586,54.6427,33.0417,53.7656,,,,,513.0000,548.0000,517.0000,548.0000,34.0000,117.0000,35.2140,9.6140,12.0230,179.0100,pyannote31,whisper__pyannote31
whisper,pyannote31,baseline,LctYmmr9-Vg__000000000_000061000,Devanagari (hi/mr),61.0000,2,2,0.0000,low (<=2.2%),False,86.3309,85.6115,3.6145,15.7158,15.6575,26.6834,34.1945,,,,,120.0000,139.0000,119.0000,139.0000,3.0000,83.0000,7.3690,0.1510,0.0000,47.8500,pyannote31,whisper__pyannote31
whisper,pyannote31,baseline,LqQHdo7t5Ps__000198000_000498000,Devanagari (hi/mr),300.0000,3,3,0.0019,low (<=2.2%),False,84.2486,84.8266,4.1485,15.7879,24.4666,15.7763,24.4062,,,,,583.0000,692.0000,587.0000,692.0000,19.0000,458.0000,8.9150,7.0890,30.3540,293.6300,pyannote31,whisper__pyannote31
whisper,pyannote31,baseline,Md3p6RTanBg__000315000_000426000,Bengali,111.0000,3,3,0.0528,mid (2.2%-7.0%],False,83.5570,83.5570,6.5421,5.1484,4.8286,8.9551,8.4201,,,,,249.0000,298.0000,249.0000,298.0000,7.0000,107.0000,4.6970,1.1320,0.0000,113.2200,pyannote31,whisper__pyannote31
whisper,pyannote31,baseline,MmtWBUK2DKE__000000000_000310000,Devanagari (hi/mr),310.0000,5,5+,0.0432,mid (2.2%-7.0%],False,46.6297,48.8458,3.7760,8.7164,28.5830,11.2729,31.3977,,,,,505.0000,1083.0000,529.0000,1083.0000,29.0000,768.0000,13.5220,6.5900,6.6080,306.5500,pyannote31,whisper__pyannote31
whisper,pyannote31,baseline,NLgHpYyf5bY__000313000_000383000,Devanagari (hi/mr),70.0000,2,2,0.0097,low (<=2.2%),False,55.0000,55.8333,0.6944,21.1932,36.2465,20.2874,34.2394,,,,,132.0000,240.0000,134.0000,240.0000,1.0000,144.0000,5.1080,2.2150,7.2770,68.8900,pyannote31,whisper__pyannote31
whisper,pyannote31,baseline,NuhdqCEuIBo__000197000_000540000,Punjabi,343.0000,3,3,0.0562,mid (2.2%-7.0%],False,94.5215,94.7407,25.0000,22.2323,33.6919,23.9345,33.8347,,,,,1294.0000,1369.0000,1297.0000,1369.0000,78.0000,312.0000,27.0860,18.9030,33.0180,355.3700,pyannote31,whisper__pyannote31
whisper,pyannote31,baseline,O4_aeGFzZ8A__000000000_000335000,Kannada,335.0000,8,5+,0.0004,low (<=2.2%),False,96.2963,96.2963,31.2253,14.9567,16.3028,17.4679,15.1243,,,,,676.0000,702.0000,676.0000,702.0000,79.0000,253.0000,26.8330,20.9160,0.3920,321.8700,pyannote31,whisper__pyannote31
whisper,pyannote31,baseline,OXUt5KnlUMo__000091000_000181000,Odia,90.0000,2,2,0.0000,low (<=2.2%),False,100.0000,100.0000,12.0930,29.3262,42.8562,28.1267,42.0416,,,,,248.0000,248.0000,248.0000,248.0000,26.0000,215.0000,6.4090,3.6200,15.3000,86.3700,pyannote31,whisper__pyannote31
whisper,pyannote31,baseline,OxYCBQKZ3iY__000000000_001822000,Punjabi,1822.0000,7,5+,0.0659,mid (2.2%-7.0%],False,95.3484,95.8371,41.0569,31.0498,39.3142,40.7762,50.3592,,,,,5268.0000,5525.0000,5295.0000,5525.0000,606.0000,1476.0000,142.9350,81.2580,305.6010,1706.2700,pyannote31,whisper__pyannote31
whisper,pyannote31,baseline,PCUA2q2C-2A__000045000_000107000,Devanagari (hi/mr),62.0000,3,3,0.0063,low (<=2.2%),False,87.6623,87.6623,0.0000,4.5676,6.6937,4.5676,6.1890,,,,,135.0000,154.0000,135.0000,154.0000,0.0000,119.0000,1.1610,1.5900,0.0220,60.7100,pyannote31,whisper__pyannote31
whisper,pyannote31,baseline,PEDfT9-Yf2o__000000000_000469000,Bengali,469.0000,3,3,0.0110,low (<=2.2%),False,88.1066,88.3920,7.1839,6.1331,7.9750,9.7099,14.3366,,,,,926.0000,1051.0000,929.0000,1051.0000,25.0000,348.0000,13.6510,2.6000,8.4410,402.6000,pyannote31,whisper__pyannote31
whisper,pyannote31,baseline,PQB3-4sZUeY__000000000_001132000,Telugu,1132.0000,4,4,0.1069,high (>7.0%),False,94.7751,95.8003,41.3093,34.1657,46.8812,41.2167,53.2039,,,,,2866.0000,3024.0000,2897.0000,3024.0000,366.0000,886.0000,91.0530,54.5790,240.3860,1129.8400,pyannote31,whisper__pyannote31
whisper,pyannote31,baseline,PRAzUz0GANs__000223000_000283000,Kannada,60.0000,2,2,0.0822,high (>7.0%),False,98.4536,98.9691,66.6667,38.5664,49.6199,39.0129,47.9571,,,,,191.0000,194.0000,192.0000,194.0000,14.0000,21.0000,6.2920,5.1080,12.7850,62.7100,pyannote31,whisper__pyannote31
whisper,pyannote31,baseline,PSIzXy5-y2E__000002000_000918000,Devanagari (hi/mr),916.0000,3,3,0.0434,mid (2.2%-7.0%],False,100.0000,103.0645,48.9270,32.2778,30.1979,32.9612,30.2838,,,,,2480.0000,2480.0000,2556.0000,2480.0000,912.0000,1864.0000,152.6180,77.1650,57.4250,889.8000,pyannote31,whisper__pyannote31
whisper,pyannote31,baseline,PVDfS7lcJHY__000000000_000360000,Kannada,360.0000,6,5+,0.1127,high (>7.0%),False,97.1042,97.2973,45.1883,22.1505,29.8449,34.7788,47.1654,,,,,1006.0000,1036.0000,1008.0000,1036.0000,108.0000,239.0000,34.6890,13.2250,37.2700,384.5700,pyannote31,whisper__pyannote31
whisper,pyannote31,baseline,Pjre5dpnKGA__000000000_000330000,Kannada,330.0000,4,4,0.0933,high (>7.0%),False,98.0494,98.1795,34.8718,22.1998,44.7925,29.5117,51.9151,,,,,754.0000,769.0000,755.0000,769.0000,68.0000,195.0000,24.4840,13.9590,36.0750,335.6700,pyannote31,whisper__pyannote31
whisper,pyannote31,baseline,QhpjuNTZoA8__000000000_000586000,Kannada,586.0000,3,3,0.0512,mid (2.2%-7.0%],False,96.3740,97.4555,37.7232,32.5650,50.4342,34.5898,52.1813,,,,,1515.0000,1572.0000,1532.0000,1572.0000,169.0000,448.0000,39.7620,10.1270,149.2430,611.4900,pyannote31,whisper__pyannote31
whisper,pyannote31,baseline,QuA_B6IZ6Ls__000061000_001863000,Devanagari (hi/mr),1802.0000,4,4,0.3694,high (>7.0%),False,55.0565,58.3271,8.9587,47.8408,39.1046,48.1559,39.5028,,,,,3653.0000,6635.0000,3870.0000,6635.0000,351.0000,3918.0000,959.4620,109.2840,224.8540,2703.9700,pyannote31,whisper__pyannote31
whisper,pyannote31,baseline,RL2fhIEEbZg__000000000_000065000,Telugu,65.0000,3,3,0.0563,mid (2.2%-7.0%],False,96.9512,96.9512,10.8696,14.2279,43.2578,21.4617,52.8485,,,,,159.0000,164.0000,159.0000,164.0000,5.0000,46.0000,3.3480,0.8920,5.0750,65.4700,pyannote31,whisper__pyannote31
whisper,pyannote31,baseline,RL2fhIEEbZg__000066000_001034000,Telugu,968.0000,3,3,0.0719,high (>7.0%),False,96.1868,96.4202,26.1324,28.3998,31.7081,31.2393,32.9072,,,,,2472.0000,2570.0000,2478.0000,2570.0000,150.0000,574.0000,115.2460,80.9310,91.4990,1012.9500,pyannote31,whisper__pyannote31
whisper,pyannote31,baseline,RWTmftezCwI__000000000_000060000,Malayalam,60.0000,2,2,0.0244,mid (2.2%-7.0%],False,100.0000,100.0000,47.8261,14.0955,15.5870,24.0972,34.3401,,,,,119.0000,119.0000,119.0000,119.0000,11.0000,23.0000,5.7510,2.2670,0.1630,58.0400,pyannote31,whisper__pyannote31
whisper,pyannote31,baseline,RZUZyvRzi80__000000000_000336000,Punjabi,336.0000,4,4,0.0001,low (<=2.2%),False,93.0876,93.8249,19.2308,2.2160,2.4239,2.2160,2.4239,,,,,1010.0000,1085.0000,1018.0000,1085.0000,50.0000,260.0000,3.5610,2.8750,0.7360,323.6400,pyannote31,whisper__pyannote31
whisper,pyannote31,baseline,SZ7ay4OjfAE__000000000_000897000,Telugu,897.0000,5,5+,0.1794,high (>7.0%),False,97.1283,97.4988,54.2117,37.4261,51.8001,45.1137,61.1913,,,,,2097.0000,2159.0000,2105.0000,2159.0000,251.0000,463.0000,132.7160,34.1420,211.7370,1011.5800,pyannote31,whisper__pyannote31
whisper,pyannote31,baseline,T3I2T-cfhG4__000160000_000210000,Devanagari (hi/mr),50.0000,2,2,0.0000,low (<=2.2%),False,94.8276,94.8276,22.2222,12.5548,14.2157,19.9489,25.7385,,,,,110.0000,116.0000,110.0000,116.0000,18.0000,81.0000,1.9800,3.0200,0.8970,46.9700,pyannote31,whisper__pyannote31
whisper,pyannote31,baseline,TU3M6wSQV_g__000099000_000171000,Telugu,72.0000,2,2,0.0451,mid (2.2%-7.0%],False,95.8333,96.7593,22.9167,23.3924,46.9092,22.8625,48.0722,,,,,207.0000,216.0000,209.0000,216.0000,11.0000,48.0000,3.7000,4.1930,9.5460,74.5500,pyannote31,whisper__pyannote31
whisper,pyannote31,baseline,Tlha36rSd5o__000240000_000374000,Tamil,134.0000,2,2,0.0000,low (<=2.2%),False,83.0189,83.0189,5.7971,16.9273,13.9174,16.1805,11.5999,,,,,264.0000,318.0000,264.0000,318.0000,12.0000,207.0000,12.3840,7.8530,0.9340,125.0700,pyannote31,whisper__pyannote31
whisper,pyannote31,baseline,TrPnW5kLAyQ__000093000_000513000,Devanagari (hi/mr),420.0000,4,4,0.0501,mid (2.2%-7.0%],False,88.6260,88.8990,6.9971,23.4346,26.1312,26.7255,30.4937,,,,,974.0000,1099.0000,977.0000,1099.0000,48.0000,686.0000,61.1570,21.6280,9.6950,394.6300,pyannote31,whisper__pyannote31
whisper,pyannote31,baseline,U_EHjxThUgc__000181000_000289000,Bengali,108.0000,3,3,0.0529,mid (2.2%-7.0%],False,92.3077,92.3077,7.2464,15.1323,18.4213,21.6151,31.3983,,,,,276.0000,299.0000,276.0000,299.0000,5.0000,69.0000,7.4260,4.6940,4.8660,112.2500,pyannote31,whisper__pyannote31
whisper,pyannote31,baseline,VHlIFsHPWbk__000023000_000470000,Odia,447.0000,4,4,0.0269,mid (2.2%-7.0%],False,100.0000,100.0000,54.6392,9.6252,12.8717,16.0542,24.5417,,,,,1329.0000,1329.0000,1329.0000,1329.0000,159.0000,291.0000,14.7750,11.8520,16.5690,448.7800,pyannote31,whisper__pyannote31
whisper,pyannote31,baseline,VKY0uuZ6Om8__000575000_000935000,Devanagari (hi/mr),360.0000,3,3,0.1718,high (>7.0%),False,88.6722,89.1365,14.1414,39.1258,47.8105,40.3238,45.8479,,,,,955.0000,1077.0000,960.0000,1077.0000,84.0000,594.0000,75.2310,39.0420,49.8090,419.3700,pyannote31,whisper__pyannote31
whisper,pyannote31,baseline,VY_4x1scS-Y__000013000_000121000,Tamil,108.0000,4,4,0.0427,mid (2.2%-7.0%],False,86.6071,88.9881,17.2414,32.5891,39.3740,29.5748,36.0074,,,,,291.0000,336.0000,299.0000,336.0000,30.0000,174.0000,8.3650,4.6510,23.0830,110.7700,pyannote31,whisper__pyannote31
whisper,pyannote31,rule,0AEEA8NyVwY__000011000_000609000,Devanagari (hi/mr),598.0000,3,3,0.0047,low (<=2.2%),False,79.5199,79.7449,3.4483,15.8474,16.5740,15.9252,16.6855,24.0000,1.0000,5.0000,False,1060.0000,1333.0000,1063.0000,1333.0000,35.0000,1015.0000,67.9790,15.6650,5.7670,564.2000,whisper__pyannote31+rule,whisper__pyannote31
whisper,pyannote31,rule,0SoItGfM_sY__000007000_000088000,Kannada,81.0000,5,5+,0.0000,low (<=2.2%),False,91.5152,93.3333,16.2162,45.1824,72.2008,45.1824,72.2008,5.0000,0.0000,0.0000,False,151.0000,165.0000,154.0000,165.0000,12.0000,74.0000,10.5540,8.0640,12.9600,69.8900,whisper__pyannote31+rule,whisper__pyannote31
whisper,pyannote31,rule,0VEwL9XZ0LY__000261000_000557000,Devanagari (hi/mr),296.0000,2,2,0.0355,mid (2.2%-7.0%],False,79.0378,79.8396,3.7090,20.3104,21.0992,20.5433,21.5249,16.0000,2.0000,3.0000,False,690.0000,873.0000,697.0000,873.0000,26.0000,701.0000,30.2120,17.0440,11.5080,289.3300,whisper__pyannote31+rule,whisper__pyannote31
whisper,pyannote31,rule,0esIFSOAcFs__000000000_000913000,Gujarati,913.0000,3,3,0.0232,mid (2.2%-7.0%],False,86.2082,86.6084,9.6503,8.5980,11.1141,8.5980,11.1141,15.0000,0.0000,0.0000,False,2369.0000,2748.0000,2380.0000,2748.0000,69.0000,715.0000,43.3470,4.6690,31.5650,925.5800,whisper__pyannote31+rule,whisper__pyannote31
whisper,pyannote31,rule,0p6cktLGIfY__000012000_000930000,Gujarati,918.0000,6,5+,0.0329,mid (2.2%-7.0%],False,89.8325,90.9622,16.9355,43.6649,59.6649,43.5007,59.5904,31.0000,1.0000,2.0000,False,2306.0000,2567.0000,2335.0000,2567.0000,105.0000,620.0000,134.0050,113.4210,115.5600,831.3000,whisper__pyannote31+rule,whisper__pyannote31
whisper,pyannote31,rule,13VBh0Z6QmE__000000000_000904000,Tamil,904.0000,4,4,0.0290,mid (2.2%-7.0%],False,74.0696,76.9908,10.3349,13.9139,20.2677,12.2439,16.9197,107.0000,18.0000,30.0000,False,1851.0000,2499.0000,1924.0000,2499.0000,179.0000,1732.0000,39.5210,10.5800,73.3260,887.0800,whisper__pyannote31+rule,whisper__pyannote31
whisper,pyannote31,rule,1LFl5JEipII__000000000_000597000,Bengali,597.0000,5,5+,0.1006,high (>7.0%),False,88.9937,91.1950,39.0288,39.5603,54.7281,38.7205,54.1516,56.0000,7.0000,11.0000,False,1415.0000,1590.0000,1450.0000,1590.0000,217.0000,556.0000,38.1100,30.3350,165.6410,591.7200,whisper__pyannote31+rule,whisper__pyannote31
whisper,pyannote31,rule,2HGP34TNvjg__000084000_000194000,Odia,110.0000,2,2,0.0128,low (<=2.2%),False,100.0000,100.0000,36.0996,34.7382,41.2523,34.2871,40.5722,14.0000,1.0000,2.0000,False,296.0000,296.0000,296.0000,296.0000,87.0000,241.0000,13.1630,7.2360,15.0270,101.9800,whisper__pyannote31+rule,whisper__pyannote31
whisper,pyannote31,rule,2LN6vb7EBn0__000098000_000394000,Tamil,296.0000,3,3,0.0238,mid (2.2%-7.0%],False,85.4860,87.0839,16.0671,30.9318,35.4024,30.8230,35.2602,29.0000,1.0000,2.0000,False,642.0000,751.0000,654.0000,751.0000,67.0000,417.0000,28.4740,24.3270,35.9330,286.8700,whisper__pyannote31+rule,whisper__pyannote31
whisper,pyannote31,rule,2T4pjueLrsk__000677000_001290000,Gujarati,613.0000,4,4,0.0342,mid (2.2%-7.0%],False,100.0000,100.0000,69.0173,44.1176,60.0165,44.5506,60.4137,177.0000,40.0000,84.0000,False,2314.0000,2314.0000,2314.0000,2314.0000,1194.0000,1730.0000,108.0970,59.6910,72.0440,543.6200,whisper__pyannote31+rule,whisper__pyannote31
whisper,pyannote31,rule,2gGHQgj9yno__000000000_000099000,Gujarati,99.0000,4,4,0.0798,high (>7.0%),False,94.3860,94.3860,21.5686,40.9685,69.4207,40.9685,69.4207,6.0000,0.0000,0.0000,False,269.0000,285.0000,269.0000,285.0000,11.0000,51.0000,13.5670,9.2490,16.5220,96.0200,whisper__pyannote31+rule,whisper__pyannote31
whisper,pyannote31,rule,2iMXYxBTwbM__000339000_000401000,Devanagari (hi/mr),62.0000,3,3,0.1275,high (>7.0%),False,92.5532,93.6170,27.0492,82.3932,82.9235,81.2482,82.0965,16.0000,2.0000,3.0000,False,174.0000,188.0000,176.0000,188.0000,33.0000,122.0000,15.1770,14.5860,17.3000,57.1200,whisper__pyannote31+rule,whisper__pyannote31
whisper,pyannote31,rule,37dND_0r6S8__000060000_000222000,Tamil,162.0000,2,2,0.0896,high (>7.0%),False,85.2783,85.9964,12.2222,44.8474,52.6332,45.1946,53.4032,31.0000,8.0000,10.0000,False,475.0000,557.0000,479.0000,557.0000,33.0000,270.0000,18.0680,16.2060,41.4240,168.7900,whisper__pyannote31+rule,whisper__pyannote31
whisper,pyannote31,rule,4Qg2jWP6_T0__000136000_000202000,Punjabi,66.0000,3,3,0.2093,high (>7.0%),False,97.3684,98.1203,70.0000,81.7090,81.4943,81.7090,81.4943,9.0000,0.0000,0.0000,False,259.0000,266.0000,261.0000,266.0000,56.0000,80.0000,14.4860,10.7350,32.2940,70.3900,whisper__pyannote31+rule,whisper__pyannote31
whisper,pyannote31,rule,6-726qTlYeg__000102000_000162000,Malayalam,60.0000,2,2,0.1610,high (>7.0%),False,99.5327,99.5327,21.0526,52.5657,53.8232,52.5657,53.8232,6.0000,0.0000,0.0000,False,213.0000,214.0000,213.0000,214.0000,8.0000,38.0000,8.1050,9.6140,18.8930,69.6500,whisper__pyannote31+rule,whisper__pyannote31
whisper,pyannote31,rule,6ZeRgvDHwcI__000006000_000100000,Gujarati,94.0000,2,2,0.0125,low (<=2.2%),False,82.0106,82.0106,8.8608,64.4976,60.3191,64.4976,60.3191,6.0000,0.0000,0.0000,False,155.0000,189.0000,155.0000,189.0000,7.0000,79.0000,24.9480,9.2890,6.5900,63.3000,whisper__pyannote31+rule,whisper__pyannote31
whisper,pyannote31,rule,6f6TLzlP8Wk__000082000_000144000,Punjabi,62.0000,2,2,0.0510,mid (2.2%-7.0%],False,95.7627,96.6102,22.5806,56.9638,59.3349,56.9638,59.3349,7.0000,0.0000,0.0000,False,226.0000,236.0000,228.0000,236.0000,7.0000,31.0000,6.9050,9.0200,17.6210,58.8900,whisper__pyannote31+rule,whisper__pyannote31
whisper,pyannote31,rule,7L4gi7Ncc0s__000090000_000148000,Malayalam,58.0000,2,2,0.0000,low (<=2.2%),False,100.0000,100.0000,9.8361,15.8631,23.6233,15.8631,23.6233,2.0000,0.0000,0.0000,False,125.0000,125.0000,125.0000,125.0000,6.0000,61.0000,3.4660,2.3200,3.0450,55.6700,whisper__pyannote31+rule,whisper__pyannote31
whisper,pyannote31,rule,7WhVNRHbjIY__000091000_001089000,Tamil,998.0000,5,5+,0.0133,low (<=2.2%),False,76.7929,77.1555,2.5559,11.6094,16.8729,11.6738,16.9902,38.0000,3.0000,7.0000,False,1906.0000,2482.0000,1915.0000,2482.0000,40.0000,1565.0000,25.0620,27.9400,62.7070,996.6800,whisper__pyannote31+rule,whisper__pyannote31
whisper,pyannote31,rule,7YfsQPYY-W0__000351000_000411000,Odia,60.0000,2,2,0.1219,high (>7.0%),False,100.0000,100.0000,59.4595,58.6646,62.5126,58.6646,62.5126,4.0000,0.0000,0.0000,False,208.0000,208.0000,208.0000,208.0000,22.0000,37.0000,9.5790,7.1090,21.0040,64.2500,whisper__pyannote31+rule,whisper__pyannote31
whisper,pyannote31,rule,7c9ePKgqams__000299000_000869000,Telugu,570.0000,4,4,0.0055,low (<=2.2%),False,96.7148,96.8463,21.3740,33.9028,60.6449,34.3949,60.9525,28.0000,1.0000,1.0000,False,1472.0000,1522.0000,1474.0000,1522.0000,56.0000,262.0000,35.9880,19.3630,132.2400,553.3200,whisper__pyannote31+rule,whisper__pyannote31
whisper,pyannote31,rule,7k-xDqNjESc__000073000_000981000,Malayalam,908.0000,4,4,0.0421,mid (2.2%-7.0%],False,99.9553,99.9553,27.8119,35.6193,67.7374,35.5855,67.7025,48.0000,2.0000,2.0000,False,2238.0000,2239.0000,2238.0000,2239.0000,136.0000,489.0000,117.5840,53.7710,148.3600,897.5900,whisper__pyannote31+rule,whisper__pyannote31
whisper,pyannote31,rule,83gP2vLH7UY__000255000_002005000,Devanagari (hi/mr),1750.0000,5,5+,0.2022,high (>7.0%),False,90.4811,91.1192,15.2239,33.4876,32.4179,33.4596,32.3927,66.0000,6.0000,11.0000,False,5247.0000,5799.0000,5284.0000,5799.0000,357.0000,2345.0000,272.5080,194.1510,217.7000,2043.6200,whisper__pyannote31+rule,whisper__pyannote31
whisper,pyannote31,rule,86mMTUeDiR8__000181000_001079000,Bengali,898.0000,5,5+,0.0517,mid (2.2%-7.0%],False,93.3138,94.5675,40.3454,56.8834,66.9048,56.5455,66.4863,53.0000,5.0000,12.0000,False,2233.0000,2393.0000,2263.0000,2393.0000,257.0000,637.0000,152.1350,113.0060,203.0950,823.1500,whisper__pyannote31+rule,whisper__pyannote31
whisper,pyannote31,rule,87Zbup3ohcw__000106000_000445000,Tamil,339.0000,4,4,0.0152,low (<=2.2%),False,62.2163,66.0881,5.0881,24.9118,40.0060,22.2867,34.8171,13.0000,1.0000,1.0000,False,466.0000,749.0000,495.0000,749.0000,26.0000,511.0000,36.8060,17.7920,25.1570,320.1500,whisper__pyannote31+rule,whisper__pyannote31
whisper,pyannote31,rule,8Ve4SWhlrrA__000000000_000070000,Odia,70.0000,2,2,0.0000,low (<=2.2%),False,100.0000,100.0000,3.7383,8.0693,53.9211,8.0693,53.9211,2.0000,0.0000,0.0000,False,133.0000,133.0000,133.0000,133.0000,4.0000,107.0000,3.0680,0.0260,2.0550,63.8100,whisper__pyannote31+rule,whisper__pyannote31
whisper,pyannote31,rule,8mvORuRHw2U__000000000_001197000,Gujarati,1197.0000,4,4,0.0417,mid (2.2%-7.0%],False,88.1443,88.4880,12.2407,19.5205,21.9573,19.4756,21.9125,40.0000,1.0000,1.0000,False,3078.0000,3492.0000,3090.0000,3492.0000,118.0000,964.0000,99.9830,42.6110,83.7110,1159.3200,whisper__pyannote31+rule,whisper__pyannote31
whisper,pyannote31,rule,8o7jKmq6HsM__000030000_001770000,Devanagari (hi/mr),1740.0000,6,5+,0.0471,mid (2.2%-7.0%],False,91.0542,91.3823,9.2627,16.8972,14.5227,16.8120,14.3138,81.0000,6.0000,10.0000,False,4163.0000,4572.0000,4178.0000,4572.0000,250.0000,2699.0000,115.6530,110.2780,72.6860,1767.2600,whisper__pyannote31+rule,whisper__pyannote31
whisper,pyannote31,rule,8pkp-lpMJP0__000326000_000926000,Telugu,600.0000,8,5+,0.2032,high (>7.0%),False,97.3290,98.0456,50.8065,45.7890,70.6612,45.2171,70.2366,62.0000,8.0000,14.0000,False,1494.0000,1535.0000,1505.0000,1535.0000,189.0000,372.0000,99.7040,33.5850,185.6220,696.4800,whisper__pyannote31+rule,whisper__pyannote31
whisper,pyannote31,rule,8r2Nltl0W4o__000259000_000320000,Punjabi,61.0000,2,2,0.0227,mid (2.2%-7.0%],False,95.2569,96.4427,17.3077,18.0628,57.4832,18.0628,57.4832,3.0000,0.0000,0.0000,False,241.0000,253.0000,244.0000,253.0000,9.0000,52.0000,3.7480,2.0360,5.2000,60.8100,whisper__pyannote31+rule,whisper__pyannote31
whisper,pyannote31,rule,90uAd6xpTPo__000016000_000408000,Devanagari (hi/mr),392.0000,4,4,0.0067,low (<=2.2%),False,52.8878,53.7129,2.2819,11.7819,15.1545,11.2088,14.0180,12.0000,1.0000,3.0000,False,641.0000,1212.0000,651.0000,1212.0000,17.0000,745.0000,9.3160,13.1440,20.6310,365.7400,whisper__pyannote31+rule,whisper__pyannote31
whisper,pyannote31,rule,9Aw8kg8w5Xo__000000000_000083000,Telugu,83.0000,4,4,0.0216,low (<=2.2%),False,89.9497,89.9497,4.9505,9.7411,54.5328,8.4599,53.3245,6.0000,1.0000,1.0000,False,179.0000,199.0000,179.0000,199.0000,5.0000,101.0000,3.7600,1.6490,2.5670,81.8800,whisper__pyannote31+rule,whisper__pyannote31
whisper,pyannote31,rule,9_GMxc_JjyI__000236000_000368000,Kannada,132.0000,2,2,0.0602,mid (2.2%-7.0%],False,95.6873,97.8437,16.0428,23.2010,55.4161,23.2010,55.4161,7.0000,0.0000,0.0000,False,355.0000,371.0000,363.0000,371.0000,30.0000,187.0000,11.6670,10.6040,9.6930,137.7700,whisper__pyannote31+rule,whisper__pyannote31
whisper,pyannote31,rule,ARCKJrGkITw__000014000_000496000,Telugu,482.0000,3,3,0.0844,high (>7.0%),False,95.8545,96.1455,29.6667,35.1950,41.3931,35.1184,41.2865,25.0000,1.0000,1.0000,False,1318.0000,1375.0000,1322.0000,1375.0000,89.0000,300.0000,49.0290,28.5990,100.6630,506.5800,whisper__pyannote31+rule,whisper__pyannote31
whisper,pyannote31,rule,ARZl7LT0UC0__000073000_000130000,Telugu,57.0000,3,3,0.0905,high (>7.0%),False,94.7712,94.7712,12.0000,38.7828,60.4275,38.7828,60.4275,4.0000,0.0000,0.0000,False,145.0000,153.0000,145.0000,153.0000,3.0000,25.0000,6.2140,2.9810,14.6370,61.4500,whisper__pyannote31+rule,whisper__pyannote31
whisper,pyannote31,rule,A_dohDOK6Ic__000000000_000600000,Devanagari (hi/mr),600.0000,3,3,0.0048,low (<=2.2%),False,50.1914,50.3007,0.2302,6.1942,6.2058,6.1942,6.2058,11.0000,0.0000,0.0000,False,918.0000,1829.0000,920.0000,1829.0000,3.0000,1303.0000,31.5930,2.7380,1.4850,578.2200,whisper__pyannote31+rule,whisper__pyannote31
whisper,pyannote31,rule,B2ScTgeIIck__000117000_000180000,Odia,63.0000,2,2,0.0879,high (>7.0%),False,127.5862,127.5862,36.2069,33.3473,34.4944,33.1312,34.0981,17.0000,5.0000,16.0000,False,222.0000,174.0000,222.0000,174.0000,63.0000,174.0000,10.1360,4.5180,7.5620,66.6200,whisper__pyannote31+rule,whisper__pyannote31
whisper,pyannote31,rule,BGAAfht5dYw__000000000_000612000,Gujarati,612.0000,4,4,0.1350,high (>7.0%),False,93.3967,95.2019,33.5958,28.8821,39.2052,28.8821,39.2052,36.0000,3.0000,3.0000,False,1966.0000,2105.0000,2004.0000,2105.0000,128.0000,381.0000,60.1300,13.6200,122.2500,678.6200,whisper__pyannote31+rule,whisper__pyannote31
whisper,pyannote31,rule,BYLcUGNB_zM__000020000_001387000,Kannada,1367.0000,4,4,0.0054,low (<=2.2%),False,94.9194,95.0106,5.6426,11.7124,15.2992,11.5680,15.0100,42.0000,2.0000,2.0000,False,3120.0000,3287.0000,3123.0000,3287.0000,54.0000,957.0000,51.5660,29.3010,75.0490,1331.2100,whisper__pyannote31+rule,whisper__pyannote31
whisper,pyannote31,rule,Bngfppo1QtA__000028000_000927000,Telugu,899.0000,5,5+,0.1261,high (>7.0%),False,95.1547,95.8876,37.1631,53.4706,54.8452,52.8599,53.8959,92.0000,6.0000,7.0000,False,2337.0000,2456.0000,2355.0000,2456.0000,262.0000,705.0000,154.6960,127.3890,254.1560,1002.8700,whisper__pyannote31+rule,whisper__pyannote31
whisper,pyannote31,rule,CO_8ppdzq9U__000000000_000695000,Tamil,695.0000,4,4,0.0186,low (<=2.2%),False,82.9667,84.2238,9.8754,17.1826,22.4013,17.3046,22.5937,76.0000,6.0000,10.0000,False,1320.0000,1591.0000,1340.0000,1591.0000,111.0000,1124.0000,49.4670,5.3610,57.2610,652.3400,whisper__pyannote31+rule,whisper__pyannote31
whisper,pyannote31,rule,Cku_X_SL7qU__000060000_000660000,Gujarati,600.0000,3,3,0.1022,high (>7.0%),False,100.0000,100.0000,49.3073,64.1157,51.9761,64.7289,52.8267,116.0000,27.0000,42.0000,False,1778.0000,1778.0000,1778.0000,1778.0000,783.0000,1588.0000,112.5730,159.0050,46.6860,496.3900,whisper__pyannote31+rule,whisper__pyannote31
whisper,pyannote31,rule,DPmew0didIM__000191000_000512000,Telugu,321.0000,5,5+,0.0620,mid (2.2%-7.0%],False,95.7031,96.4844,48.7952,42.0756,62.3459,42.0756,62.3459,20.0000,0.0000,0.0000,False,735.0000,768.0000,741.0000,768.0000,81.0000,166.0000,46.6660,29.1820,61.5710,326.6000,whisper__pyannote31+rule,whisper__pyannote31
whisper,pyannote31,rule,EmsKkNN2Me4__000035000_000095000,Malayalam,60.0000,2,2,0.0471,mid (2.2%-7.0%],False,100.0000,100.0000,47.8632,52.4658,60.6199,55.4277,62.3352,15.0000,6.0000,23.0000,False,179.0000,179.0000,179.0000,179.0000,56.0000,117.0000,5.5710,6.9510,19.3090,60.6700,whisper__pyannote31+rule,whisper__pyannote31
whisper,pyannote31,rule,ExGJodnzocM__000212000_000527000,Devanagari (hi/mr),315.0000,4,4,0.0133,low (<=2.2%),False,46.3394,50.7321,4.4186,35.4281,46.6167,35.4281,46.6167,31.0000,0.0000,0.0000,False,538.0000,1161.0000,589.0000,1161.0000,38.0000,860.0000,27.2090,10.2180,72.3010,309.7200,whisper__pyannote31+rule,whisper__pyannote31
whisper,pyannote31,rule,F2uXav-wriA__000000000_000907000,Devanagari (hi/mr),907.0000,4,4,0.0336,mid (2.2%-7.0%],False,40.9765,45.7505,6.6112,14.1121,19.5074,13.7773,18.9935,55.0000,4.0000,6.0000,False,1133.0000,2765.0000,1265.0000,2765.0000,135.0000,2042.0000,51.5050,8.3470,68.9890,912.9800,whisper__pyannote31+rule,whisper__pyannote31
whisper,pyannote31,rule,FDMf9ApmoNU__000016000_000686000,Bengali,670.0000,4,4,0.0882,high (>7.0%),False,87.4850,89.3413,18.3849,40.7884,43.5834,40.6855,43.3495,57.0000,5.0000,12.0000,False,1461.0000,1670.0000,1492.0000,1670.0000,107.0000,582.0000,113.9270,70.1920,72.8560,630.0200,whisper__pyannote31+rule,whisper__pyannote31
whisper,pyannote31,rule,G6qzg93FxwE__000021000_000116000,Gujarati,95.0000,2,2,0.0061,low (<=2.2%),False,82.0225,85.7678,21.7391,6.7849,7.9137,6.7849,7.9137,2.0000,0.0000,0.0000,False,219.0000,267.0000,229.0000,267.0000,15.0000,69.0000,4.0500,1.9250,0.3370,93.0300,whisper__pyannote31+rule,whisper__pyannote31
whisper,pyannote31,rule,GEc_sS2KWo8__000096000_000290000,Gujarati,194.0000,4,4,0.0378,mid (2.2%-7.0%],False,91.3127,93.4363,23.5294,34.6239,64.9231,34.6239,64.9231,6.0000,0.0000,0.0000,False,473.0000,518.0000,484.0000,518.0000,36.0000,153.0000,29.4890,12.4930,9.9850,150.0900,whisper__pyannote31+rule,whisper__pyannote31
whisper,pyannote31,rule,GfFLEIAAumk__000090000_000163000,Bengali,73.0000,2,2,0.0285,mid (2.2%-7.0%],False,92.5926,93.0556,11.6667,14.4965,18.6336,14.4965,18.6336,4.0000,0.0000,0.0000,False,200.0000,216.0000,201.0000,216.0000,7.0000,60.0000,3.8680,1.9790,4.8210,73.5900,whisper__pyannote31+rule,whisper__pyannote31
whisper,pyannote31,rule,Gq45evw6ytY__000597000_001464000,Odia,867.0000,3,3,0.0869,high (>7.0%),False,100.0000,100.0000,62.6801,35.9595,36.9782,36.1942,37.2368,49.0000,4.0000,11.0000,False,2740.0000,2740.0000,2740.0000,2740.0000,435.0000,694.0000,114.7960,71.5010,132.5160,886.5900,whisper__pyannote31+rule,whisper__pyannote31
whisper,pyannote31,rule,HZv_WvIr6lE__000021000_000105000,Tamil,84.0000,3,3,0.1276,high (>7.0%),False,75.0000,78.8462,12.8205,32.3052,30.5466,29.7052,27.1091,19.0000,4.0000,6.0000,False,195.0000,260.0000,205.0000,260.0000,25.0000,195.0000,6.8810,9.8180,13.1090,92.2700,whisper__pyannote31+rule,whisper__pyannote31
whisper,pyannote31,rule,HpYG46tGyYs__000103000_000998000,Devanagari (hi/mr),895.0000,4,4,0.0022,low (<=2.2%),False,43.1034,43.6520,1.7849,8.9450,10.4347,8.9450,10.4347,33.0000,0.0000,0.0000,False,1100.0000,2552.0000,1114.0000,2552.0000,37.0000,2073.0000,29.9200,35.3400,11.7770,861.2300,whisper__pyannote31+rule,whisper__pyannote31
whisper,pyannote31,rule,IAm1rt-MYcA__000004000_000558000,Bengali,554.0000,4,4,0.0445,mid (2.2%-7.0%],False,89.8697,90.4028,8.5821,34.6212,40.3944,34.5402,40.1838,25.0000,2.0000,5.0000,False,1517.0000,1688.0000,1526.0000,1688.0000,46.0000,536.0000,69.8790,53.8490,63.7910,541.6300,whisper__pyannote31+rule,whisper__pyannote31
whisper,pyannote31,rule,Iare1Emeueg__000016000_000069000,Devanagari (hi/mr),53.0000,2,2,0.0000,low (<=2.2%),False,61.8705,64.7482,14.4578,58.1438,54.7941,57.9912,54.5812,10.0000,1.0000,1.0000,False,86.0000,139.0000,90.0000,139.0000,12.0000,83.0000,15.6780,6.6250,2.8500,43.2600,whisper__pyannote31+rule,whisper__pyannote31
whisper,pyannote31,rule,IfTL8SSN270__000062000_000671000,Devanagari (hi/mr),609.0000,4,4,0.1121,high (>7.0%),False,50.9485,52.0325,4.4140,32.4053,33.4754,32.4053,33.4754,37.0000,1.0000,1.0000,False,1128.0000,2214.0000,1152.0000,2214.0000,58.0000,1314.0000,83.3010,54.8030,77.0220,663.8600,whisper__pyannote31+rule,whisper__pyannote31
whisper,pyannote31,rule,Ig6szCD8m20__000046000_000106000,Devanagari (hi/mr),60.0000,2,2,0.0204,low (<=2.2%),False,78.7565,82.3834,5.0562,24.8792,34.5279,24.8792,34.5279,7.0000,0.0000,0.0000,False,152.0000,193.0000,159.0000,193.0000,9.0000,178.0000,1.8980,2.9830,9.9420,59.5800,whisper__pyannote31+rule,whisper__pyannote31
whisper,pyannote31,rule,Iqhnt8ENm3U__000027000_000088000,Devanagari (hi/mr),61.0000,3,3,0.1772,high (>7.0%),False,92.6554,94.3503,40.0000,73.5532,78.8393,73.5532,78.8393,5.0000,0.0000,0.0000,False,164.0000,177.0000,167.0000,177.0000,16.0000,40.0000,15.9540,4.8310,28.1720,66.5600,whisper__pyannote31+rule,whisper__pyannote31
whisper,pyannote31,rule,J4-VpEkBzWw__000000000_000600000,Kannada,600.0000,7,5+,0.0685,mid (2.2%-7.0%],False,97.1005,97.3582,30.7692,18.6578,23.1422,18.6578,23.1422,24.0000,0.0000,0.0000,False,1507.0000,1552.0000,1511.0000,1552.0000,108.0000,351.0000,27.0970,10.9350,80.6710,636.2100,whisper__pyannote31+rule,whisper__pyannote31
whisper,pyannote31,rule,JBYGLQJwFDc__000103000_000407000,Tamil,304.0000,3,3,0.0120,low (<=2.2%),False,84.8529,85.8824,12.7764,47.0648,65.9966,47.0069,65.9041,38.0000,3.0000,3.0000,False,577.0000,680.0000,584.0000,680.0000,52.0000,407.0000,48.3510,32.7810,41.5330,260.6300,whisper__pyannote31+rule,whisper__pyannote31
whisper,pyannote31,rule,JSB1CeS4pP8__000000000_000632000,Punjabi,632.0000,4,4,0.0880,high (>7.0%),False,94.1092,94.4444,24.4548,19.0649,21.7964,19.0214,21.7143,27.0000,2.0000,2.0000,False,1965.0000,2088.0000,1972.0000,2088.0000,157.0000,642.0000,51.9340,17.6610,54.8110,652.5400,whisper__pyannote31+rule,whisper__pyannote31
whisper,pyannote31,rule,Jc5AVwg2cZM__000153000_000214000,Devanagari (hi/mr),61.0000,3,3,0.2816,high (>7.0%),False,85.4651,89.5349,27.2727,84.5191,73.4838,84.9386,73.4171,18.0000,5.0000,10.0000,False,147.0000,172.0000,154.0000,172.0000,24.0000,88.0000,17.2340,17.6740,18.0770,62.6900,whisper__pyannote31+rule,whisper__pyannote31
whisper,pyannote31,rule,KAtdcDieQMw__000057000_000599000,Odia,542.0000,3,3,0.1073,high (>7.0%),False,100.0000,100.0000,52.3172,27.2721,32.7067,27.3267,32.7389,46.0000,3.0000,6.0000,False,1742.0000,1742.0000,1742.0000,1742.0000,508.0000,971.0000,67.2530,14.9700,76.4650,581.8700,whisper__pyannote31+rule,whisper__pyannote31
whisper,pyannote31,rule,KPkRi3GM7fs__000047000_000642000,Odia,595.0000,3,3,0.0031,low (<=2.2%),False,100.0000,100.0000,66.6667,15.4102,19.6140,15.4598,19.7104,25.0000,2.0000,3.0000,False,1773.0000,1773.0000,1773.0000,1773.0000,300.0000,450.0000,42.2800,15.0490,31.6250,577.2400,whisper__pyannote31+rule,whisper__pyannote31
whisper,pyannote31,rule,Kdi-ECuOaKg__000002000_000078000,Malayalam,76.0000,6,5+,0.0000,low (<=2.2%),False,118.6813,136.2637,37.3626,95.9908,79.1002,95.9908,79.1002,9.0000,0.0000,0.0000,False,108.0000,91.0000,124.0000,91.0000,34.0000,91.0000,14.6570,16.5360,6.3490,39.1100,whisper__pyannote31+rule,whisper__pyannote31
whisper,pyannote31,rule,L7xRazDdtgw__000019000_000083000,Gujarati,64.0000,3,3,0.0012,low (<=2.2%),False,62.7451,83.3333,35.6164,91.1929,83.1353,91.6686,83.4005,12.0000,1.0000,1.0000,False,64.0000,102.0000,85.0000,102.0000,26.0000,73.0000,13.2660,7.4360,18.2100,42.6700,whisper__pyannote31+rule,whisper__pyannote31
whisper,pyannote31,rule,LBIWBxQ5H1s__000090000_001020000,Malayalam,930.0000,4,4,0.0724,high (>7.0%),False,99.9592,99.9592,72.9622,40.5622,45.5642,40.7543,45.8358,68.0000,10.0000,20.0000,False,2451.0000,2452.0000,2451.0000,2452.0000,367.0000,503.0000,122.2490,86.4100,181.5290,961.9500,whisper__pyannote31+rule,whisper__pyannote31
whisper,pyannote31,rule,LK23jX9tgZM__000059000_000221000,Gujarati,162.0000,3,3,0.1712,high (>7.0%),False,93.6131,94.5255,29.9145,33.3244,54.0934,33.0417,53.7656,9.0000,1.0000,1.0000,False,513.0000,548.0000,518.0000,548.0000,35.0000,117.0000,35.2140,9.6140,14.8260,179.0100,whisper__pyannote31+rule,whisper__pyannote31
whisper,pyannote31,rule,LctYmmr9-Vg__000000000_000061000,Devanagari (hi/mr),61.0000,2,2,0.0000,low (<=2.2%),False,86.3309,85.6115,4.8193,27.2476,35.0735,26.6834,34.1945,13.0000,1.0000,1.0000,False,120.0000,139.0000,119.0000,139.0000,4.0000,83.0000,7.3690,0.1510,5.5180,47.8500,whisper__pyannote31+rule,whisper__pyannote31
whisper,pyannote31,rule,LqQHdo7t5Ps__000198000_000498000,Devanagari (hi/mr),300.0000,3,3,0.0019,low (<=2.2%),False,84.2486,84.8266,4.1485,15.7763,24.4062,15.7763,24.4062,11.0000,0.0000,0.0000,False,583.0000,692.0000,587.0000,692.0000,19.0000,458.0000,8.9150,7.0890,30.3200,293.6300,whisper__pyannote31+rule,whisper__pyannote31
whisper,pyannote31,rule,Md3p6RTanBg__000315000_000426000,Bengali,111.0000,3,3,0.0528,mid (2.2%-7.0%],False,83.5570,83.5570,6.5421,8.9551,8.4201,8.9551,8.4201,5.0000,0.0000,0.0000,False,249.0000,298.0000,249.0000,298.0000,7.0000,107.0000,4.6970,1.1320,4.3100,113.2200,whisper__pyannote31+rule,whisper__pyannote31
whisper,pyannote31,rule,MmtWBUK2DKE__000000000_000310000,Devanagari (hi/mr),310.0000,5,5+,0.0432,mid (2.2%-7.0%],False,46.6297,49.6768,4.6875,12.1905,32.7219,11.2729,31.3977,30.0000,5.0000,11.0000,False,505.0000,1083.0000,538.0000,1083.0000,36.0000,768.0000,13.5220,6.5900,17.2580,306.5500,whisper__pyannote31+rule,whisper__pyannote31
whisper,pyannote31,rule,NLgHpYyf5bY__000313000_000383000,Devanagari (hi/mr),70.0000,2,2,0.0097,low (<=2.2%),False,55.0000,55.0000,0.0000,20.2874,34.2394,20.2874,34.2394,4.0000,1.0000,1.0000,False,132.0000,240.0000,132.0000,240.0000,0.0000,144.0000,5.1080,2.2150,6.6530,68.8900,whisper__pyannote31+rule,whisper__pyannote31
whisper,pyannote31,rule,NuhdqCEuIBo__000197000_000540000,Punjabi,343.0000,3,3,0.0562,mid (2.2%-7.0%],False,94.5215,94.7407,24.0385,23.7710,33.5741,23.9345,33.8347,21.0000,3.0000,3.0000,False,1294.0000,1369.0000,1297.0000,1369.0000,75.0000,312.0000,27.0860,18.9030,38.4860,355.3700,whisper__pyannote31+rule,whisper__pyannote31
whisper,pyannote31,rule,O4_aeGFzZ8A__000000000_000335000,Kannada,335.0000,8,5+,0.0004,low (<=2.2%),False,96.2963,96.2963,31.6206,17.5885,15.3726,17.4679,15.1243,17.0000,1.0000,1.0000,False,676.0000,702.0000,676.0000,702.0000,80.0000,253.0000,26.8330,20.9160,8.8630,321.8700,whisper__pyannote31+rule,whisper__pyannote31
whisper,pyannote31,rule,OXUt5KnlUMo__000091000_000181000,Odia,90.0000,2,2,0.0000,low (<=2.2%),False,100.0000,100.0000,12.0930,28.1267,42.0416,28.1267,42.0416,7.0000,0.0000,0.0000,False,248.0000,248.0000,248.0000,248.0000,26.0000,215.0000,6.4090,3.6200,14.2640,86.3700,whisper__pyannote31+rule,whisper__pyannote31
whisper,pyannote31,rule,OxYCBQKZ3iY__000000000_001822000,Punjabi,1822.0000,7,5+,0.0659,mid (2.2%-7.0%],False,95.3484,95.8371,40.8537,40.9275,50.5363,40.7762,50.3592,151.0000,6.0000,7.0000,False,5268.0000,5525.0000,5295.0000,5525.0000,603.0000,1476.0000,142.9350,81.2580,474.1410,1706.2700,whisper__pyannote31+rule,whisper__pyannote31
whisper,pyannote31,rule,PCUA2q2C-2A__000045000_000107000,Devanagari (hi/mr),62.0000,3,3,0.0063,low (<=2.2%),False,87.6623,87.6623,0.0000,4.5676,6.1890,4.5676,6.1890,3.0000,0.0000,0.0000,False,135.0000,154.0000,135.0000,154.0000,0.0000,119.0000,1.1610,1.5900,0.0220,60.7100,whisper__pyannote31+rule,whisper__pyannote31
whisper,pyannote31,rule,PEDfT9-Yf2o__000000000_000469000,Bengali,469.0000,3,3,0.0110,low (<=2.2%),False,88.1066,88.3920,7.1839,9.7099,14.3366,9.7099,14.3366,17.0000,0.0000,0.0000,False,926.0000,1051.0000,929.0000,1051.0000,25.0000,348.0000,13.6510,2.6000,22.8410,402.6000,whisper__pyannote31+rule,whisper__pyannote31
whisper,pyannote31,rule,PQB3-4sZUeY__000000000_001132000,Telugu,1132.0000,4,4,0.1069,high (>7.0%),False,94.7751,95.8333,41.9865,41.7728,53.7285,41.2167,53.2039,121.0000,18.0000,29.0000,False,2866.0000,3024.0000,2898.0000,3024.0000,372.0000,886.0000,91.0530,54.5790,326.3340,1129.8400,whisper__pyannote31+rule,whisper__pyannote31
whisper,pyannote31,rule,PRAzUz0GANs__000223000_000283000,Kannada,60.0000,2,2,0.0822,high (>7.0%),False,98.4536,98.9691,71.4286,39.0129,47.9571,39.0129,47.9571,5.0000,1.0000,1.0000,False,191.0000,194.0000,192.0000,194.0000,15.0000,21.0000,6.2920,5.1080,13.0650,62.7100,whisper__pyannote31+rule,whisper__pyannote31
whisper,pyannote31,rule,PSIzXy5-y2E__000002000_000918000,Devanagari (hi/mr),916.0000,3,3,0.0434,mid (2.2%-7.0%],False,100.0000,103.1048,49.1953,35.1482,33.7857,32.9612,30.2838,150.0000,23.0000,42.0000,False,2480.0000,2480.0000,2557.0000,2480.0000,917.0000,1864.0000,152.6180,77.1650,82.9660,889.8000,whisper__pyannote31+rule,whisper__pyannote31
whisper,pyannote31,rule,PVDfS7lcJHY__000000000_000360000,Kannada,360.0000,6,5+,0.1127,high (>7.0%),False,97.1042,97.3938,45.6067,35.8242,48.2671,34.7788,47.1654,37.0000,4.0000,5.0000,False,1006.0000,1036.0000,1009.0000,1036.0000,109.0000,239.0000,34.6890,13.2250,89.8550,384.5700,whisper__pyannote31+rule,whisper__pyannote31
whisper,pyannote31,rule,Pjre5dpnKGA__000000000_000330000,Kannada,330.0000,4,4,0.0933,high (>7.0%),False,98.0494,98.1795,36.9231,30.2961,53.2902,29.5117,51.9151,30.0000,3.0000,4.0000,False,754.0000,769.0000,755.0000,769.0000,72.0000,195.0000,24.4840,13.9590,63.2520,335.6700,whisper__pyannote31+rule,whisper__pyannote31
whisper,pyannote31,rule,QhpjuNTZoA8__000000000_000586000,Kannada,586.0000,3,3,0.0512,mid (2.2%-7.0%],False,96.3740,97.4555,38.6161,34.5569,52.1920,34.5898,52.1813,28.0000,3.0000,9.0000,False,1515.0000,1572.0000,1532.0000,1572.0000,173.0000,448.0000,39.7620,10.1270,161.4230,611.4900,whisper__pyannote31+rule,whisper__pyannote31
whisper,pyannote31,rule,QuA_B6IZ6Ls__000061000_001863000,Devanagari (hi/mr),1802.0000,4,4,0.3694,high (>7.0%),False,55.0565,58.3271,9.1118,48.1040,39.3989,48.1559,39.5028,130.0000,11.0000,22.0000,False,3653.0000,6635.0000,3870.0000,6635.0000,357.0000,3918.0000,959.4620,109.2840,231.9710,2703.9700,whisper__pyannote31+rule,whisper__pyannote31
whisper,pyannote31,rule,RL2fhIEEbZg__000000000_000065000,Telugu,65.0000,3,3,0.0563,mid (2.2%-7.0%],False,96.9512,96.9512,10.8696,21.4617,52.8485,21.4617,52.8485,4.0000,0.0000,0.0000,False,159.0000,164.0000,159.0000,164.0000,5.0000,46.0000,3.3480,0.8920,9.8110,65.4700,whisper__pyannote31+rule,whisper__pyannote31
whisper,pyannote31,rule,RL2fhIEEbZg__000066000_001034000,Telugu,968.0000,3,3,0.0719,high (>7.0%),False,96.1868,96.3035,25.2613,31.1392,32.6383,31.2393,32.9072,62.0000,7.0000,7.0000,False,2472.0000,2570.0000,2475.0000,2570.0000,145.0000,574.0000,115.2460,80.9310,119.2480,1012.9500,whisper__pyannote31+rule,whisper__pyannote31
whisper,pyannote31,rule,RWTmftezCwI__000000000_000060000,Malayalam,60.0000,2,2,0.0244,mid (2.2%-7.0%],False,100.0000,100.0000,47.8261,24.0972,34.3401,24.0972,34.3401,3.0000,0.0000,0.0000,False,119.0000,119.0000,119.0000,119.0000,11.0000,23.0000,5.7510,2.2670,5.9680,58.0400,whisper__pyannote31+rule,whisper__pyannote31
whisper,pyannote31,rule,RZUZyvRzi80__000000000_000336000,Punjabi,336.0000,4,4,0.0001,low (<=2.2%),False,93.0876,93.8249,19.2308,1.9886,1.9048,2.2160,2.4239,9.0000,1.0000,1.0000,False,1010.0000,1085.0000,1018.0000,1085.0000,50.0000,260.0000,3.5610,2.8750,0.0000,323.6400,whisper__pyannote31+rule,whisper__pyannote31
whisper,pyannote31,rule,SZ7ay4OjfAE__000000000_000897000,Telugu,897.0000,5,5+,0.1794,high (>7.0%),False,97.1283,97.4988,54.2117,45.7069,62.0125,45.1137,61.1913,84.0000,9.0000,11.0000,False,2097.0000,2159.0000,2105.0000,2159.0000,251.0000,463.0000,132.7160,34.1420,295.5040,1011.5800,whisper__pyannote31+rule,whisper__pyannote31
whisper,pyannote31,rule,T3I2T-cfhG4__000160000_000210000,Devanagari (hi/mr),50.0000,2,2,0.0000,low (<=2.2%),False,94.8276,94.8276,22.2222,19.9489,25.7385,19.9489,25.7385,2.0000,0.0000,0.0000,False,110.0000,116.0000,110.0000,116.0000,18.0000,81.0000,1.9800,3.0200,4.3700,46.9700,whisper__pyannote31+rule,whisper__pyannote31
whisper,pyannote31,rule,TU3M6wSQV_g__000099000_000171000,Telugu,72.0000,2,2,0.0451,mid (2.2%-7.0%],False,95.8333,96.7593,22.9167,22.6278,48.2565,22.8625,48.0722,6.0000,1.0000,2.0000,False,207.0000,216.0000,209.0000,216.0000,11.0000,48.0000,3.7000,4.1930,8.9760,74.5500,whisper__pyannote31+rule,whisper__pyannote31
whisper,pyannote31,rule,Tlha36rSd5o__000240000_000374000,Tamil,134.0000,2,2,0.0000,low (<=2.2%),False,83.0189,83.0189,5.7971,16.1805,11.5999,16.1805,11.5999,8.0000,0.0000,0.0000,False,264.0000,318.0000,264.0000,318.0000,12.0000,207.0000,12.3840,7.8530,0.0000,125.0700,whisper__pyannote31+rule,whisper__pyannote31
whisper,pyannote31,rule,TrPnW5kLAyQ__000093000_000513000,Devanagari (hi/mr),420.0000,4,4,0.0501,mid (2.2%-7.0%],False,88.6260,89.0810,7.5802,26.8705,30.8971,26.7255,30.4937,26.0000,2.0000,4.0000,False,974.0000,1099.0000,979.0000,1099.0000,52.0000,686.0000,61.1570,21.6280,23.2540,394.6300,whisper__pyannote31+rule,whisper__pyannote31
whisper,pyannote31,rule,U_EHjxThUgc__000181000_000289000,Bengali,108.0000,3,3,0.0529,mid (2.2%-7.0%],False,92.3077,92.3077,7.2464,21.6151,31.3983,21.6151,31.3983,3.0000,0.0000,0.0000,False,276.0000,299.0000,276.0000,299.0000,5.0000,69.0000,7.4260,4.6940,12.1430,112.2500,whisper__pyannote31+rule,whisper__pyannote31
whisper,pyannote31,rule,VHlIFsHPWbk__000023000_000470000,Odia,447.0000,4,4,0.0269,mid (2.2%-7.0%],False,100.0000,100.0000,54.6392,16.3889,25.1597,16.0542,24.5417,20.0000,1.0000,2.0000,False,1329.0000,1329.0000,1329.0000,1329.0000,159.0000,291.0000,14.7750,11.8520,46.9230,448.7800,whisper__pyannote31+rule,whisper__pyannote31
whisper,pyannote31,rule,VKY0uuZ6Om8__000575000_000935000,Devanagari (hi/mr),360.0000,3,3,0.1718,high (>7.0%),False,88.6722,89.1365,14.6465,40.2072,45.6574,40.3238,45.8479,24.0000,2.0000,3.0000,False,955.0000,1077.0000,960.0000,1077.0000,87.0000,594.0000,75.2310,39.0420,54.3440,419.3700,whisper__pyannote31+rule,whisper__pyannote31
whisper,pyannote31,rule,VY_4x1scS-Y__000013000_000121000,Tamil,108.0000,4,4,0.0427,mid (2.2%-7.0%],False,86.6071,89.8810,16.0920,28.0329,33.2741,29.5748,36.0074,11.0000,2.0000,6.0000,False,291.0000,336.0000,302.0000,336.0000,28.0000,174.0000,8.3650,4.6510,18.0360,110.7700,whisper__pyannote31+rule,whisper__pyannote31
whisper,sortformer_stream,baseline,0AEEA8NyVwY__000011000_000609000,Devanagari (hi/mr),598.0000,3,3,0.0047,low (<=2.2%),False,79.5199,79.5199,3.1527,5.9075,6.6698,5.9075,6.5413,,,,,1060.0000,1333.0000,1060.0000,1333.0000,32.0000,1015.0000,16.4500,16.0800,0.8000,564.2000,sortformer_stream,whisper__sortformer_stream
whisper,sortformer_stream,baseline,0SoItGfM_sY__000007000_000088000,Kannada,81.0000,5,5+,0.0000,low (<=2.2%),False,91.5152,92.7273,17.5676,38.7466,69.8914,37.6878,70.0865,,,,,151.0000,165.0000,153.0000,165.0000,13.0000,74.0000,4.7700,8.7600,13.5500,69.8900,sortformer_stream,whisper__sortformer_stream
whisper,sortformer_stream,baseline,0VEwL9XZ0LY__000261000_000557000,Devanagari (hi/mr),296.0000,2,2,0.0355,mid (2.2%-7.0%],False,79.0378,96.6781,48.9301,54.2840,70.9802,55.5006,72.3224,,,,,690.0000,873.0000,844.0000,873.0000,343.0000,701.0000,35.1600,18.6200,103.2800,289.3300,sortformer_stream,whisper__sortformer_stream
whisper,sortformer_stream,baseline,0esIFSOAcFs__000000000_000913000,Gujarati,913.0000,3,3,0.0232,mid (2.2%-7.0%],False,86.2082,88.5735,31.3287,38.4429,55.0307,40.4687,56.8519,,,,,2369.0000,2748.0000,2434.0000,2748.0000,224.0000,715.0000,29.7500,5.8500,320.2200,925.5800,sortformer_stream,whisper__sortformer_stream
whisper,sortformer_stream,baseline,0p6cktLGIfY__000012000_000930000,Gujarati,918.0000,6,5+,0.0329,mid (2.2%-7.0%],False,89.8325,91.0401,20.0000,42.9051,67.9688,43.0699,68.2978,,,,,2306.0000,2567.0000,2337.0000,2567.0000,124.0000,620.0000,122.7900,111.0800,122.8000,831.3000,sortformer_stream,whisper__sortformer_stream
whisper,sortformer_stream,baseline,13VBh0Z6QmE__000000000_000904000,Tamil,904.0000,4,4,0.0290,mid (2.2%-7.0%],False,74.0696,87.5950,36.9515,38.9108,46.6829,39.3133,46.9488,,,,,1851.0000,2499.0000,2189.0000,2499.0000,640.0000,1732.0000,26.9700,22.3600,295.8400,887.0800,sortformer_stream,whisper__sortformer_stream
whisper,sortformer_stream,baseline,1LFl5JEipII__000000000_000597000,Bengali,597.0000,5,5+,0.1006,high (>7.0%),False,88.9937,94.5283,72.4820,63.9694,77.0427,66.2526,80.1667,,,,,1415.0000,1590.0000,1503.0000,1590.0000,403.0000,556.0000,81.4800,25.7200,271.3200,591.7200,sortformer_stream,whisper__sortformer_stream
whisper,sortformer_stream,baseline,2HGP34TNvjg__000084000_000194000,Odia,110.0000,2,2,0.0128,low (<=2.2%),False,100.0000,115.5405,43.5685,56.8445,63.1952,57.2759,63.3450,,,,,296.0000,296.0000,342.0000,296.0000,105.0000,241.0000,6.4300,7.8800,43.6600,101.9800,sortformer_stream,whisper__sortformer_stream
whisper,sortformer_stream,baseline,2LN6vb7EBn0__000098000_000394000,Tamil,296.0000,3,3,0.0238,mid (2.2%-7.0%],False,85.4860,94.9401,44.1247,55.0737,67.0634,54.1779,65.4954,,,,,642.0000,751.0000,713.0000,751.0000,184.0000,417.0000,10.2900,28.0500,119.6500,286.8700,sortformer_stream,whisper__sortformer_stream
whisper,sortformer_stream,baseline,2T4pjueLrsk__000677000_001290000,Gujarati,613.0000,4,4,0.0342,mid (2.2%-7.0%],False,100.0000,100.1296,54.4509,68.0935,72.3583,68.7079,71.9639,,,,,2314.0000,2314.0000,2317.0000,2314.0000,942.0000,1730.0000,93.8100,66.2300,210.1300,543.6200,sortformer_stream,whisper__sortformer_stream
whisper,sortformer_stream,baseline,2gGHQgj9yno__000000000_000099000,Gujarati,99.0000,4,4,0.0798,high (>7.0%),False,94.3860,94.7368,27.4510,30.9519,44.4393,36.5861,49.4332,,,,,269.0000,285.0000,270.0000,285.0000,14.0000,51.0000,14.6200,8.5200,6.5800,96.0200,sortformer_stream,whisper__sortformer_stream
whisper,sortformer_stream,baseline,2iMXYxBTwbM__000339000_000401000,Devanagari (hi/mr),62.0000,3,3,0.1275,high (>7.0%),False,92.5532,94.1489,32.7869,81.6001,80.7524,84.0161,82.7627,,,,,174.0000,188.0000,177.0000,188.0000,40.0000,122.0000,14.4100,15.9200,16.2800,57.1200,sortformer_stream,whisper__sortformer_stream
whisper,sortformer_stream,baseline,37dND_0r6S8__000060000_000222000,Tamil,162.0000,2,2,0.0896,high (>7.0%),False,85.2783,86.3555,11.4815,48.4448,53.7377,46.8037,50.3765,,,,,475.0000,557.0000,481.0000,557.0000,31.0000,270.0000,17.6900,22.6500,41.4300,168.7900,sortformer_stream,whisper__sortformer_stream
whisper,sortformer_stream,baseline,4Qg2jWP6_T0__000136000_000202000,Punjabi,66.0000,3,3,0.2093,high (>7.0%),False,97.3684,97.3684,86.2500,74.8544,74.9040,84.1881,80.7255,,,,,259.0000,266.0000,259.0000,266.0000,69.0000,80.0000,11.5700,15.7300,25.3900,70.3900,sortformer_stream,whisper__sortformer_stream
whisper,sortformer_stream,baseline,6-726qTlYeg__000102000_000162000,Malayalam,60.0000,2,2,0.1610,high (>7.0%),False,99.5327,99.5327,21.0526,45.1831,49.0809,52.7925,52.9401,,,,,213.0000,214.0000,213.0000,214.0000,8.0000,38.0000,7.9500,10.2900,13.2300,69.6500,sortformer_stream,whisper__sortformer_stream
whisper,sortformer_stream,baseline,6ZeRgvDHwcI__000006000_000100000,Gujarati,94.0000,2,2,0.0125,low (<=2.2%),False,82.0106,82.0106,8.8608,64.7709,58.8969,64.3918,58.6416,,,,,155.0000,189.0000,155.0000,189.0000,7.0000,79.0000,24.2900,10.5100,6.2000,63.3000,sortformer_stream,whisper__sortformer_stream
whisper,sortformer_stream,baseline,6f6TLzlP8Wk__000082000_000144000,Punjabi,62.0000,2,2,0.0510,mid (2.2%-7.0%],False,95.7627,96.6102,19.3548,55.1367,59.8394,54.5933,59.1435,,,,,226.0000,236.0000,228.0000,236.0000,6.0000,31.0000,6.4300,7.6100,18.4300,58.8900,sortformer_stream,whisper__sortformer_stream
whisper,sortformer_stream,baseline,7L4gi7Ncc0s__000090000_000148000,Malayalam,58.0000,2,2,0.0000,low (<=2.2%),False,100.0000,100.0000,9.8361,16.6876,24.1904,16.6876,24.1904,,,,,125.0000,125.0000,125.0000,125.0000,6.0000,61.0000,4.0800,2.3200,2.8900,55.6700,sortformer_stream,whisper__sortformer_stream
whisper,sortformer_stream,baseline,7WhVNRHbjIY__000091000_001089000,Tamil,998.0000,5,5+,0.0133,low (<=2.2%),False,76.7929,90.6930,32.3962,32.2150,42.4606,32.1196,42.0224,,,,,1906.0000,2482.0000,2251.0000,2482.0000,507.0000,1565.0000,14.7000,25.7700,280.6100,996.6800,sortformer_stream,whisper__sortformer_stream
whisper,sortformer_stream,baseline,7YfsQPYY-W0__000351000_000411000,Odia,60.0000,2,2,0.1219,high (>7.0%),False,100.0000,100.0000,59.4595,56.0778,59.4626,58.8327,59.8941,,,,,208.0000,208.0000,208.0000,208.0000,22.0000,37.0000,8.6900,8.9100,18.4300,64.2500,sortformer_stream,whisper__sortformer_stream
whisper,sortformer_stream,baseline,7c9ePKgqams__000299000_000869000,Telugu,570.0000,4,4,0.0055,low (<=2.2%),False,96.7148,97.8975,59.9237,54.9483,76.5204,57.0755,78.6669,,,,,1472.0000,1522.0000,1490.0000,1522.0000,157.0000,262.0000,18.3200,23.3900,262.3300,553.3200,sortformer_stream,whisper__sortformer_stream
whisper,sortformer_stream,baseline,7k-xDqNjESc__000073000_000981000,Malayalam,908.0000,4,4,0.0421,mid (2.2%-7.0%],False,99.9553,99.9553,46.4213,44.7209,71.0072,42.9918,69.8499,,,,,2238.0000,2239.0000,2238.0000,2239.0000,227.0000,489.0000,89.0100,87.5700,224.8300,897.5900,sortformer_stream,whisper__sortformer_stream
whisper,sortformer_stream,baseline,83gP2vLH7UY__000255000_002005000,Devanagari (hi/mr),1750.0000,5,5+,0.2022,high (>7.0%),False,90.4811,96.2925,60.5117,71.7330,79.6293,73.2729,79.3198,,,,,5247.0000,5799.0000,5584.0000,5799.0000,1419.0000,2345.0000,273.1400,197.8300,994.9800,2043.6200,sortformer_stream,whisper__sortformer_stream
whisper,sortformer_stream,baseline,86mMTUeDiR8__000181000_001079000,Bengali,898.0000,5,5+,0.0517,mid (2.2%-7.0%],False,93.3138,95.4868,46.4678,57.2642,72.1340,57.4889,72.1348,,,,,2233.0000,2393.0000,2285.0000,2393.0000,296.0000,637.0000,103.0500,97.8900,270.4300,823.1500,sortformer_stream,whisper__sortformer_stream
whisper,sortformer_stream,baseline,87Zbup3ohcw__000106000_000445000,Tamil,339.0000,4,4,0.0152,low (<=2.2%),False,62.2163,73.8318,32.2896,39.3128,62.5900,39.3128,62.5195,,,,,466.0000,749.0000,553.0000,749.0000,165.0000,511.0000,18.3500,18.2400,89.2700,320.1500,sortformer_stream,whisper__sortformer_stream
whisper,sortformer_stream,baseline,8Ve4SWhlrrA__000000000_000070000,Odia,70.0000,2,2,0.0000,low (<=2.2%),False,100.0000,100.0000,3.7383,4.8895,38.0981,4.8895,38.0981,,,,,133.0000,133.0000,133.0000,133.0000,4.0000,107.0000,0.0800,1.5400,1.5000,63.8100,sortformer_stream,whisper__sortformer_stream
whisper,sortformer_stream,baseline,8mvORuRHw2U__000000000_001197000,Gujarati,1197.0000,4,4,0.0417,mid (2.2%-7.0%],False,88.1443,92.0676,44.3983,57.5958,66.9783,61.1488,69.3550,,,,,3078.0000,3492.0000,3215.0000,3492.0000,428.0000,964.0000,69.0400,70.6000,528.0800,1159.3200,sortformer_stream,whisper__sortformer_stream
whisper,sortformer_stream,baseline,8o7jKmq6HsM__000030000_001770000,Devanagari (hi/mr),1740.0000,6,5+,0.0471,mid (2.2%-7.0%],False,91.0542,96.9379,61.5043,60.8167,74.0458,61.0306,73.9090,,,,,4163.0000,4572.0000,4432.0000,4572.0000,1660.0000,2699.0000,108.7500,43.4100,922.6300,1767.2600,sortformer_stream,whisper__sortformer_stream
whisper,sortformer_stream,baseline,8pkp-lpMJP0__000326000_000926000,Telugu,600.0000,8,5+,0.2032,high (>7.0%),False,97.3290,98.4365,73.1183,44.9302,75.2414,54.3404,79.5542,,,,,1494.0000,1535.0000,1511.0000,1535.0000,272.0000,372.0000,112.0700,35.5000,165.3600,696.4800,sortformer_stream,whisper__sortformer_stream
whisper,sortformer_stream,baseline,8r2Nltl0W4o__000259000_000320000,Punjabi,61.0000,2,2,0.0227,mid (2.2%-7.0%],False,95.2569,95.2569,15.3846,25.5386,61.0984,25.5386,61.0984,,,,,241.0000,253.0000,241.0000,253.0000,8.0000,52.0000,3.0300,2.1800,10.3200,60.8100,sortformer_stream,whisper__sortformer_stream
whisper,sortformer_stream,baseline,90uAd6xpTPo__000016000_000408000,Devanagari (hi/mr),392.0000,4,4,0.0067,low (<=2.2%),False,52.8878,92.4092,47.6510,52.6412,75.4310,55.3945,76.4248,,,,,641.0000,1212.0000,1120.0000,1212.0000,355.0000,745.0000,11.4100,10.0700,171.0500,365.7400,sortformer_stream,whisper__sortformer_stream
whisper,sortformer_stream,baseline,9Aw8kg8w5Xo__000000000_000083000,Telugu,83.0000,4,4,0.0216,low (<=2.2%),False,89.9497,90.9548,6.9307,16.2433,56.5729,17.2570,57.3518,,,,,179.0000,199.0000,181.0000,199.0000,7.0000,101.0000,2.1700,1.8500,9.2800,81.8800,sortformer_stream,whisper__sortformer_stream
whisper,sortformer_stream,baseline,9_GMxc_JjyI__000236000_000368000,Kannada,132.0000,2,2,0.0602,mid (2.2%-7.0%],False,95.6873,97.0350,13.9037,19.1479,47.1646,19.4092,42.6406,,,,,355.0000,371.0000,360.0000,371.0000,26.0000,187.0000,9.3500,5.6500,11.3800,137.7700,sortformer_stream,whisper__sortformer_stream
whisper,sortformer_stream,baseline,ARCKJrGkITw__000014000_000496000,Telugu,482.0000,3,3,0.0844,high (>7.0%),False,95.8545,97.0909,40.6667,48.1049,58.5320,48.0635,57.2752,,,,,1318.0000,1375.0000,1335.0000,1375.0000,122.0000,300.0000,48.2200,25.5600,169.9100,506.5800,sortformer_stream,whisper__sortformer_stream
whisper,sortformer_stream,baseline,ARZl7LT0UC0__000073000_000130000,Telugu,57.0000,3,3,0.0905,high (>7.0%),False,94.7712,94.7712,16.0000,27.9089,43.4513,34.3043,55.6379,,,,,145.0000,153.0000,145.0000,153.0000,4.0000,25.0000,4.2900,3.6800,9.1800,61.4500,sortformer_stream,whisper__sortformer_stream
whisper,sortformer_stream,baseline,A_dohDOK6Ic__000000000_000600000,Devanagari (hi/mr),600.0000,3,3,0.0048,low (<=2.2%),False,50.1914,83.3789,29.7007,36.4982,50.9283,36.6781,50.7492,,,,,918.0000,1829.0000,1525.0000,1829.0000,387.0000,1303.0000,11.3800,11.2300,188.4300,578.2200,sortformer_stream,whisper__sortformer_stream
whisper,sortformer_stream,baseline,B2ScTgeIIck__000117000_000180000,Odia,63.0000,2,2,0.0879,high (>7.0%),False,127.5862,127.5862,40.2299,30.2612,35.1282,32.3777,35.5583,,,,,222.0000,174.0000,222.0000,174.0000,70.0000,174.0000,5.4700,5.7700,8.9200,66.6200,sortformer_stream,whisper__sortformer_stream
whisper,sortformer_stream,baseline,BGAAfht5dYw__000000000_000612000,Gujarati,612.0000,4,4,0.1350,high (>7.0%),False,93.3967,95.1544,49.8688,33.5180,55.4242,41.5431,61.7523,,,,,1966.0000,2105.0000,2003.0000,2105.0000,190.0000,381.0000,53.9000,30.3100,143.2500,678.6200,sortformer_stream,whisper__sortformer_stream
whisper,sortformer_stream,baseline,BYLcUGNB_zM__000020000_001387000,Kannada,1367.0000,4,4,0.0054,low (<=2.2%),False,94.9194,95.4670,11.4943,14.9834,22.2950,14.5732,21.5845,,,,,3120.0000,3287.0000,3138.0000,3287.0000,110.0000,957.0000,36.9000,19.6100,142.9500,1331.2100,sortformer_stream,whisper__sortformer_stream
whisper,sortformer_stream,baseline,Bngfppo1QtA__000028000_000927000,Telugu,899.0000,5,5+,0.1261,high (>7.0%),False,95.1547,96.3355,46.6667,60.9501,67.3965,63.2156,67.4900,,,,,2337.0000,2456.0000,2366.0000,2456.0000,329.0000,705.0000,132.4600,150.1100,328.6800,1002.8700,sortformer_stream,whisper__sortformer_stream
whisper,sortformer_stream,baseline,CO_8ppdzq9U__000000000_000695000,Tamil,695.0000,4,4,0.0186,low (<=2.2%),False,82.9667,117.7876,84.0747,62.2559,79.8385,63.0760,80.3661,,,,,1320.0000,1591.0000,1874.0000,1591.0000,945.0000,1124.0000,13.7200,24.4200,367.9800,652.3400,sortformer_stream,whisper__sortformer_stream
whisper,sortformer_stream,baseline,Cku_X_SL7qU__000060000_000660000,Gujarati,600.0000,3,3,0.1022,high (>7.0%),False,100.0000,101.0686,50.5668,65.1484,53.2323,66.1979,51.7595,,,,,1778.0000,1778.0000,1797.0000,1778.0000,803.0000,1588.0000,78.9500,183.5100,60.9300,496.3900,sortformer_stream,whisper__sortformer_stream
whisper,sortformer_stream,baseline,DPmew0didIM__000191000_000512000,Telugu,321.0000,5,5+,0.0620,mid (2.2%-7.0%],False,95.7031,97.0052,54.2169,45.6736,63.6738,48.8426,65.6968,,,,,735.0000,768.0000,745.0000,768.0000,90.0000,166.0000,32.5700,29.0500,87.5500,326.6000,sortformer_stream,whisper__sortformer_stream
whisper,sortformer_stream,baseline,EmsKkNN2Me4__000035000_000095000,Malayalam,60.0000,2,2,0.0471,mid (2.2%-7.0%],False,100.0000,101.1173,41.0256,50.1566,60.0106,56.2057,64.0663,,,,,179.0000,179.0000,181.0000,179.0000,48.0000,117.0000,3.0100,6.0100,21.4100,60.6700,sortformer_stream,whisper__sortformer_stream
whisper,sortformer_stream,baseline,ExGJodnzocM__000212000_000527000,Devanagari (hi/mr),315.0000,4,4,0.0133,low (<=2.2%),False,46.3394,68.2171,23.1395,41.8604,57.7247,42.2608,58.2467,,,,,538.0000,1161.0000,792.0000,1161.0000,199.0000,860.0000,9.6200,10.7400,109.2900,309.7200,sortformer_stream,whisper__sortformer_stream
whisper,sortformer_stream,baseline,F2uXav-wriA__000000000_000907000,Devanagari (hi/mr),907.0000,4,4,0.0336,mid (2.2%-7.0%],False,40.9765,77.5045,33.9373,38.5846,49.0929,40.1049,51.5013,,,,,1133.0000,2765.0000,2143.0000,2765.0000,693.0000,2042.0000,52.3200,12.7400,287.2100,912.9800,sortformer_stream,whisper__sortformer_stream
whisper,sortformer_stream,baseline,FDMf9ApmoNU__000016000_000686000,Bengali,670.0000,4,4,0.0882,high (>7.0%),False,87.4850,88.9222,24.2268,39.7114,53.3759,43.6859,50.6339,,,,,1461.0000,1670.0000,1485.0000,1670.0000,141.0000,582.0000,86.6300,71.1600,92.4000,630.0200,sortformer_stream,whisper__sortformer_stream
whisper,sortformer_stream,baseline,G6qzg93FxwE__000021000_000116000,Gujarati,95.0000,2,2,0.0061,low (<=2.2%),False,82.0225,85.7678,21.7391,6.6645,7.8049,6.3205,7.4386,,,,,219.0000,267.0000,229.0000,267.0000,15.0000,69.0000,3.6400,1.9700,0.5900,93.0300,sortformer_stream,whisper__sortformer_stream
whisper,sortformer_stream,baseline,GEc_sS2KWo8__000096000_000290000,Gujarati,194.0000,4,4,0.0378,mid (2.2%-7.0%],False,91.3127,94.4015,30.7190,39.9893,62.3871,40.0093,63.6628,,,,,473.0000,518.0000,489.0000,518.0000,47.0000,153.0000,18.2500,15.3500,26.4200,150.0900,sortformer_stream,whisper__sortformer_stream
whisper,sortformer_stream,baseline,GfFLEIAAumk__000090000_000163000,Bengali,73.0000,2,2,0.0285,mid (2.2%-7.0%],False,92.5926,92.5926,10.0000,19.1602,26.4371,19.1602,25.9216,,,,,200.0000,216.0000,200.0000,216.0000,6.0000,60.0000,3.2400,2.9700,7.8900,73.5900,sortformer_stream,whisper__sortformer_stream
whisper,sortformer_stream,baseline,Gq45evw6ytY__000597000_001464000,Odia,867.0000,3,3,0.0869,high (>7.0%),False,100.0000,100.0000,60.2305,59.2641,71.4243,56.3643,68.6298,,,,,2740.0000,2740.0000,2740.0000,2740.0000,418.0000,694.0000,95.7900,76.8400,352.8000,886.5900,sortformer_stream,whisper__sortformer_stream
whisper,sortformer_stream,baseline,HZv_WvIr6lE__000021000_000105000,Tamil,84.0000,3,3,0.1276,high (>7.0%),False,75.0000,76.9231,9.2308,22.9760,25.7238,25.2520,27.3505,,,,,195.0000,260.0000,200.0000,260.0000,18.0000,195.0000,10.2000,4.8000,6.2000,92.2700,sortformer_stream,whisper__sortformer_stream
whisper,sortformer_stream,baseline,HpYG46tGyYs__000103000_000998000,Devanagari (hi/mr),895.0000,4,4,0.0022,low (<=2.2%),False,43.1034,63.3229,16.5943,21.7863,28.9541,21.9036,29.1125,,,,,1100.0000,2552.0000,1616.0000,2552.0000,344.0000,2073.0000,21.5300,35.1400,130.9600,861.2300,sortformer_stream,whisper__sortformer_stream
whisper,sortformer_stream,baseline,IAm1rt-MYcA__000004000_000558000,Bengali,554.0000,4,4,0.0445,mid (2.2%-7.0%],False,89.8697,92.9502,34.3284,44.7076,62.1500,46.0960,62.0288,,,,,1517.0000,1688.0000,1569.0000,1688.0000,184.0000,536.0000,45.3100,57.9100,138.9300,541.6300,sortformer_stream,whisper__sortformer_stream
whisper,sortformer_stream,baseline,Iare1Emeueg__000016000_000069000,Devanagari (hi/mr),53.0000,2,2,0.0000,low (<=2.2%),False,61.8705,61.8705,12.0482,45.0069,42.6782,48.5206,47.8263,,,,,86.0000,139.0000,86.0000,139.0000,10.0000,83.0000,10.6200,7.1200,1.7300,43.2600,sortformer_stream,whisper__sortformer_stream
whisper,sortformer_stream,baseline,IfTL8SSN270__000062000_000671000,Devanagari (hi/mr),609.0000,4,4,0.1121,high (>7.0%),False,50.9485,66.5763,29.9848,43.1070,54.0863,44.6133,54.1388,,,,,1128.0000,2214.0000,1474.0000,2214.0000,394.0000,1314.0000,72.8900,34.0300,179.2500,663.8600,sortformer_stream,whisper__sortformer_stream
whisper,sortformer_stream,baseline,Ig6szCD8m20__000046000_000106000,Devanagari (hi/mr),60.0000,2,2,0.0204,low (<=2.2%),False,78.7565,83.9378,6.7416,26.0154,35.7523,26.0154,33.9776,,,,,152.0000,193.0000,162.0000,193.0000,12.0000,178.0000,1.2800,3.8500,10.3700,59.5800,sortformer_stream,whisper__sortformer_stream
whisper,sortformer_stream,baseline,Iqhnt8ENm3U__000027000_000088000,Devanagari (hi/mr),61.0000,3,3,0.1772,high (>7.0%),False,92.6554,94.9153,42.5000,56.5805,64.3841,56.7909,64.6187,,,,,164.0000,177.0000,168.0000,177.0000,17.0000,40.0000,11.9100,6.1100,19.6400,66.5600,sortformer_stream,whisper__sortformer_stream
whisper,sortformer_stream,baseline,J4-VpEkBzWw__000000000_000600000,Kannada,600.0000,7,5+,0.0685,mid (2.2%-7.0%],False,97.1005,98.1959,52.1368,53.9130,72.5775,55.1783,72.4104,,,,,1507.0000,1552.0000,1524.0000,1552.0000,183.0000,351.0000,23.4500,14.9100,304.6400,636.2100,sortformer_stream,whisper__sortformer_stream
whisper,sortformer_stream,baseline,JBYGLQJwFDc__000103000_000407000,Tamil,304.0000,3,3,0.0120,low (<=2.2%),False,84.8529,85.8824,14.0049,44.5766,66.1466,44.7224,66.5605,,,,,577.0000,680.0000,584.0000,680.0000,57.0000,407.0000,36.3200,31.0400,48.8200,260.6300,sortformer_stream,whisper__sortformer_stream
whisper,sortformer_stream,baseline,JSB1CeS4pP8__000000000_000632000,Punjabi,632.0000,4,4,0.0880,high (>7.0%),False,94.1092,95.2107,38.9408,24.9671,34.4099,31.2839,40.1521,,,,,1965.0000,2088.0000,1988.0000,2088.0000,250.0000,642.0000,32.4900,31.5400,98.8900,652.5400,sortformer_stream,whisper__sortformer_stream
whisper,sortformer_stream,baseline,Jc5AVwg2cZM__000153000_000214000,Devanagari (hi/mr),61.0000,3,3,0.2816,high (>7.0%),False,85.4651,90.6977,22.7273,78.3059,69.3093,84.5908,74.3659,,,,,147.0000,172.0000,156.0000,172.0000,20.0000,88.0000,19.0300,16.1400,13.9200,62.6900,sortformer_stream,whisper__sortformer_stream
whisper,sortformer_stream,baseline,KAtdcDieQMw__000057000_000599000,Odia,542.0000,3,3,0.1073,high (>7.0%),False,100.0000,100.2870,73.7384,60.9827,73.2733,65.9357,77.6119,,,,,1742.0000,1742.0000,1747.0000,1742.0000,716.0000,971.0000,35.0100,32.4100,287.4200,581.8700,sortformer_stream,whisper__sortformer_stream
whisper,sortformer_stream,baseline,KPkRi3GM7fs__000047000_000642000,Odia,595.0000,3,3,0.0031,low (<=2.2%),False,100.0000,100.0000,42.2222,40.6434,58.8368,43.6733,62.1512,,,,,1773.0000,1773.0000,1773.0000,1773.0000,190.0000,450.0000,10.0000,15.7600,208.8500,577.2400,sortformer_stream,whisper__sortformer_stream
whisper,sortformer_stream,baseline,Kdi-ECuOaKg__000002000_000078000,Malayalam,76.0000,6,5+,0.0000,low (<=2.2%),False,118.6813,141.7582,79.1209,94.5794,90.4069,94.5794,90.4069,,,,,108.0000,91.0000,129.0000,91.0000,72.0000,91.0000,14.8900,9.6900,12.4100,39.1100,sortformer_stream,whisper__sortformer_stream
whisper,sortformer_stream,baseline,L7xRazDdtgw__000019000_000083000,Gujarati,64.0000,3,3,0.0012,low (<=2.2%),False,62.7451,66.6667,8.2192,80.3609,81.0662,84.1809,83.5863,,,,,64.0000,102.0000,68.0000,102.0000,6.0000,73.0000,10.5100,8.0700,15.7100,42.6700,sortformer_stream,whisper__sortformer_stream
whisper,sortformer_stream,baseline,LBIWBxQ5H1s__000090000_001020000,Malayalam,930.0000,4,4,0.0724,high (>7.0%),False,99.9592,99.9592,86.8787,48.7021,58.6743,52.5797,62.2830,,,,,2451.0000,2452.0000,2451.0000,2452.0000,437.0000,503.0000,96.8600,69.7800,301.8500,961.9500,sortformer_stream,whisper__sortformer_stream
whisper,sortformer_stream,baseline,LK23jX9tgZM__000059000_000221000,Gujarati,162.0000,3,3,0.1712,high (>7.0%),False,93.6131,95.9854,41.8803,48.1705,63.7532,47.3046,63.9323,,,,,513.0000,548.0000,526.0000,548.0000,49.0000,117.0000,35.5300,10.9100,39.7900,179.0100,sortformer_stream,whisper__sortformer_stream
whisper,sortformer_stream,baseline,LctYmmr9-Vg__000000000_000061000,Devanagari (hi/mr),61.0000,2,2,0.0000,low (<=2.2%),False,86.3309,85.6115,3.6145,14.8171,14.2335,27.3981,33.7294,,,,,120.0000,139.0000,119.0000,139.0000,3.0000,83.0000,4.5300,2.5600,0.0000,47.8500,sortformer_stream,whisper__sortformer_stream
whisper,sortformer_stream,baseline,LqQHdo7t5Ps__000198000_000498000,Devanagari (hi/mr),300.0000,3,3,0.0019,low (<=2.2%),False,84.2486,86.2717,5.6769,15.1415,25.1632,15.1415,25.1632,,,,,583.0000,692.0000,597.0000,692.0000,26.0000,458.0000,4.1700,6.9300,33.3600,293.6300,sortformer_stream,whisper__sortformer_stream
whisper,sortformer_stream,baseline,Md3p6RTanBg__000315000_000426000,Bengali,111.0000,3,3,0.0528,mid (2.2%-7.0%],False,83.5570,83.5570,17.7570,8.6557,14.3195,7.8431,7.3144,,,,,249.0000,298.0000,249.0000,298.0000,19.0000,107.0000,2.2700,1.8100,5.7200,113.2200,sortformer_stream,whisper__sortformer_stream
whisper,sortformer_stream,baseline,MmtWBUK2DKE__000000000_000310000,Devanagari (hi/mr),310.0000,5,5+,0.0432,mid (2.2%-7.0%],False,46.6297,96.4912,43.4896,55.4330,81.3343,59.0670,83.2219,,,,,505.0000,1083.0000,1045.0000,1083.0000,334.0000,768.0000,10.7600,5.9700,153.2000,306.5500,sortformer_stream,whisper__sortformer_stream
whisper,sortformer_stream,baseline,NLgHpYyf5bY__000313000_000383000,Devanagari (hi/mr),70.0000,2,2,0.0097,low (<=2.2%),False,55.0000,55.8333,0.6944,16.8965,31.8738,15.0385,27.7113,,,,,132.0000,240.0000,134.0000,240.0000,1.0000,144.0000,1.6200,2.1700,7.8500,68.8900,sortformer_stream,whisper__sortformer_stream
whisper,sortformer_stream,baseline,NuhdqCEuIBo__000197000_000540000,Punjabi,343.0000,3,3,0.0562,mid (2.2%-7.0%],False,94.5215,94.6676,25.0000,29.6395,46.8564,30.7904,45.8771,,,,,1294.0000,1369.0000,1296.0000,1369.0000,78.0000,312.0000,21.2300,25.2600,58.8400,355.3700,sortformer_stream,whisper__sortformer_stream
whisper,sortformer_stream,baseline,O4_aeGFzZ8A__000000000_000335000,Kannada,335.0000,8,5+,0.0004,low (<=2.2%),False,96.2963,98.5755,50.1976,42.7098,69.7703,43.4306,68.9616,,,,,676.0000,702.0000,692.0000,702.0000,127.0000,253.0000,13.2300,5.7600,118.4800,321.8700,sortformer_stream,whisper__sortformer_stream
whisper,sortformer_stream,baseline,OXUt5KnlUMo__000091000_000181000,Odia,90.0000,2,2,0.0000,low (<=2.2%),False,100.0000,100.0000,12.0930,28.5979,42.1191,27.6716,41.7836,,,,,248.0000,248.0000,248.0000,248.0000,26.0000,215.0000,5.9300,3.6300,15.1400,86.3700,sortformer_stream,whisper__sortformer_stream
whisper,sortformer_stream,baseline,OxYCBQKZ3iY__000000000_001822000,Punjabi,1822.0000,7,5+,0.0659,mid (2.2%-7.0%],False,95.3484,97.1946,64.0244,66.5024,81.0582,69.6426,83.1032,,,,,5268.0000,5525.0000,5370.0000,5525.0000,945.0000,1476.0000,156.5600,79.5600,898.5900,1706.2700,sortformer_stream,whisper__sortformer_stream
whisper,sortformer_stream,baseline,PCUA2q2C-2A__000045000_000107000,Devanagari (hi/mr),62.0000,3,3,0.0063,low (<=2.2%),False,87.6623,87.6623,0.0000,3.2614,5.2470,3.2614,5.2470,,,,,135.0000,154.0000,135.0000,154.0000,0.0000,119.0000,1.0700,0.9100,0.0000,60.7100,sortformer_stream,whisper__sortformer_stream
whisper,sortformer_stream,baseline,PEDfT9-Yf2o__000000000_000469000,Bengali,469.0000,3,3,0.0110,low (<=2.2%),False,88.1066,89.8192,14.6552,19.7938,30.4883,23.4029,35.3891,,,,,926.0000,1051.0000,944.0000,1051.0000,51.0000,348.0000,10.7200,3.6000,65.3700,402.6000,sortformer_stream,whisper__sortformer_stream
whisper,sortformer_stream,baseline,PQB3-4sZUeY__000000000_001132000,Telugu,1132.0000,4,4,0.1069,high (>7.0%),False,94.7751,97.1892,66.4786,60.0085,71.0473,65.5872,74.0124,,,,,2866.0000,3024.0000,2939.0000,3024.0000,589.0000,886.0000,76.3200,110.8800,490.8000,1129.8400,sortformer_stream,whisper__sortformer_stream
whisper,sortformer_stream,baseline,PRAzUz0GANs__000223000_000283000,Kannada,60.0000,2,2,0.0822,high (>7.0%),False,98.4536,100.5155,52.3810,63.0043,65.7127,61.9997,63.7068,,,,,191.0000,194.0000,195.0000,194.0000,11.0000,21.0000,5.1800,6.6200,27.7100,62.7100,sortformer_stream,whisper__sortformer_stream
whisper,sortformer_stream,baseline,PSIzXy5-y2E__000002000_000918000,Devanagari (hi/mr),916.0000,3,3,0.0434,mid (2.2%-7.0%],False,100.0000,108.7097,73.8197,54.4044,64.8173,54.8753,64.7662,,,,,2480.0000,2480.0000,2696.0000,2480.0000,1376.0000,1864.0000,109.7000,73.7400,300.6500,889.8000,sortformer_stream,whisper__sortformer_stream
whisper,sortformer_stream,baseline,PVDfS7lcJHY__000000000_000360000,Kannada,360.0000,6,5+,0.1127,high (>7.0%),False,97.1042,98.0695,59.4142,53.4857,72.4994,61.4973,77.0791,,,,,1006.0000,1036.0000,1016.0000,1036.0000,142.0000,239.0000,27.7100,25.2900,152.6900,384.5700,sortformer_stream,whisper__sortformer_stream
whisper,sortformer_stream,baseline,Pjre5dpnKGA__000000000_000330000,Kannada,330.0000,4,4,0.0933,high (>7.0%),False,98.0494,98.6996,49.7436,43.0423,58.3987,54.7353,67.2722,,,,,754.0000,769.0000,759.0000,769.0000,97.0000,195.0000,18.3100,23.7500,102.4200,335.6700,sortformer_stream,whisper__sortformer_stream
whisper,sortformer_stream,baseline,QhpjuNTZoA8__000000000_000586000,Kannada,586.0000,3,3,0.0512,mid (2.2%-7.0%],False,96.3740,97.0102,30.8036,27.8386,38.8942,33.2238,45.1689,,,,,1515.0000,1572.0000,1525.0000,1572.0000,138.0000,448.0000,26.1000,16.6000,127.5300,611.4900,sortformer_stream,whisper__sortformer_stream
whisper,sortformer_stream,baseline,QuA_B6IZ6Ls__000061000_001863000,Devanagari (hi/mr),1802.0000,4,4,0.3694,high (>7.0%),False,55.0565,69.9472,37.3150,59.9141,60.6506,60.1305,60.9553,,,,,3653.0000,6635.0000,4641.0000,6635.0000,1462.0000,3918.0000,969.4400,93.8600,556.7600,2703.9700,sortformer_stream,whisper__sortformer_stream
whisper,sortformer_stream,baseline,RL2fhIEEbZg__000000000_000065000,Telugu,65.0000,3,3,0.0563,mid (2.2%-7.0%],False,96.9512,96.9512,10.8696,10.2490,40.4081,16.6183,44.4495,,,,,159.0000,164.0000,159.0000,164.0000,5.0000,46.0000,0.5800,5.0700,1.0600,65.4700,sortformer_stream,whisper__sortformer_stream
whisper,sortformer_stream,baseline,RL2fhIEEbZg__000066000_001034000,Telugu,968.0000,3,3,0.0719,high (>7.0%),False,96.1868,97.2763,31.1847,28.5651,32.3358,29.1130,31.3972,,,,,2472.0000,2570.0000,2500.0000,2570.0000,179.0000,574.0000,82.6600,81.1400,125.5500,1012.9500,sortformer_stream,whisper__sortformer_stream
whisper,sortformer_stream,baseline,RWTmftezCwI__000000000_000060000,Malayalam,60.0000,2,2,0.0244,mid (2.2%-7.0%],False,100.0000,100.0000,47.8261,5.9269,6.6959,15.3343,27.0010,,,,,119.0000,119.0000,119.0000,119.0000,11.0000,23.0000,1.7400,1.6900,0.0100,58.0400,sortformer_stream,whisper__sortformer_stream
whisper,sortformer_stream,baseline,RZUZyvRzi80__000000000_000336000,Punjabi,336.0000,4,4,0.0001,low (<=2.2%),False,93.0876,94.6544,30.0000,18.2085,34.7850,18.2085,34.7901,,,,,1010.0000,1085.0000,1027.0000,1085.0000,78.0000,260.0000,13.5700,3.5200,41.8400,323.6400,sortformer_stream,whisper__sortformer_stream
whisper,sortformer_stream,baseline,SZ7ay4OjfAE__000000000_000897000,Telugu,897.0000,5,5+,0.1794,high (>7.0%),False,97.1283,98.3326,67.8186,57.3084,71.9834,66.4693,78.7028,,,,,2097.0000,2159.0000,2123.0000,2159.0000,314.0000,463.0000,147.9700,45.3500,386.4000,1011.5800,sortformer_stream,whisper__sortformer_stream
whisper,sortformer_stream,baseline,T3I2T-cfhG4__000160000_000210000,Devanagari (hi/mr),50.0000,2,2,0.0000,low (<=2.2%),False,94.8276,94.8276,23.4568,10.6238,12.4727,10.6238,12.4727,,,,,110.0000,116.0000,110.0000,116.0000,19.0000,81.0000,1.0500,3.0300,0.9100,46.9700,sortformer_stream,whisper__sortformer_stream
whisper,sortformer_stream,baseline,TU3M6wSQV_g__000099000_000171000,Telugu,72.0000,2,2,0.0451,mid (2.2%-7.0%],False,95.8333,96.7593,27.0833,21.9316,46.3497,23.3132,53.1166,,,,,207.0000,216.0000,209.0000,216.0000,13.0000,48.0000,3.8700,2.1100,10.3700,74.5500,sortformer_stream,whisper__sortformer_stream
whisper,sortformer_stream,baseline,Tlha36rSd5o__000240000_000374000,Tamil,134.0000,2,2,0.0000,low (<=2.2%),False,83.0189,83.0189,5.7971,13.2006,11.6457,12.4250,8.7554,,,,,264.0000,318.0000,264.0000,318.0000,12.0000,207.0000,6.4700,9.0700,0.9700,125.0700,sortformer_stream,whisper__sortformer_stream
whisper,sortformer_stream,baseline,TrPnW5kLAyQ__000093000_000513000,Devanagari (hi/mr),420.0000,4,4,0.0501,mid (2.2%-7.0%],False,88.6260,92.3567,18.3673,31.8400,42.3737,33.2590,46.0222,,,,,974.0000,1099.0000,1015.0000,1099.0000,126.0000,686.0000,47.2700,19.7500,58.6300,394.6300,sortformer_stream,whisper__sortformer_stream
whisper,sortformer_stream,baseline,U_EHjxThUgc__000181000_000289000,Bengali,108.0000,3,3,0.0529,mid (2.2%-7.0%],False,92.3077,94.6488,33.3333,28.8552,46.7863,28.8641,45.3219,,,,,276.0000,299.0000,283.0000,299.0000,23.0000,69.0000,6.3000,5.2400,20.8500,112.2500,sortformer_stream,whisper__sortformer_stream
whisper,sortformer_stream,baseline,VHlIFsHPWbk__000023000_000470000,Odia,447.0000,4,4,0.0269,mid (2.2%-7.0%],False,100.0000,100.0000,69.4158,61.8566,74.2735,64.9071,78.1500,,,,,1329.0000,1329.0000,1329.0000,1329.0000,202.0000,291.0000,12.7900,19.0100,245.8000,448.7800,sortformer_stream,whisper__sortformer_stream
whisper,sortformer_stream,baseline,VKY0uuZ6Om8__000575000_000935000,Devanagari (hi/mr),360.0000,3,3,0.1718,high (>7.0%),False,88.6722,91.3649,32.4916,53.5255,61.0832,55.9840,61.9955,,,,,955.0000,1077.0000,984.0000,1077.0000,193.0000,594.0000,65.7700,34.1500,124.5500,419.3700,sortformer_stream,whisper__sortformer_stream
whisper,sortformer_stream,baseline,VY_4x1scS-Y__000013000_000121000,Tamil,108.0000,4,4,0.0427,mid (2.2%-7.0%],False,86.6071,103.2738,55.1724,65.9745,84.3615,67.5454,85.6954,,,,,291.0000,336.0000,347.0000,336.0000,96.0000,174.0000,16.7300,2.9100,53.4400,110.7700,sortformer_stream,whisper__sortformer_stream
whisper,sortformer_stream,rule,0AEEA8NyVwY__000011000_000609000,Devanagari (hi/mr),598.0000,3,3,0.0047,low (<=2.2%),False,79.5199,79.5199,2.9557,5.9075,6.5413,5.9075,6.5413,25.0000,1.0000,2.0000,False,1060.0000,1333.0000,1060.0000,1333.0000,30.0000,1015.0000,16.4500,16.0800,0.8000,564.2000,whisper__sortformer_stream+rule,whisper__sortformer_stream
whisper,sortformer_stream,rule,0SoItGfM_sY__000007000_000088000,Kannada,81.0000,5,5+,0.0000,low (<=2.2%),False,91.5152,92.7273,17.5676,37.6878,70.0865,37.6878,70.0865,5.0000,0.0000,0.0000,False,151.0000,165.0000,153.0000,165.0000,13.0000,74.0000,4.7700,8.7600,12.8100,69.8900,whisper__sortformer_stream+rule,whisper__sortformer_stream
whisper,sortformer_stream,rule,0VEwL9XZ0LY__000261000_000557000,Devanagari (hi/mr),296.0000,2,2,0.0355,mid (2.2%-7.0%],False,79.0378,96.6781,49.0728,55.3347,71.7267,55.5006,72.3224,30.0000,8.0000,9.0000,False,690.0000,873.0000,844.0000,873.0000,344.0000,701.0000,35.1600,18.6200,106.3200,289.3300,whisper__sortformer_stream+rule,whisper__sortformer_stream
whisper,sortformer_stream,rule,0esIFSOAcFs__000000000_000913000,Gujarati,913.0000,3,3,0.0232,mid (2.2%-7.0%],False,86.2082,88.5371,31.3287,40.6567,57.0473,40.4687,56.8519,29.0000,4.0000,4.0000,False,2369.0000,2748.0000,2433.0000,2748.0000,224.0000,715.0000,29.7500,5.8500,340.7100,925.5800,whisper__sortformer_stream+rule,whisper__sortformer_stream
whisper,sortformer_stream,rule,0p6cktLGIfY__000012000_000930000,Gujarati,918.0000,6,5+,0.0329,mid (2.2%-7.0%],False,89.8325,91.0401,19.8387,43.0410,68.2294,43.0699,68.2978,43.0000,4.0000,5.0000,False,2306.0000,2567.0000,2337.0000,2567.0000,123.0000,620.0000,122.7900,111.0800,123.9300,831.3000,whisper__sortformer_stream+rule,whisper__sortformer_stream
whisper,sortformer_stream,rule,13VBh0Z6QmE__000000000_000904000,Tamil,904.0000,4,4,0.0290,mid (2.2%-7.0%],False,74.0696,88.3153,37.0092,39.7935,47.9336,39.3133,46.9488,133.0000,23.0000,37.0000,False,1851.0000,2499.0000,2207.0000,2499.0000,641.0000,1732.0000,26.9700,22.3600,303.6700,887.0800,whisper__sortformer_stream+rule,whisper__sortformer_stream
whisper,sortformer_stream,rule,1LFl5JEipII__000000000_000597000,Bengali,597.0000,5,5+,0.1006,high (>7.0%),False,88.9937,94.5912,72.8417,67.3714,80.9658,66.2526,80.1667,77.0000,16.0000,25.0000,False,1415.0000,1590.0000,1504.0000,1590.0000,405.0000,556.0000,81.4800,25.7200,291.4500,591.7200,whisper__sortformer_stream+rule,whisper__sortformer_stream
whisper,sortformer_stream,rule,2HGP34TNvjg__000084000_000194000,Odia,110.0000,2,2,0.0128,low (<=2.2%),False,100.0000,114.8649,41.4938,57.1190,63.0412,57.2759,63.3450,19.0000,4.0000,10.0000,False,296.0000,296.0000,340.0000,296.0000,100.0000,241.0000,6.4300,7.8800,43.9400,101.9800,whisper__sortformer_stream+rule,whisper__sortformer_stream
whisper,sortformer_stream,rule,2LN6vb7EBn0__000098000_000394000,Tamil,296.0000,3,3,0.0238,mid (2.2%-7.0%],False,85.4860,95.2064,43.8849,54.5543,65.5824,54.1779,65.4954,42.0000,7.0000,9.0000,False,642.0000,751.0000,715.0000,751.0000,183.0000,417.0000,10.2900,28.0500,118.1600,286.8700,whisper__sortformer_stream+rule,whisper__sortformer_stream
whisper,sortformer_stream,rule,2T4pjueLrsk__000677000_001290000,Gujarati,613.0000,4,4,0.0342,mid (2.2%-7.0%],False,100.0000,100.4322,54.6243,67.7974,72.6198,68.7079,71.9639,191.0000,51.0000,98.0000,False,2314.0000,2314.0000,2324.0000,2314.0000,945.0000,1730.0000,93.8100,66.2300,208.5200,543.6200,whisper__sortformer_stream+rule,whisper__sortformer_stream
whisper,sortformer_stream,rule,2gGHQgj9yno__000000000_000099000,Gujarati,99.0000,4,4,0.0798,high (>7.0%),False,94.3860,94.7368,27.4510,37.0860,49.8278,36.5861,49.4332,6.0000,2.0000,2.0000,False,269.0000,285.0000,270.0000,285.0000,14.0000,51.0000,14.6200,8.5200,12.4700,96.0200,whisper__sortformer_stream+rule,whisper__sortformer_stream
whisper,sortformer_stream,rule,2iMXYxBTwbM__000339000_000401000,Devanagari (hi/mr),62.0000,3,3,0.1275,high (>7.0%),False,92.5532,93.6170,34.4262,84.0336,82.9066,84.0161,82.7627,15.0000,2.0000,6.0000,False,174.0000,188.0000,176.0000,188.0000,42.0000,122.0000,14.4100,15.9200,17.6700,57.1200,whisper__sortformer_stream+rule,whisper__sortformer_stream
whisper,sortformer_stream,rule,37dND_0r6S8__000060000_000222000,Tamil,162.0000,2,2,0.0896,high (>7.0%),False,85.2783,86.1759,11.1111,47.0822,50.7741,46.8037,50.3765,33.0000,6.0000,6.0000,False,475.0000,557.0000,480.0000,557.0000,30.0000,270.0000,17.6900,22.6500,39.1300,168.7900,whisper__sortformer_stream+rule,whisper__sortformer_stream
whisper,sortformer_stream,rule,4Qg2jWP6_T0__000136000_000202000,Punjabi,66.0000,3,3,0.2093,high (>7.0%),False,97.3684,97.3684,86.2500,84.1881,80.7255,84.1881,80.7255,10.0000,0.0000,0.0000,False,259.0000,266.0000,259.0000,266.0000,69.0000,80.0000,11.5700,15.7300,31.9600,70.3900,whisper__sortformer_stream+rule,whisper__sortformer_stream
whisper,sortformer_stream,rule,6-726qTlYeg__000102000_000162000,Malayalam,60.0000,2,2,0.1610,high (>7.0%),False,99.5327,99.5327,21.0526,52.7925,52.9401,52.7925,52.9401,6.0000,0.0000,0.0000,False,213.0000,214.0000,213.0000,214.0000,8.0000,38.0000,7.9500,10.2900,18.5300,69.6500,whisper__sortformer_stream+rule,whisper__sortformer_stream
whisper,sortformer_stream,rule,6ZeRgvDHwcI__000006000_000100000,Gujarati,94.0000,2,2,0.0125,low (<=2.2%),False,82.0106,82.0106,8.8608,64.3918,58.6416,64.3918,58.6416,6.0000,0.0000,0.0000,False,155.0000,189.0000,155.0000,189.0000,7.0000,79.0000,24.2900,10.5100,5.9600,63.3000,whisper__sortformer_stream+rule,whisper__sortformer_stream
whisper,sortformer_stream,rule,6f6TLzlP8Wk__000082000_000144000,Punjabi,62.0000,2,2,0.0510,mid (2.2%-7.0%],False,95.7627,96.6102,19.3548,54.5933,59.1435,54.5933,59.1435,7.0000,0.0000,0.0000,False,226.0000,236.0000,228.0000,236.0000,6.0000,31.0000,6.4300,7.6100,18.1100,58.8900,whisper__sortformer_stream+rule,whisper__sortformer_stream
whisper,sortformer_stream,rule,7L4gi7Ncc0s__000090000_000148000,Malayalam,58.0000,2,2,0.0000,low (<=2.2%),False,100.0000,100.0000,9.8361,16.6876,24.1904,16.6876,24.1904,2.0000,0.0000,0.0000,False,125.0000,125.0000,125.0000,125.0000,6.0000,61.0000,4.0800,2.3200,2.8900,55.6700,whisper__sortformer_stream+rule,whisper__sortformer_stream
whisper,sortformer_stream,rule,7WhVNRHbjIY__000091000_001089000,Tamil,998.0000,5,5+,0.0133,low (<=2.2%),False,76.7929,90.8139,32.2045,31.9752,41.7503,32.1196,42.0224,35.0000,2.0000,5.0000,False,1906.0000,2482.0000,2254.0000,2482.0000,504.0000,1565.0000,14.7000,25.7700,278.2200,996.6800,whisper__sortformer_stream+rule,whisper__sortformer_stream
whisper,sortformer_stream,rule,7YfsQPYY-W0__000351000_000411000,Odia,60.0000,2,2,0.1219,high (>7.0%),False,100.0000,100.0000,56.7568,59.7043,60.6130,58.8327,59.8941,6.0000,1.0000,1.0000,False,208.0000,208.0000,208.0000,208.0000,21.0000,37.0000,8.6900,8.9100,20.7600,64.2500,whisper__sortformer_stream+rule,whisper__sortformer_stream
whisper,sortformer_stream,rule,7c9ePKgqams__000299000_000869000,Telugu,570.0000,4,4,0.0055,low (<=2.2%),False,96.7148,97.8975,59.9237,56.5441,78.3235,57.0755,78.6669,27.0000,1.0000,1.0000,False,1472.0000,1522.0000,1490.0000,1522.0000,157.0000,262.0000,18.3200,23.3900,271.1600,553.3200,whisper__sortformer_stream+rule,whisper__sortformer_stream
whisper,sortformer_stream,rule,7k-xDqNjESc__000073000_000981000,Malayalam,908.0000,4,4,0.0421,mid (2.2%-7.0%],False,99.9553,99.9553,46.2168,42.6709,69.6500,42.9918,69.8499,67.0000,9.0000,24.0000,False,2238.0000,2239.0000,2238.0000,2239.0000,226.0000,489.0000,89.0100,87.5700,206.4300,897.5900,whisper__sortformer_stream+rule,whisper__sortformer_stream
whisper,sortformer_stream,rule,83gP2vLH7UY__000255000_002005000,Devanagari (hi/mr),1750.0000,5,5+,0.2022,high (>7.0%),False,90.4811,96.3442,60.5117,73.2245,79.2379,73.2729,79.3198,127.0000,24.0000,44.0000,False,5247.0000,5799.0000,5587.0000,5799.0000,1419.0000,2345.0000,273.1400,197.8300,1025.4600,2043.6200,whisper__sortformer_stream+rule,whisper__sortformer_stream
whisper,sortformer_stream,rule,86mMTUeDiR8__000181000_001079000,Bengali,898.0000,5,5+,0.0517,mid (2.2%-7.0%],False,93.3138,95.4033,45.2119,58.1170,72.7036,57.4889,72.1348,69.0000,10.0000,16.0000,False,2233.0000,2393.0000,2283.0000,2393.0000,288.0000,637.0000,103.0500,97.8900,277.4500,823.1500,whisper__sortformer_stream+rule,whisper__sortformer_stream
whisper,sortformer_stream,rule,87Zbup3ohcw__000106000_000445000,Tamil,339.0000,4,4,0.0152,low (<=2.2%),False,62.2163,73.6983,32.2896,39.3128,62.5377,39.3128,62.5195,14.0000,1.0000,1.0000,False,466.0000,749.0000,552.0000,749.0000,165.0000,511.0000,18.3500,18.2400,89.2700,320.1500,whisper__sortformer_stream+rule,whisper__sortformer_stream
whisper,sortformer_stream,rule,8Ve4SWhlrrA__000000000_000070000,Odia,70.0000,2,2,0.0000,low (<=2.2%),False,100.0000,100.0000,3.7383,4.8895,38.0981,4.8895,38.0981,2.0000,0.0000,0.0000,False,133.0000,133.0000,133.0000,133.0000,4.0000,107.0000,0.0800,1.5400,1.5000,63.8100,whisper__sortformer_stream+rule,whisper__sortformer_stream
whisper,sortformer_stream,rule,8mvORuRHw2U__000000000_001197000,Gujarati,1197.0000,4,4,0.0417,mid (2.2%-7.0%],False,88.1443,92.0962,43.5685,61.1151,69.3604,61.1488,69.3550,68.0000,10.0000,13.0000,False,3078.0000,3492.0000,3216.0000,3492.0000,420.0000,964.0000,69.0400,70.6000,568.8800,1159.3200,whisper__sortformer_stream+rule,whisper__sortformer_stream
whisper,sortformer_stream,rule,8o7jKmq6HsM__000030000_001770000,Devanagari (hi/mr),1740.0000,6,5+,0.0471,mid (2.2%-7.0%],False,91.0542,96.9598,61.3931,61.0301,73.8204,61.0306,73.9090,104.0000,9.0000,11.0000,False,4163.0000,4572.0000,4433.0000,4572.0000,1657.0000,2699.0000,108.7500,43.4100,926.4000,1767.2600,whisper__sortformer_stream+rule,whisper__sortformer_stream
whisper,sortformer_stream,rule,8pkp-lpMJP0__000326000_000926000,Telugu,600.0000,8,5+,0.2032,high (>7.0%),False,97.3290,98.4365,72.3118,54.7654,79.8309,54.3404,79.5542,75.0000,4.0000,8.0000,False,1494.0000,1535.0000,1511.0000,1535.0000,269.0000,372.0000,112.0700,35.5000,233.8600,696.4800,whisper__sortformer_stream+rule,whisper__sortformer_stream
whisper,sortformer_stream,rule,8r2Nltl0W4o__000259000_000320000,Punjabi,61.0000,2,2,0.0227,mid (2.2%-7.0%],False,95.2569,95.2569,21.1538,26.8377,61.7396,25.5386,61.0984,4.0000,1.0000,3.0000,False,241.0000,253.0000,241.0000,253.0000,11.0000,52.0000,3.0300,2.1800,11.1100,60.8100,whisper__sortformer_stream+rule,whisper__sortformer_stream
whisper,sortformer_stream,rule,90uAd6xpTPo__000016000_000408000,Devanagari (hi/mr),392.0000,4,4,0.0067,low (<=2.2%),False,52.8878,92.4092,47.6510,55.3945,76.4248,55.3945,76.4248,9.0000,0.0000,0.0000,False,641.0000,1212.0000,1120.0000,1212.0000,355.0000,745.0000,11.4100,10.0700,181.1200,365.7400,whisper__sortformer_stream+rule,whisper__sortformer_stream
whisper,sortformer_stream,rule,9Aw8kg8w5Xo__000000000_000083000,Telugu,83.0000,4,4,0.0216,low (<=2.2%),False,89.9497,90.4523,5.9406,17.2570,57.5738,17.2570,57.3518,7.0000,1.0000,1.0000,False,179.0000,199.0000,180.0000,199.0000,6.0000,101.0000,2.1700,1.8500,10.1100,81.8800,whisper__sortformer_stream+rule,whisper__sortformer_stream
whisper,sortformer_stream,rule,9_GMxc_JjyI__000236000_000368000,Kannada,132.0000,2,2,0.0602,mid (2.2%-7.0%],False,95.6873,97.0350,13.3690,19.4092,42.6406,19.4092,42.6406,14.0000,1.0000,1.0000,False,355.0000,371.0000,360.0000,371.0000,25.0000,187.0000,9.3500,5.6500,11.7400,137.7700,whisper__sortformer_stream+rule,whisper__sortformer_stream
whisper,sortformer_stream,rule,ARCKJrGkITw__000014000_000496000,Telugu,482.0000,3,3,0.0844,high (>7.0%),False,95.8545,97.2364,43.0000,48.1898,57.4005,48.0635,57.2752,26.0000,4.0000,7.0000,False,1318.0000,1375.0000,1337.0000,1375.0000,129.0000,300.0000,48.2200,25.5600,170.3400,506.5800,whisper__sortformer_stream+rule,whisper__sortformer_stream
whisper,sortformer_stream,rule,ARZl7LT0UC0__000073000_000130000,Telugu,57.0000,3,3,0.0905,high (>7.0%),False,94.7712,94.7712,16.0000,34.3043,55.6379,34.3043,55.6379,5.0000,0.0000,0.0000,False,145.0000,153.0000,145.0000,153.0000,4.0000,25.0000,4.2900,3.6800,13.1100,61.4500,whisper__sortformer_stream+rule,whisper__sortformer_stream
whisper,sortformer_stream,rule,A_dohDOK6Ic__000000000_000600000,Devanagari (hi/mr),600.0000,3,3,0.0048,low (<=2.2%),False,50.1914,83.3789,29.7007,36.6781,50.7492,36.6781,50.7492,14.0000,0.0000,0.0000,False,918.0000,1829.0000,1525.0000,1829.0000,387.0000,1303.0000,11.3800,11.2300,189.4700,578.2200,whisper__sortformer_stream+rule,whisper__sortformer_stream
whisper,sortformer_stream,rule,B2ScTgeIIck__000117000_000180000,Odia,63.0000,2,2,0.0879,high (>7.0%),False,127.5862,127.5862,63.7931,31.2519,34.0261,32.3777,35.5583,19.0000,7.0000,19.0000,False,222.0000,174.0000,222.0000,174.0000,111.0000,174.0000,5.4700,5.7700,9.5800,66.6200,whisper__sortformer_stream+rule,whisper__sortformer_stream
whisper,sortformer_stream,rule,BGAAfht5dYw__000000000_000612000,Gujarati,612.0000,4,4,0.1350,high (>7.0%),False,93.3967,95.1069,48.2940,41.6286,61.8144,41.5431,61.7523,44.0000,6.0000,8.0000,False,1966.0000,2105.0000,2002.0000,2105.0000,184.0000,381.0000,53.9000,30.3100,198.2900,678.6200,whisper__sortformer_stream+rule,whisper__sortformer_stream
whisper,sortformer_stream,rule,BYLcUGNB_zM__000020000_001387000,Kannada,1367.0000,4,4,0.0054,low (<=2.2%),False,94.9194,95.4670,11.5987,14.7565,21.8930,14.5732,21.5845,42.0000,1.0000,1.0000,False,3120.0000,3287.0000,3138.0000,3287.0000,111.0000,957.0000,36.9000,19.6100,139.9300,1331.2100,whisper__sortformer_stream+rule,whisper__sortformer_stream
whisper,sortformer_stream,rule,Bngfppo1QtA__000028000_000927000,Telugu,899.0000,5,5+,0.1261,high (>7.0%),False,95.1547,96.4169,46.6667,63.3941,67.6594,63.2156,67.4900,117.0000,10.0000,12.0000,False,2337.0000,2456.0000,2368.0000,2456.0000,329.0000,705.0000,132.4600,150.1100,353.1900,1002.8700,whisper__sortformer_stream+rule,whisper__sortformer_stream
whisper,sortformer_stream,rule,CO_8ppdzq9U__000000000_000695000,Tamil,695.0000,4,4,0.0186,low (<=2.2%),False,82.9667,117.6618,84.0747,63.1956,80.4347,63.0760,80.3661,71.0000,12.0000,16.0000,False,1320.0000,1591.0000,1872.0000,1591.0000,945.0000,1124.0000,13.7200,24.4200,374.1100,652.3400,whisper__sortformer_stream+rule,whisper__sortformer_stream
whisper,sortformer_stream,rule,Cku_X_SL7qU__000060000_000660000,Gujarati,600.0000,3,3,0.1022,high (>7.0%),False,100.0000,100.8436,52.2670,65.9481,51.4151,66.1979,51.7595,149.0000,54.0000,104.0000,False,1778.0000,1778.0000,1793.0000,1778.0000,830.0000,1588.0000,78.9500,183.5100,64.9000,496.3900,whisper__sortformer_stream+rule,whisper__sortformer_stream
whisper,sortformer_stream,rule,DPmew0didIM__000191000_000512000,Telugu,321.0000,5,5+,0.0620,mid (2.2%-7.0%],False,95.7031,96.8750,53.6145,48.8426,65.8893,48.8426,65.6968,25.0000,2.0000,2.0000,False,735.0000,768.0000,744.0000,768.0000,89.0000,166.0000,32.5700,29.0500,97.9000,326.6000,whisper__sortformer_stream+rule,whisper__sortformer_stream
whisper,sortformer_stream,rule,EmsKkNN2Me4__000035000_000095000,Malayalam,60.0000,2,2,0.0471,mid (2.2%-7.0%],False,100.0000,100.5587,47.0085,52.6949,61.4976,56.2057,64.0663,18.0000,8.0000,25.0000,False,179.0000,179.0000,180.0000,179.0000,55.0000,117.0000,3.0100,6.0100,22.9500,60.6700,whisper__sortformer_stream+rule,whisper__sortformer_stream
whisper,sortformer_stream,rule,ExGJodnzocM__000212000_000527000,Devanagari (hi/mr),315.0000,4,4,0.0133,low (<=2.2%),False,46.3394,68.4755,23.1395,42.4383,58.4349,42.2608,58.2467,36.0000,3.0000,4.0000,False,538.0000,1161.0000,795.0000,1161.0000,199.0000,860.0000,9.6200,10.7400,111.0800,309.7200,whisper__sortformer_stream+rule,whisper__sortformer_stream
whisper,sortformer_stream,rule,F2uXav-wriA__000000000_000907000,Devanagari (hi/mr),907.0000,4,4,0.0336,mid (2.2%-7.0%],False,40.9765,77.4322,33.5945,40.3503,51.6359,40.1049,51.5013,83.0000,14.0000,19.0000,False,1133.0000,2765.0000,2141.0000,2765.0000,686.0000,2042.0000,52.3200,12.7400,303.3300,912.9800,whisper__sortformer_stream+rule,whisper__sortformer_stream
whisper,sortformer_stream,rule,FDMf9ApmoNU__000016000_000686000,Bengali,670.0000,4,4,0.0882,high (>7.0%),False,87.4850,89.2216,26.6323,44.0351,50.9671,43.6859,50.6339,83.0000,15.0000,24.0000,False,1461.0000,1670.0000,1490.0000,1670.0000,155.0000,582.0000,86.6300,71.1600,119.6400,630.0200,whisper__sortformer_stream+rule,whisper__sortformer_stream
whisper,sortformer_stream,rule,G6qzg93FxwE__000021000_000116000,Gujarati,95.0000,2,2,0.0061,low (<=2.2%),False,82.0225,85.7678,21.7391,6.3205,7.4386,6.3205,7.4386,2.0000,0.0000,0.0000,False,219.0000,267.0000,229.0000,267.0000,15.0000,69.0000,3.6400,1.9700,0.2700,93.0300,whisper__sortformer_stream+rule,whisper__sortformer_stream
whisper,sortformer_stream,rule,GEc_sS2KWo8__000096000_000290000,Gujarati,194.0000,4,4,0.0378,mid (2.2%-7.0%],False,91.3127,94.4015,30.7190,40.0093,63.6628,40.0093,63.6628,5.0000,0.0000,0.0000,False,473.0000,518.0000,489.0000,518.0000,47.0000,153.0000,18.2500,15.3500,26.4500,150.0900,whisper__sortformer_stream+rule,whisper__sortformer_stream
whisper,sortformer_stream,rule,GfFLEIAAumk__000090000_000163000,Bengali,73.0000,2,2,0.0285,mid (2.2%-7.0%],False,92.5926,92.5926,15.0000,18.9428,25.6682,19.1602,25.9216,5.0000,1.0000,3.0000,False,200.0000,216.0000,200.0000,216.0000,9.0000,60.0000,3.2400,2.9700,7.7300,73.5900,whisper__sortformer_stream+rule,whisper__sortformer_stream
whisper,sortformer_stream,rule,Gq45evw6ytY__000597000_001464000,Odia,867.0000,3,3,0.0869,high (>7.0%),False,100.0000,100.0000,60.6628,56.4049,68.6598,56.3643,68.6298,61.0000,7.0000,11.0000,False,2740.0000,2740.0000,2740.0000,2740.0000,421.0000,694.0000,95.7900,76.8400,327.4500,886.5900,whisper__sortformer_stream+rule,whisper__sortformer_stream
whisper,sortformer_stream,rule,HZv_WvIr6lE__000021000_000105000,Tamil,84.0000,3,3,0.1276,high (>7.0%),False,75.0000,77.3077,10.2564,30.3132,33.3679,25.2520,27.3505,23.0000,8.0000,11.0000,False,195.0000,260.0000,201.0000,260.0000,20.0000,195.0000,10.2000,4.8000,12.9700,92.2700,whisper__sortformer_stream+rule,whisper__sortformer_stream
whisper,sortformer_stream,rule,HpYG46tGyYs__000103000_000998000,Devanagari (hi/mr),895.0000,4,4,0.0022,low (<=2.2%),False,43.1034,63.2445,16.5461,21.7213,28.7362,21.9036,29.1125,37.0000,2.0000,2.0000,False,1100.0000,2552.0000,1614.0000,2552.0000,343.0000,2073.0000,21.5300,35.1400,130.4000,861.2300,whisper__sortformer_stream+rule,whisper__sortformer_stream
whisper,sortformer_stream,rule,IAm1rt-MYcA__000004000_000558000,Bengali,554.0000,4,4,0.0445,mid (2.2%-7.0%],False,89.8697,92.9502,34.5149,45.9779,61.9271,46.0960,62.0288,26.0000,1.0000,1.0000,False,1517.0000,1688.0000,1569.0000,1688.0000,185.0000,536.0000,45.3100,57.9100,145.8100,541.6300,whisper__sortformer_stream+rule,whisper__sortformer_stream
whisper,sortformer_stream,rule,Iare1Emeueg__000016000_000069000,Devanagari (hi/mr),53.0000,2,2,0.0000,low (<=2.2%),False,61.8705,61.8705,12.0482,48.5206,47.8263,48.5206,47.8263,9.0000,0.0000,0.0000,False,86.0000,139.0000,86.0000,139.0000,10.0000,83.0000,10.6200,7.1200,3.2500,43.2600,whisper__sortformer_stream+rule,whisper__sortformer_stream
whisper,sortformer_stream,rule,IfTL8SSN270__000062000_000671000,Devanagari (hi/mr),609.0000,4,4,0.1121,high (>7.0%),False,50.9485,66.2150,29.4521,44.1433,53.5370,44.6133,54.1388,52.0000,10.0000,16.0000,False,1128.0000,2214.0000,1466.0000,2214.0000,387.0000,1314.0000,72.8900,34.0300,186.1300,663.8600,whisper__sortformer_stream+rule,whisper__sortformer_stream
whisper,sortformer_stream,rule,Ig6szCD8m20__000046000_000106000,Devanagari (hi/mr),60.0000,2,2,0.0204,low (<=2.2%),False,78.7565,86.0104,8.4270,24.1356,31.4622,26.0154,33.9776,7.0000,1.0000,3.0000,False,152.0000,193.0000,166.0000,193.0000,15.0000,178.0000,1.2800,3.8500,9.2500,59.5800,whisper__sortformer_stream+rule,whisper__sortformer_stream
whisper,sortformer_stream,rule,Iqhnt8ENm3U__000027000_000088000,Devanagari (hi/mr),61.0000,3,3,0.1772,high (>7.0%),False,92.6554,95.4802,47.5000,57.5421,65.3721,56.7909,64.6187,10.0000,3.0000,3.0000,False,164.0000,177.0000,169.0000,177.0000,19.0000,40.0000,11.9100,6.1100,20.2800,66.5600,whisper__sortformer_stream+rule,whisper__sortformer_stream
whisper,sortformer_stream,rule,J4-VpEkBzWw__000000000_000600000,Kannada,600.0000,7,5+,0.0685,mid (2.2%-7.0%],False,97.1005,98.1959,52.1368,55.1783,72.4104,55.1783,72.4104,30.0000,1.0000,2.0000,False,1507.0000,1552.0000,1524.0000,1552.0000,183.0000,351.0000,23.4500,14.9100,312.6900,636.2100,whisper__sortformer_stream+rule,whisper__sortformer_stream
whisper,sortformer_stream,rule,JBYGLQJwFDc__000103000_000407000,Tamil,304.0000,3,3,0.0120,low (<=2.2%),False,84.8529,86.0294,13.5135,44.7224,66.5605,44.7224,66.5605,39.0000,2.0000,2.0000,False,577.0000,680.0000,585.0000,680.0000,55.0000,407.0000,36.3200,31.0400,49.2000,260.6300,whisper__sortformer_stream+rule,whisper__sortformer_stream
whisper,sortformer_stream,rule,JSB1CeS4pP8__000000000_000632000,Punjabi,632.0000,4,4,0.0880,high (>7.0%),False,94.1092,95.1628,38.7850,31.4893,40.4320,31.2839,40.1521,34.0000,4.0000,4.0000,False,1965.0000,2088.0000,1987.0000,2088.0000,249.0000,642.0000,32.4900,31.5400,141.4500,652.5400,whisper__sortformer_stream+rule,whisper__sortformer_stream
whisper,sortformer_stream,rule,Jc5AVwg2cZM__000153000_000214000,Devanagari (hi/mr),61.0000,3,3,0.2816,high (>7.0%),False,85.4651,90.6977,30.6818,82.6288,71.2502,84.5908,74.3659,17.0000,5.0000,9.0000,False,147.0000,172.0000,156.0000,172.0000,27.0000,88.0000,19.0300,16.1400,16.6300,62.6900,whisper__sortformer_stream+rule,whisper__sortformer_stream
whisper,sortformer_stream,rule,KAtdcDieQMw__000057000_000599000,Odia,542.0000,3,3,0.1073,high (>7.0%),False,100.0000,100.2870,73.4295,65.8377,77.4503,65.9357,77.6119,53.0000,6.0000,8.0000,False,1742.0000,1742.0000,1747.0000,1742.0000,713.0000,971.0000,35.0100,32.4100,315.6700,581.8700,whisper__sortformer_stream+rule,whisper__sortformer_stream
whisper,sortformer_stream,rule,KPkRi3GM7fs__000047000_000642000,Odia,595.0000,3,3,0.0031,low (<=2.2%),False,100.0000,100.0000,42.8889,43.8050,62.2733,43.6733,62.1512,28.0000,1.0000,3.0000,False,1773.0000,1773.0000,1773.0000,1773.0000,193.0000,450.0000,10.0000,15.7600,227.1000,577.2400,whisper__sortformer_stream+rule,whisper__sortformer_stream
whisper,sortformer_stream,rule,Kdi-ECuOaKg__000002000_000078000,Malayalam,76.0000,6,5+,0.0000,low (<=2.2%),False,118.6813,141.7582,79.1209,94.5794,90.4069,94.5794,90.4069,10.0000,0.0000,0.0000,False,108.0000,91.0000,129.0000,91.0000,72.0000,91.0000,14.8900,9.6900,12.4100,39.1100,whisper__sortformer_stream+rule,whisper__sortformer_stream
whisper,sortformer_stream,rule,L7xRazDdtgw__000019000_000083000,Gujarati,64.0000,3,3,0.0012,low (<=2.2%),False,62.7451,66.6667,8.2192,84.1809,83.5863,84.1809,83.5863,11.0000,0.0000,0.0000,False,64.0000,102.0000,68.0000,102.0000,6.0000,73.0000,10.5100,8.0700,17.3400,42.6700,whisper__sortformer_stream+rule,whisper__sortformer_stream
whisper,sortformer_stream,rule,LBIWBxQ5H1s__000090000_001020000,Malayalam,930.0000,4,4,0.0724,high (>7.0%),False,99.9592,99.9592,86.0835,52.4591,62.1328,52.5797,62.2830,82.0000,15.0000,32.0000,False,2451.0000,2452.0000,2451.0000,2452.0000,433.0000,503.0000,96.8600,69.7800,337.9900,961.9500,whisper__sortformer_stream+rule,whisper__sortformer_stream
whisper,sortformer_stream,rule,LK23jX9tgZM__000059000_000221000,Gujarati,162.0000,3,3,0.1712,high (>7.0%),False,93.6131,95.8029,42.7350,46.9974,63.7747,47.3046,63.9323,20.0000,4.0000,5.0000,False,513.0000,548.0000,525.0000,548.0000,50.0000,117.0000,35.5300,10.9100,37.6900,179.0100,whisper__sortformer_stream+rule,whisper__sortformer_stream
whisper,sortformer_stream,rule,LctYmmr9-Vg__000000000_000061000,Devanagari (hi/mr),61.0000,2,2,0.0000,low (<=2.2%),False,86.3309,85.6115,4.8193,28.1923,34.7839,27.3981,33.7294,13.0000,1.0000,1.0000,False,120.0000,139.0000,119.0000,139.0000,4.0000,83.0000,4.5300,2.5600,6.4000,47.8500,whisper__sortformer_stream+rule,whisper__sortformer_stream
whisper,sortformer_stream,rule,LqQHdo7t5Ps__000198000_000498000,Devanagari (hi/mr),300.0000,3,3,0.0019,low (<=2.2%),False,84.2486,86.2717,5.6769,15.1415,25.1632,15.1415,25.1632,11.0000,0.0000,0.0000,False,583.0000,692.0000,597.0000,692.0000,26.0000,458.0000,4.1700,6.9300,33.3600,293.6300,whisper__sortformer_stream+rule,whisper__sortformer_stream
whisper,sortformer_stream,rule,Md3p6RTanBg__000315000_000426000,Bengali,111.0000,3,3,0.0528,mid (2.2%-7.0%],False,83.5570,83.5570,17.7570,7.8431,7.3144,7.8431,7.3144,6.0000,0.0000,0.0000,False,249.0000,298.0000,249.0000,298.0000,19.0000,107.0000,2.2700,1.8100,4.8000,113.2200,whisper__sortformer_stream+rule,whisper__sortformer_stream
whisper,sortformer_stream,rule,MmtWBUK2DKE__000000000_000310000,Devanagari (hi/mr),310.0000,5,5+,0.0432,mid (2.2%-7.0%],False,46.6297,96.2142,44.0104,59.8238,83.6917,59.0670,83.2219,40.0000,9.0000,11.0000,False,505.0000,1083.0000,1042.0000,1083.0000,338.0000,768.0000,10.7600,5.9700,166.6600,306.5500,whisper__sortformer_stream+rule,whisper__sortformer_stream
whisper,sortformer_stream,rule,NLgHpYyf5bY__000313000_000383000,Devanagari (hi/mr),70.0000,2,2,0.0097,low (<=2.2%),False,55.0000,55.0000,0.0000,15.0385,27.7113,15.0385,27.7113,4.0000,1.0000,1.0000,False,132.0000,240.0000,132.0000,240.0000,0.0000,144.0000,1.6200,2.1700,6.5700,68.8900,whisper__sortformer_stream+rule,whisper__sortformer_stream
whisper,sortformer_stream,rule,NuhdqCEuIBo__000197000_000540000,Punjabi,343.0000,3,3,0.0562,mid (2.2%-7.0%],False,94.5215,94.5946,25.0000,30.5850,45.6531,30.7904,45.8771,25.0000,6.0000,6.0000,False,1294.0000,1369.0000,1295.0000,1369.0000,78.0000,312.0000,21.2300,25.2600,62.2000,355.3700,whisper__sortformer_stream+rule,whisper__sortformer_stream
whisper,sortformer_stream,rule,O4_aeGFzZ8A__000000000_000335000,Kannada,335.0000,8,5+,0.0004,low (<=2.2%),False,96.2963,98.4330,50.1976,43.4306,68.9402,43.4306,68.9616,20.0000,3.0000,5.0000,False,676.0000,702.0000,691.0000,702.0000,127.0000,253.0000,13.2300,5.7600,120.8000,321.8700,whisper__sortformer_stream+rule,whisper__sortformer_stream
whisper,sortformer_stream,rule,OXUt5KnlUMo__000091000_000181000,Odia,90.0000,2,2,0.0000,low (<=2.2%),False,100.0000,100.0000,12.0930,27.6716,41.7836,27.6716,41.7836,7.0000,0.0000,0.0000,False,248.0000,248.0000,248.0000,248.0000,26.0000,215.0000,5.9300,3.6300,14.3400,86.3700,whisper__sortformer_stream+rule,whisper__sortformer_stream
whisper,sortformer_stream,rule,OxYCBQKZ3iY__000000000_001822000,Punjabi,1822.0000,7,5+,0.0659,mid (2.2%-7.0%],False,95.3484,97.1946,66.0569,70.0792,83.4162,69.6426,83.1032,181.0000,15.0000,25.0000,False,5268.0000,5525.0000,5370.0000,5525.0000,975.0000,1476.0000,156.5600,79.5600,959.6200,1706.2700,whisper__sortformer_stream+rule,whisper__sortformer_stream
whisper,sortformer_stream,rule,PCUA2q2C-2A__000045000_000107000,Devanagari (hi/mr),62.0000,3,3,0.0063,low (<=2.2%),False,87.6623,87.6623,0.0000,3.2614,5.2470,3.2614,5.2470,3.0000,0.0000,0.0000,False,135.0000,154.0000,135.0000,154.0000,0.0000,119.0000,1.0700,0.9100,0.0000,60.7100,whisper__sortformer_stream+rule,whisper__sortformer_stream
whisper,sortformer_stream,rule,PEDfT9-Yf2o__000000000_000469000,Bengali,469.0000,3,3,0.0110,low (<=2.2%),False,88.1066,89.9144,15.5172,23.6612,35.7985,23.4029,35.3891,19.0000,1.0000,3.0000,False,926.0000,1051.0000,945.0000,1051.0000,54.0000,348.0000,10.7200,3.6000,80.9400,402.6000,whisper__sortformer_stream+rule,whisper__sortformer_stream
whisper,sortformer_stream,rule,PQB3-4sZUeY__000000000_001132000,Telugu,1132.0000,4,4,0.1069,high (>7.0%),False,94.7751,97.1561,66.5914,66.2377,74.4593,65.5872,74.0124,142.0000,22.0000,30.0000,False,2866.0000,3024.0000,2938.0000,3024.0000,590.0000,886.0000,76.3200,110.8800,561.1800,1129.8400,whisper__sortformer_stream+rule,whisper__sortformer_stream
whisper,sortformer_stream,rule,PRAzUz0GANs__000223000_000283000,Kannada,60.0000,2,2,0.0822,high (>7.0%),False,98.4536,100.5155,47.6190,61.9997,63.7068,61.9997,63.7068,7.0000,1.0000,1.0000,False,191.0000,194.0000,195.0000,194.0000,10.0000,21.0000,5.1800,6.6200,27.0800,62.7100,whisper__sortformer_stream+rule,whisper__sortformer_stream
whisper,sortformer_stream,rule,PSIzXy5-y2E__000002000_000918000,Devanagari (hi/mr),916.0000,3,3,0.0434,mid (2.2%-7.0%],False,100.0000,108.5887,72.6395,55.7024,65.3782,54.8753,64.7662,162.0000,29.0000,63.0000,False,2480.0000,2480.0000,2693.0000,2480.0000,1354.0000,1864.0000,109.7000,73.7400,312.2000,889.8000,whisper__sortformer_stream+rule,whisper__sortformer_stream
whisper,sortformer_stream,rule,PVDfS7lcJHY__000000000_000360000,Kannada,360.0000,6,5+,0.1127,high (>7.0%),False,97.1042,98.1660,58.9958,62.4334,77.7791,61.4973,77.0791,36.0000,6.0000,8.0000,False,1006.0000,1036.0000,1017.0000,1036.0000,141.0000,239.0000,27.7100,25.2900,187.1000,384.5700,whisper__sortformer_stream+rule,whisper__sortformer_stream
whisper,sortformer_stream,rule,Pjre5dpnKGA__000000000_000330000,Kannada,330.0000,4,4,0.0933,high (>7.0%),False,98.0494,98.6996,51.2821,54.9498,67.6006,54.7353,67.2722,32.0000,3.0000,4.0000,False,754.0000,769.0000,759.0000,769.0000,100.0000,195.0000,18.3100,23.7500,142.3900,335.6700,whisper__sortformer_stream+rule,whisper__sortformer_stream
whisper,sortformer_stream,rule,QhpjuNTZoA8__000000000_000586000,Kannada,586.0000,3,3,0.0512,mid (2.2%-7.0%],False,96.3740,97.0102,30.8036,33.4887,45.5398,33.2238,45.1689,45.0000,4.0000,10.0000,False,1515.0000,1572.0000,1525.0000,1572.0000,138.0000,448.0000,26.1000,16.6000,162.0800,611.4900,whisper__sortformer_stream+rule,whisper__sortformer_stream
whisper,sortformer_stream,rule,QuA_B6IZ6Ls__000061000_001863000,Devanagari (hi/mr),1802.0000,4,4,0.3694,high (>7.0%),False,55.0565,69.8870,37.5702,60.1338,60.9273,60.1305,60.9553,148.0000,22.0000,34.0000,False,3653.0000,6635.0000,4637.0000,6635.0000,1472.0000,3918.0000,969.4400,93.8600,562.7000,2703.9700,whisper__sortformer_stream+rule,whisper__sortformer_stream
whisper,sortformer_stream,rule,RL2fhIEEbZg__000000000_000065000,Telugu,65.0000,3,3,0.0563,mid (2.2%-7.0%],False,96.9512,96.9512,10.8696,16.6183,44.4495,16.6183,44.4495,4.0000,0.0000,0.0000,False,159.0000,164.0000,159.0000,164.0000,5.0000,46.0000,0.5800,5.0700,5.2300,65.4700,whisper__sortformer_stream+rule,whisper__sortformer_stream
whisper,sortformer_stream,rule,RL2fhIEEbZg__000066000_001034000,Telugu,968.0000,3,3,0.0719,high (>7.0%),False,96.1868,97.2374,30.6620,29.0123,31.1375,29.1130,31.3972,76.0000,10.0000,11.0000,False,2472.0000,2570.0000,2499.0000,2570.0000,176.0000,574.0000,82.6600,81.1400,130.0800,1012.9500,whisper__sortformer_stream+rule,whisper__sortformer_stream
whisper,sortformer_stream,rule,RWTmftezCwI__000000000_000060000,Malayalam,60.0000,2,2,0.0244,mid (2.2%-7.0%],False,100.0000,100.0000,47.8261,15.3343,27.0010,15.3343,27.0010,3.0000,0.0000,0.0000,False,119.0000,119.0000,119.0000,119.0000,11.0000,23.0000,1.7400,1.6900,5.4700,58.0400,whisper__sortformer_stream+rule,whisper__sortformer_stream
whisper,sortformer_stream,rule,RZUZyvRzi80__000000000_000336000,Punjabi,336.0000,4,4,0.0001,low (<=2.2%),False,93.0876,94.6544,30.0000,18.2085,34.7901,18.2085,34.7901,10.0000,0.0000,0.0000,False,1010.0000,1085.0000,1027.0000,1085.0000,78.0000,260.0000,13.5700,3.5200,41.8400,323.6400,whisper__sortformer_stream+rule,whisper__sortformer_stream
whisper,sortformer_stream,rule,SZ7ay4OjfAE__000000000_000897000,Telugu,897.0000,5,5+,0.1794,high (>7.0%),False,97.1283,98.3789,68.6825,66.6976,79.0475,66.4693,78.7028,111.0000,14.0000,16.0000,False,2097.0000,2159.0000,2124.0000,2159.0000,318.0000,463.0000,147.9700,45.3500,481.3800,1011.5800,whisper__sortformer_stream+rule,whisper__sortformer_stream
whisper,sortformer_stream,rule,T3I2T-cfhG4__000160000_000210000,Devanagari (hi/mr),50.0000,2,2,0.0000,low (<=2.2%),False,94.8276,94.8276,23.4568,10.6238,12.4727,10.6238,12.4727,2.0000,0.0000,0.0000,False,110.0000,116.0000,110.0000,116.0000,19.0000,81.0000,1.0500,3.0300,0.9100,46.9700,whisper__sortformer_stream+rule,whisper__sortformer_stream
whisper,sortformer_stream,rule,TU3M6wSQV_g__000099000_000171000,Telugu,72.0000,2,2,0.0451,mid (2.2%-7.0%],False,95.8333,96.7593,25.0000,22.5620,52.9462,23.3132,53.1166,8.0000,2.0000,3.0000,False,207.0000,216.0000,209.0000,216.0000,12.0000,48.0000,3.8700,2.1100,10.8400,74.5500,whisper__sortformer_stream+rule,whisper__sortformer_stream
whisper,sortformer_stream,rule,Tlha36rSd5o__000240000_000374000,Tamil,134.0000,2,2,0.0000,low (<=2.2%),False,83.0189,83.0189,5.7971,12.4250,8.7554,12.4250,8.7554,8.0000,0.0000,0.0000,False,264.0000,318.0000,264.0000,318.0000,12.0000,207.0000,6.4700,9.0700,0.0000,125.0700,whisper__sortformer_stream+rule,whisper__sortformer_stream
whisper,sortformer_stream,rule,TrPnW5kLAyQ__000093000_000513000,Devanagari (hi/mr),420.0000,4,4,0.0501,mid (2.2%-7.0%],False,88.6260,92.4477,17.9300,33.6695,46.8052,33.2590,46.0222,24.0000,3.0000,8.0000,False,974.0000,1099.0000,1016.0000,1099.0000,123.0000,686.0000,47.2700,19.7500,65.8500,394.6300,whisper__sortformer_stream+rule,whisper__sortformer_stream
whisper,sortformer_stream,rule,U_EHjxThUgc__000181000_000289000,Bengali,108.0000,3,3,0.0529,mid (2.2%-7.0%],False,92.3077,94.6488,36.2319,28.0802,44.6056,28.8641,45.3219,4.0000,1.0000,2.0000,False,276.0000,299.0000,283.0000,299.0000,25.0000,69.0000,6.3000,5.2400,19.9800,112.2500,whisper__sortformer_stream+rule,whisper__sortformer_stream
whisper,sortformer_stream,rule,VHlIFsHPWbk__000023000_000470000,Odia,447.0000,4,4,0.0269,mid (2.2%-7.0%],False,100.0000,100.0000,69.4158,64.8893,78.1241,64.9071,78.1500,22.0000,1.0000,1.0000,False,1329.0000,1329.0000,1329.0000,1329.0000,202.0000,291.0000,12.7900,19.0100,259.4100,448.7800,whisper__sortformer_stream+rule,whisper__sortformer_stream
whisper,sortformer_stream,rule,VKY0uuZ6Om8__000575000_000935000,Devanagari (hi/mr),360.0000,3,3,0.1718,high (>7.0%),False,88.6722,90.9006,31.1448,55.7932,61.7598,55.9840,61.9955,37.0000,8.0000,14.0000,False,955.0000,1077.0000,979.0000,1077.0000,185.0000,594.0000,65.7700,34.1500,134.0600,419.3700,whisper__sortformer_stream+rule,whisper__sortformer_stream
whisper,sortformer_stream,rule,VY_4x1scS-Y__000013000_000121000,Tamil,108.0000,4,4,0.0427,mid (2.2%-7.0%],False,86.6071,106.5476,50.5747,67.0398,85.7137,67.5454,85.6954,22.0000,4.0000,11.0000,False,291.0000,336.0000,358.0000,336.0000,88.0000,174.0000,16.7300,2.9100,54.6200,110.7700,whisper__sortformer_stream+rule,whisper__sortformer_stream
whisper,sortformer,baseline,0AEEA8NyVwY__000011000_000609000,Devanagari (hi/mr),598.0000,3,3,0.0047,low (<=2.2%),False,79.5199,79.5199,3.2512,7.0773,8.4541,7.7721,10.1389,,,,,1060.0000,1333.0000,1060.0000,1333.0000,33.0000,1015.0000,24.6500,14.5300,0.7500,564.2000,sortformer,whisper__sortformer
whisper,sortformer,baseline,0SoItGfM_sY__000007000_000088000,Kannada,81.0000,5,5+,0.0000,low (<=2.2%),False,91.5152,93.3333,14.8649,38.7466,70.8348,37.6878,70.1051,,,,,151.0000,165.0000,154.0000,165.0000,11.0000,74.0000,4.6900,8.6800,13.7100,69.8900,sortformer,whisper__sortformer
whisper,sortformer,baseline,0VEwL9XZ0LY__000261000_000557000,Devanagari (hi/mr),296.0000,2,2,0.0355,mid (2.2%-7.0%],False,79.0378,79.6105,3.7090,25.0337,26.7690,25.0095,26.1995,,,,,690.0000,873.0000,695.0000,873.0000,26.0000,701.0000,41.0400,17.5400,13.8500,289.3300,sortformer,whisper__sortformer
whisper,sortformer,baseline,0esIFSOAcFs__000000000_000913000,Gujarati,913.0000,3,3,0.0232,mid (2.2%-7.0%],True,,,,100.0000,100.0000,100.0000,100.0000,,,,,,,,,,,925.5800,0.0000,0.0000,925.5800,sortformer,whisper__sortformer
whisper,sortformer,baseline,0p6cktLGIfY__000012000_000930000,Gujarati,918.0000,6,5+,0.0329,mid (2.2%-7.0%],True,,,,100.0000,100.0000,100.0000,100.0000,,,,,,,,,,,831.3000,0.0000,0.0000,831.3000,sortformer,whisper__sortformer
whisper,sortformer,baseline,13VBh0Z6QmE__000000000_000904000,Tamil,904.0000,4,4,0.0290,mid (2.2%-7.0%],True,,,,100.0000,100.0000,100.0000,100.0000,,,,,,,,,,,887.0800,0.0000,0.0000,887.0800,sortformer,whisper__sortformer
whisper,sortformer,baseline,1LFl5JEipII__000000000_000597000,Bengali,597.0000,5,5+,0.1006,high (>7.0%),False,88.9937,92.7044,55.0360,46.8938,57.7789,50.6422,64.8818,,,,,1415.0000,1590.0000,1474.0000,1590.0000,306.0000,556.0000,107.5600,7.7600,162.1600,591.7200,sortformer,whisper__sortformer
whisper,sortformer,baseline,2HGP34TNvjg__000084000_000194000,Odia,110.0000,2,2,0.0128,low (<=2.2%),False,100.0000,106.4189,40.2490,31.4571,34.9398,34.7519,39.7052,,,,,296.0000,296.0000,315.0000,296.0000,97.0000,241.0000,13.2100,6.5000,12.3700,101.9800,sortformer,whisper__sortformer
whisper,sortformer,baseline,2LN6vb7EBn0__000098000_000394000,Tamil,296.0000,3,3,0.0238,mid (2.2%-7.0%],False,85.4860,86.8176,18.4652,34.4581,37.6110,36.1627,38.0764,,,,,642.0000,751.0000,652.0000,751.0000,77.0000,417.0000,39.3400,33.8200,25.6900,286.8700,sortformer,whisper__sortformer
whisper,sortformer,baseline,2T4pjueLrsk__000677000_001290000,Gujarati,613.0000,4,4,0.0342,mid (2.2%-7.0%],False,100.0000,100.0000,40.6936,47.9066,66.9592,47.8698,66.8251,,,,,2314.0000,2314.0000,2314.0000,2314.0000,704.0000,1730.0000,98.6900,58.1500,103.5900,543.6200,sortformer,whisper__sortformer
whisper,sortformer,baseline,2gGHQgj9yno__000000000_000099000,Gujarati,99.0000,4,4,0.0798,high (>7.0%),False,94.3860,94.3860,25.4902,36.0342,43.6871,41.3143,48.4451,,,,,269.0000,285.0000,269.0000,285.0000,13.0000,51.0000,27.3100,6.0100,1.2800,96.0200,sortformer,whisper__sortformer
whisper,sortformer,baseline,2iMXYxBTwbM__000339000_000401000,Devanagari (hi/mr),62.0000,3,3,0.1275,high (>7.0%),False,92.5532,94.1489,31.9672,82.5455,81.5562,84.5413,83.3388,,,,,174.0000,188.0000,177.0000,188.0000,39.0000,122.0000,15.9200,15.1100,16.1200,57.1200,sortformer,whisper__sortformer
whisper,sortformer,baseline,37dND_0r6S8__000060000_000222000,Tamil,162.0000,2,2,0.0896,high (>7.0%),False,85.2783,85.9964,11.4815,48.1604,53.8562,49.9911,55.1641,,,,,475.0000,557.0000,479.0000,557.0000,31.0000,270.0000,16.8100,22.9700,41.5100,168.7900,sortformer,whisper__sortformer
whisper,sortformer,baseline,4Qg2jWP6_T0__000136000_000202000,Punjabi,66.0000,3,3,0.2093,high (>7.0%),False,97.3684,97.3684,86.2500,74.4566,73.2403,87.7113,80.5501,,,,,259.0000,266.0000,259.0000,266.0000,69.0000,80.0000,11.7400,17.2500,23.4200,70.3900,sortformer,whisper__sortformer
whisper,sortformer,baseline,6-726qTlYeg__000102000_000162000,Malayalam,60.0000,2,2,0.1610,high (>7.0%),False,99.5327,99.5327,21.0526,45.4702,49.7041,52.7207,53.1191,,,,,213.0000,214.0000,213.0000,214.0000,8.0000,38.0000,7.9800,10.1600,13.5300,69.6500,sortformer,whisper__sortformer
whisper,sortformer,baseline,6ZeRgvDHwcI__000006000_000100000,Gujarati,94.0000,2,2,0.0125,low (<=2.2%),False,82.0106,82.0106,8.8608,65.2765,60.1203,64.7709,59.6963,,,,,155.0000,189.0000,155.0000,189.0000,7.0000,79.0000,24.1300,10.1900,7.0000,63.3000,sortformer,whisper__sortformer
whisper,sortformer,baseline,6f6TLzlP8Wk__000082000_000144000,Punjabi,62.0000,2,2,0.0510,mid (2.2%-7.0%],False,95.7627,96.6102,22.5806,59.5177,63.5672,60.9102,65.1421,,,,,226.0000,236.0000,228.0000,236.0000,7.0000,31.0000,6.9400,6.8400,21.2700,58.8900,sortformer,whisper__sortformer
whisper,sortformer,baseline,7L4gi7Ncc0s__000090000_000148000,Malayalam,58.0000,2,2,0.0000,low (<=2.2%),False,100.0000,100.0000,9.8361,18.4121,25.4352,18.4121,25.4352,,,,,125.0000,125.0000,125.0000,125.0000,6.0000,61.0000,5.0400,2.3200,2.8900,55.6700,sortformer,whisper__sortformer
whisper,sortformer,baseline,7WhVNRHbjIY__000091000_001089000,Tamil,998.0000,5,5+,0.0133,low (<=2.2%),True,,,,100.0000,100.0000,100.0000,100.0000,,,,,,,,,,,996.6800,0.0000,0.0000,996.6800,sortformer,whisper__sortformer
whisper,sortformer,baseline,7YfsQPYY-W0__000351000_000411000,Odia,60.0000,2,2,0.1219,high (>7.0%),False,100.0000,100.0000,59.4595,56.6537,59.3346,60.2023,60.6644,,,,,208.0000,208.0000,208.0000,208.0000,22.0000,37.0000,10.4500,8.8300,17.1200,64.2500,sortformer,whisper__sortformer
whisper,sortformer,baseline,7c9ePKgqams__000299000_000869000,Telugu,570.0000,4,4,0.0055,low (<=2.2%),False,96.7148,96.9120,22.5191,36.9822,62.0934,39.8413,63.3230,,,,,1472.0000,1522.0000,1475.0000,1522.0000,59.0000,262.0000,56.5500,18.4300,129.6500,553.3200,sortformer,whisper__sortformer
whisper,sortformer,baseline,7k-xDqNjESc__000073000_000981000,Malayalam,908.0000,4,4,0.0421,mid (2.2%-7.0%],True,,,,100.0000,100.0000,100.0000,100.0000,,,,,,,,,,,897.5900,0.0000,0.0000,897.5900,sortformer,whisper__sortformer
whisper,sortformer,baseline,83gP2vLH7UY__000255000_002005000,Devanagari (hi/mr),1750.0000,5,5+,0.2022,high (>7.0%),True,,,,100.0000,100.0000,100.0000,100.0000,,,,,,,,,,,2043.6200,0.0000,0.0000,2043.6200,sortformer,whisper__sortformer
whisper,sortformer,baseline,86mMTUeDiR8__000181000_001079000,Bengali,898.0000,5,5+,0.0517,mid (2.2%-7.0%],True,,,,100.0000,100.0000,100.0000,100.0000,,,,,,,,,,,823.1500,0.0000,0.0000,823.1500,sortformer,whisper__sortformer
whisper,sortformer,baseline,87Zbup3ohcw__000106000_000445000,Tamil,339.0000,4,4,0.0152,low (<=2.2%),False,62.2163,62.3498,1.3699,15.7645,30.7356,15.7645,30.7356,,,,,466.0000,749.0000,467.0000,749.0000,7.0000,511.0000,23.1100,14.5600,12.8000,320.1500,sortformer,whisper__sortformer
whisper,sortformer,baseline,8Ve4SWhlrrA__000000000_000070000,Odia,70.0000,2,2,0.0000,low (<=2.2%),False,100.0000,100.0000,4.6729,2.1000,7.5396,2.1000,7.5396,,,,,133.0000,133.0000,133.0000,133.0000,5.0000,107.0000,0.3400,1.0000,0.0000,63.8100,sortformer,whisper__sortformer
whisper,sortformer,baseline,8mvORuRHw2U__000000000_001197000,Gujarati,1197.0000,4,4,0.0417,mid (2.2%-7.0%],True,,,,100.0000,100.0000,100.0000,100.0000,,,,,,,,,,,1159.3200,0.0000,0.0000,1159.3200,sortformer,whisper__sortformer
whisper,sortformer,baseline,8o7jKmq6HsM__000030000_001770000,Devanagari (hi/mr),1740.0000,6,5+,0.0471,mid (2.2%-7.0%],True,,,,100.0000,100.0000,100.0000,100.0000,,,,,,,,,,,1767.2600,0.0000,0.0000,1767.2600,sortformer,whisper__sortformer
whisper,sortformer,baseline,8pkp-lpMJP0__000326000_000926000,Telugu,600.0000,8,5+,0.2032,high (>7.0%),False,97.3290,98.4365,53.7634,48.1134,80.3920,52.1925,82.3205,,,,,1494.0000,1535.0000,1511.0000,1535.0000,200.0000,372.0000,171.5700,13.6400,149.8900,696.4800,sortformer,whisper__sortformer
whisper,sortformer,baseline,8r2Nltl0W4o__000259000_000320000,Punjabi,61.0000,2,2,0.0227,mid (2.2%-7.0%],False,95.2569,95.2569,21.1538,26.1799,61.2805,27.4955,61.9364,,,,,241.0000,253.0000,241.0000,253.0000,11.0000,52.0000,3.2700,2.3400,10.3100,60.8100,sortformer,whisper__sortformer
whisper,sortformer,baseline,90uAd6xpTPo__000016000_000408000,Devanagari (hi/mr),392.0000,4,4,0.0067,low (<=2.2%),False,52.8878,74.0099,34.3624,43.3477,54.2688,44.1078,53.8468,,,,,641.0000,1212.0000,897.0000,1212.0000,256.0000,745.0000,22.9600,9.4600,126.1200,365.7400,sortformer,whisper__sortformer
whisper,sortformer,baseline,9Aw8kg8w5Xo__000000000_000083000,Telugu,83.0000,4,4,0.0216,low (<=2.2%),False,89.9497,90.4523,5.9406,8.3659,46.1251,9.6971,47.3894,,,,,179.0000,199.0000,180.0000,199.0000,6.0000,101.0000,2.4400,2.8400,1.5700,81.8800,sortformer,whisper__sortformer
whisper,sortformer,baseline,9_GMxc_JjyI__000236000_000368000,Kannada,132.0000,2,2,0.0602,mid (2.2%-7.0%],False,95.6873,97.0350,13.9037,20.9480,47.8126,21.1730,42.6167,,,,,355.0000,371.0000,360.0000,371.0000,26.0000,187.0000,8.8200,8.3200,11.7200,137.7700,sortformer,whisper__sortformer
whisper,sortformer,baseline,ARCKJrGkITw__000014000_000496000,Telugu,482.0000,3,3,0.0844,high (>7.0%),False,95.8545,97.2364,38.6667,46.2355,59.2961,44.5201,56.8959,,,,,1318.0000,1375.0000,1337.0000,1375.0000,116.0000,300.0000,51.1500,24.4100,158.6600,506.5800,sortformer,whisper__sortformer
whisper,sortformer,baseline,ARZl7LT0UC0__000073000_000130000,Telugu,57.0000,3,3,0.0905,high (>7.0%),False,94.7712,94.7712,16.0000,27.9902,42.9203,34.3857,54.4415,,,,,145.0000,153.0000,145.0000,153.0000,4.0000,25.0000,4.5100,3.9000,8.7900,61.4500,sortformer,whisper__sortformer
whisper,sortformer,baseline,A_dohDOK6Ic__000000000_000600000,Devanagari (hi/mr),600.0000,3,3,0.0048,low (<=2.2%),False,50.1914,84.3630,31.1589,43.2621,59.8779,43.2431,59.4835,,,,,918.0000,1829.0000,1543.0000,1829.0000,406.0000,1303.0000,17.9800,10.4700,221.7000,578.2200,sortformer,whisper__sortformer
whisper,sortformer,baseline,B2ScTgeIIck__000117000_000180000,Odia,63.0000,2,2,0.0879,high (>7.0%),False,127.5862,127.5862,40.8046,33.2032,37.2248,35.0045,37.6029,,,,,222.0000,174.0000,222.0000,174.0000,71.0000,174.0000,8.7000,5.0800,8.3400,66.6200,sortformer,whisper__sortformer
whisper,sortformer,baseline,BGAAfht5dYw__000000000_000612000,Gujarati,612.0000,4,4,0.1350,high (>7.0%),True,,,,100.0000,100.0000,100.0000,100.0000,,,,,,,,,,,678.6200,0.0000,0.0000,678.6200,sortformer,whisper__sortformer
whisper,sortformer,baseline,BYLcUGNB_zM__000020000_001387000,Kannada,1367.0000,4,4,0.0054,low (<=2.2%),True,,,,100.0000,100.0000,100.0000,100.0000,,,,,,,,,,,1331.2100,0.0000,0.0000,1331.2100,sortformer,whisper__sortformer
whisper,sortformer,baseline,Bngfppo1QtA__000028000_000927000,Telugu,899.0000,5,5+,0.1261,high (>7.0%),True,,,,100.0000,100.0000,100.0000,100.0000,,,,,,,,,,,1002.8700,0.0000,0.0000,1002.8700,sortformer,whisper__sortformer
whisper,sortformer,baseline,CO_8ppdzq9U__000000000_000695000,Tamil,695.0000,4,4,0.0186,low (<=2.2%),True,,,,100.0000,100.0000,100.0000,100.0000,,,,,,,,,,,652.3400,0.0000,0.0000,652.3400,sortformer,whisper__sortformer
whisper,sortformer,baseline,Cku_X_SL7qU__000060000_000660000,Gujarati,600.0000,3,3,0.1022,high (>7.0%),False,100.0000,100.0000,50.0000,68.5973,55.7339,70.7105,55.1038,,,,,1778.0000,1778.0000,1778.0000,1778.0000,794.0000,1588.0000,108.1300,179.5700,52.8100,496.3900,sortformer,whisper__sortformer
whisper,sortformer,baseline,DPmew0didIM__000191000_000512000,Telugu,321.0000,5,5+,0.0620,mid (2.2%-7.0%],False,95.7031,97.5260,49.3976,44.2009,63.8326,43.3803,58.7360,,,,,735.0000,768.0000,749.0000,768.0000,82.0000,166.0000,39.3000,27.1800,77.8800,326.6000,sortformer,whisper__sortformer
whisper,sortformer,baseline,EmsKkNN2Me4__000035000_000095000,Malayalam,60.0000,2,2,0.0471,mid (2.2%-7.0%],False,100.0000,100.0000,41.8803,51.1785,61.4915,51.6895,61.3182,,,,,179.0000,179.0000,179.0000,179.0000,49.0000,117.0000,3.3700,5.9700,21.7100,60.6700,sortformer,whisper__sortformer
whisper,sortformer,baseline,ExGJodnzocM__000212000_000527000,Devanagari (hi/mr),315.0000,4,4,0.0133,low (<=2.2%),False,46.3394,72.9543,24.6512,47.9562,64.1325,47.8335,64.5740,,,,,538.0000,1161.0000,847.0000,1161.0000,212.0000,860.0000,16.7500,10.4300,121.3500,309.7200,sortformer,whisper__sortformer
whisper,sortformer,baseline,F2uXav-wriA__000000000_000907000,Devanagari (hi/mr),907.0000,4,4,0.0336,mid (2.2%-7.0%],True,,,,100.0000,100.0000,100.0000,100.0000,,,,,,,,,,,912.9800,0.0000,0.0000,912.9800,sortformer,whisper__sortformer
whisper,sortformer,baseline,FDMf9ApmoNU__000016000_000686000,Bengali,670.0000,4,4,0.0882,high (>7.0%),True,,,,100.0000,100.0000,100.0000,100.0000,,,,,,,,,,,630.0200,0.0000,0.0000,630.0200,sortformer,whisper__sortformer
whisper,sortformer,baseline,G6qzg93FxwE__000021000_000116000,Gujarati,95.0000,2,2,0.0061,low (<=2.2%),False,82.0225,85.7678,21.7391,6.6645,7.8575,6.5785,7.5864,,,,,219.0000,267.0000,229.0000,267.0000,15.0000,69.0000,3.8800,1.9700,0.3500,93.0300,sortformer,whisper__sortformer
whisper,sortformer,baseline,GEc_sS2KWo8__000096000_000290000,Gujarati,194.0000,4,4,0.0378,mid (2.2%-7.0%],False,91.3127,91.5058,11.7647,22.2467,47.2418,22.6597,46.4389,,,,,473.0000,518.0000,474.0000,518.0000,18.0000,153.0000,20.0600,10.1200,3.2100,150.0900,sortformer,whisper__sortformer
whisper,sortformer,baseline,GfFLEIAAumk__000090000_000163000,Bengali,73.0000,2,2,0.0285,mid (2.2%-7.0%],False,92.5926,92.5926,10.0000,19.3776,26.2270,19.3776,25.7088,,,,,200.0000,216.0000,200.0000,216.0000,6.0000,60.0000,3.2400,3.3700,7.6500,73.5900,sortformer,whisper__sortformer
whisper,sortformer,baseline,Gq45evw6ytY__000597000_001464000,Odia,867.0000,3,3,0.0869,high (>7.0%),True,,,,100.0000,100.0000,100.0000,100.0000,,,,,,,,,,,886.5900,0.0000,0.0000,886.5900,sortformer,whisper__sortformer
whisper,sortformer,baseline,HZv_WvIr6lE__000021000_000105000,Tamil,84.0000,3,3,0.1276,high (>7.0%),False,75.0000,77.6923,11.2821,26.8776,28.3570,30.0314,29.3478,,,,,195.0000,260.0000,202.0000,260.0000,22.0000,195.0000,11.1800,7.4600,6.1600,92.2700,sortformer,whisper__sortformer
whisper,sortformer,baseline,HpYG46tGyYs__000103000_000998000,Devanagari (hi/mr),895.0000,4,4,0.0022,low (<=2.2%),True,,,,100.0000,100.0000,100.0000,100.0000,,,,,,,,,,,861.2300,0.0000,0.0000,861.2300,sortformer,whisper__sortformer
whisper,sortformer,baseline,IAm1rt-MYcA__000004000_000558000,Bengali,554.0000,4,4,0.0445,mid (2.2%-7.0%],False,89.8697,93.8981,24.4403,38.1700,52.5855,39.4974,54.0404,,,,,1517.0000,1688.0000,1585.0000,1688.0000,131.0000,536.0000,88.4500,36.6600,81.6300,541.6300,sortformer,whisper__sortformer
whisper,sortformer,baseline,Iare1Emeueg__000016000_000069000,Devanagari (hi/mr),53.0000,2,2,0.0000,low (<=2.2%),False,61.8705,61.8705,12.0482,51.2945,45.5657,54.6926,50.7089,,,,,86.0000,139.0000,86.0000,139.0000,10.0000,83.0000,13.6600,7.0400,1.4900,43.2600,sortformer,whisper__sortformer
whisper,sortformer,baseline,IfTL8SSN270__000062000_000671000,Devanagari (hi/mr),609.0000,4,4,0.1121,high (>7.0%),False,50.9485,52.6649,6.1644,27.7348,33.6915,30.4507,36.8576,,,,,1128.0000,2214.0000,1166.0000,2214.0000,81.0000,1314.0000,87.9100,27.0900,69.1200,663.8600,sortformer,whisper__sortformer
whisper,sortformer,baseline,Ig6szCD8m20__000046000_000106000,Devanagari (hi/mr),60.0000,2,2,0.0204,low (<=2.2%),False,78.7565,80.8290,2.8090,26.6365,36.9285,26.6365,36.7312,,,,,152.0000,193.0000,156.0000,193.0000,5.0000,178.0000,1.6800,3.1300,11.0600,59.5800,sortformer,whisper__sortformer
whisper,sortformer,baseline,Iqhnt8ENm3U__000027000_000088000,Devanagari (hi/mr),61.0000,3,3,0.1772,high (>7.0%),False,92.6554,94.3503,40.0000,70.5228,80.7795,71.3642,81.4452,,,,,164.0000,177.0000,167.0000,177.0000,16.0000,40.0000,14.5600,3.8800,28.5000,66.5600,sortformer,whisper__sortformer
whisper,sortformer,baseline,J4-VpEkBzWw__000000000_000600000,Kannada,600.0000,7,5+,0.0685,mid (2.2%-7.0%],False,97.1005,98.0026,45.5840,45.1062,65.9160,48.8832,68.4613,,,,,1507.0000,1552.0000,1521.0000,1552.0000,160.0000,351.0000,48.3600,7.6600,230.9500,636.2100,sortformer,whisper__sortformer
whisper,sortformer,baseline,JBYGLQJwFDc__000103000_000407000,Tamil,304.0000,3,3,0.0120,low (<=2.2%),False,84.8529,85.0000,12.2850,44.1200,64.3840,45.0294,65.5710,,,,,577.0000,680.0000,578.0000,680.0000,50.0000,407.0000,39.8900,28.6100,46.4900,260.6300,sortformer,whisper__sortformer
whisper,sortformer,baseline,JSB1CeS4pP8__000000000_000632000,Punjabi,632.0000,4,4,0.0880,high (>7.0%),True,,,,100.0000,100.0000,100.0000,100.0000,,,,,,,,,,,652.5400,0.0000,0.0000,652.5400,sortformer,whisper__sortformer
whisper,sortformer,baseline,Jc5AVwg2cZM__000153000_000214000,Devanagari (hi/mr),61.0000,3,3,0.2816,high (>7.0%),False,85.4651,88.9535,19.3182,79.4226,69.9980,84.6706,73.6053,,,,,147.0000,172.0000,153.0000,172.0000,17.0000,88.0000,20.4700,15.5800,13.7400,62.6900,sortformer,whisper__sortformer
whisper,sortformer,baseline,KAtdcDieQMw__000057000_000599000,Odia,542.0000,3,3,0.1073,high (>7.0%),False,100.0000,100.0000,49.2276,22.5806,30.2933,27.8155,35.3124,,,,,1742.0000,1742.0000,1742.0000,1742.0000,478.0000,971.0000,46.5000,22.3800,62.5100,581.8700,sortformer,whisper__sortformer
whisper,sortformer,baseline,KPkRi3GM7fs__000047000_000642000,Odia,595.0000,3,3,0.0031,low (<=2.2%),False,100.0000,100.0000,68.0000,9.3081,10.0544,12.3883,15.6164,,,,,1773.0000,1773.0000,1773.0000,1773.0000,306.0000,450.0000,33.9300,13.3300,6.4700,577.2400,sortformer,whisper__sortformer
whisper,sortformer,baseline,Kdi-ECuOaKg__000002000_000078000,Malayalam,76.0000,6,5+,0.0000,low (<=2.2%),False,118.6813,163.7363,43.9560,84.6075,88.0537,84.6075,88.0537,,,,,108.0000,91.0000,149.0000,91.0000,40.0000,91.0000,17.6700,7.4300,7.9900,39.1100,sortformer,whisper__sortformer
whisper,sortformer,baseline,L7xRazDdtgw__000019000_000083000,Gujarati,64.0000,3,3,0.0012,low (<=2.2%),False,62.7451,64.7059,5.4795,82.0483,81.8972,84.9309,83.9980,,,,,64.0000,102.0000,66.0000,102.0000,4.0000,73.0000,12.8300,7.3500,14.8300,42.6700,sortformer,whisper__sortformer
whisper,sortformer,baseline,LBIWBxQ5H1s__000090000_001020000,Malayalam,930.0000,4,4,0.0724,high (>7.0%),True,,,,100.0000,100.0000,100.0000,100.0000,,,,,,,,,,,961.9500,0.0000,0.0000,961.9500,sortformer,whisper__sortformer
whisper,sortformer,baseline,LK23jX9tgZM__000059000_000221000,Gujarati,162.0000,3,3,0.1712,high (>7.0%),False,93.6131,100.5474,53.8462,52.2485,50.1193,52.1479,53.7902,,,,,513.0000,548.0000,551.0000,548.0000,63.0000,117.0000,42.6900,8.4800,42.3600,179.0100,sortformer,whisper__sortformer
whisper,sortformer,baseline,LctYmmr9-Vg__000000000_000061000,Devanagari (hi/mr),61.0000,2,2,0.0000,low (<=2.2%),False,86.3309,85.6115,4.8193,16.9070,15.6547,29.7179,34.7981,,,,,120.0000,139.0000,119.0000,139.0000,4.0000,83.0000,3.8700,4.2200,0.0000,47.8500,sortformer,whisper__sortformer
whisper,sortformer,baseline,LqQHdo7t5Ps__000198000_000498000,Devanagari (hi/mr),300.0000,3,3,0.0019,low (<=2.2%),False,84.2486,99.8555,96.5066,32.9054,56.2803,32.8236,56.2038,,,,,583.0000,692.0000,691.0000,692.0000,442.0000,458.0000,9.8500,6.9300,79.8400,293.6300,sortformer,whisper__sortformer
whisper,sortformer,baseline,Md3p6RTanBg__000315000_000426000,Bengali,111.0000,3,3,0.0528,mid (2.2%-7.0%],False,83.5570,83.5570,6.5421,3.2503,3.1499,7.4280,6.9709,,,,,249.0000,298.0000,249.0000,298.0000,7.0000,107.0000,1.8700,1.6500,0.1600,113.2200,sortformer,whisper__sortformer
whisper,sortformer,baseline,MmtWBUK2DKE__000000000_000310000,Devanagari (hi/mr),310.0000,5,5+,0.0432,mid (2.2%-7.0%],False,46.6297,105.9095,48.0469,52.9865,75.2466,52.6439,75.8923,,,,,505.0000,1083.0000,1147.0000,1083.0000,369.0000,768.0000,14.2300,6.4000,141.8000,306.5500,sortformer,whisper__sortformer
whisper,sortformer,baseline,NLgHpYyf5bY__000313000_000383000,Devanagari (hi/mr),70.0000,2,2,0.0097,low (<=2.2%),False,55.0000,55.8333,0.6944,17.3755,31.9487,16.4320,29.8239,,,,,132.0000,240.0000,134.0000,240.0000,1.0000,144.0000,2.6600,2.1700,7.1400,68.8900,sortformer,whisper__sortformer
whisper,sortformer,baseline,NuhdqCEuIBo__000197000_000540000,Punjabi,343.0000,3,3,0.0562,mid (2.2%-7.0%],False,94.5215,94.5946,25.0000,23.2912,35.3304,24.5519,34.6883,,,,,1294.0000,1369.0000,1295.0000,1369.0000,78.0000,312.0000,24.8000,18.9900,38.9800,355.3700,sortformer,whisper__sortformer
whisper,sortformer,baseline,O4_aeGFzZ8A__000000000_000335000,Kannada,335.0000,8,5+,0.0004,low (<=2.2%),False,96.2963,106.1254,67.5889,53.5278,64.4937,53.1053,63.2783,,,,,676.0000,702.0000,745.0000,702.0000,171.0000,253.0000,28.3400,3.2700,140.6800,321.8700,sortformer,whisper__sortformer
whisper,sortformer,baseline,OXUt5KnlUMo__000091000_000181000,Odia,90.0000,2,2,0.0000,low (<=2.2%),False,100.0000,100.0000,12.0930,33.7849,45.3258,32.7660,44.7425,,,,,248.0000,248.0000,248.0000,248.0000,26.0000,215.0000,10.9700,3.6300,14.5800,86.3700,sortformer,whisper__sortformer
whisper,sortformer,baseline,OxYCBQKZ3iY__000000000_001822000,Punjabi,1822.0000,7,5+,0.0659,mid (2.2%-7.0%],True,,,,100.0000,100.0000,100.0000,100.0000,,,,,,,,,,,1706.2700,0.0000,0.0000,1706.2700,sortformer,whisper__sortformer
whisper,sortformer,baseline,PCUA2q2C-2A__000045000_000107000,Devanagari (hi/mr),62.0000,3,3,0.0063,low (<=2.2%),False,87.6623,87.6623,0.0000,2.8661,4.5155,2.8661,4.5155,,,,,135.0000,154.0000,135.0000,154.0000,0.0000,119.0000,0.8300,0.9100,0.0000,60.7100,sortformer,whisper__sortformer
whisper,sortformer,baseline,PEDfT9-Yf2o__000000000_000469000,Bengali,469.0000,3,3,0.0110,low (<=2.2%),False,88.1066,92.1028,31.3218,36.0184,51.5243,38.9096,55.1700,,,,,926.0000,1051.0000,968.0000,1051.0000,109.0000,348.0000,12.3300,3.2100,129.4700,402.6000,sortformer,whisper__sortformer
whisper,sortformer,baseline,PQB3-4sZUeY__000000000_001132000,Telugu,1132.0000,4,4,0.1069,high (>7.0%),True,,,,100.0000,100.0000,100.0000,100.0000,,,,,,,,,,,1129.8400,0.0000,0.0000,1129.8400,sortformer,whisper__sortformer
whisper,sortformer,baseline,PRAzUz0GANs__000223000_000283000,Kannada,60.0000,2,2,0.0822,high (>7.0%),False,98.4536,98.9691,66.6667,39.0528,48.1947,38.5584,46.8350,,,,,191.0000,194.0000,192.0000,194.0000,14.0000,21.0000,5.4100,6.2900,12.7900,62.7100,sortformer,whisper__sortformer
whisper,sortformer,baseline,PSIzXy5-y2E__000002000_000918000,Devanagari (hi/mr),916.0000,3,3,0.0434,mid (2.2%-7.0%],True,,,,100.0000,100.0000,100.0000,100.0000,,,,,,,,,,,889.8000,0.0000,0.0000,889.8000,sortformer,whisper__sortformer
whisper,sortformer,baseline,PVDfS7lcJHY__000000000_000360000,Kannada,360.0000,6,5+,0.1127,high (>7.0%),False,97.1042,97.9730,63.1799,41.0900,58.5187,50.6280,70.7786,,,,,1006.0000,1036.0000,1015.0000,1036.0000,151.0000,239.0000,37.0700,15.2200,105.7300,384.5700,sortformer,whisper__sortformer
whisper,sortformer,baseline,Pjre5dpnKGA__000000000_000330000,Kannada,330.0000,4,4,0.0933,high (>7.0%),False,98.0494,98.3095,37.9487,27.0772,47.4673,36.4137,56.4377,,,,,754.0000,769.0000,756.0000,769.0000,74.0000,195.0000,26.0000,21.2000,43.6900,335.6700,sortformer,whisper__sortformer
whisper,sortformer,baseline,QhpjuNTZoA8__000000000_000586000,Kannada,586.0000,3,3,0.0512,mid (2.2%-7.0%],False,96.3740,97.7735,52.4554,46.7972,63.2741,47.5298,63.9281,,,,,1515.0000,1572.0000,1537.0000,1572.0000,235.0000,448.0000,38.7700,6.9500,240.4400,611.4900,sortformer,whisper__sortformer
whisper,sortformer,baseline,QuA_B6IZ6Ls__000061000_001863000,Devanagari (hi/mr),1802.0000,4,4,0.3694,high (>7.0%),True,,,,100.0000,100.0000,100.0000,100.0000,,,,,,,,,,,2703.9700,0.0000,0.0000,2703.9700,sortformer,whisper__sortformer
whisper,sortformer,baseline,RL2fhIEEbZg__000000000_000065000,Telugu,65.0000,3,3,0.0563,mid (2.2%-7.0%],False,96.9512,96.9512,10.8696,10.4017,40.3714,16.7710,44.7242,,,,,159.0000,164.0000,159.0000,164.0000,5.0000,46.0000,0.9300,5.0200,0.8600,65.4700,sortformer,whisper__sortformer
whisper,sortformer,baseline,RL2fhIEEbZg__000066000_001034000,Telugu,968.0000,3,3,0.0719,high (>7.0%),True,,,,100.0000,100.0000,100.0000,100.0000,,,,,,,,,,,1012.9500,0.0000,0.0000,1012.9500,sortformer,whisper__sortformer
whisper,sortformer,baseline,RWTmftezCwI__000000000_000060000,Malayalam,60.0000,2,2,0.0244,mid (2.2%-7.0%],False,100.0000,100.0000,47.8261,6.2888,7.0189,16.1957,27.6581,,,,,119.0000,119.0000,119.0000,119.0000,11.0000,23.0000,1.2900,2.1200,0.2400,58.0400,sortformer,whisper__sortformer
whisper,sortformer,baseline,RZUZyvRzi80__000000000_000336000,Punjabi,336.0000,4,4,0.0001,low (<=2.2%),False,93.0876,95.6682,61.9231,31.5134,37.6120,31.5134,37.6120,,,,,1010.0000,1085.0000,1038.0000,1085.0000,161.0000,260.0000,45.4400,2.2700,54.2800,323.6400,sortformer,whisper__sortformer
whisper,sortformer,baseline,SZ7ay4OjfAE__000000000_000897000,Telugu,897.0000,5,5+,0.1794,high (>7.0%),True,,,,100.0000,100.0000,100.0000,100.0000,,,,,,,,,,,1011.5800,0.0000,0.0000,1011.5800,sortformer,whisper__sortformer
whisper,sortformer,baseline,T3I2T-cfhG4__000160000_000210000,Devanagari (hi/mr),50.0000,2,2,0.0000,low (<=2.2%),False,94.8276,94.8276,23.4568,10.9644,12.7610,10.9644,12.7610,,,,,110.0000,116.0000,110.0000,116.0000,19.0000,81.0000,1.2900,3.0300,0.8300,46.9700,sortformer,whisper__sortformer
whisper,sortformer,baseline,TU3M6wSQV_g__000099000_000171000,Telugu,72.0000,2,2,0.0451,mid (2.2%-7.0%],False,95.8333,96.7593,27.0833,21.9316,46.7047,22.9913,52.9133,,,,,207.0000,216.0000,209.0000,216.0000,13.0000,48.0000,3.6300,2.1100,10.6100,74.5500,sortformer,whisper__sortformer
whisper,sortformer,baseline,Tlha36rSd5o__000240000_000374000,Tamil,134.0000,2,2,0.0000,low (<=2.2%),False,83.0189,83.0189,6.2802,16.0150,13.3620,16.7826,15.8065,,,,,264.0000,318.0000,264.0000,318.0000,13.0000,207.0000,10.6700,8.3100,1.0500,125.0700,sortformer,whisper__sortformer
whisper,sortformer,baseline,TrPnW5kLAyQ__000093000_000513000,Devanagari (hi/mr),420.0000,4,4,0.0501,mid (2.2%-7.0%],False,88.6260,88.9900,7.1429,21.6050,23.7608,23.2496,27.8400,,,,,974.0000,1099.0000,978.0000,1099.0000,49.0000,686.0000,65.1400,14.1000,6.0200,394.6300,sortformer,whisper__sortformer
whisper,sortformer,baseline,U_EHjxThUgc__000181000_000289000,Bengali,108.0000,3,3,0.0529,mid (2.2%-7.0%],False,92.3077,92.3077,7.2464,14.4053,16.6226,22.0312,31.2560,,,,,276.0000,299.0000,276.0000,299.0000,5.0000,69.0000,6.0600,5.5600,4.5500,112.2500,sortformer,whisper__sortformer
whisper,sortformer,baseline,VHlIFsHPWbk__000023000_000470000,Odia,447.0000,4,4,0.0269,mid (2.2%-7.0%],False,100.0000,100.0000,51.2027,12.3891,18.6595,18.7508,29.1300,,,,,1329.0000,1329.0000,1329.0000,1329.0000,149.0000,291.0000,17.0100,7.3900,31.2000,448.7800,sortformer,whisper__sortformer
whisper,sortformer,baseline,VKY0uuZ6Om8__000575000_000935000,Devanagari (hi/mr),360.0000,3,3,0.1718,high (>7.0%),False,88.6722,88.9508,14.4781,37.8973,47.3166,38.6222,46.0098,,,,,955.0000,1077.0000,958.0000,1077.0000,86.0000,594.0000,68.7600,35.5400,54.6300,419.3700,sortformer,whisper__sortformer
whisper,sortformer,baseline,VY_4x1scS-Y__000013000_000121000,Tamil,108.0000,4,4,0.0427,mid (2.2%-7.0%],False,86.6071,95.2381,33.9080,48.2441,63.3373,49.2642,64.4964,,,,,291.0000,336.0000,320.0000,336.0000,59.0000,174.0000,9.6400,2.4600,41.3400,110.7700,sortformer,whisper__sortformer
whisper,sortformer,rule,0AEEA8NyVwY__000011000_000609000,Devanagari (hi/mr),598.0000,3,3,0.0047,low (<=2.2%),False,79.5199,79.5199,3.2512,7.7721,10.1389,7.7721,10.1389,25.0000,0.0000,0.0000,False,1060.0000,1333.0000,1060.0000,1333.0000,33.0000,1015.0000,24.6500,14.5300,4.6700,564.2000,whisper__sortformer+rule,whisper__sortformer
whisper,sortformer,rule,0SoItGfM_sY__000007000_000088000,Kannada,81.0000,5,5+,0.0000,low (<=2.2%),False,91.5152,93.3333,14.8649,37.6878,70.1051,37.6878,70.1051,5.0000,0.0000,0.0000,False,151.0000,165.0000,154.0000,165.0000,11.0000,74.0000,4.6900,8.6800,12.9700,69.8900,whisper__sortformer+rule,whisper__sortformer
whisper,sortformer,rule,0VEwL9XZ0LY__000261000_000557000,Devanagari (hi/mr),296.0000,2,2,0.0355,mid (2.2%-7.0%],False,79.0378,79.7251,3.8516,24.3736,24.8954,25.0095,26.1995,22.0000,4.0000,5.0000,False,690.0000,873.0000,696.0000,873.0000,27.0000,701.0000,41.0400,17.5400,11.9400,289.3300,whisper__sortformer+rule,whisper__sortformer
whisper,sortformer,rule,0esIFSOAcFs__000000000_000913000,Gujarati,913.0000,3,3,0.0232,mid (2.2%-7.0%],True,,,,100.0000,100.0000,100.0000,100.0000,,,,,,,,,,,925.5800,0.0000,0.0000,925.5800,whisper__sortformer+rule,whisper__sortformer
whisper,sortformer,rule,0p6cktLGIfY__000012000_000930000,Gujarati,918.0000,6,5+,0.0329,mid (2.2%-7.0%],True,,,,100.0000,100.0000,100.0000,100.0000,,,,,,,,,,,831.3000,0.0000,0.0000,831.3000,whisper__sortformer+rule,whisper__sortformer
whisper,sortformer,rule,13VBh0Z6QmE__000000000_000904000,Tamil,904.0000,4,4,0.0290,mid (2.2%-7.0%],True,,,,100.0000,100.0000,100.0000,100.0000,,,,,,,,,,,887.0800,0.0000,0.0000,887.0800,whisper__sortformer+rule,whisper__sortformer
whisper,sortformer,rule,1LFl5JEipII__000000000_000597000,Bengali,597.0000,5,5+,0.1006,high (>7.0%),False,88.9937,92.7673,56.2950,51.3368,65.9632,50.6422,64.8818,47.0000,7.0000,12.0000,False,1415.0000,1590.0000,1475.0000,1590.0000,313.0000,556.0000,107.5600,7.7600,188.4500,591.7200,whisper__sortformer+rule,whisper__sortformer
whisper,sortformer,rule,2HGP34TNvjg__000084000_000194000,Odia,110.0000,2,2,0.0128,low (<=2.2%),False,100.0000,106.4189,40.2490,34.7519,39.7052,34.7519,39.7052,14.0000,0.0000,0.0000,False,296.0000,296.0000,315.0000,296.0000,97.0000,241.0000,13.2100,6.5000,15.7300,101.9800,whisper__sortformer+rule,whisper__sortformer
whisper,sortformer,rule,2LN6vb7EBn0__000098000_000394000,Tamil,296.0000,3,3,0.0238,mid (2.2%-7.0%],False,85.4860,86.5513,17.5060,35.6921,37.2355,36.1627,38.0764,42.0000,4.0000,4.0000,False,642.0000,751.0000,650.0000,751.0000,73.0000,417.0000,39.3400,33.8200,29.2300,286.8700,whisper__sortformer+rule,whisper__sortformer
whisper,sortformer,rule,2T4pjueLrsk__000677000_001290000,Gujarati,613.0000,4,4,0.0342,mid (2.2%-7.0%],False,100.0000,100.0000,40.0000,45.9126,65.4864,47.8698,66.8251,197.0000,58.0000,121.0000,False,2314.0000,2314.0000,2314.0000,2314.0000,692.0000,1730.0000,98.6900,58.1500,92.7500,543.6200,whisper__sortformer+rule,whisper__sortformer
whisper,sortformer,rule,2gGHQgj9yno__000000000_000099000,Gujarati,99.0000,4,4,0.0798,high (>7.0%),False,94.3860,94.3860,25.4902,41.3143,48.4451,41.3143,48.4451,8.0000,0.0000,0.0000,False,269.0000,285.0000,269.0000,285.0000,13.0000,51.0000,27.3100,6.0100,6.3500,96.0200,whisper__sortformer+rule,whisper__sortformer
whisper,sortformer,rule,2iMXYxBTwbM__000339000_000401000,Devanagari (hi/mr),62.0000,3,3,0.1275,high (>7.0%),False,92.5532,93.0851,33.6066,84.5763,83.4637,84.5413,83.3388,15.0000,2.0000,6.0000,False,174.0000,188.0000,175.0000,188.0000,41.0000,122.0000,15.9200,15.1100,17.2800,57.1200,whisper__sortformer+rule,whisper__sortformer
whisper,sortformer,rule,37dND_0r6S8__000060000_000222000,Tamil,162.0000,2,2,0.0896,high (>7.0%),False,85.2783,85.9964,12.2222,50.5658,55.4952,49.9911,55.1641,32.0000,6.0000,6.0000,False,475.0000,557.0000,479.0000,557.0000,33.0000,270.0000,16.8100,22.9700,45.5700,168.7900,whisper__sortformer+rule,whisper__sortformer
whisper,sortformer,rule,4Qg2jWP6_T0__000136000_000202000,Punjabi,66.0000,3,3,0.2093,high (>7.0%),False,97.3684,97.3684,83.7500,87.7113,80.5501,87.7113,80.5501,12.0000,1.0000,2.0000,False,259.0000,266.0000,259.0000,266.0000,67.0000,80.0000,11.7400,17.2500,32.7500,70.3900,whisper__sortformer+rule,whisper__sortformer
whisper,sortformer,rule,6-726qTlYeg__000102000_000162000,Malayalam,60.0000,2,2,0.1610,high (>7.0%),False,99.5327,99.5327,21.0526,52.7207,53.1191,52.7207,53.1191,6.0000,0.0000,0.0000,False,213.0000,214.0000,213.0000,214.0000,8.0000,38.0000,7.9800,10.1600,18.5800,69.6500,whisper__sortformer+rule,whisper__sortformer
whisper,sortformer,rule,6ZeRgvDHwcI__000006000_000100000,Gujarati,94.0000,2,2,0.0125,low (<=2.2%),False,82.0106,82.0106,8.8608,64.7709,59.6963,64.7709,59.6963,6.0000,0.0000,0.0000,False,155.0000,189.0000,155.0000,189.0000,7.0000,79.0000,24.1300,10.1900,6.6800,63.3000,whisper__sortformer+rule,whisper__sortformer
whisper,sortformer,rule,6f6TLzlP8Wk__000082000_000144000,Punjabi,62.0000,2,2,0.0510,mid (2.2%-7.0%],False,95.7627,96.6102,32.2581,59.1611,63.3161,60.9102,65.1421,9.0000,3.0000,5.0000,False,226.0000,236.0000,228.0000,236.0000,10.0000,31.0000,6.9400,6.8400,21.0600,58.8900,whisper__sortformer+rule,whisper__sortformer
whisper,sortformer,rule,7L4gi7Ncc0s__000090000_000148000,Malayalam,58.0000,2,2,0.0000,low (<=2.2%),False,100.0000,100.0000,9.8361,18.4121,25.4352,18.4121,25.4352,2.0000,0.0000,0.0000,False,125.0000,125.0000,125.0000,125.0000,6.0000,61.0000,5.0400,2.3200,2.8900,55.6700,whisper__sortformer+rule,whisper__sortformer
whisper,sortformer,rule,7WhVNRHbjIY__000091000_001089000,Tamil,998.0000,5,5+,0.0133,low (<=2.2%),True,,,,100.0000,100.0000,100.0000,100.0000,,,,,,,,,,,996.6800,0.0000,0.0000,996.6800,whisper__sortformer+rule,whisper__sortformer
whisper,sortformer,rule,7YfsQPYY-W0__000351000_000411000,Odia,60.0000,2,2,0.1219,high (>7.0%),False,100.0000,100.0000,56.7568,60.8249,61.1857,60.2023,60.6644,6.0000,1.0000,1.0000,False,208.0000,208.0000,208.0000,208.0000,21.0000,37.0000,10.4500,8.8300,19.8000,64.2500,whisper__sortformer+rule,whisper__sortformer
whisper,sortformer,rule,7c9ePKgqams__000299000_000869000,Telugu,570.0000,4,4,0.0055,low (<=2.2%),False,96.7148,96.9120,22.1374,39.2955,62.9604,39.8413,63.3230,31.0000,1.0000,1.0000,False,1472.0000,1522.0000,1475.0000,1522.0000,58.0000,262.0000,56.5500,18.4300,142.4500,553.3200,whisper__sortformer+rule,whisper__sortformer
whisper,sortformer,rule,7k-xDqNjESc__000073000_000981000,Malayalam,908.0000,4,4,0.0421,mid (2.2%-7.0%],True,,,,100.0000,100.0000,100.0000,100.0000,,,,,,,,,,,897.5900,0.0000,0.0000,897.5900,whisper__sortformer+rule,whisper__sortformer
whisper,sortformer,rule,83gP2vLH7UY__000255000_002005000,Devanagari (hi/mr),1750.0000,5,5+,0.2022,high (>7.0%),True,,,,100.0000,100.0000,100.0000,100.0000,,,,,,,,,,,2043.6200,0.0000,0.0000,2043.6200,whisper__sortformer+rule,whisper__sortformer
whisper,sortformer,rule,86mMTUeDiR8__000181000_001079000,Bengali,898.0000,5,5+,0.0517,mid (2.2%-7.0%],True,,,,100.0000,100.0000,100.0000,100.0000,,,,,,,,,,,823.1500,0.0000,0.0000,823.1500,whisper__sortformer+rule,whisper__sortformer
whisper,sortformer,rule,87Zbup3ohcw__000106000_000445000,Tamil,339.0000,4,4,0.0152,low (<=2.2%),False,62.2163,62.2163,1.1742,15.7645,30.7356,15.7645,30.7356,11.0000,1.0000,1.0000,False,466.0000,749.0000,466.0000,749.0000,6.0000,511.0000,23.1100,14.5600,12.8000,320.1500,whisper__sortformer+rule,whisper__sortformer
whisper,sortformer,rule,8Ve4SWhlrrA__000000000_000070000,Odia,70.0000,2,2,0.0000,low (<=2.2%),False,100.0000,100.0000,3.7383,4.3410,37.7925,2.1000,7.5396,3.0000,1.0000,1.0000,False,133.0000,133.0000,133.0000,133.0000,4.0000,107.0000,0.3400,1.0000,1.4300,63.8100,whisper__sortformer+rule,whisper__sortformer
whisper,sortformer,rule,8mvORuRHw2U__000000000_001197000,Gujarati,1197.0000,4,4,0.0417,mid (2.2%-7.0%],True,,,,100.0000,100.0000,100.0000,100.0000,,,,,,,,,,,1159.3200,0.0000,0.0000,1159.3200,whisper__sortformer+rule,whisper__sortformer
whisper,sortformer,rule,8o7jKmq6HsM__000030000_001770000,Devanagari (hi/mr),1740.0000,6,5+,0.0471,mid (2.2%-7.0%],True,,,,100.0000,100.0000,100.0000,100.0000,,,,,,,,,,,1767.2600,0.0000,0.0000,1767.2600,whisper__sortformer+rule,whisper__sortformer
whisper,sortformer,rule,8pkp-lpMJP0__000326000_000926000,Telugu,600.0000,8,5+,0.2032,high (>7.0%),False,97.3290,98.4365,52.6882,52.2226,82.4020,52.1925,82.3205,49.0000,4.0000,7.0000,False,1494.0000,1535.0000,1511.0000,1535.0000,196.0000,372.0000,171.5700,13.6400,178.5100,696.4800,whisper__sortformer+rule,whisper__sortformer
whisper,sortformer,rule,8r2Nltl0W4o__000259000_000320000,Punjabi,61.0000,2,2,0.0227,mid (2.2%-7.0%],False,95.2569,95.2569,21.1538,27.4955,61.9364,27.4955,61.9364,3.0000,0.0000,0.0000,False,241.0000,253.0000,241.0000,253.0000,11.0000,52.0000,3.2700,2.3400,11.1100,60.8100,whisper__sortformer+rule,whisper__sortformer
whisper,sortformer,rule,90uAd6xpTPo__000016000_000408000,Devanagari (hi/mr),392.0000,4,4,0.0067,low (<=2.2%),False,52.8878,74.1749,34.3624,44.1516,53.8993,44.1078,53.8468,13.0000,1.0000,2.0000,False,641.0000,1212.0000,899.0000,1212.0000,256.0000,745.0000,22.9600,9.4600,129.0600,365.7400,whisper__sortformer+rule,whisper__sortformer
whisper,sortformer,rule,9Aw8kg8w5Xo__000000000_000083000,Telugu,83.0000,4,4,0.0216,low (<=2.2%),False,89.9497,89.9497,4.9505,9.6971,42.6953,9.6971,47.3894,6.0000,1.0000,1.0000,False,179.0000,199.0000,179.0000,199.0000,5.0000,101.0000,2.4400,2.8400,2.6600,81.8800,whisper__sortformer+rule,whisper__sortformer
whisper,sortformer,rule,9_GMxc_JjyI__000236000_000368000,Kannada,132.0000,2,2,0.0602,mid (2.2%-7.0%],False,95.6873,97.0350,13.3690,21.1730,42.6167,21.1730,42.6167,14.0000,1.0000,1.0000,False,355.0000,371.0000,360.0000,371.0000,25.0000,187.0000,8.8200,8.3200,12.0300,137.7700,whisper__sortformer+rule,whisper__sortformer
whisper,sortformer,rule,ARCKJrGkITw__000014000_000496000,Telugu,482.0000,3,3,0.0844,high (>7.0%),False,95.8545,97.2364,38.6667,44.5201,56.8959,44.5201,56.8959,15.0000,0.0000,0.0000,False,1318.0000,1375.0000,1337.0000,1375.0000,116.0000,300.0000,51.1500,24.4100,149.9700,506.5800,whisper__sortformer+rule,whisper__sortformer
whisper,sortformer,rule,ARZl7LT0UC0__000073000_000130000,Telugu,57.0000,3,3,0.0905,high (>7.0%),False,94.7712,94.7712,16.0000,34.3857,54.4415,34.3857,54.4415,5.0000,0.0000,0.0000,False,145.0000,153.0000,145.0000,153.0000,4.0000,25.0000,4.5100,3.9000,12.7200,61.4500,whisper__sortformer+rule,whisper__sortformer
whisper,sortformer,rule,A_dohDOK6Ic__000000000_000600000,Devanagari (hi/mr),600.0000,3,3,0.0048,low (<=2.2%),False,50.1914,84.3084,31.0054,43.2154,59.4495,43.2431,59.4835,27.0000,5.0000,6.0000,False,918.0000,1829.0000,1542.0000,1829.0000,404.0000,1303.0000,17.9800,10.4700,221.4300,578.2200,whisper__sortformer+rule,whisper__sortformer
whisper,sortformer,rule,B2ScTgeIIck__000117000_000180000,Odia,63.0000,2,2,0.0879,high (>7.0%),False,127.5862,127.5862,63.7931,29.5557,30.0914,35.0045,37.6029,17.0000,6.0000,18.0000,False,222.0000,174.0000,222.0000,174.0000,111.0000,174.0000,8.7000,5.0800,5.9100,66.6200,whisper__sortformer+rule,whisper__sortformer
whisper,sortformer,rule,BGAAfht5dYw__000000000_000612000,Gujarati,612.0000,4,4,0.1350,high (>7.0%),True,,,,100.0000,100.0000,100.0000,100.0000,,,,,,,,,,,678.6200,0.0000,0.0000,678.6200,whisper__sortformer+rule,whisper__sortformer
whisper,sortformer,rule,BYLcUGNB_zM__000020000_001387000,Kannada,1367.0000,4,4,0.0054,low (<=2.2%),True,,,,100.0000,100.0000,100.0000,100.0000,,,,,,,,,,,1331.2100,0.0000,0.0000,1331.2100,whisper__sortformer+rule,whisper__sortformer
whisper,sortformer,rule,Bngfppo1QtA__000028000_000927000,Telugu,899.0000,5,5+,0.1261,high (>7.0%),True,,,,100.0000,100.0000,100.0000,100.0000,,,,,,,,,,,1002.8700,0.0000,0.0000,1002.8700,whisper__sortformer+rule,whisper__sortformer
whisper,sortformer,rule,CO_8ppdzq9U__000000000_000695000,Tamil,695.0000,4,4,0.0186,low (<=2.2%),True,,,,100.0000,100.0000,100.0000,100.0000,,,,,,,,,,,652.3400,0.0000,0.0000,652.3400,whisper__sortformer+rule,whisper__sortformer
whisper,sortformer,rule,Cku_X_SL7qU__000060000_000660000,Gujarati,600.0000,3,3,0.1022,high (>7.0%),False,100.0000,100.0000,51.3224,69.8946,54.1646,70.7105,55.1038,143.0000,43.0000,82.0000,False,1778.0000,1778.0000,1778.0000,1778.0000,815.0000,1588.0000,108.1300,179.5700,59.2500,496.3900,whisper__sortformer+rule,whisper__sortformer
whisper,sortformer,rule,DPmew0didIM__000191000_000512000,Telugu,321.0000,5,5+,0.0620,mid (2.2%-7.0%],False,95.7031,97.2656,48.1928,43.2088,58.5970,43.3803,58.7360,20.0000,3.0000,3.0000,False,735.0000,768.0000,747.0000,768.0000,80.0000,166.0000,39.3000,27.1800,74.6400,326.6000,whisper__sortformer+rule,whisper__sortformer
whisper,sortformer,rule,EmsKkNN2Me4__000035000_000095000,Malayalam,60.0000,2,2,0.0471,mid (2.2%-7.0%],False,100.0000,100.0000,47.8632,49.5797,60.2690,51.6895,61.3182,15.0000,6.0000,23.0000,False,179.0000,179.0000,179.0000,179.0000,56.0000,117.0000,3.3700,5.9700,20.7400,60.6700,whisper__sortformer+rule,whisper__sortformer
whisper,sortformer,rule,ExGJodnzocM__000212000_000527000,Devanagari (hi/mr),315.0000,4,4,0.0133,low (<=2.2%),False,46.3394,72.9543,24.4186,47.6527,64.3967,47.8335,64.5740,29.0000,1.0000,2.0000,False,538.0000,1161.0000,847.0000,1161.0000,210.0000,860.0000,16.7500,10.4300,120.4100,309.7200,whisper__sortformer+rule,whisper__sortformer
whisper,sortformer,rule,F2uXav-wriA__000000000_000907000,Devanagari (hi/mr),907.0000,4,4,0.0336,mid (2.2%-7.0%],True,,,,100.0000,100.0000,100.0000,100.0000,,,,,,,,,,,912.9800,0.0000,0.0000,912.9800,whisper__sortformer+rule,whisper__sortformer
whisper,sortformer,rule,FDMf9ApmoNU__000016000_000686000,Bengali,670.0000,4,4,0.0882,high (>7.0%),True,,,,100.0000,100.0000,100.0000,100.0000,,,,,,,,,,,630.0200,0.0000,0.0000,630.0200,whisper__sortformer+rule,whisper__sortformer
whisper,sortformer,rule,G6qzg93FxwE__000021000_000116000,Gujarati,95.0000,2,2,0.0061,low (<=2.2%),False,82.0225,85.7678,21.7391,6.5785,7.5864,6.5785,7.5864,2.0000,0.0000,0.0000,False,219.0000,267.0000,229.0000,267.0000,15.0000,69.0000,3.8800,1.9700,0.2700,93.0300,whisper__sortformer+rule,whisper__sortformer
whisper,sortformer,rule,GEc_sS2KWo8__000096000_000290000,Gujarati,194.0000,4,4,0.0378,mid (2.2%-7.0%],False,91.3127,91.5058,11.7647,22.6597,46.4389,22.6597,46.4389,4.0000,0.0000,0.0000,False,473.0000,518.0000,474.0000,518.0000,18.0000,153.0000,20.0600,10.1200,3.8300,150.0900,whisper__sortformer+rule,whisper__sortformer
whisper,sortformer,rule,GfFLEIAAumk__000090000_000163000,Bengali,73.0000,2,2,0.0285,mid (2.2%-7.0%],False,92.5926,92.5926,15.0000,19.2689,25.5726,19.3776,25.7088,5.0000,1.0000,3.0000,False,200.0000,216.0000,200.0000,216.0000,9.0000,60.0000,3.2400,3.3700,7.5700,73.5900,whisper__sortformer+rule,whisper__sortformer
whisper,sortformer,rule,Gq45evw6ytY__000597000_001464000,Odia,867.0000,3,3,0.0869,high (>7.0%),True,,,,100.0000,100.0000,100.0000,100.0000,,,,,,,,,,,886.5900,0.0000,0.0000,886.5900,whisper__sortformer+rule,whisper__sortformer
whisper,sortformer,rule,HZv_WvIr6lE__000021000_000105000,Tamil,84.0000,3,3,0.1276,high (>7.0%),False,75.0000,77.6923,12.3077,31.0068,30.4341,30.0314,29.3478,22.0000,5.0000,7.0000,False,195.0000,260.0000,202.0000,260.0000,24.0000,195.0000,11.1800,7.4600,9.9700,92.2700,whisper__sortformer+rule,whisper__sortformer
whisper,sortformer,rule,HpYG46tGyYs__000103000_000998000,Devanagari (hi/mr),895.0000,4,4,0.0022,low (<=2.2%),True,,,,100.0000,100.0000,100.0000,100.0000,,,,,,,,,,,861.2300,0.0000,0.0000,861.2300,whisper__sortformer+rule,whisper__sortformer
whisper,sortformer,rule,IAm1rt-MYcA__000004000_000558000,Bengali,554.0000,4,4,0.0445,mid (2.2%-7.0%],False,89.8697,93.9573,25.3731,39.3313,53.7847,39.4974,54.0404,22.0000,3.0000,6.0000,False,1517.0000,1688.0000,1586.0000,1688.0000,136.0000,536.0000,88.4500,36.6600,87.9200,541.6300,whisper__sortformer+rule,whisper__sortformer
whisper,sortformer,rule,Iare1Emeueg__000016000_000069000,Devanagari (hi/mr),53.0000,2,2,0.0000,low (<=2.2%),False,61.8705,61.8705,12.0482,54.6926,50.7089,54.6926,50.7089,9.0000,0.0000,0.0000,False,86.0000,139.0000,86.0000,139.0000,10.0000,83.0000,13.6600,7.0400,2.9600,43.2600,whisper__sortformer+rule,whisper__sortformer
whisper,sortformer,rule,IfTL8SSN270__000062000_000671000,Devanagari (hi/mr),609.0000,4,4,0.1121,high (>7.0%),False,50.9485,52.2584,5.5556,30.0259,36.1456,30.4507,36.8576,64.0000,19.0000,35.0000,False,1128.0000,2214.0000,1157.0000,2214.0000,73.0000,1314.0000,87.9100,27.0900,84.3300,663.8600,whisper__sortformer+rule,whisper__sortformer
whisper,sortformer,rule,Ig6szCD8m20__000046000_000106000,Devanagari (hi/mr),60.0000,2,2,0.0204,low (<=2.2%),False,78.7565,82.9016,4.4944,25.2937,35.0087,26.6365,36.7312,9.0000,1.0000,3.0000,False,152.0000,193.0000,160.0000,193.0000,8.0000,178.0000,1.6800,3.1300,10.2600,59.5800,whisper__sortformer+rule,whisper__sortformer
whisper,sortformer,rule,Iqhnt8ENm3U__000027000_000088000,Devanagari (hi/mr),61.0000,3,3,0.1772,high (>7.0%),False,92.6554,94.3503,40.0000,71.3642,81.4452,71.3642,81.4452,5.0000,0.0000,0.0000,False,164.0000,177.0000,167.0000,177.0000,16.0000,40.0000,14.5600,3.8800,29.0600,66.5600,whisper__sortformer+rule,whisper__sortformer
whisper,sortformer,rule,J4-VpEkBzWw__000000000_000600000,Kannada,600.0000,7,5+,0.0685,mid (2.2%-7.0%],False,97.1005,98.0026,45.5840,48.8832,68.4613,48.8832,68.4613,24.0000,0.0000,0.0000,False,1507.0000,1552.0000,1521.0000,1552.0000,160.0000,351.0000,48.3600,7.6600,254.9800,636.2100,whisper__sortformer+rule,whisper__sortformer
whisper,sortformer,rule,JBYGLQJwFDc__000103000_000407000,Tamil,304.0000,3,3,0.0120,low (<=2.2%),False,84.8529,85.1471,12.5307,45.0294,65.5710,45.0294,65.5710,37.0000,3.0000,3.0000,False,577.0000,680.0000,579.0000,680.0000,51.0000,407.0000,39.8900,28.6100,48.8600,260.6300,whisper__sortformer+rule,whisper__sortformer
whisper,sortformer,rule,JSB1CeS4pP8__000000000_000632000,Punjabi,632.0000,4,4,0.0880,high (>7.0%),True,,,,100.0000,100.0000,100.0000,100.0000,,,,,,,,,,,652.5400,0.0000,0.0000,652.5400,whisper__sortformer+rule,whisper__sortformer
whisper,sortformer,rule,Jc5AVwg2cZM__000153000_000214000,Devanagari (hi/mr),61.0000,3,3,0.2816,high (>7.0%),False,85.4651,90.6977,30.6818,85.1332,74.6035,84.6706,73.6053,18.0000,5.0000,10.0000,False,147.0000,172.0000,156.0000,172.0000,27.0000,88.0000,20.4700,15.5800,17.3200,62.6900,whisper__sortformer+rule,whisper__sortformer
whisper,sortformer,rule,KAtdcDieQMw__000057000_000599000,Odia,542.0000,3,3,0.1073,high (>7.0%),False,100.0000,100.0000,49.0216,27.7553,35.2174,27.8155,35.3124,52.0000,5.0000,7.0000,False,1742.0000,1742.0000,1742.0000,1742.0000,476.0000,971.0000,46.5000,22.3800,92.6200,581.8700,whisper__sortformer+rule,whisper__sortformer
whisper,sortformer,rule,KPkRi3GM7fs__000047000_000642000,Odia,595.0000,3,3,0.0031,low (<=2.2%),False,100.0000,100.0000,68.6667,12.5251,15.8443,12.3883,15.6164,29.0000,1.0000,3.0000,False,1773.0000,1773.0000,1773.0000,1773.0000,309.0000,450.0000,33.9300,13.3300,25.0400,577.2400,whisper__sortformer+rule,whisper__sortformer
whisper,sortformer,rule,Kdi-ECuOaKg__000002000_000078000,Malayalam,76.0000,6,5+,0.0000,low (<=2.2%),False,118.6813,163.7363,43.9560,84.6075,88.0537,84.6075,88.0537,9.0000,0.0000,0.0000,False,108.0000,91.0000,149.0000,91.0000,40.0000,91.0000,17.6700,7.4300,7.9900,39.1100,whisper__sortformer+rule,whisper__sortformer
whisper,sortformer,rule,L7xRazDdtgw__000019000_000083000,Gujarati,64.0000,3,3,0.0012,low (<=2.2%),False,62.7451,64.7059,5.4795,84.9309,83.9980,84.9309,83.9980,11.0000,0.0000,0.0000,False,64.0000,102.0000,66.0000,102.0000,4.0000,73.0000,12.8300,7.3500,16.0600,42.6700,whisper__sortformer+rule,whisper__sortformer
whisper,sortformer,rule,LBIWBxQ5H1s__000090000_001020000,Malayalam,930.0000,4,4,0.0724,high (>7.0%),True,,,,100.0000,100.0000,100.0000,100.0000,,,,,,,,,,,961.9500,0.0000,0.0000,961.9500,whisper__sortformer+rule,whisper__sortformer
whisper,sortformer,rule,LK23jX9tgZM__000059000_000221000,Gujarati,162.0000,3,3,0.1712,high (>7.0%),False,93.6131,99.6350,52.1368,53.0529,54.2718,52.1479,53.7902,16.0000,3.0000,4.0000,False,513.0000,548.0000,546.0000,548.0000,61.0000,117.0000,42.6900,8.4800,43.8000,179.0100,whisper__sortformer+rule,whisper__sortformer
whisper,sortformer,rule,LctYmmr9-Vg__000000000_000061000,Devanagari (hi/mr),61.0000,2,2,0.0000,low (<=2.2%),False,86.3309,85.6115,6.0241,30.5120,35.8157,29.7179,34.7981,13.0000,1.0000,1.0000,False,120.0000,139.0000,119.0000,139.0000,5.0000,83.0000,3.8700,4.2200,6.5100,47.8500,whisper__sortformer+rule,whisper__sortformer
whisper,sortformer,rule,LqQHdo7t5Ps__000198000_000498000,Devanagari (hi/mr),300.0000,3,3,0.0019,low (<=2.2%),False,84.2486,99.8555,96.5066,32.8236,56.2038,32.8236,56.2038,10.0000,0.0000,0.0000,False,583.0000,692.0000,691.0000,692.0000,442.0000,458.0000,9.8500,6.9300,79.6000,293.6300,whisper__sortformer+rule,whisper__sortformer
whisper,sortformer,rule,Md3p6RTanBg__000315000_000426000,Bengali,111.0000,3,3,0.0528,mid (2.2%-7.0%],False,83.5570,83.5570,6.5421,7.4280,6.9709,7.4280,6.9709,5.0000,0.0000,0.0000,False,249.0000,298.0000,249.0000,298.0000,7.0000,107.0000,1.8700,1.6500,4.8900,113.2200,whisper__sortformer+rule,whisper__sortformer
whisper,sortformer,rule,MmtWBUK2DKE__000000000_000310000,Devanagari (hi/mr),310.0000,5,5+,0.0432,mid (2.2%-7.0%],False,46.6297,105.6325,47.7865,52.5656,75.9438,52.6439,75.8923,26.0000,6.0000,6.0000,False,505.0000,1083.0000,1144.0000,1083.0000,367.0000,768.0000,14.2300,6.4000,140.5100,306.5500,whisper__sortformer+rule,whisper__sortformer
whisper,sortformer,rule,NLgHpYyf5bY__000313000_000383000,Devanagari (hi/mr),70.0000,2,2,0.0097,low (<=2.2%),False,55.0000,55.0000,0.0000,16.4320,29.8239,16.4320,29.8239,4.0000,1.0000,1.0000,False,132.0000,240.0000,132.0000,240.0000,0.0000,144.0000,2.6600,2.1700,6.4900,68.8900,whisper__sortformer+rule,whisper__sortformer
whisper,sortformer,rule,NuhdqCEuIBo__000197000_000540000,Punjabi,343.0000,3,3,0.0562,mid (2.2%-7.0%],False,94.5215,94.6676,24.3590,24.3239,34.3975,24.5519,34.6883,23.0000,4.0000,4.0000,False,1294.0000,1369.0000,1296.0000,1369.0000,76.0000,312.0000,24.8000,18.9900,42.6500,355.3700,whisper__sortformer+rule,whisper__sortformer
whisper,sortformer,rule,O4_aeGFzZ8A__000000000_000335000,Kannada,335.0000,8,5+,0.0004,low (<=2.2%),False,96.2963,105.9829,67.5889,53.1053,64.0991,53.1053,63.2783,17.0000,1.0000,1.0000,False,676.0000,702.0000,744.0000,702.0000,171.0000,253.0000,28.3400,3.2700,139.3200,321.8700,whisper__sortformer+rule,whisper__sortformer
whisper,sortformer,rule,OXUt5KnlUMo__000091000_000181000,Odia,90.0000,2,2,0.0000,low (<=2.2%),False,100.0000,100.0000,12.0930,32.7660,44.7425,32.7660,44.7425,7.0000,0.0000,0.0000,False,248.0000,248.0000,248.0000,248.0000,26.0000,215.0000,10.9700,3.6300,13.7000,86.3700,whisper__sortformer+rule,whisper__sortformer
whisper,sortformer,rule,OxYCBQKZ3iY__000000000_001822000,Punjabi,1822.0000,7,5+,0.0659,mid (2.2%-7.0%],True,,,,100.0000,100.0000,100.0000,100.0000,,,,,,,,,,,1706.2700,0.0000,0.0000,1706.2700,whisper__sortformer+rule,whisper__sortformer
whisper,sortformer,rule,PCUA2q2C-2A__000045000_000107000,Devanagari (hi/mr),62.0000,3,3,0.0063,low (<=2.2%),False,87.6623,87.6623,0.0000,2.8661,4.5155,2.8661,4.5155,3.0000,0.0000,0.0000,False,135.0000,154.0000,135.0000,154.0000,0.0000,119.0000,0.8300,0.9100,0.0000,60.7100,whisper__sortformer+rule,whisper__sortformer
whisper,sortformer,rule,PEDfT9-Yf2o__000000000_000469000,Bengali,469.0000,3,3,0.0110,low (<=2.2%),False,88.1066,92.1028,31.3218,38.9096,55.1700,38.9096,55.1700,9.0000,0.0000,0.0000,False,926.0000,1051.0000,968.0000,1051.0000,109.0000,348.0000,12.3300,3.2100,141.1100,402.6000,whisper__sortformer+rule,whisper__sortformer
whisper,sortformer,rule,PQB3-4sZUeY__000000000_001132000,Telugu,1132.0000,4,4,0.1069,high (>7.0%),True,,,,100.0000,100.0000,100.0000,100.0000,,,,,,,,,,,1129.8400,0.0000,0.0000,1129.8400,whisper__sortformer+rule,whisper__sortformer
whisper,sortformer,rule,PRAzUz0GANs__000223000_000283000,Kannada,60.0000,2,2,0.0822,high (>7.0%),False,98.4536,98.9691,71.4286,38.5584,46.8350,38.5584,46.8350,5.0000,1.0000,1.0000,False,191.0000,194.0000,192.0000,194.0000,15.0000,21.0000,5.4100,6.2900,12.4800,62.7100,whisper__sortformer+rule,whisper__sortformer
whisper,sortformer,rule,PSIzXy5-y2E__000002000_000918000,Devanagari (hi/mr),916.0000,3,3,0.0434,mid (2.2%-7.0%],True,,,,100.0000,100.0000,100.0000,100.0000,,,,,,,,,,,889.8000,0.0000,0.0000,889.8000,whisper__sortformer+rule,whisper__sortformer
whisper,sortformer,rule,PVDfS7lcJHY__000000000_000360000,Kannada,360.0000,6,5+,0.1127,high (>7.0%),False,97.1042,97.9730,58.9958,51.3717,71.5702,50.6280,70.7786,43.0000,9.0000,16.0000,False,1006.0000,1036.0000,1015.0000,1036.0000,141.0000,239.0000,37.0700,15.2200,145.2700,384.5700,whisper__sortformer+rule,whisper__sortformer
whisper,sortformer,rule,Pjre5dpnKGA__000000000_000330000,Kannada,330.0000,4,4,0.0933,high (>7.0%),False,98.0494,98.3095,40.5128,36.9261,56.7977,36.4137,56.4377,32.0000,6.0000,10.0000,False,754.0000,769.0000,756.0000,769.0000,79.0000,195.0000,26.0000,21.2000,76.7500,335.6700,whisper__sortformer+rule,whisper__sortformer
whisper,sortformer,rule,QhpjuNTZoA8__000000000_000586000,Kannada,586.0000,3,3,0.0512,mid (2.2%-7.0%],False,96.3740,97.7735,52.9018,47.3466,63.7268,47.5298,63.9281,34.0000,5.0000,12.0000,False,1515.0000,1572.0000,1537.0000,1572.0000,237.0000,448.0000,38.7700,6.9500,243.8000,611.4900,whisper__sortformer+rule,whisper__sortformer
whisper,sortformer,rule,QuA_B6IZ6Ls__000061000_001863000,Devanagari (hi/mr),1802.0000,4,4,0.3694,high (>7.0%),True,,,,100.0000,100.0000,100.0000,100.0000,,,,,,,,,,,2703.9700,0.0000,0.0000,2703.9700,whisper__sortformer+rule,whisper__sortformer
whisper,sortformer,rule,RL2fhIEEbZg__000000000_000065000,Telugu,65.0000,3,3,0.0563,mid (2.2%-7.0%],False,96.9512,96.9512,10.8696,16.7710,44.7242,16.7710,44.7242,4.0000,0.0000,0.0000,False,159.0000,164.0000,159.0000,164.0000,5.0000,46.0000,0.9300,5.0200,5.0300,65.4700,whisper__sortformer+rule,whisper__sortformer
whisper,sortformer,rule,RL2fhIEEbZg__000066000_001034000,Telugu,968.0000,3,3,0.0719,high (>7.0%),True,,,,100.0000,100.0000,100.0000,100.0000,,,,,,,,,,,1012.9500,0.0000,0.0000,1012.9500,whisper__sortformer+rule,whisper__sortformer
whisper,sortformer,rule,RWTmftezCwI__000000000_000060000,Malayalam,60.0000,2,2,0.0244,mid (2.2%-7.0%],False,100.0000,100.0000,47.8261,16.1957,27.6581,16.1957,27.6581,3.0000,0.0000,0.0000,False,119.0000,119.0000,119.0000,119.0000,11.0000,23.0000,1.2900,2.1200,5.9900,58.0400,whisper__sortformer+rule,whisper__sortformer
whisper,sortformer,rule,RZUZyvRzi80__000000000_000336000,Punjabi,336.0000,4,4,0.0001,low (<=2.2%),False,93.0876,95.6682,62.3077,31.2168,36.8955,31.5134,37.6120,11.0000,2.0000,3.0000,False,1010.0000,1085.0000,1038.0000,1085.0000,162.0000,260.0000,45.4400,2.2700,53.3200,323.6400,whisper__sortformer+rule,whisper__sortformer
whisper,sortformer,rule,SZ7ay4OjfAE__000000000_000897000,Telugu,897.0000,5,5+,0.1794,high (>7.0%),True,,,,100.0000,100.0000,100.0000,100.0000,,,,,,,,,,,1011.5800,0.0000,0.0000,1011.5800,whisper__sortformer+rule,whisper__sortformer
whisper,sortformer,rule,T3I2T-cfhG4__000160000_000210000,Devanagari (hi/mr),50.0000,2,2,0.0000,low (<=2.2%),False,94.8276,94.8276,23.4568,10.9644,12.7610,10.9644,12.7610,2.0000,0.0000,0.0000,False,110.0000,116.0000,110.0000,116.0000,19.0000,81.0000,1.2900,3.0300,0.8300,46.9700,whisper__sortformer+rule,whisper__sortformer
whisper,sortformer,rule,TU3M6wSQV_g__000099000_000171000,Telugu,72.0000,2,2,0.0451,mid (2.2%-7.0%],False,95.8333,96.7593,25.0000,22.3474,52.8339,22.9913,52.9133,8.0000,2.0000,3.0000,False,207.0000,216.0000,209.0000,216.0000,12.0000,48.0000,3.6300,2.1100,10.9200,74.5500,whisper__sortformer+rule,whisper__sortformer
whisper,sortformer,rule,Tlha36rSd5o__000240000_000374000,Tamil,134.0000,2,2,0.0000,low (<=2.2%),False,83.0189,83.0189,6.2802,16.7826,15.8065,16.7826,15.8065,8.0000,0.0000,0.0000,False,264.0000,318.0000,264.0000,318.0000,13.0000,207.0000,10.6700,8.3100,2.0100,125.0700,whisper__sortformer+rule,whisper__sortformer
whisper,sortformer,rule,TrPnW5kLAyQ__000093000_000513000,Devanagari (hi/mr),420.0000,4,4,0.0501,mid (2.2%-7.0%],False,88.6260,88.8990,7.5802,23.3637,28.0736,23.2496,27.8400,28.0000,4.0000,5.0000,False,974.0000,1099.0000,977.0000,1099.0000,52.0000,686.0000,65.1400,14.1000,12.9600,394.6300,whisper__sortformer+rule,whisper__sortformer
whisper,sortformer,rule,U_EHjxThUgc__000181000_000289000,Bengali,108.0000,3,3,0.0529,mid (2.2%-7.0%],False,92.3077,92.3077,7.2464,22.0312,31.2560,22.0312,31.2560,3.0000,0.0000,0.0000,False,276.0000,299.0000,276.0000,299.0000,5.0000,69.0000,6.0600,5.5600,13.1100,112.2500,whisper__sortformer+rule,whisper__sortformer
whisper,sortformer,rule,VHlIFsHPWbk__000023000_000470000,Odia,447.0000,4,4,0.0269,mid (2.2%-7.0%],False,100.0000,100.0000,50.8591,19.0539,29.7816,18.7508,29.1300,22.0000,2.0000,3.0000,False,1329.0000,1329.0000,1329.0000,1329.0000,148.0000,291.0000,17.0100,7.3900,61.1100,448.7800,whisper__sortformer+rule,whisper__sortformer
whisper,sortformer,rule,VKY0uuZ6Om8__000575000_000935000,Devanagari (hi/mr),360.0000,3,3,0.1718,high (>7.0%),False,88.6722,89.1365,13.6364,38.0690,45.2188,38.6222,46.0098,34.0000,7.0000,15.0000,False,955.0000,1077.0000,960.0000,1077.0000,81.0000,594.0000,68.7600,35.5400,55.3500,419.3700,whisper__sortformer+rule,whisper__sortformer
whisper,sortformer,rule,VY_4x1scS-Y__000013000_000121000,Tamil,108.0000,4,4,0.0427,mid (2.2%-7.0%],False,86.6071,96.4286,35.0575,49.7517,65.0212,49.2642,64.4964,16.0000,4.0000,5.0000,False,291.0000,336.0000,324.0000,336.0000,61.0000,174.0000,9.6400,2.4600,43.0100,110.7700,whisper__sortformer+rule,whisper__sortformer
